case_id,split_group,location_id,location_name,climate_zone,latitude_deg,longitude_deg,elevation_m,occupant_count,ventilation_level,intended_use,floor_area_m2,length_m,width_m,height_m,aspect_ratio,roof_angle_deg,orientation_azimuth_deg,wall_assembly_id,roof_assembly_id,floor_assembly_id,wall_u_value_W_m2K,roof_u_value_W_m2K,floor_u_value_W_m2K,total_opening_area_m2,avg_indoor_temp_C,min_indoor_temp_C,max_indoor_temp_C,temperature_lift_C,diurnal_temperature_swing_C,total_solar_gain_kWh,total_conductive_heat_loss_kWh,total_ventilation_loss_kWh,is_fully_compliant,total_score,summary_verdict,feat_d_hdd_18C_scaled,feat_d_cdd_18C_scaled,feat_d_elevation_scaled,feat_d_design_temp_min_C,feat_d_design_temp_max_C,feat_d_design_solar_peak_scaled,feat_d_occupant_count,feat_d_floor_area_m2,feat_d_length_m,feat_d_width_m,feat_d_height_m,feat_d_aspect_ratio,feat_d_surface_to_volume_ratio,feat_d_roof_angle_deg,feat_d_orientation_azimuth_deg,feat_d_total_opening_area_m2,feat_d_north_wwr,feat_d_south_wwr,feat_d_wall_thickness_mm,feat_d_wall_u_value_W_m2K,feat_d_roof_thickness_mm,feat_d_roof_u_value_W_m2K,feat_d_floor_thickness_mm,feat_d_floor_u_value_W_m2K,feat_d_ventilation_ach,feat_d_ground_frost_depth_m,feat_d_ground_thermal_conductivity_W_mK,feat_d_snow_load_kN_m2
TC-LEH-0001,TRAIN,LOC-IN-LEH,Leh,Cold-Arid (High Altitude Alpine),34.1526,77.5771,3500.0,2,medium,emergency,14.98,4.5,3.33,2.8,1.35,30.0,0.0,ASM-WALL-LADAKH-TRAD,ASM-ROOF-LADAKH-TRAD,ASM-FLOOR-LADAKH-INS-SLAB,1.591,0.247,0.444,3.8,-0.956,-10.684,5.331,5.294,16.015,182.505,14.798,3.971,False,0.0,NON_COMPLIANT,0.97,0.01125,0.875,-17.2,27.9,0.9208333333333333,2.0,14.98,4.5,3.33,2.8,1.35,1.815,30.0,0.0,3.8,0.0,0.14285714285714288,465.0,1.591,300.0,0.247,180.0,0.444,1.0,1.2,1.8,1.5
TC-LEH-0002,TRAIN,LOC-IN-LEH,Leh,Cold-Arid (High Altitude Alpine),34.1526,77.5771,3500.0,4,high,work,14.98,4.5,3.33,2.8,1.35,30.0,0.0,ASM-WALL-LADAKH-TRAD,ASM-ROOF-LADAKH-INS-MOD,ASM-FLOOR-WARM-TILED,1.591,0.25,2.1,3.8,-3.45,-10.67,1.162,2.8,11.832,124.306,19.553,5.508,False,0.0,NON_COMPLIANT,0.97,0.01125,0.875,-17.2,27.9,0.9208333333333333,4.0,14.98,4.5,3.33,2.8,1.35,1.815,30.0,0.0,3.8,0.0,0.14285714285714288,465.0,1.591,153.0,0.25,150.0,2.1,2.0,1.2,1.8,1.5
TC-LEH-0003,TRAIN,LOC-IN-LEH,Leh,Cold-Arid (High Altitude Alpine),34.1526,77.5771,3500.0,8,low,residential,14.98,4.5,3.33,2.8,1.35,30.0,0.0,ASM-WALL-LADAKH-TRAD,ASM-ROOF-WARM-SLAB,ASM-FLOOR-LADAKH-TRAD,1.591,3.476,0.85,3.8,-1.762,-10.644,3.834,4.488,14.478,170.865,31.397,1.76,False,0.0,NON_COMPLIANT,0.97,0.01125,0.875,-17.2,27.9,0.9208333333333333,8.0,14.98,4.5,3.33,2.8,1.35,1.815,30.0,0.0,3.8,0.0,0.14285714285714288,465.0,1.591,162.5,3.476,250.0,0.85,0.5,1.2,1.8,1.5
TC-LEH-0004,TRAIN,LOC-IN-LEH,Leh,Cold-Arid (High Altitude Alpine),34.1526,77.5771,3500.0,1,medium,emergency,14.98,4.5,3.33,2.8,1.35,30.0,0.0,ASM-WALL-LADAKH-IMP-TRAD,ASM-ROOF-LADAKH-TRAD,ASM-FLOOR-LADAKH-INS-SLAB,0.452,0.247,0.444,3.8,0.313,-10.71,7.65,6.563,18.36,182.505,21.574,4.699,False,0.0,NON_COMPLIANT,0.97,0.01125,0.875,-17.2,27.9,0.9208333333333333,1.0,14.98,4.5,3.33,2.8,1.35,1.815,30.0,0.0,3.8,0.0,0.14285714285714288,345.0,0.452,300.0,0.247,180.0,0.444,1.0,1.2,1.8,1.5
TC-LEH-0005,TRAIN,LOC-IN-LEH,Leh,Cold-Arid (High Altitude Alpine),34.1526,77.5771,3500.0,2,high,work,14.98,4.5,3.33,2.8,1.35,30.0,0.0,ASM-WALL-LADAKH-IMP-TRAD,ASM-ROOF-LADAKH-INS-MOD,ASM-FLOOR-WARM-TILED,0.452,0.25,2.1,3.8,-2.744,-10.689,2.533,3.506,13.222,124.306,24.077,6.046,False,0.0,NON_COMPLIANT,0.97,0.01125,0.875,-17.2,27.9,0.9208333333333333,2.0,14.98,4.5,3.33,2.8,1.35,1.815,30.0,0.0,3.8,0.0,0.14285714285714288,345.0,0.452,153.0,0.25,150.0,2.1,2.0,1.2,1.8,1.5
TC-LEH-0006,TRAIN,LOC-IN-LEH,Leh,Cold-Arid (High Altitude Alpine),34.1526,77.5771,3500.0,4,low,residential,14.98,4.5,3.33,2.8,1.35,30.0,0.0,ASM-WALL-LADAKH-IMP-TRAD,ASM-ROOF-WARM-SLAB,ASM-FLOOR-LADAKH-TRAD,0.452,3.476,0.85,3.8,-1.142,-10.665,5.101,5.108,15.765,170.865,37.481,1.915,False,0.0,NON_COMPLIANT,0.97,0.01125,0.875,-17.2,27.9,0.9208333333333333,4.0,14.98,4.5,3.33,2.8,1.35,1.815,30.0,0.0,3.8,0.0,0.14285714285714288,345.0,0.452,162.5,3.476,250.0,0.85,0.5,1.2,1.8,1.5
TC-LEH-0007,TRAIN,LOC-IN-LEH,Leh,Cold-Arid (High Altitude Alpine),34.1526,77.5771,3500.0,8,medium,emergency,14.98,4.5,3.33,2.8,1.35,30.0,0.0,ASM-WALL-LADAKH-INS-MOD,ASM-ROOF-LADAKH-TRAD,ASM-FLOOR-LADAKH-INS-SLAB,0.314,0.247,0.444,3.8,0.237,-10.626,7.156,6.487,17.782,175.77,24.041,4.653,True,70.73,ACCEPTABLE,0.97,0.01125,0.875,-17.2,27.9,0.9208333333333333,8.0,14.98,4.5,3.33,2.8,1.35,1.815,30.0,0.0,3.8,0.0,0.14285714285714288,392.5,0.314,300.0,0.247,180.0,0.444,1.0,1.2,1.8,1.5
TC-LEH-0008,TRAIN,LOC-IN-LEH,Leh,Cold-Arid (High Altitude Alpine),34.1526,77.5771,3500.0,1,high,work,14.98,4.5,3.33,2.8,1.35,30.0,0.0,ASM-WALL-LADAKH-INS-MOD,ASM-ROOF-LADAKH-INS-MOD,ASM-FLOOR-WARM-TILED,0.314,0.25,2.1,3.8,-3.566,-10.716,1.145,2.684,11.861,117.571,22.984,5.382,True,56.9,SUB_OPTIMAL,0.97,0.01125,0.875,-17.2,27.9,0.9208333333333333,1.0,14.98,4.5,3.33,2.8,1.35,1.815,30.0,0.0,3.8,0.0,0.14285714285714288,392.5,0.314,153.0,0.25,150.0,2.1,2.0,1.2,1.8,1.5
TC-LEH-0009,TRAIN,LOC-IN-LEH,Leh,Cold-Arid (High Altitude Alpine),34.1526,77.5771,3500.0,2,low,residential,14.98,4.5,3.33,2.8,1.35,30.0,0.0,ASM-WALL-LADAKH-INS-MOD,ASM-ROOF-WARM-SLAB,ASM-FLOOR-LADAKH-TRAD,0.314,3.476,0.85,3.8,-2.127,-10.692,3.488,4.123,14.18,164.13,34.476,1.664,False,0.0,NON_COMPLIANT,0.97,0.01125,0.875,-17.2,27.9,0.9208333333333333,2.0,14.98,4.5,3.33,2.8,1.35,1.815,30.0,0.0,3.8,0.0,0.14285714285714288,392.5,0.314,162.5,3.476,250.0,0.85,0.5,1.2,1.8,1.5
TC-LEH-0010,TRAIN,LOC-IN-LEH,Leh,Cold-Arid (High Altitude Alpine),34.1526,77.5771,3500.0,4,medium,emergency,14.98,4.5,3.33,2.8,1.35,30.0,0.0,ASM-WALL-LADAKH-LIGHT-INS,ASM-ROOF-LADAKH-TRAD,ASM-FLOOR-LADAKH-INS-SLAB,0.284,0.247,0.444,3.8,4.469,-10.527,21.69,10.719,32.217,148.83,16.993,7.313,True,71.43,ACCEPTABLE,0.97,0.01125,0.875,-17.2,27.9,0.9208333333333333,4.0,14.98,4.5,3.33,2.8,1.35,1.815,30.0,0.0,3.8,0.0,0.14285714285714288,152.0,0.284,300.0,0.247,180.0,0.444,1.0,1.2,1.8,1.5
TC-LEH-0011,TRAIN,LOC-IN-LEH,Leh,Cold-Arid (High Altitude Alpine),34.1526,77.5771,3500.0,8,high,work,14.98,4.5,3.33,2.8,1.35,30.0,0.0,ASM-WALL-LADAKH-LIGHT-INS,ASM-ROOF-LADAKH-INS-MOD,ASM-FLOOR-WARM-TILED,0.284,0.25,2.1,3.8,0.074,-10.429,9.813,6.324,20.242,90.63,25.152,8.83,True,56.75,SUB_OPTIMAL,0.97,0.01125,0.875,-17.2,27.9,0.9208333333333333,8.0,14.98,4.5,3.33,2.8,1.35,1.815,30.0,0.0,3.8,0.0,0.14285714285714288,152.0,0.284,153.0,0.25,150.0,2.1,2.0,1.2,1.8,1.5
TC-LEH-0012,TRAIN,LOC-IN-LEH,Leh,Cold-Arid (High Altitude Alpine),34.1526,77.5771,3500.0,1,low,residential,14.98,4.5,3.33,2.8,1.35,30.0,0.0,ASM-WALL-LADAKH-LIGHT-INS,ASM-ROOF-WARM-SLAB,ASM-FLOOR-LADAKH-TRAD,0.284,3.476,0.85,3.8,0.746,-10.736,10.811,6.996,21.547,137.19,37.069,2.466,False,0.0,NON_COMPLIANT,0.97,0.01125,0.875,-17.2,27.9,0.9208333333333333,1.0,14.98,4.5,3.33,2.8,1.35,1.815,30.0,0.0,3.8,0.0,0.14285714285714288,152.0,0.284,162.5,3.476,250.0,0.85,0.5,1.2,1.8,1.5
TC-LEH-0013,TRAIN,LOC-IN-LEH,Leh,Cold-Arid (High Altitude Alpine),34.1526,77.5771,3500.0,2,medium,emergency,14.98,4.5,3.33,2.8,1.35,30.0,0.0,ASM-WALL-SHIMLA-COLD,ASM-ROOF-LADAKH-TRAD,ASM-FLOOR-LADAKH-INS-SLAB,0.347,0.247,0.444,3.8,-2.639,-10.692,2.574,3.611,13.265,162.3,27.148,3.107,True,62.59,ACCEPTABLE,0.97,0.01125,0.875,-17.2,27.9,0.9208333333333333,2.0,14.98,4.5,3.33,2.8,1.35,1.815,30.0,0.0,3.8,0.0,0.14285714285714288,410.0,0.347,300.0,0.247,180.0,0.444,1.0,1.2,1.8,1.5
TC-LEH-0014,TRAIN,LOC-IN-LEH,Leh,Cold-Arid (High Altitude Alpine),34.1526,77.5771,3500.0,4,high,work,14.98,4.5,3.33,2.8,1.35,30.0,0.0,ASM-WALL-SHIMLA-COLD,ASM-ROOF-LADAKH-INS-MOD,ASM-FLOOR-WARM-TILED,0.347,0.25,2.1,3.8,-4.657,-10.673,-0.82,1.593,9.853,104.101,28.275,4.67,True,53.89,SUB_OPTIMAL,0.97,0.01125,0.875,-17.2,27.9,0.9208333333333333,4.0,14.98,4.5,3.33,2.8,1.35,1.815,30.0,0.0,3.8,0.0,0.14285714285714288,410.0,0.347,153.0,0.25,150.0,2.1,2.0,1.2,1.8,1.5
TC-LEH-0015,TRAIN,LOC-IN-LEH,Leh,Cold-Arid (High Altitude Alpine),34.1526,77.5771,3500.0,8,low,residential,14.98,4.5,3.33,2.8,1.35,30.0,0.0,ASM-WALL-SHIMLA-COLD,ASM-ROOF-WARM-SLAB,ASM-FLOOR-LADAKH-TRAD,0.347,3.476,0.85,3.8,-3.126,-10.649,1.611,3.124,12.26,150.66,40.165,1.442,False,0.0,NON_COMPLIANT,0.97,0.01125,0.875,-17.2,27.9,0.9208333333333333,8.0,14.98,4.5,3.33,2.8,1.35,1.815,30.0,0.0,3.8,0.0,0.14285714285714288,410.0,0.347,162.5,3.476,250.0,0.85,0.5,1.2,1.8,1.5
TC-LEH-0016,TRAIN,LOC-IN-LEH,Leh,Cold-Arid (High Altitude Alpine),34.1526,77.5771,3500.0,1,medium,emergency,14.98,4.5,3.33,2.8,1.35,30.0,90.0,ASM-WALL-LADAKH-TRAD,ASM-ROOF-LADAKH-TRAD,ASM-FLOOR-LADAKH-INS-SLAB,1.591,0.247,0.444,3.8,0.94,-10.706,8.517,7.19,19.223,233.018,19.093,5.124,False,0.0,NON_COMPLIANT,0.97,0.01125,0.875,-17.2,27.9,0.9208333333333333,1.0,14.98,4.5,3.33,2.8,1.35,1.815,30.0,90.0,3.8,0.0,0.19305019305019305,465.0,1.591,300.0,0.247,180.0,0.444,1.0,1.2,1.8,1.5
TC-LEH-0017,TRAIN,LOC-IN-LEH,Leh,Cold-Arid (High Altitude Alpine),34.1526,77.5771,3500.0,2,high,work,14.98,4.5,3.33,2.8,1.35,30.0,90.0,ASM-WALL-LADAKH-TRAD,ASM-ROOF-LADAKH-INS-MOD,ASM-FLOOR-WARM-TILED,1.591,0.25,2.1,3.8,-1.849,-10.69,3.902,4.401,14.592,174.819,24.685,6.954,False,0.0,NON_COMPLIANT,0.97,0.01125,0.875,-17.2,27.9,0.9208333333333333,2.0,14.98,4.5,3.33,2.8,1.35,1.815,30.0,90.0,3.8,0.0,0.19305019305019305,465.0,1.591,153.0,0.25,150.0,2.1,2.0,1.2,1.8,1.5
TC-LEH-0018,TRAIN,LOC-IN-LEH,Leh,Cold-Arid (High Altitude Alpine),34.1526,77.5771,3500.0,4,low,residential,14.98,4.5,3.33,2.8,1.35,30.0,90.0,ASM-WALL-LADAKH-TRAD,ASM-ROOF-WARM-SLAB,ASM-FLOOR-LADAKH-TRAD,1.591,3.476,0.85,3.8,-0.46,-10.672,6.127,5.79,16.799,221.378,37.917,2.125,False,0.0,NON_COMPLIANT,0.97,0.01125,0.875,-17.2,27.9,0.9208333333333333,4.0,14.98,4.5,3.33,2.8,1.35,1.815,30.0,90.0,3.8,0.0,0.19305019305019305,465.0,1.591,162.5,3.476,250.0,0.85,0.5,1.2,1.8,1.5
TC-LEH-0019,TRAIN,LOC-IN-LEH,Leh,Cold-Arid (High Altitude Alpine),34.1526,77.5771,3500.0,8,medium,emergency,14.98,4.5,3.33,2.8,1.35,30.0,90.0,ASM-WALL-LADAKH-IMP-TRAD,ASM-ROOF-LADAKH-TRAD,ASM-FLOOR-LADAKH-INS-SLAB,0.452,0.247,0.444,3.8,3.551,-10.616,12.759,9.801,23.375,233.018,30.951,6.741,False,0.0,NON_COMPLIANT,0.97,0.01125,0.875,-17.2,27.9,0.9208333333333333,8.0,14.98,4.5,3.33,2.8,1.35,1.815,30.0,90.0,3.8,0.0,0.19305019305019305,345.0,0.452,300.0,0.247,180.0,0.444,1.0,1.2,1.8,1.5
TC-LEH-0020,TRAIN,LOC-IN-LEH,Leh,Cold-Arid (High Altitude Alpine),34.1526,77.5771,3500.0,1,high,work,14.98,4.5,3.33,2.8,1.35,30.0,90.0,ASM-WALL-LADAKH-IMP-TRAD,ASM-ROOF-LADAKH-INS-MOD,ASM-FLOOR-WARM-TILED,0.452,0.25,2.1,3.8,-0.849,-10.717,5.789,5.401,16.506,174.819,31.815,7.989,False,0.0,NON_COMPLIANT,0.97,0.01125,0.875,-17.2,27.9,0.9208333333333333,1.0,14.98,4.5,3.33,2.8,1.35,1.815,30.0,90.0,3.8,0.0,0.19305019305019305,345.0,0.452,153.0,0.25,150.0,2.1,2.0,1.2,1.8,1.5
TC-LEH-0021,TRAIN,LOC-IN-LEH,Leh,Cold-Arid (High Altitude Alpine),34.1526,77.5771,3500.0,2,low,residential,14.98,4.5,3.33,2.8,1.35,30.0,90.0,ASM-WALL-LADAKH-IMP-TRAD,ASM-ROOF-WARM-SLAB,ASM-FLOOR-LADAKH-TRAD,0.452,3.476,0.85,3.8,0.526,-10.691,7.994,6.776,18.685,221.378,47.22,2.413,False,0.0,NON_COMPLIANT,0.97,0.01125,0.875,-17.2,27.9,0.9208333333333333,2.0,14.98,4.5,3.33,2.8,1.35,1.815,30.0,90.0,3.8,0.0,0.19305019305019305,345.0,0.452,162.5,3.476,250.0,0.85,0.5,1.2,1.8,1.5
TC-LEH-0022,TRAIN,LOC-IN-LEH,Leh,Cold-Arid (High Altitude Alpine),34.1526,77.5771,3500.0,4,medium,emergency,14.98,4.5,3.33,2.8,1.35,30.0,90.0,ASM-WALL-LADAKH-INS-MOD,ASM-ROOF-LADAKH-TRAD,ASM-FLOOR-LADAKH-INS-SLAB,0.314,0.247,0.444,3.8,1.686,-10.663,9.756,7.936,20.419,222.916,28.731,5.561,True,74.42,ACCEPTABLE,0.97,0.01125,0.875,-17.2,27.9,0.9208333333333333,4.0,14.98,4.5,3.33,2.8,1.35,1.815,30.0,90.0,3.8,0.0,0.19305019305019305,392.5,0.314,300.0,0.247,180.0,0.444,1.0,1.2,1.8,1.5
TC-LEH-0023,TRAIN,LOC-IN-LEH,Leh,Cold-Arid (High Altitude Alpine),34.1526,77.5771,3500.0,8,high,work,14.98,4.5,3.33,2.8,1.35,30.0,90.0,ASM-WALL-LADAKH-INS-MOD,ASM-ROOF-LADAKH-INS-MOD,ASM-FLOOR-WARM-TILED,0.314,0.25,2.1,3.8,-0.963,-10.63,5.238,5.287,15.868,164.716,33.47,7.838,True,64.11,ACCEPTABLE,0.97,0.01125,0.875,-17.2,27.9,0.9208333333333333,8.0,14.98,4.5,3.33,2.8,1.35,1.815,30.0,90.0,3.8,0.0,0.19305019305019305,392.5,0.314,153.0,0.25,150.0,2.1,2.0,1.2,1.8,1.5
TC-LEH-0024,TRAIN,LOC-IN-LEH,Leh,Cold-Arid (High Altitude Alpine),34.1526,77.5771,3500.0,1,low,residential,14.98,4.5,3.33,2.8,1.35,30.0,90.0,ASM-WALL-LADAKH-INS-MOD,ASM-ROOF-WARM-SLAB,ASM-FLOOR-LADAKH-TRAD,0.314,3.476,0.85,3.8,-0.557,-10.715,6.157,5.693,16.873,211.276,43.201,2.085,False,0.0,NON_COMPLIANT,0.97,0.01125,0.875,-17.2,27.9,0.9208333333333333,1.0,14.98,4.5,3.33,2.8,1.35,1.815,30.0,90.0,3.8,0.0,0.19305019305019305,392.5,0.314,162.5,3.476,250.0,0.85,0.5,1.2,1.8,1.5
TC-LEH-0025,TRAIN,LOC-IN-LEH,Leh,Cold-Arid (High Altitude Alpine),34.1526,77.5771,3500.0,2,medium,emergency,14.98,4.5,3.33,2.8,1.35,30.0,90.0,ASM-WALL-LADAKH-LIGHT-INS,ASM-ROOF-LADAKH-TRAD,ASM-FLOOR-LADAKH-INS-SLAB,0.284,0.247,0.444,3.8,6.141,-10.617,26.548,12.391,37.166,182.505,19.638,8.452,True,67.47,ACCEPTABLE,0.97,0.01125,0.875,-17.2,27.9,0.9208333333333333,2.0,14.98,4.5,3.33,2.8,1.35,1.815,30.0,90.0,3.8,0.0,0.19305019305019305,152.0,0.284,300.0,0.247,180.0,0.444,1.0,1.2,1.8,1.5
TC-LEH-0026,TRAIN,LOC-IN-LEH,Leh,Cold-Arid (High Altitude Alpine),34.1526,77.5771,3500.0,4,high,work,14.98,4.5,3.33,2.8,1.35,30.0,90.0,ASM-WALL-LADAKH-LIGHT-INS,ASM-ROOF-LADAKH-INS-MOD,ASM-FLOOR-WARM-TILED,0.284,0.25,2.1,3.8,1.196,-10.565,13.343,7.446,23.908,124.306,29.501,10.357,True,58.3,SUB_OPTIMAL,0.97,0.01125,0.875,-17.2,27.9,0.9208333333333333,4.0,14.98,4.5,3.33,2.8,1.35,1.815,30.0,90.0,3.8,0.0,0.19305019305019305,152.0,0.284,153.0,0.25,150.0,2.1,2.0,1.2,1.8,1.5
TC-LEH-0027,TRAIN,LOC-IN-LEH,Leh,Cold-Arid (High Altitude Alpine),34.1526,77.5771,3500.0,8,low,residential,14.98,4.5,3.33,2.8,1.35,30.0,90.0,ASM-WALL-LADAKH-LIGHT-INS,ASM-ROOF-WARM-SLAB,ASM-FLOOR-LADAKH-TRAD,0.284,3.476,0.85,3.8,3.749,-10.504,15.833,9.999,26.337,170.865,51.176,3.404,False,0.0,NON_COMPLIANT,0.97,0.01125,0.875,-17.2,27.9,0.9208333333333333,8.0,14.98,4.5,3.33,2.8,1.35,1.815,30.0,90.0,3.8,0.0,0.19305019305019305,152.0,0.284,162.5,3.476,250.0,0.85,0.5,1.2,1.8,1.5
TC-LEH-0028,TRAIN,LOC-IN-LEH,Leh,Cold-Arid (High Altitude Alpine),34.1526,77.5771,3500.0,1,medium,emergency,14.98,4.5,3.33,2.8,1.35,30.0,90.0,ASM-WALL-SHIMLA-COLD,ASM-ROOF-LADAKH-TRAD,ASM-FLOOR-LADAKH-INS-SLAB,0.347,0.247,0.444,3.8,-1.355,-10.712,4.744,4.895,15.456,202.71,32.697,3.742,True,65.97,ACCEPTABLE,0.97,0.01125,0.875,-17.2,27.9,0.9208333333333333,1.0,14.98,4.5,3.33,2.8,1.35,1.815,30.0,90.0,3.8,0.0,0.19305019305019305,410.0,0.347,300.0,0.247,180.0,0.444,1.0,1.2,1.8,1.5
TC-LEH-0029,TRAIN,LOC-IN-LEH,Leh,Cold-Arid (High Altitude Alpine),34.1526,77.5771,3500.0,2,high,work,14.98,4.5,3.33,2.8,1.35,30.0,90.0,ASM-WALL-SHIMLA-COLD,ASM-ROOF-LADAKH-INS-MOD,ASM-FLOOR-WARM-TILED,0.347,0.25,2.1,3.8,-3.583,-10.698,1.04,2.667,11.738,144.511,32.648,5.392,True,56.69,SUB_OPTIMAL,0.97,0.01125,0.875,-17.2,27.9,0.9208333333333333,2.0,14.98,4.5,3.33,2.8,1.35,1.815,30.0,90.0,3.8,0.0,0.19305019305019305,410.0,0.347,153.0,0.25,150.0,2.1,2.0,1.2,1.8,1.5
TC-LEH-0030,TRAIN,LOC-IN-LEH,Leh,Cold-Arid (High Altitude Alpine),34.1526,77.5771,3500.0,4,low,residential,14.98,4.5,3.33,2.8,1.35,30.0,90.0,ASM-WALL-SHIMLA-COLD,ASM-ROOF-WARM-SLAB,ASM-FLOOR-LADAKH-TRAD,0.347,3.476,0.85,3.8,-2.288,-10.675,3.124,3.962,13.799,191.07,45.428,1.631,False,0.0,NON_COMPLIANT,0.97,0.01125,0.875,-17.2,27.9,0.9208333333333333,4.0,14.98,4.5,3.33,2.8,1.35,1.815,30.0,90.0,3.8,0.0,0.19305019305019305,410.0,0.347,162.5,3.476,250.0,0.85,0.5,1.2,1.8,1.5
TC-LEH-0031,TRAIN,LOC-IN-LEH,Leh,Cold-Arid (High Altitude Alpine),34.1526,77.5771,3500.0,8,medium,emergency,14.98,4.5,3.33,2.8,1.35,30.0,180.0,ASM-WALL-LADAKH-TRAD,ASM-ROOF-LADAKH-TRAD,ASM-FLOOR-LADAKH-INS-SLAB,1.591,0.247,0.444,3.8,3.803,-10.636,13.023,10.053,23.659,283.531,25.804,6.925,False,0.0,NON_COMPLIANT,0.97,0.01125,0.875,-17.2,27.9,0.9208333333333333,8.0,14.98,4.5,3.33,2.8,1.35,1.815,30.0,180.0,3.8,0.0,0.14285714285714288,465.0,1.591,300.0,0.247,180.0,0.444,1.0,1.2,1.8,1.5
TC-LEH-0032,TRAIN,LOC-IN-LEH,Leh,Cold-Arid (High Altitude Alpine),34.1526,77.5771,3500.0,1,high,work,14.98,4.5,3.33,2.8,1.35,30.0,180.0,ASM-WALL-LADAKH-TRAD,ASM-ROOF-LADAKH-INS-MOD,ASM-FLOOR-WARM-TILED,1.591,0.25,2.1,3.8,-0.147,-10.712,6.778,6.103,17.49,225.332,31.463,8.863,False,0.0,NON_COMPLIANT,0.97,0.01125,0.875,-17.2,27.9,0.9208333333333333,1.0,14.98,4.5,3.33,2.8,1.35,1.815,30.0,180.0,3.8,0.0,0.14285714285714288,465.0,1.591,153.0,0.25,150.0,2.1,2.0,1.2,1.8,1.5
TC-LEH-0033,TRAIN,LOC-IN-LEH,Leh,Cold-Arid (High Altitude Alpine),34.1526,77.5771,3500.0,2,low,residential,14.98,4.5,3.33,2.8,1.35,30.0,180.0,ASM-WALL-LADAKH-TRAD,ASM-ROOF-WARM-SLAB,ASM-FLOOR-LADAKH-TRAD,1.591,3.476,0.85,3.8,1.046,-10.691,8.699,7.296,19.391,271.891,46.225,2.591,False,0.0,NON_COMPLIANT,0.97,0.01125,0.875,-17.2,27.9,0.9208333333333333,2.0,14.98,4.5,3.33,2.8,1.35,1.815,30.0,180.0,3.8,0.0,0.14285714285714288,465.0,1.591,162.5,3.476,250.0,0.85,0.5,1.2,1.8,1.5
TC-LEH-0034,TRAIN,LOC-IN-LEH,Leh,Cold-Arid (High Altitude Alpine),34.1526,77.5771,3500.0,4,medium,emergency,14.98,4.5,3.33,2.8,1.35,30.0,180.0,ASM-WALL-LADAKH-IMP-TRAD,ASM-ROOF-LADAKH-TRAD,ASM-FLOOR-LADAKH-INS-SLAB,0.452,0.247,0.444,3.8,5.224,-10.658,15.777,11.474,26.436,283.531,36.002,7.841,False,0.0,NON_COMPLIANT,0.97,0.01125,0.875,-17.2,27.9,0.9208333333333333,4.0,14.98,4.5,3.33,2.8,1.35,1.815,30.0,180.0,3.8,0.0,0.14285714285714288,345.0,0.452,300.0,0.247,180.0,0.444,1.0,1.2,1.8,1.5
TC-LEH-0035,TRAIN,LOC-IN-LEH,Leh,Cold-Arid (High Altitude Alpine),34.1526,77.5771,3500.0,8,high,work,14.98,4.5,3.33,2.8,1.35,30.0,180.0,ASM-WALL-LADAKH-IMP-TRAD,ASM-ROOF-LADAKH-INS-MOD,ASM-FLOOR-WARM-TILED,0.452,0.25,2.1,3.8,2.023,-10.622,10.329,8.273,20.951,225.332,45.794,11.499,False,0.0,NON_COMPLIANT,0.97,0.01125,0.875,-17.2,27.9,0.9208333333333333,8.0,14.98,4.5,3.33,2.8,1.35,1.815,30.0,180.0,3.8,0.0,0.14285714285714288,345.0,0.452,153.0,0.25,150.0,2.1,2.0,1.2,1.8,1.5
TC-LEH-0036,TRAIN,LOC-IN-LEH,Leh,Cold-Arid (High Altitude Alpine),34.1526,77.5771,3500.0,1,low,residential,14.98,4.5,3.33,2.8,1.35,30.0,180.0,ASM-WALL-LADAKH-IMP-TRAD,ASM-ROOF-WARM-SLAB,ASM-FLOOR-LADAKH-TRAD,0.452,3.476,0.85,3.8,2.298,-10.716,11.024,8.548,21.74,271.891,58.23,2.976,False,0.0,NON_COMPLIANT,0.97,0.01125,0.875,-17.2,27.9,0.9208333333333333,1.0,14.98,4.5,3.33,2.8,1.35,1.815,30.0,180.0,3.8,0.0,0.14285714285714288,345.0,0.452,162.5,3.476,250.0,0.85,0.5,1.2,1.8,1.5
TC-LEH-0037,TRAIN,LOC-IN-LEH,Leh,Cold-Arid (High Altitude Alpine),34.1526,77.5771,3500.0,2,medium,emergency,14.98,4.5,3.33,2.8,1.35,30.0,180.0,ASM-WALL-LADAKH-INS-MOD,ASM-ROOF-LADAKH-TRAD,ASM-FLOOR-LADAKH-INS-SLAB,0.314,0.247,0.444,3.8,3.383,-10.683,12.688,9.633,23.371,270.061,34.39,6.656,True,78.85,ACCEPTABLE,0.97,0.01125,0.875,-17.2,27.9,0.9208333333333333,2.0,14.98,4.5,3.33,2.8,1.35,1.815,30.0,180.0,3.8,0.0,0.14285714285714288,392.5,0.314,300.0,0.247,180.0,0.444,1.0,1.2,1.8,1.5
TC-LEH-0038,TRAIN,LOC-IN-LEH,Leh,Cold-Arid (High Altitude Alpine),34.1526,77.5771,3500.0,4,high,work,14.98,4.5,3.33,2.8,1.35,30.0,180.0,ASM-WALL-LADAKH-INS-MOD,ASM-ROOF-LADAKH-INS-MOD,ASM-FLOOR-WARM-TILED,0.314,0.25,2.1,3.8,0.329,-10.665,7.581,6.579,18.246,211.862,40.152,9.403,True,67.37,ACCEPTABLE,0.97,0.01125,0.875,-17.2,27.9,0.9208333333333333,4.0,14.98,4.5,3.33,2.8,1.35,1.815,30.0,180.0,3.8,0.0,0.14285714285714288,392.5,0.314,153.0,0.25,150.0,2.1,2.0,1.2,1.8,1.5
TC-LEH-0039,TRAIN,LOC-IN-LEH,Leh,Cold-Arid (High Altitude Alpine),34.1526,77.5771,3500.0,8,low,residential,14.98,4.5,3.33,2.8,1.35,30.0,180.0,ASM-WALL-LADAKH-INS-MOD,ASM-ROOF-WARM-SLAB,ASM-FLOOR-LADAKH-TRAD,0.314,3.476,0.85,3.8,1.887,-10.636,9.998,8.137,20.634,258.421,58.81,2.838,False,0.0,NON_COMPLIANT,0.97,0.01125,0.875,-17.2,27.9,0.9208333333333333,8.0,14.98,4.5,3.33,2.8,1.35,1.815,30.0,180.0,3.8,0.0,0.14285714285714288,392.5,0.314,162.5,3.476,250.0,0.85,0.5,1.2,1.8,1.5
TC-LEH-0040,TRAIN,LOC-IN-LEH,Leh,Cold-Arid (High Altitude Alpine),34.1526,77.5771,3500.0,1,medium,emergency,14.98,4.5,3.33,2.8,1.35,30.0,180.0,ASM-WALL-LADAKH-LIGHT-INS,ASM-ROOF-LADAKH-TRAD,ASM-FLOOR-LADAKH-INS-SLAB,0.284,0.247,0.444,3.8,7.977,-10.729,31.579,14.227,42.308,216.18,22.568,9.713,True,63.36,ACCEPTABLE,0.97,0.01125,0.875,-17.2,27.9,0.9208333333333333,1.0,14.98,4.5,3.33,2.8,1.35,1.815,30.0,180.0,3.8,0.0,0.14285714285714288,152.0,0.284,300.0,0.247,180.0,0.444,1.0,1.2,1.8,1.5
TC-LEH-0041,TRAIN,LOC-IN-LEH,Leh,Cold-Arid (High Altitude Alpine),34.1526,77.5771,3500.0,2,high,work,14.98,4.5,3.33,2.8,1.35,30.0,180.0,ASM-WALL-LADAKH-LIGHT-INS,ASM-ROOF-LADAKH-INS-MOD,ASM-FLOOR-WARM-TILED,0.284,0.25,2.1,3.8,2.667,-10.662,17.335,8.917,27.996,157.981,35.157,12.343,True,60.92,ACCEPTABLE,0.97,0.01125,0.875,-17.2,27.9,0.9208333333333333,2.0,14.98,4.5,3.33,2.8,1.35,1.815,30.0,180.0,3.8,0.0,0.14285714285714288,152.0,0.284,153.0,0.25,150.0,2.1,2.0,1.2,1.8,1.5
TC-LEH-0042,TRAIN,LOC-IN-LEH,Leh,Cold-Arid (High Altitude Alpine),34.1526,77.5771,3500.0,4,low,residential,14.98,4.5,3.33,2.8,1.35,30.0,180.0,ASM-WALL-LADAKH-LIGHT-INS,ASM-ROOF-WARM-SLAB,ASM-FLOOR-LADAKH-TRAD,0.284,3.476,0.85,3.8,4.803,-10.602,18.574,11.053,29.176,204.541,56.675,3.77,False,0.0,NON_COMPLIANT,0.97,0.01125,0.875,-17.2,27.9,0.9208333333333333,4.0,14.98,4.5,3.33,2.8,1.35,1.815,30.0,180.0,3.8,0.0,0.14285714285714288,152.0,0.284,162.5,3.476,250.0,0.85,0.5,1.2,1.8,1.5
TC-LEH-0043,TRAIN,LOC-IN-LEH,Leh,Cold-Arid (High Altitude Alpine),34.1526,77.5771,3500.0,8,medium,emergency,14.98,4.5,3.33,2.8,1.35,30.0,180.0,ASM-WALL-SHIMLA-COLD,ASM-ROOF-LADAKH-TRAD,ASM-FLOOR-LADAKH-INS-SLAB,0.347,0.247,0.444,3.8,0.772,-10.643,8.061,7.022,18.704,243.121,43.696,5.001,True,71.89,ACCEPTABLE,0.97,0.01125,0.875,-17.2,27.9,0.9208333333333333,8.0,14.98,4.5,3.33,2.8,1.35,1.815,30.0,180.0,3.8,0.0,0.14285714285714288,410.0,0.347,300.0,0.247,180.0,0.444,1.0,1.2,1.8,1.5
TC-LEH-0044,TRAIN,LOC-IN-LEH,Leh,Cold-Arid (High Altitude Alpine),34.1526,77.5771,3500.0,1,high,work,14.98,4.5,3.33,2.8,1.35,30.0,180.0,ASM-WALL-SHIMLA-COLD,ASM-ROOF-LADAKH-INS-MOD,ASM-FLOOR-WARM-TILED,0.347,0.25,2.1,3.8,-2.414,-10.717,3.026,3.836,13.743,184.921,38.712,6.393,True,59.75,SUB_OPTIMAL,0.97,0.01125,0.875,-17.2,27.9,0.9208333333333333,1.0,14.98,4.5,3.33,2.8,1.35,1.815,30.0,180.0,3.8,0.0,0.14285714285714288,410.0,0.347,153.0,0.25,150.0,2.1,2.0,1.2,1.8,1.5
TC-LEH-0045,TRAIN,LOC-IN-LEH,Leh,Cold-Arid (High Altitude Alpine),34.1526,77.5771,3500.0,2,low,residential,14.98,4.5,3.33,2.8,1.35,30.0,180.0,ASM-WALL-SHIMLA-COLD,ASM-ROOF-WARM-SLAB,ASM-FLOOR-LADAKH-TRAD,0.347,3.476,0.85,3.8,-1.267,-10.698,4.887,4.983,15.585,231.481,52.736,1.893,False,0.0,NON_COMPLIANT,0.97,0.01125,0.875,-17.2,27.9,0.9208333333333333,2.0,14.98,4.5,3.33,2.8,1.35,1.815,30.0,180.0,3.8,0.0,0.14285714285714288,410.0,0.347,162.5,3.476,250.0,0.85,0.5,1.2,1.8,1.5
TC-LEH-0046,TRAIN,LOC-IN-LEH,Leh,Cold-Arid (High Altitude Alpine),34.1526,77.5771,3500.0,4,medium,emergency,14.98,4.5,3.33,2.8,1.35,30.0,270.0,ASM-WALL-LADAKH-TRAD,ASM-ROOF-LADAKH-TRAD,ASM-FLOOR-LADAKH-INS-SLAB,1.591,0.247,0.444,3.8,1.311,-10.668,9.025,7.561,19.693,233.018,19.944,5.352,False,0.0,NON_COMPLIANT,0.97,0.01125,0.875,-17.2,27.9,0.9208333333333333,4.0,14.98,4.5,3.33,2.8,1.35,1.815,30.0,270.0,3.8,0.0,0.19305019305019305,465.0,1.591,300.0,0.247,180.0,0.444,1.0,1.2,1.8,1.5
TC-LEH-0047,TRAIN,LOC-IN-LEH,Leh,Cold-Arid (High Altitude Alpine),34.1526,77.5771,3500.0,8,high,work,14.98,4.5,3.33,2.8,1.35,30.0,270.0,ASM-WALL-LADAKH-TRAD,ASM-ROOF-LADAKH-INS-MOD,ASM-FLOOR-WARM-TILED,1.591,0.25,2.1,3.8,-1.176,-10.639,4.816,5.074,15.455,174.819,27.16,7.651,False,0.0,NON_COMPLIANT,0.97,0.01125,0.875,-17.2,27.9,0.9208333333333333,8.0,14.98,4.5,3.33,2.8,1.35,1.815,30.0,270.0,3.8,0.0,0.19305019305019305,465.0,1.591,153.0,0.25,150.0,2.1,2.0,1.2,1.8,1.5
TC-LEH-0048,TRAIN,LOC-IN-LEH,Leh,Cold-Arid (High Altitude Alpine),34.1526,77.5771,3500.0,1,low,residential,14.98,4.5,3.33,2.8,1.35,30.0,270.0,ASM-WALL-LADAKH-TRAD,ASM-ROOF-WARM-SLAB,ASM-FLOOR-LADAKH-TRAD,1.591,3.476,0.85,3.8,-0.779,-10.712,5.693,5.471,16.404,221.378,36.265,2.033,False,0.0,NON_COMPLIANT,0.97,0.01125,0.875,-17.2,27.9,0.9208333333333333,1.0,14.98,4.5,3.33,2.8,1.35,1.815,30.0,270.0,3.8,0.0,0.19305019305019305,465.0,1.591,162.5,3.476,250.0,0.85,0.5,1.2,1.8,1.5
TC-LEH-0049,TRAIN,LOC-IN-LEH,Leh,Cold-Arid (High Altitude Alpine),34.1526,77.5771,3500.0,2,medium,emergency,14.98,4.5,3.33,2.8,1.35,30.0,270.0,ASM-WALL-LADAKH-IMP-TRAD,ASM-ROOF-LADAKH-TRAD,ASM-FLOOR-LADAKH-INS-SLAB,0.452,0.247,0.444,3.8,2.714,-10.68,11.644,8.964,22.324,233.018,28.548,6.218,False,0.0,NON_COMPLIANT,0.97,0.01125,0.875,-17.2,27.9,0.9208333333333333,2.0,14.98,4.5,3.33,2.8,1.35,1.815,30.0,270.0,3.8,0.0,0.19305019305019305,345.0,0.452,300.0,0.247,180.0,0.444,1.0,1.2,1.8,1.5
TC-LEH-0050,TRAIN,LOC-IN-LEH,Leh,Cold-Arid (High Altitude Alpine),34.1526,77.5771,3500.0,4,high,work,14.98,4.5,3.33,2.8,1.35,30.0,270.0,ASM-WALL-LADAKH-IMP-TRAD,ASM-ROOF-LADAKH-INS-MOD,ASM-FLOOR-WARM-TILED,0.452,0.25,2.1,3.8,-0.473,-10.661,6.285,5.777,16.946,174.819,33.431,8.395,False,0.0,NON_COMPLIANT,0.97,0.01125,0.875,-17.2,27.9,0.9208333333333333,4.0,14.98,4.5,3.33,2.8,1.35,1.815,30.0,270.0,3.8,0.0,0.19305019305019305,345.0,0.452,153.0,0.25,150.0,2.1,2.0,1.2,1.8,1.5
TC-LEH-0051,TRAIN,LOC-IN-LEH,Leh,Cold-Arid (High Altitude Alpine),34.1526,77.5771,3500.0,8,low,residential,14.98,4.5,3.33,2.8,1.35,30.0,270.0,ASM-WALL-LADAKH-IMP-TRAD,ASM-ROOF-WARM-SLAB,ASM-FLOOR-LADAKH-TRAD,0.452,3.476,0.85,3.8,1.232,-10.629,8.935,7.482,19.564,221.378,51.439,2.629,False,0.0,NON_COMPLIANT,0.97,0.01125,0.875,-17.2,27.9,0.9208333333333333,8.0,14.98,4.5,3.33,2.8,1.35,1.815,30.0,270.0,3.8,0.0,0.19305019305019305,345.0,0.452,162.5,3.476,250.0,0.85,0.5,1.2,1.8,1.5
TC-LEH-0052,TRAIN,LOC-IN-LEH,Leh,Cold-Arid (High Altitude Alpine),34.1526,77.5771,3500.0,1,medium,emergency,14.98,4.5,3.33,2.8,1.35,30.0,270.0,ASM-WALL-LADAKH-INS-MOD,ASM-ROOF-LADAKH-TRAD,ASM-FLOOR-LADAKH-INS-SLAB,0.314,0.247,0.444,3.8,1.294,-10.71,9.229,7.544,19.939,222.916,27.492,5.321,True,73.23,ACCEPTABLE,0.97,0.01125,0.875,-17.2,27.9,0.9208333333333333,1.0,14.98,4.5,3.33,2.8,1.35,1.815,30.0,270.0,3.8,0.0,0.19305019305019305,392.5,0.314,300.0,0.247,180.0,0.444,1.0,1.2,1.8,1.5
TC-LEH-0053,TRAIN,LOC-IN-LEH,Leh,Cold-Arid (High Altitude Alpine),34.1526,77.5771,3500.0,2,high,work,14.98,4.5,3.33,2.8,1.35,30.0,270.0,ASM-WALL-LADAKH-INS-MOD,ASM-ROOF-LADAKH-INS-MOD,ASM-FLOOR-WARM-TILED,0.314,0.25,2.1,3.8,-1.669,-10.691,4.297,4.581,14.988,164.716,30.369,7.112,True,61.98,ACCEPTABLE,0.97,0.01125,0.875,-17.2,27.9,0.9208333333333333,2.0,14.98,4.5,3.33,2.8,1.35,1.815,30.0,270.0,3.8,0.0,0.19305019305019305,392.5,0.314,153.0,0.25,150.0,2.1,2.0,1.2,1.8,1.5
TC-LEH-0054,TRAIN,LOC-IN-LEH,Leh,Cold-Arid (High Altitude Alpine),34.1526,77.5771,3500.0,4,low,residential,14.98,4.5,3.33,2.8,1.35,30.0,270.0,ASM-WALL-LADAKH-INS-MOD,ASM-ROOF-WARM-SLAB,ASM-FLOOR-LADAKH-TRAD,0.314,3.476,0.85,3.8,-0.223,-10.668,6.606,6.027,17.274,211.276,45.257,2.184,False,0.0,NON_COMPLIANT,0.97,0.01125,0.875,-17.2,27.9,0.9208333333333333,4.0,14.98,4.5,3.33,2.8,1.35,1.815,30.0,270.0,3.8,0.0,0.19305019305019305,392.5,0.314,162.5,3.476,250.0,0.85,0.5,1.2,1.8,1.5
TC-LEH-0055,TRAIN,LOC-IN-LEH,Leh,Cold-Arid (High Altitude Alpine),34.1526,77.5771,3500.0,8,medium,emergency,14.98,4.5,3.33,2.8,1.35,30.0,270.0,ASM-WALL-LADAKH-LIGHT-INS,ASM-ROOF-LADAKH-TRAD,ASM-FLOOR-LADAKH-INS-SLAB,0.284,0.247,0.444,3.8,7.458,-10.353,28.004,13.708,38.357,182.505,21.64,9.314,True,66.52,ACCEPTABLE,0.97,0.01125,0.875,-17.2,27.9,0.9208333333333333,8.0,14.98,4.5,3.33,2.8,1.35,1.815,30.0,270.0,3.8,0.0,0.19305019305019305,152.0,0.284,300.0,0.247,180.0,0.444,1.0,1.2,1.8,1.5
TC-LEH-0056,TRAIN,LOC-IN-LEH,Leh,Cold-Arid (High Altitude Alpine),34.1526,77.5771,3500.0,1,high,work,14.98,4.5,3.33,2.8,1.35,30.0,270.0,ASM-WALL-LADAKH-LIGHT-INS,ASM-ROOF-LADAKH-INS-MOD,ASM-FLOOR-WARM-TILED,0.284,0.25,2.1,3.8,0.63,-10.749,12.705,6.88,23.454,124.306,27.761,9.746,True,56.41,SUB_OPTIMAL,0.97,0.01125,0.875,-17.2,27.9,0.9208333333333333,1.0,14.98,4.5,3.33,2.8,1.35,1.815,30.0,270.0,3.8,0.0,0.19305019305019305,152.0,0.284,153.0,0.25,150.0,2.1,2.0,1.2,1.8,1.5
TC-LEH-0057,TRAIN,LOC-IN-LEH,Leh,Cold-Arid (High Altitude Alpine),34.1526,77.5771,3500.0,2,low,residential,14.98,4.5,3.33,2.8,1.35,30.0,270.0,ASM-WALL-LADAKH-LIGHT-INS,ASM-ROOF-WARM-SLAB,ASM-FLOOR-LADAKH-TRAD,0.284,3.476,0.85,3.8,2.705,-10.67,14.615,8.955,25.285,170.865,46.332,3.082,False,0.0,NON_COMPLIANT,0.97,0.01125,0.875,-17.2,27.9,0.9208333333333333,2.0,14.98,4.5,3.33,2.8,1.35,1.815,30.0,270.0,3.8,0.0,0.19305019305019305,152.0,0.284,162.5,3.476,250.0,0.85,0.5,1.2,1.8,1.5
TC-LEH-0058,TRAIN,LOC-IN-LEH,Leh,Cold-Arid (High Altitude Alpine),34.1526,77.5771,3500.0,4,medium,emergency,14.98,4.5,3.33,2.8,1.35,30.0,270.0,ASM-WALL-SHIMLA-COLD,ASM-ROOF-LADAKH-TRAD,ASM-FLOOR-LADAKH-INS-SLAB,0.347,0.247,0.444,3.8,-1.035,-10.672,5.18,5.215,15.852,202.71,34.196,3.914,True,66.94,ACCEPTABLE,0.97,0.01125,0.875,-17.2,27.9,0.9208333333333333,4.0,14.98,4.5,3.33,2.8,1.35,1.815,30.0,270.0,3.8,0.0,0.19305019305019305,410.0,0.347,300.0,0.247,180.0,0.444,1.0,1.2,1.8,1.5
TC-LEH-0059,TRAIN,LOC-IN-LEH,Leh,Cold-Arid (High Altitude Alpine),34.1526,77.5771,3500.0,8,high,work,14.98,4.5,3.33,2.8,1.35,30.0,270.0,ASM-WALL-SHIMLA-COLD,ASM-ROOF-LADAKH-INS-MOD,ASM-FLOOR-WARM-TILED,0.347,0.25,2.1,3.8,-2.996,-10.646,1.833,3.254,12.479,144.511,35.537,5.869,True,58.44,SUB_OPTIMAL,0.97,0.01125,0.875,-17.2,27.9,0.9208333333333333,8.0,14.98,4.5,3.33,2.8,1.35,1.815,30.0,270.0,3.8,0.0,0.19305019305019305,410.0,0.347,153.0,0.25,150.0,2.1,2.0,1.2,1.8,1.5
TC-LEH-0060,TRAIN,LOC-IN-LEH,Leh,Cold-Arid (High Altitude Alpine),34.1526,77.5771,3500.0,1,low,residential,14.98,4.5,3.33,2.8,1.35,30.0,270.0,ASM-WALL-SHIMLA-COLD,ASM-ROOF-WARM-SLAB,ASM-FLOOR-LADAKH-TRAD,0.347,3.476,0.85,3.8,-2.568,-10.716,2.744,3.682,13.461,191.07,43.672,1.568,False,0.0,NON_COMPLIANT,0.97,0.01125,0.875,-17.2,27.9,0.9208333333333333,1.0,14.98,4.5,3.33,2.8,1.35,1.815,30.0,270.0,3.8,0.0,0.19305019305019305,410.0,0.347,162.5,3.476,250.0,0.85,0.5,1.2,1.8,1.5
TC-LEH-0061,TRAIN,LOC-IN-LEH,Leh,Cold-Arid (High Altitude Alpine),34.1526,77.5771,3500.0,2,medium,emergency,24.0,6.0,4.0,2.8,1.5,30.0,0.0,ASM-WALL-LADAKH-TRAD,ASM-ROOF-LADAKH-TRAD,ASM-FLOOR-LADAKH-INS-SLAB,1.591,0.247,0.444,4.88,-0.467,-10.695,6.181,5.783,16.876,259.453,20.739,6.806,False,0.0,NON_COMPLIANT,0.97,0.01125,0.875,-17.2,27.9,0.9208333333333333,2.0,24.0,6.0,4.0,2.8,1.5,1.603,30.0,0.0,4.88,0.0,0.17142857142857146,465.0,1.591,300.0,0.247,180.0,0.444,1.0,1.2,1.8,1.5
TC-LEH-0062,TRAIN,LOC-IN-LEH,Leh,Cold-Arid (High Altitude Alpine),34.1526,77.5771,3500.0,4,high,work,24.0,6.0,4.0,2.8,1.5,30.0,0.0,ASM-WALL-LADAKH-TRAD,ASM-ROOF-LADAKH-INS-MOD,ASM-FLOOR-WARM-TILED,1.591,0.25,2.1,4.88,-3.56,-10.677,1.035,2.69,11.712,166.241,27.815,8.664,False,0.0,NON_COMPLIANT,0.97,0.01125,0.875,-17.2,27.9,0.9208333333333333,4.0,24.0,6.0,4.0,2.8,1.5,1.603,30.0,0.0,4.88,0.0,0.17142857142857146,465.0,1.591,153.0,0.25,150.0,2.1,2.0,1.2,1.8,1.5
TC-LEH-0063,TRAIN,LOC-IN-LEH,Leh,Cold-Arid (High Altitude Alpine),34.1526,77.5771,3500.0,8,low,residential,24.0,6.0,4.0,2.8,1.5,30.0,0.0,ASM-WALL-LADAKH-TRAD,ASM-ROOF-WARM-SLAB,ASM-FLOOR-LADAKH-TRAD,1.591,3.476,0.85,4.88,-1.771,-10.658,3.903,4.479,14.562,240.811,46.341,2.812,False,0.0,NON_COMPLIANT,0.97,0.01125,0.875,-17.2,27.9,0.9208333333333333,8.0,24.0,6.0,4.0,2.8,1.5,1.603,30.0,0.0,4.88,0.0,0.17142857142857146,465.0,1.591,162.5,3.476,250.0,0.85,0.5,1.2,1.8,1.5
TC-LEH-0064,TRAIN,LOC-IN-LEH,Leh,Cold-Arid (High Altitude Alpine),34.1526,77.5771,3500.0,1,medium,emergency,24.0,6.0,4.0,2.8,1.5,30.0,0.0,ASM-WALL-LADAKH-IMP-TRAD,ASM-ROOF-LADAKH-TRAD,ASM-FLOOR-LADAKH-INS-SLAB,0.452,0.247,0.444,4.88,0.813,-10.719,8.541,7.063,19.26,259.453,29.943,8.013,False,0.0,NON_COMPLIANT,0.97,0.01125,0.875,-17.2,27.9,0.9208333333333333,1.0,24.0,6.0,4.0,2.8,1.5,1.603,30.0,0.0,4.88,0.0,0.17142857142857146,345.0,0.452,300.0,0.247,180.0,0.444,1.0,1.2,1.8,1.5
TC-LEH-0065,TRAIN,LOC-IN-LEH,Leh,Cold-Arid (High Altitude Alpine),34.1526,77.5771,3500.0,2,high,work,24.0,6.0,4.0,2.8,1.5,30.0,0.0,ASM-WALL-LADAKH-IMP-TRAD,ASM-ROOF-LADAKH-INS-MOD,ASM-FLOOR-WARM-TILED,0.452,0.25,2.1,4.88,-2.873,-10.706,2.375,3.377,13.081,166.241,33.692,9.477,False,0.0,NON_COMPLIANT,0.97,0.01125,0.875,-17.2,27.9,0.9208333333333333,2.0,24.0,6.0,4.0,2.8,1.5,1.603,30.0,0.0,4.88,0.0,0.17142857142857146,345.0,0.452,153.0,0.25,150.0,2.1,2.0,1.2,1.8,1.5
TC-LEH-0066,TRAIN,LOC-IN-LEH,Leh,Cold-Arid (High Altitude Alpine),34.1526,77.5771,3500.0,4,low,residential,24.0,6.0,4.0,2.8,1.5,30.0,0.0,ASM-WALL-LADAKH-IMP-TRAD,ASM-ROOF-WARM-SLAB,ASM-FLOOR-LADAKH-TRAD,0.452,3.476,0.85,4.88,-1.115,-10.674,5.217,5.135,15.891,240.811,54.967,3.078,False,0.0,NON_COMPLIANT,0.97,0.01125,0.875,-17.2,27.9,0.9208333333333333,4.0,24.0,6.0,4.0,2.8,1.5,1.603,30.0,0.0,4.88,0.0,0.17142857142857146,345.0,0.452,162.5,3.476,250.0,0.85,0.5,1.2,1.8,1.5
TC-LEH-0067,TRAIN,LOC-IN-LEH,Leh,Cold-Arid (High Altitude Alpine),34.1526,77.5771,3500.0,8,medium,emergency,24.0,6.0,4.0,2.8,1.5,30.0,0.0,ASM-WALL-LADAKH-INS-MOD,ASM-ROOF-LADAKH-TRAD,ASM-FLOOR-LADAKH-INS-SLAB,0.314,0.247,0.444,4.88,0.523,-10.643,7.747,6.773,18.391,250.856,32.445,7.734,True,71.84,ACCEPTABLE,0.97,0.01125,0.875,-17.2,27.9,0.9208333333333333,8.0,24.0,6.0,4.0,2.8,1.5,1.603,30.0,0.0,4.88,0.0,0.17142857142857146,392.5,0.314,300.0,0.247,180.0,0.444,1.0,1.2,1.8,1.5
TC-LEH-0068,TRAIN,LOC-IN-LEH,Leh,Cold-Arid (High Altitude Alpine),34.1526,77.5771,3500.0,1,high,work,24.0,6.0,4.0,2.8,1.5,30.0,0.0,ASM-WALL-LADAKH-INS-MOD,ASM-ROOF-LADAKH-INS-MOD,ASM-FLOOR-WARM-TILED,0.314,0.25,2.1,4.88,-3.606,-10.725,1.116,2.644,11.841,157.644,32.353,8.549,True,57.2,SUB_OPTIMAL,0.97,0.01125,0.875,-17.2,27.9,0.9208333333333333,1.0,24.0,6.0,4.0,2.8,1.5,1.603,30.0,0.0,4.88,0.0,0.17142857142857146,392.5,0.314,153.0,0.25,150.0,2.1,2.0,1.2,1.8,1.5
TC-LEH-0069,TRAIN,LOC-IN-LEH,Leh,Cold-Arid (High Altitude Alpine),34.1526,77.5771,3500.0,2,low,residential,24.0,6.0,4.0,2.8,1.5,30.0,0.0,ASM-WALL-LADAKH-INS-MOD,ASM-ROOF-WARM-SLAB,ASM-FLOOR-LADAKH-TRAD,0.314,3.476,0.85,4.88,-1.98,-10.706,3.775,4.27,14.481,232.214,51.146,2.724,False,0.0,NON_COMPLIANT,0.97,0.01125,0.875,-17.2,27.9,0.9208333333333333,2.0,24.0,6.0,4.0,2.8,1.5,1.603,30.0,0.0,4.88,0.0,0.17142857142857146,392.5,0.314,162.5,3.476,250.0,0.85,0.5,1.2,1.8,1.5
TC-LEH-0070,TRAIN,LOC-IN-LEH,Leh,Cold-Arid (High Altitude Alpine),34.1526,77.5771,3500.0,4,medium,emergency,24.0,6.0,4.0,2.8,1.5,30.0,0.0,ASM-WALL-LADAKH-LIGHT-INS,ASM-ROOF-LADAKH-TRAD,ASM-FLOOR-LADAKH-INS-SLAB,0.284,0.247,0.444,4.88,4.692,-10.579,22.114,10.942,32.693,216.468,23.096,11.972,True,72.48,ACCEPTABLE,0.97,0.01125,0.875,-17.2,27.9,0.9208333333333333,4.0,24.0,6.0,4.0,2.8,1.5,1.603,30.0,0.0,4.88,0.0,0.17142857142857146,152.0,0.284,300.0,0.247,180.0,0.444,1.0,1.2,1.8,1.5
TC-LEH-0071,TRAIN,LOC-IN-LEH,Leh,Cold-Arid (High Altitude Alpine),34.1526,77.5771,3500.0,8,high,work,24.0,6.0,4.0,2.8,1.5,30.0,0.0,ASM-WALL-LADAKH-LIGHT-INS,ASM-ROOF-LADAKH-INS-MOD,ASM-FLOOR-WARM-TILED,0.284,0.25,2.1,4.88,-0.637,-10.515,8.569,5.613,19.085,123.256,34.188,12.895,True,55.18,SUB_OPTIMAL,0.97,0.01125,0.875,-17.2,27.9,0.9208333333333333,8.0,24.0,6.0,4.0,2.8,1.5,1.603,30.0,0.0,4.88,0.0,0.17142857142857146,152.0,0.284,153.0,0.25,150.0,2.1,2.0,1.2,1.8,1.5
TC-LEH-0072,TRAIN,LOC-IN-LEH,Leh,Cold-Arid (High Altitude Alpine),34.1526,77.5771,3500.0,1,low,residential,24.0,6.0,4.0,2.8,1.5,30.0,0.0,ASM-WALL-LADAKH-LIGHT-INS,ASM-ROOF-WARM-SLAB,ASM-FLOOR-LADAKH-TRAD,0.284,3.476,0.85,4.88,0.673,-10.753,10.416,6.923,21.169,197.826,55.761,3.915,False,0.0,NON_COMPLIANT,0.97,0.01125,0.875,-17.2,27.9,0.9208333333333333,1.0,24.0,6.0,4.0,2.8,1.5,1.603,30.0,0.0,4.88,0.0,0.17142857142857146,152.0,0.284,162.5,3.476,250.0,0.85,0.5,1.2,1.8,1.5
TC-LEH-0073,TRAIN,LOC-IN-LEH,Leh,Cold-Arid (High Altitude Alpine),34.1526,77.5771,3500.0,2,medium,emergency,24.0,6.0,4.0,2.8,1.5,30.0,0.0,ASM-WALL-SHIMLA-COLD,ASM-ROOF-LADAKH-TRAD,ASM-FLOOR-LADAKH-INS-SLAB,0.347,0.247,0.444,4.88,-2.155,-10.702,3.41,4.095,14.112,233.662,37.526,5.33,True,64.3,ACCEPTABLE,0.97,0.01125,0.875,-17.2,27.9,0.9208333333333333,2.0,24.0,6.0,4.0,2.8,1.5,1.603,30.0,0.0,4.88,0.0,0.17142857142857146,410.0,0.347,300.0,0.247,180.0,0.444,1.0,1.2,1.8,1.5
TC-LEH-0074,TRAIN,LOC-IN-LEH,Leh,Cold-Arid (High Altitude Alpine),34.1526,77.5771,3500.0,4,high,work,24.0,6.0,4.0,2.8,1.5,30.0,0.0,ASM-WALL-SHIMLA-COLD,ASM-ROOF-LADAKH-INS-MOD,ASM-FLOOR-WARM-TILED,0.347,0.25,2.1,4.88,-4.688,-10.679,-0.824,1.562,9.856,140.45,38.678,7.428,True,54.22,SUB_OPTIMAL,0.97,0.01125,0.875,-17.2,27.9,0.9208333333333333,4.0,24.0,6.0,4.0,2.8,1.5,1.603,30.0,0.0,4.88,0.0,0.17142857142857146,410.0,0.347,153.0,0.25,150.0,2.1,2.0,1.2,1.8,1.5
TC-LEH-0075,TRAIN,LOC-IN-LEH,Leh,Cold-Arid (High Altitude Alpine),34.1526,77.5771,3500.0,8,low,residential,24.0,6.0,4.0,2.8,1.5,30.0,0.0,ASM-WALL-SHIMLA-COLD,ASM-ROOF-WARM-SLAB,ASM-FLOOR-LADAKH-TRAD,0.347,3.476,0.85,4.88,-3.05,-10.662,1.811,3.2,12.473,215.02,57.088,2.333,False,0.0,NON_COMPLIANT,0.97,0.01125,0.875,-17.2,27.9,0.9208333333333333,8.0,24.0,6.0,4.0,2.8,1.5,1.603,30.0,0.0,4.88,0.0,0.17142857142857146,410.0,0.347,162.5,3.476,250.0,0.85,0.5,1.2,1.8,1.5
TC-LEH-0076,TRAIN,LOC-IN-LEH,Leh,Cold-Arid (High Altitude Alpine),34.1526,77.5771,3500.0,1,medium,emergency,24.0,6.0,4.0,2.8,1.5,30.0,90.0,ASM-WALL-LADAKH-TRAD,ASM-ROOF-LADAKH-TRAD,ASM-FLOOR-LADAKH-INS-SLAB,1.591,0.247,0.444,4.88,1.368,-10.713,9.263,7.618,19.976,323.932,26.289,8.628,False,0.0,NON_COMPLIANT,0.97,0.01125,0.875,-17.2,27.9,0.9208333333333333,1.0,24.0,6.0,4.0,2.8,1.5,1.603,30.0,90.0,4.88,0.0,0.2571428571428572,465.0,1.591,300.0,0.247,180.0,0.444,1.0,1.2,1.8,1.5
TC-LEH-0077,TRAIN,LOC-IN-LEH,Leh,Cold-Arid (High Altitude Alpine),34.1526,77.5771,3500.0,2,high,work,24.0,6.0,4.0,2.8,1.5,30.0,90.0,ASM-WALL-LADAKH-TRAD,ASM-ROOF-LADAKH-INS-MOD,ASM-FLOOR-WARM-TILED,1.591,0.25,2.1,4.88,-2.015,-10.703,3.673,4.235,14.376,230.72,34.851,10.856,False,0.0,NON_COMPLIANT,0.97,0.01125,0.875,-17.2,27.9,0.9208333333333333,2.0,24.0,6.0,4.0,2.8,1.5,1.603,30.0,90.0,4.88,0.0,0.2571428571428572,465.0,1.591,153.0,0.25,150.0,2.1,2.0,1.2,1.8,1.5
TC-LEH-0078,TRAIN,LOC-IN-LEH,Leh,Cold-Arid (High Altitude Alpine),34.1526,77.5771,3500.0,4,low,residential,24.0,6.0,4.0,2.8,1.5,30.0,90.0,ASM-WALL-LADAKH-TRAD,ASM-ROOF-WARM-SLAB,ASM-FLOOR-LADAKH-TRAD,1.591,3.476,0.85,4.88,-0.477,-10.679,6.156,5.773,16.836,305.289,55.853,3.389,False,0.0,NON_COMPLIANT,0.97,0.01125,0.875,-17.2,27.9,0.9208333333333333,4.0,24.0,6.0,4.0,2.8,1.5,1.603,30.0,90.0,4.88,0.0,0.2571428571428572,465.0,1.591,162.5,3.476,250.0,0.85,0.5,1.2,1.8,1.5
TC-LEH-0079,TRAIN,LOC-IN-LEH,Leh,Cold-Arid (High Altitude Alpine),34.1526,77.5771,3500.0,8,medium,emergency,24.0,6.0,4.0,2.8,1.5,30.0,90.0,ASM-WALL-LADAKH-IMP-TRAD,ASM-ROOF-LADAKH-TRAD,ASM-FLOOR-LADAKH-INS-SLAB,0.452,0.247,0.444,4.88,3.682,-10.636,13.121,9.932,23.758,323.932,40.858,10.934,False,0.0,NON_COMPLIANT,0.97,0.01125,0.875,-17.2,27.9,0.9208333333333333,8.0,24.0,6.0,4.0,2.8,1.5,1.603,30.0,90.0,4.88,0.0,0.2571428571428572,345.0,0.452,300.0,0.247,180.0,0.444,1.0,1.2,1.8,1.5
TC-LEH-0080,TRAIN,LOC-IN-LEH,Leh,Cold-Arid (High Altitude Alpine),34.1526,77.5771,3500.0,1,high,work,24.0,6.0,4.0,2.8,1.5,30.0,90.0,ASM-WALL-LADAKH-IMP-TRAD,ASM-ROOF-LADAKH-INS-MOD,ASM-FLOOR-WARM-TILED,0.452,0.25,2.1,4.88,-1.088,-10.727,5.446,5.162,16.173,230.72,43.918,12.354,False,0.0,NON_COMPLIANT,0.97,0.01125,0.875,-17.2,27.9,0.9208333333333333,1.0,24.0,6.0,4.0,2.8,1.5,1.603,30.0,90.0,4.88,0.0,0.2571428571428572,345.0,0.452,153.0,0.25,150.0,2.1,2.0,1.2,1.8,1.5
TC-LEH-0081,TRAIN,LOC-IN-LEH,Leh,Cold-Arid (High Altitude Alpine),34.1526,77.5771,3500.0,2,low,residential,24.0,6.0,4.0,2.8,1.5,30.0,90.0,ASM-WALL-LADAKH-IMP-TRAD,ASM-ROOF-WARM-SLAB,ASM-FLOOR-LADAKH-TRAD,0.452,3.476,0.85,4.88,0.467,-10.706,7.951,6.717,18.657,305.289,68.43,3.832,False,0.0,NON_COMPLIANT,0.97,0.01125,0.875,-17.2,27.9,0.9208333333333333,2.0,24.0,6.0,4.0,2.8,1.5,1.603,30.0,90.0,4.88,0.0,0.2571428571428572,345.0,0.452,162.5,3.476,250.0,0.85,0.5,1.2,1.8,1.5
TC-LEH-0082,TRAIN,LOC-IN-LEH,Leh,Cold-Arid (High Altitude Alpine),34.1526,77.5771,3500.0,4,medium,emergency,24.0,6.0,4.0,2.8,1.5,30.0,90.0,ASM-WALL-LADAKH-INS-MOD,ASM-ROOF-LADAKH-TRAD,ASM-FLOOR-LADAKH-INS-SLAB,0.314,0.247,0.444,4.88,2.009,-10.672,10.376,8.259,21.047,311.036,38.732,9.232,True,75.66,ACCEPTABLE,0.97,0.01125,0.875,-17.2,27.9,0.9208333333333333,4.0,24.0,6.0,4.0,2.8,1.5,1.603,30.0,90.0,4.88,0.0,0.2571428571428572,392.5,0.314,300.0,0.247,180.0,0.444,1.0,1.2,1.8,1.5
TC-LEH-0083,TRAIN,LOC-IN-LEH,Leh,Cold-Arid (High Altitude Alpine),34.1526,77.5771,3500.0,8,high,work,24.0,6.0,4.0,2.8,1.5,30.0,90.0,ASM-WALL-LADAKH-INS-MOD,ASM-ROOF-LADAKH-INS-MOD,ASM-FLOOR-WARM-TILED,0.314,0.25,2.1,4.88,-1.344,-10.647,4.72,4.906,15.367,217.824,44.98,11.886,True,63.44,ACCEPTABLE,0.97,0.01125,0.875,-17.2,27.9,0.9208333333333333,8.0,24.0,6.0,4.0,2.8,1.5,1.603,30.0,90.0,4.88,0.0,0.2571428571428572,392.5,0.314,153.0,0.25,150.0,2.1,2.0,1.2,1.8,1.5
TC-LEH-0084,TRAIN,LOC-IN-LEH,Leh,Cold-Arid (High Altitude Alpine),34.1526,77.5771,3500.0,1,low,residential,24.0,6.0,4.0,2.8,1.5,30.0,90.0,ASM-WALL-LADAKH-INS-MOD,ASM-ROOF-WARM-SLAB,ASM-FLOOR-LADAKH-TRAD,0.314,3.476,0.85,4.88,-0.507,-10.723,6.28,5.743,17.003,292.394,63.113,3.361,False,0.0,NON_COMPLIANT,0.97,0.01125,0.875,-17.2,27.9,0.9208333333333333,1.0,24.0,6.0,4.0,2.8,1.5,1.603,30.0,90.0,4.88,0.0,0.2571428571428572,392.5,0.314,162.5,3.476,250.0,0.85,0.5,1.2,1.8,1.5
TC-LEH-0085,TRAIN,LOC-IN-LEH,Leh,Cold-Arid (High Altitude Alpine),34.1526,77.5771,3500.0,2,medium,emergency,24.0,6.0,4.0,2.8,1.5,30.0,90.0,ASM-WALL-LADAKH-LIGHT-INS,ASM-ROOF-LADAKH-TRAD,ASM-FLOOR-LADAKH-INS-SLAB,0.284,0.247,0.444,4.88,6.323,-10.679,26.613,12.573,37.292,259.453,26.501,13.737,True,68.8,ACCEPTABLE,0.97,0.01125,0.875,-17.2,27.9,0.9208333333333333,2.0,24.0,6.0,4.0,2.8,1.5,1.603,30.0,90.0,4.88,0.0,0.2571428571428572,152.0,0.284,300.0,0.247,180.0,0.444,1.0,1.2,1.8,1.5
TC-LEH-0086,TRAIN,LOC-IN-LEH,Leh,Cold-Arid (High Altitude Alpine),34.1526,77.5771,3500.0,4,high,work,24.0,6.0,4.0,2.8,1.5,30.0,90.0,ASM-WALL-LADAKH-LIGHT-INS,ASM-ROOF-LADAKH-INS-MOD,ASM-FLOOR-WARM-TILED,0.284,0.25,2.1,4.88,0.528,-10.608,11.761,6.778,22.369,166.241,40.61,15.317,True,57.21,SUB_OPTIMAL,0.97,0.01125,0.875,-17.2,27.9,0.9208333333333333,4.0,24.0,6.0,4.0,2.8,1.5,1.603,30.0,90.0,4.88,0.0,0.2571428571428572,152.0,0.284,153.0,0.25,150.0,2.1,2.0,1.2,1.8,1.5
TC-LEH-0087,TRAIN,LOC-IN-LEH,Leh,Cold-Arid (High Altitude Alpine),34.1526,77.5771,3500.0,8,low,residential,24.0,6.0,4.0,2.8,1.5,30.0,90.0,ASM-WALL-LADAKH-LIGHT-INS,ASM-ROOF-WARM-SLAB,ASM-FLOOR-LADAKH-TRAD,0.284,3.476,0.85,4.88,3.116,-10.569,14.575,9.366,25.144,240.811,73.01,5.125,False,0.0,NON_COMPLIANT,0.97,0.01125,0.875,-17.2,27.9,0.9208333333333333,8.0,24.0,6.0,4.0,2.8,1.5,1.603,30.0,90.0,4.88,0.0,0.2571428571428572,152.0,0.284,162.5,3.476,250.0,0.85,0.5,1.2,1.8,1.5
TC-LEH-0088,TRAIN,LOC-IN-LEH,Leh,Cold-Arid (High Altitude Alpine),34.1526,77.5771,3500.0,1,medium,emergency,24.0,6.0,4.0,2.8,1.5,30.0,90.0,ASM-WALL-SHIMLA-COLD,ASM-ROOF-LADAKH-TRAD,ASM-FLOOR-LADAKH-INS-SLAB,0.347,0.247,0.444,4.88,-0.9,-10.718,5.529,5.35,16.247,285.245,44.978,6.388,True,67.61,ACCEPTABLE,0.97,0.01125,0.875,-17.2,27.9,0.9208333333333333,1.0,24.0,6.0,4.0,2.8,1.5,1.603,30.0,90.0,4.88,0.0,0.2571428571428572,410.0,0.347,300.0,0.247,180.0,0.444,1.0,1.2,1.8,1.5
TC-LEH-0089,TRAIN,LOC-IN-LEH,Leh,Cold-Arid (High Altitude Alpine),34.1526,77.5771,3500.0,2,high,work,24.0,6.0,4.0,2.8,1.5,30.0,90.0,ASM-WALL-SHIMLA-COLD,ASM-ROOF-LADAKH-INS-MOD,ASM-FLOOR-WARM-TILED,0.347,0.25,2.1,4.88,-3.633,-10.709,0.992,2.617,11.702,192.033,44.552,8.556,True,56.96,SUB_OPTIMAL,0.97,0.01125,0.875,-17.2,27.9,0.9208333333333333,2.0,24.0,6.0,4.0,2.8,1.5,1.603,30.0,90.0,4.88,0.0,0.2571428571428572,410.0,0.347,153.0,0.25,150.0,2.1,2.0,1.2,1.8,1.5
TC-LEH-0090,TRAIN,LOC-IN-LEH,Leh,Cold-Arid (High Altitude Alpine),34.1526,77.5771,3500.0,4,low,residential,24.0,6.0,4.0,2.8,1.5,30.0,90.0,ASM-WALL-SHIMLA-COLD,ASM-ROOF-WARM-SLAB,ASM-FLOOR-LADAKH-TRAD,0.347,3.476,0.85,4.88,-2.19,-10.681,3.336,4.06,14.017,266.602,64.747,2.646,False,0.0,NON_COMPLIANT,0.97,0.01125,0.875,-17.2,27.9,0.9208333333333333,4.0,24.0,6.0,4.0,2.8,1.5,1.603,30.0,90.0,4.88,0.0,0.2571428571428572,410.0,0.347,162.5,3.476,250.0,0.85,0.5,1.2,1.8,1.5
TC-LEH-0091,TRAIN,LOC-IN-LEH,Leh,Cold-Arid (High Altitude Alpine),34.1526,77.5771,3500.0,8,medium,emergency,24.0,6.0,4.0,2.8,1.5,30.0,180.0,ASM-WALL-LADAKH-TRAD,ASM-ROOF-LADAKH-TRAD,ASM-FLOOR-LADAKH-INS-SLAB,1.591,0.247,0.444,4.88,3.924,-10.651,13.325,10.174,23.976,388.41,34.188,11.22,False,0.0,NON_COMPLIANT,0.97,0.01125,0.875,-17.2,27.9,0.9208333333333333,8.0,24.0,6.0,4.0,2.8,1.5,1.603,30.0,180.0,4.88,0.0,0.17142857142857146,465.0,1.591,300.0,0.247,180.0,0.444,1.0,1.2,1.8,1.5
TC-LEH-0092,TRAIN,LOC-IN-LEH,Leh,Cold-Arid (High Altitude Alpine),34.1526,77.5771,3500.0,1,high,work,24.0,6.0,4.0,2.8,1.5,30.0,180.0,ASM-WALL-LADAKH-TRAD,ASM-ROOF-LADAKH-INS-MOD,ASM-FLOOR-WARM-TILED,1.591,0.25,2.1,4.88,-0.397,-10.72,6.406,5.853,17.126,295.198,43.895,13.673,False,0.0,NON_COMPLIANT,0.97,0.01125,0.875,-17.2,27.9,0.9208333333333333,1.0,24.0,6.0,4.0,2.8,1.5,1.603,30.0,180.0,4.88,0.0,0.17142857142857146,465.0,1.591,153.0,0.25,150.0,2.1,2.0,1.2,1.8,1.5
TC-LEH-0093,TRAIN,LOC-IN-LEH,Leh,Cold-Arid (High Altitude Alpine),34.1526,77.5771,3500.0,2,low,residential,24.0,6.0,4.0,2.8,1.5,30.0,180.0,ASM-WALL-LADAKH-TRAD,ASM-ROOF-WARM-SLAB,ASM-FLOOR-LADAKH-TRAD,1.591,3.476,0.85,4.88,0.964,-10.703,8.609,7.214,19.312,369.768,67.651,4.105,False,0.0,NON_COMPLIANT,0.97,0.01125,0.875,-17.2,27.9,0.9208333333333333,2.0,24.0,6.0,4.0,2.8,1.5,1.603,30.0,180.0,4.88,0.0,0.17142857142857146,465.0,1.591,162.5,3.476,250.0,0.85,0.5,1.2,1.8,1.5
TC-LEH-0094,TRAIN,LOC-IN-LEH,Leh,Cold-Arid (High Altitude Alpine),34.1526,77.5771,3500.0,4,medium,emergency,24.0,6.0,4.0,2.8,1.5,30.0,180.0,ASM-WALL-LADAKH-IMP-TRAD,ASM-ROOF-LADAKH-TRAD,ASM-FLOOR-LADAKH-INS-SLAB,0.452,0.247,0.444,4.88,5.381,-10.668,16.146,11.631,26.815,388.41,47.566,12.73,False,0.0,NON_COMPLIANT,0.97,0.01125,0.875,-17.2,27.9,0.9208333333333333,4.0,24.0,6.0,4.0,2.8,1.5,1.603,30.0,180.0,4.88,0.0,0.17142857142857146,345.0,0.452,300.0,0.247,180.0,0.444,1.0,1.2,1.8,1.5
TC-LEH-0095,TRAIN,LOC-IN-LEH,Leh,Cold-Arid (High Altitude Alpine),34.1526,77.5771,3500.0,8,high,work,24.0,6.0,4.0,2.8,1.5,30.0,180.0,ASM-WALL-LADAKH-IMP-TRAD,ASM-ROOF-LADAKH-INS-MOD,ASM-FLOOR-WARM-TILED,0.452,0.25,2.1,4.88,1.406,-10.641,9.444,7.656,20.085,295.198,60.965,17.149,False,0.0,NON_COMPLIANT,0.97,0.01125,0.875,-17.2,27.9,0.9208333333333333,8.0,24.0,6.0,4.0,2.8,1.5,1.603,30.0,180.0,4.88,0.0,0.17142857142857146,345.0,0.452,153.0,0.25,150.0,2.1,2.0,1.2,1.8,1.5
TC-LEH-0096,TRAIN,LOC-IN-LEH,Leh,Cold-Arid (High Altitude Alpine),34.1526,77.5771,3500.0,1,low,residential,24.0,6.0,4.0,2.8,1.5,30.0,180.0,ASM-WALL-LADAKH-IMP-TRAD,ASM-ROOF-WARM-SLAB,ASM-FLOOR-LADAKH-TRAD,0.452,3.476,0.85,4.88,2.123,-10.724,10.78,8.373,21.504,369.768,83.467,4.673,False,0.0,NON_COMPLIANT,0.97,0.01125,0.875,-17.2,27.9,0.9208333333333333,1.0,24.0,6.0,4.0,2.8,1.5,1.603,30.0,180.0,4.88,0.0,0.17142857142857146,345.0,0.452,162.5,3.476,250.0,0.85,0.5,1.2,1.8,1.5
TC-LEH-0097,TRAIN,LOC-IN-LEH,Leh,Cold-Arid (High Altitude Alpine),34.1526,77.5771,3500.0,2,medium,emergency,24.0,6.0,4.0,2.8,1.5,30.0,180.0,ASM-WALL-LADAKH-INS-MOD,ASM-ROOF-LADAKH-TRAD,ASM-FLOOR-LADAKH-INS-SLAB,0.314,0.247,0.444,4.88,3.678,-10.697,13.246,9.928,23.943,371.216,45.987,10.962,True,80.02,OPTIMAL,0.97,0.01125,0.875,-17.2,27.9,0.9208333333333333,2.0,24.0,6.0,4.0,2.8,1.5,1.603,30.0,180.0,4.88,0.0,0.17142857142857146,392.5,0.314,300.0,0.247,180.0,0.444,1.0,1.2,1.8,1.5
TC-LEH-0098,TRAIN,LOC-IN-LEH,Leh,Cold-Arid (High Altitude Alpine),34.1526,77.5771,3500.0,4,high,work,24.0,6.0,4.0,2.8,1.5,30.0,180.0,ASM-WALL-LADAKH-INS-MOD,ASM-ROOF-LADAKH-INS-MOD,ASM-FLOOR-WARM-TILED,0.314,0.25,2.1,4.88,-0.042,-10.674,7.046,6.208,17.72,278.004,54.116,14.3,True,66.76,ACCEPTABLE,0.97,0.01125,0.875,-17.2,27.9,0.9208333333333333,4.0,24.0,6.0,4.0,2.8,1.5,1.603,30.0,180.0,4.88,0.0,0.17142857142857146,392.5,0.314,153.0,0.25,150.0,2.1,2.0,1.2,1.8,1.5
TC-LEH-0099,TRAIN,LOC-IN-LEH,Leh,Cold-Arid (High Altitude Alpine),34.1526,77.5771,3500.0,8,low,residential,24.0,6.0,4.0,2.8,1.5,30.0,180.0,ASM-WALL-LADAKH-INS-MOD,ASM-ROOF-WARM-SLAB,ASM-FLOOR-LADAKH-TRAD,0.314,3.476,0.85,4.88,1.6,-10.653,9.629,7.85,20.282,352.573,82.619,4.4,False,0.0,NON_COMPLIANT,0.97,0.01125,0.875,-17.2,27.9,0.9208333333333333,8.0,24.0,6.0,4.0,2.8,1.5,1.603,30.0,180.0,4.88,0.0,0.17142857142857146,392.5,0.314,162.5,3.476,250.0,0.85,0.5,1.2,1.8,1.5
TC-LEH-0100,TRAIN,LOC-IN-LEH,Leh,Cold-Arid (High Altitude Alpine),34.1526,77.5771,3500.0,1,medium,emergency,24.0,6.0,4.0,2.8,1.5,30.0,180.0,ASM-WALL-LADAKH-LIGHT-INS,ASM-ROOF-LADAKH-TRAD,ASM-FLOOR-LADAKH-INS-SLAB,0.284,0.247,0.444,4.88,8.065,-10.758,31.23,14.315,41.987,302.439,30.19,15.65,True,65.05,ACCEPTABLE,0.97,0.01125,0.875,-17.2,27.9,0.9208333333333333,1.0,24.0,6.0,4.0,2.8,1.5,1.603,30.0,180.0,4.88,0.0,0.17142857142857146,152.0,0.284,300.0,0.247,180.0,0.444,1.0,1.2,1.8,1.5
TC-LEH-0101,TRAIN,LOC-IN-LEH,Leh,Cold-Arid (High Altitude Alpine),34.1526,77.5771,3500.0,2,high,work,24.0,6.0,4.0,2.8,1.5,30.0,180.0,ASM-WALL-LADAKH-LIGHT-INS,ASM-ROOF-LADAKH-INS-MOD,ASM-FLOOR-WARM-TILED,0.284,0.25,2.1,4.88,1.935,-10.713,15.377,8.185,26.09,209.227,48.389,18.251,True,59.86,SUB_OPTIMAL,0.97,0.01125,0.875,-17.2,27.9,0.9208333333333333,2.0,24.0,6.0,4.0,2.8,1.5,1.603,30.0,180.0,4.88,0.0,0.17142857142857146,152.0,0.284,153.0,0.25,150.0,2.1,2.0,1.2,1.8,1.5
TC-LEH-0102,TRAIN,LOC-IN-LEH,Leh,Cold-Arid (High Altitude Alpine),34.1526,77.5771,3500.0,4,low,residential,24.0,6.0,4.0,2.8,1.5,30.0,180.0,ASM-WALL-LADAKH-LIGHT-INS,ASM-ROOF-WARM-SLAB,ASM-FLOOR-LADAKH-TRAD,0.284,3.476,0.85,4.88,4.2,-10.635,17.126,10.45,27.761,283.797,81.437,5.717,False,0.0,NON_COMPLIANT,0.97,0.01125,0.875,-17.2,27.9,0.9208333333333333,4.0,24.0,6.0,4.0,2.8,1.5,1.603,30.0,180.0,4.88,0.0,0.17142857142857146,152.0,0.284,162.5,3.476,250.0,0.85,0.5,1.2,1.8,1.5
TC-LEH-0103,TRAIN,LOC-IN-LEH,Leh,Cold-Arid (High Altitude Alpine),34.1526,77.5771,3500.0,8,medium,emergency,24.0,6.0,4.0,2.8,1.5,30.0,180.0,ASM-WALL-SHIMLA-COLD,ASM-ROOF-LADAKH-TRAD,ASM-FLOOR-LADAKH-INS-SLAB,0.347,0.247,0.444,4.88,0.99,-10.656,8.508,7.24,19.165,336.827,57.908,8.225,True,72.84,ACCEPTABLE,0.97,0.01125,0.875,-17.2,27.9,0.9208333333333333,8.0,24.0,6.0,4.0,2.8,1.5,1.603,30.0,180.0,4.88,0.0,0.17142857142857146,410.0,0.347,300.0,0.247,180.0,0.444,1.0,1.2,1.8,1.5
TC-LEH-0104,TRAIN,LOC-IN-LEH,Leh,Cold-Arid (High Altitude Alpine),34.1526,77.5771,3500.0,1,high,work,24.0,6.0,4.0,2.8,1.5,30.0,180.0,ASM-WALL-SHIMLA-COLD,ASM-ROOF-LADAKH-INS-MOD,ASM-FLOOR-WARM-TILED,0.347,0.25,2.1,4.88,-2.51,-10.724,2.9,3.74,13.624,243.615,52.502,10.083,True,59.92,SUB_OPTIMAL,0.97,0.01125,0.875,-17.2,27.9,0.9208333333333333,1.0,24.0,6.0,4.0,2.8,1.5,1.603,30.0,180.0,4.88,0.0,0.17142857142857146,410.0,0.347,153.0,0.25,150.0,2.1,2.0,1.2,1.8,1.5
TC-LEH-0105,TRAIN,LOC-IN-LEH,Leh,Cold-Arid (High Altitude Alpine),34.1526,77.5771,3500.0,2,low,residential,24.0,6.0,4.0,2.8,1.5,30.0,180.0,ASM-WALL-SHIMLA-COLD,ASM-ROOF-WARM-SLAB,ASM-FLOOR-LADAKH-TRAD,0.347,3.476,0.85,4.88,-1.195,-10.709,5.042,5.055,15.751,318.185,74.89,3.061,False,0.0,NON_COMPLIANT,0.97,0.01125,0.875,-17.2,27.9,0.9208333333333333,2.0,24.0,6.0,4.0,2.8,1.5,1.603,30.0,180.0,4.88,0.0,0.17142857142857146,410.0,0.347,162.5,3.476,250.0,0.85,0.5,1.2,1.8,1.5
TC-LEH-0106,TRAIN,LOC-IN-LEH,Leh,Cold-Arid (High Altitude Alpine),34.1526,77.5771,3500.0,4,medium,emergency,24.0,6.0,4.0,2.8,1.5,30.0,270.0,ASM-WALL-LADAKH-TRAD,ASM-ROOF-LADAKH-TRAD,ASM-FLOOR-LADAKH-INS-SLAB,1.591,0.247,0.444,4.88,1.646,-10.675,9.642,7.896,20.318,323.932,27.122,8.901,False,0.0,NON_COMPLIANT,0.97,0.01125,0.875,-17.2,27.9,0.9208333333333333,4.0,24.0,6.0,4.0,2.8,1.5,1.603,30.0,270.0,4.88,0.0,0.2571428571428572,465.0,1.591,300.0,0.247,180.0,0.444,1.0,1.2,1.8,1.5
TC-LEH-0107,TRAIN,LOC-IN-LEH,Leh,Cold-Arid (High Altitude Alpine),34.1526,77.5771,3500.0,8,high,work,24.0,6.0,4.0,2.8,1.5,30.0,270.0,ASM-WALL-LADAKH-TRAD,ASM-ROOF-LADAKH-INS-MOD,ASM-FLOOR-WARM-TILED,1.591,0.25,2.1,4.88,-1.52,-10.654,4.341,4.73,14.995,230.72,37.361,11.638,False,0.0,NON_COMPLIANT,0.97,0.01125,0.875,-17.2,27.9,0.9208333333333333,8.0,24.0,6.0,4.0,2.8,1.5,1.603,30.0,270.0,4.88,0.0,0.2571428571428572,465.0,1.591,153.0,0.25,150.0,2.1,2.0,1.2,1.8,1.5
TC-LEH-0108,TRAIN,LOC-IN-LEH,Leh,Cold-Arid (High Altitude Alpine),34.1526,77.5771,3500.0,1,low,residential,24.0,6.0,4.0,2.8,1.5,30.0,270.0,ASM-WALL-LADAKH-TRAD,ASM-ROOF-WARM-SLAB,ASM-FLOOR-LADAKH-TRAD,1.591,3.476,0.85,4.88,-0.709,-10.719,5.841,5.541,16.56,305.289,54.096,3.282,False,0.0,NON_COMPLIANT,0.97,0.01125,0.875,-17.2,27.9,0.9208333333333333,1.0,24.0,6.0,4.0,2.8,1.5,1.603,30.0,270.0,4.88,0.0,0.2571428571428572,465.0,1.591,162.5,3.476,250.0,0.85,0.5,1.2,1.8,1.5
TC-LEH-0109,TRAIN,LOC-IN-LEH,Leh,Cold-Arid (High Altitude Alpine),34.1526,77.5771,3500.0,2,medium,emergency,24.0,6.0,4.0,2.8,1.5,30.0,270.0,ASM-WALL-LADAKH-IMP-TRAD,ASM-ROOF-LADAKH-TRAD,ASM-FLOOR-LADAKH-INS-SLAB,0.452,0.247,0.444,4.88,3.059,-10.696,12.296,9.309,22.992,323.932,38.53,10.311,False,0.0,NON_COMPLIANT,0.97,0.01125,0.875,-17.2,27.9,0.9208333333333333,2.0,24.0,6.0,4.0,2.8,1.5,1.603,30.0,270.0,4.88,0.0,0.2571428571428572,345.0,0.452,300.0,0.247,180.0,0.444,1.0,1.2,1.8,1.5
TC-LEH-0110,TRAIN,LOC-IN-LEH,Leh,Cold-Arid (High Altitude Alpine),34.1526,77.5771,3500.0,4,high,work,24.0,6.0,4.0,2.8,1.5,30.0,270.0,ASM-WALL-LADAKH-IMP-TRAD,ASM-ROOF-LADAKH-INS-MOD,ASM-FLOOR-WARM-TILED,0.452,0.25,2.1,4.88,-0.814,-10.671,5.806,5.436,16.476,230.72,45.594,12.825,False,0.0,NON_COMPLIANT,0.97,0.01125,0.875,-17.2,27.9,0.9208333333333333,4.0,24.0,6.0,4.0,2.8,1.5,1.603,30.0,270.0,4.88,0.0,0.2571428571428572,345.0,0.452,153.0,0.25,150.0,2.1,2.0,1.2,1.8,1.5
TC-LEH-0111,TRAIN,LOC-IN-LEH,Leh,Cold-Arid (High Altitude Alpine),34.1526,77.5771,3500.0,8,low,residential,24.0,6.0,4.0,2.8,1.5,30.0,270.0,ASM-WALL-LADAKH-IMP-TRAD,ASM-ROOF-WARM-SLAB,ASM-FLOOR-LADAKH-TRAD,0.452,3.476,0.85,4.88,0.978,-10.648,8.628,7.228,19.276,305.289,72.881,4.081,False,0.0,NON_COMPLIANT,0.97,0.01125,0.875,-17.2,27.9,0.9208333333333333,8.0,24.0,6.0,4.0,2.8,1.5,1.603,30.0,270.0,4.88,0.0,0.2571428571428572,345.0,0.452,162.5,3.476,250.0,0.85,0.5,1.2,1.8,1.5
TC-LEH-0112,TRAIN,LOC-IN-LEH,Leh,Cold-Arid (High Altitude Alpine),34.1526,77.5771,3500.0,1,medium,emergency,24.0,6.0,4.0,2.8,1.5,30.0,270.0,ASM-WALL-LADAKH-INS-MOD,ASM-ROOF-LADAKH-TRAD,ASM-FLOOR-LADAKH-INS-SLAB,0.314,0.247,0.444,4.88,1.717,-10.718,9.984,7.967,20.701,311.036,37.502,8.939,True,74.77,ACCEPTABLE,0.97,0.01125,0.875,-17.2,27.9,0.9208333333333333,1.0,24.0,6.0,4.0,2.8,1.5,1.603,30.0,270.0,4.88,0.0,0.2571428571428572,392.5,0.314,300.0,0.247,180.0,0.444,1.0,1.2,1.8,1.5
TC-LEH-0113,TRAIN,LOC-IN-LEH,Leh,Cold-Arid (High Altitude Alpine),34.1526,77.5771,3500.0,2,high,work,24.0,6.0,4.0,2.8,1.5,30.0,270.0,ASM-WALL-LADAKH-INS-MOD,ASM-ROOF-LADAKH-INS-MOD,ASM-FLOOR-WARM-TILED,0.314,0.25,2.1,4.88,-1.861,-10.706,4.034,4.389,14.74,217.824,41.88,11.067,True,61.87,ACCEPTABLE,0.97,0.01125,0.875,-17.2,27.9,0.9208333333333333,2.0,24.0,6.0,4.0,2.8,1.5,1.603,30.0,270.0,4.88,0.0,0.2571428571428572,392.5,0.314,153.0,0.25,150.0,2.1,2.0,1.2,1.8,1.5
TC-LEH-0114,TRAIN,LOC-IN-LEH,Leh,Cold-Arid (High Altitude Alpine),34.1526,77.5771,3500.0,4,low,residential,24.0,6.0,4.0,2.8,1.5,30.0,270.0,ASM-WALL-LADAKH-INS-MOD,ASM-ROOF-WARM-SLAB,ASM-FLOOR-LADAKH-TRAD,0.314,3.476,0.85,4.88,-0.265,-10.676,6.604,5.985,17.28,292.394,65.246,3.475,False,0.0,NON_COMPLIANT,0.97,0.01125,0.875,-17.2,27.9,0.9208333333333333,4.0,24.0,6.0,4.0,2.8,1.5,1.603,30.0,270.0,4.88,0.0,0.2571428571428572,392.5,0.314,162.5,3.476,250.0,0.85,0.5,1.2,1.8,1.5
TC-LEH-0115,TRAIN,LOC-IN-LEH,Leh,Cold-Arid (High Altitude Alpine),34.1526,77.5771,3500.0,8,medium,emergency,24.0,6.0,4.0,2.8,1.5,30.0,270.0,ASM-WALL-LADAKH-LIGHT-INS,ASM-ROOF-LADAKH-TRAD,ASM-FLOOR-LADAKH-INS-SLAB,0.284,0.247,0.444,4.88,7.273,-10.457,27.671,13.523,38.128,259.453,28.421,14.733,True,68.13,ACCEPTABLE,0.97,0.01125,0.875,-17.2,27.9,0.9208333333333333,8.0,24.0,6.0,4.0,2.8,1.5,1.603,30.0,270.0,4.88,0.0,0.2571428571428572,152.0,0.284,300.0,0.247,180.0,0.444,1.0,1.2,1.8,1.5
TC-LEH-0116,TRAIN,LOC-IN-LEH,Leh,Cold-Arid (High Altitude Alpine),34.1526,77.5771,3500.0,1,high,work,24.0,6.0,4.0,2.8,1.5,30.0,270.0,ASM-WALL-LADAKH-LIGHT-INS,ASM-ROOF-LADAKH-INS-MOD,ASM-FLOOR-WARM-TILED,0.284,0.25,2.1,4.88,0.13,-10.773,11.309,6.38,22.082,166.241,38.863,14.658,True,55.85,SUB_OPTIMAL,0.97,0.01125,0.875,-17.2,27.9,0.9208333333333333,1.0,24.0,6.0,4.0,2.8,1.5,1.603,30.0,270.0,4.88,0.0,0.2571428571428572,152.0,0.284,153.0,0.25,150.0,2.1,2.0,1.2,1.8,1.5
TC-LEH-0117,TRAIN,LOC-IN-LEH,Leh,Cold-Arid (High Altitude Alpine),34.1526,77.5771,3500.0,2,low,residential,24.0,6.0,4.0,2.8,1.5,30.0,270.0,ASM-WALL-LADAKH-LIGHT-INS,ASM-ROOF-WARM-SLAB,ASM-FLOOR-LADAKH-TRAD,0.284,3.476,0.85,4.88,2.389,-10.709,13.716,8.639,24.425,240.811,68.061,4.778,False,0.0,NON_COMPLIANT,0.97,0.01125,0.875,-17.2,27.9,0.9208333333333333,2.0,24.0,6.0,4.0,2.8,1.5,1.603,30.0,270.0,4.88,0.0,0.2571428571428572,152.0,0.284,162.5,3.476,250.0,0.85,0.5,1.2,1.8,1.5
TC-LEH-0118,TRAIN,LOC-IN-LEH,Leh,Cold-Arid (High Altitude Alpine),34.1526,77.5771,3500.0,4,medium,emergency,24.0,6.0,4.0,2.8,1.5,30.0,270.0,ASM-WALL-SHIMLA-COLD,ASM-ROOF-LADAKH-TRAD,ASM-FLOOR-LADAKH-INS-SLAB,0.347,0.247,0.444,4.88,-0.659,-10.678,5.857,5.591,16.535,285.245,46.507,6.605,True,68.35,ACCEPTABLE,0.97,0.01125,0.875,-17.2,27.9,0.9208333333333333,4.0,24.0,6.0,4.0,2.8,1.5,1.603,30.0,270.0,4.88,0.0,0.2571428571428572,410.0,0.347,300.0,0.247,180.0,0.444,1.0,1.2,1.8,1.5
TC-LEH-0119,TRAIN,LOC-IN-LEH,Leh,Cold-Arid (High Altitude Alpine),34.1526,77.5771,3500.0,8,high,work,24.0,6.0,4.0,2.8,1.5,30.0,270.0,ASM-WALL-SHIMLA-COLD,ASM-ROOF-LADAKH-INS-MOD,ASM-FLOOR-WARM-TILED,0.347,0.25,2.1,4.88,-3.198,-10.659,1.578,3.052,12.236,192.033,47.443,9.111,True,58.28,SUB_OPTIMAL,0.97,0.01125,0.875,-17.2,27.9,0.9208333333333333,8.0,24.0,6.0,4.0,2.8,1.5,1.603,30.0,270.0,4.88,0.0,0.2571428571428572,410.0,0.347,153.0,0.25,150.0,2.1,2.0,1.2,1.8,1.5
TC-LEH-0120,TRAIN,LOC-IN-LEH,Leh,Cold-Arid (High Altitude Alpine),34.1526,77.5771,3500.0,1,low,residential,24.0,6.0,4.0,2.8,1.5,30.0,270.0,ASM-WALL-SHIMLA-COLD,ASM-ROOF-WARM-SLAB,ASM-FLOOR-LADAKH-TRAD,0.347,3.476,0.85,4.88,-2.395,-10.723,3.058,3.855,13.78,266.602,62.848,2.569,False,0.0,NON_COMPLIANT,0.97,0.01125,0.875,-17.2,27.9,0.9208333333333333,1.0,24.0,6.0,4.0,2.8,1.5,1.603,30.0,270.0,4.88,0.0,0.2571428571428572,410.0,0.347,162.5,3.476,250.0,0.85,0.5,1.2,1.8,1.5
TC-LEH-0121,TRAIN,LOC-IN-LEH,Leh,Cold-Arid (High Altitude Alpine),34.1526,77.5771,3500.0,2,medium,emergency,25.0,5.0,5.0,2.8,1.0,0.0,0.0,ASM-WALL-LADAKH-TRAD,ASM-ROOF-LADAKH-TRAD,ASM-FLOOR-LADAKH-INS-SLAB,1.591,0.247,0.444,5.0,-0.739,-10.694,5.721,5.511,16.415,246.376,19.851,6.826,False,0.0,NON_COMPLIANT,0.97,0.01125,0.875,-17.2,27.9,0.9208333333333333,2.0,25.0,5.0,5.0,2.8,1.0,1.514,0.0,0.0,5.0,0.0,0.21428571428571427,465.0,1.591,300.0,0.247,180.0,0.444,1.0,1.2,1.8,1.5
TC-LEH-0122,TRAIN,LOC-IN-LEH,Leh,Cold-Arid (High Altitude Alpine),34.1526,77.5771,3500.0,4,high,work,25.0,5.0,5.0,2.8,1.0,0.0,0.0,ASM-WALL-LADAKH-TRAD,ASM-ROOF-LADAKH-INS-MOD,ASM-FLOOR-WARM-TILED,1.591,0.25,2.1,5.0,-3.669,-10.677,0.847,2.581,11.524,162.289,27.881,8.888,False,0.0,NON_COMPLIANT,0.97,0.01125,0.875,-17.2,27.9,0.9208333333333333,4.0,25.0,5.0,5.0,2.8,1.0,1.514,0.0,0.0,5.0,0.0,0.21428571428571427,465.0,1.591,153.0,0.25,150.0,2.1,2.0,1.2,1.8,1.5
TC-LEH-0123,TRAIN,LOC-IN-LEH,Leh,Cold-Arid (High Altitude Alpine),34.1526,77.5771,3500.0,8,low,residential,25.0,5.0,5.0,2.8,1.0,0.0,0.0,ASM-WALL-LADAKH-TRAD,ASM-ROOF-WARM-SLAB,ASM-FLOOR-LADAKH-TRAD,1.591,3.476,0.85,5.0,-1.903,-10.658,3.669,4.347,14.327,229.559,42.839,2.878,False,0.0,NON_COMPLIANT,0.97,0.01125,0.875,-17.2,27.9,0.9208333333333333,8.0,25.0,5.0,5.0,2.8,1.0,1.514,0.0,0.0,5.0,0.0,0.21428571428571427,465.0,1.591,162.5,3.476,250.0,0.85,0.5,1.2,1.8,1.5
TC-LEH-0124,TRAIN,LOC-IN-LEH,Leh,Cold-Arid (High Altitude Alpine),34.1526,77.5771,3500.0,1,medium,emergency,25.0,5.0,5.0,2.8,1.0,0.0,0.0,ASM-WALL-LADAKH-IMP-TRAD,ASM-ROOF-LADAKH-TRAD,ASM-FLOOR-LADAKH-INS-SLAB,0.452,0.247,0.444,5.0,0.536,-10.718,8.063,6.786,18.781,246.376,28.774,8.063,False,0.0,NON_COMPLIANT,0.97,0.01125,0.875,-17.2,27.9,0.9208333333333333,1.0,25.0,5.0,5.0,2.8,1.0,1.514,0.0,0.0,5.0,0.0,0.21428571428571427,345.0,0.452,300.0,0.247,180.0,0.444,1.0,1.2,1.8,1.5
TC-LEH-0125,TRAIN,LOC-IN-LEH,Leh,Cold-Arid (High Altitude Alpine),34.1526,77.5771,3500.0,2,high,work,25.0,5.0,5.0,2.8,1.0,0.0,0.0,ASM-WALL-LADAKH-IMP-TRAD,ASM-ROOF-LADAKH-INS-MOD,ASM-FLOOR-WARM-TILED,0.452,0.25,2.1,5.0,-2.99,-10.705,2.164,3.26,12.87,162.289,33.677,9.713,False,0.0,NON_COMPLIANT,0.97,0.01125,0.875,-17.2,27.9,0.9208333333333333,2.0,25.0,5.0,5.0,2.8,1.0,1.514,0.0,0.0,5.0,0.0,0.21428571428571427,345.0,0.452,153.0,0.25,150.0,2.1,2.0,1.2,1.8,1.5
TC-LEH-0126,TRAIN,LOC-IN-LEH,Leh,Cold-Arid (High Altitude Alpine),34.1526,77.5771,3500.0,4,low,residential,25.0,5.0,5.0,2.8,1.0,0.0,0.0,ASM-WALL-LADAKH-IMP-TRAD,ASM-ROOF-WARM-SLAB,ASM-FLOOR-LADAKH-TRAD,0.452,3.476,0.85,5.0,-1.237,-10.673,4.992,5.013,15.666,229.559,51.088,3.153,False,0.0,NON_COMPLIANT,0.97,0.01125,0.875,-17.2,27.9,0.9208333333333333,4.0,25.0,5.0,5.0,2.8,1.0,1.514,0.0,0.0,5.0,0.0,0.21428571428571427,345.0,0.452,162.5,3.476,250.0,0.85,0.5,1.2,1.8,1.5
TC-LEH-0127,TRAIN,LOC-IN-LEH,Leh,Cold-Arid (High Altitude Alpine),34.1526,77.5771,3500.0,8,medium,emergency,25.0,5.0,5.0,2.8,1.0,0.0,0.0,ASM-WALL-LADAKH-INS-MOD,ASM-ROOF-LADAKH-TRAD,ASM-FLOOR-LADAKH-INS-SLAB,0.314,0.247,0.444,5.0,0.259,-10.643,7.292,6.509,17.935,237.799,31.198,7.784,True,69.65,ACCEPTABLE,0.97,0.01125,0.875,-17.2,27.9,0.9208333333333333,8.0,25.0,5.0,5.0,2.8,1.0,1.514,0.0,0.0,5.0,0.0,0.21428571428571427,392.5,0.314,300.0,0.247,180.0,0.444,1.0,1.2,1.8,1.5
TC-LEH-0128,TRAIN,LOC-IN-LEH,Leh,Cold-Arid (High Altitude Alpine),34.1526,77.5771,3500.0,1,high,work,25.0,5.0,5.0,2.8,1.0,0.0,0.0,ASM-WALL-LADAKH-INS-MOD,ASM-ROOF-LADAKH-INS-MOD,ASM-FLOOR-WARM-TILED,0.314,0.25,2.1,5.0,-3.72,-10.725,0.916,2.53,11.64,153.712,32.308,8.763,True,55.41,SUB_OPTIMAL,0.97,0.01125,0.875,-17.2,27.9,0.9208333333333333,1.0,25.0,5.0,5.0,2.8,1.0,1.514,0.0,0.0,5.0,0.0,0.21428571428571427,392.5,0.314,153.0,0.25,150.0,2.1,2.0,1.2,1.8,1.5
TC-LEH-0129,TRAIN,LOC-IN-LEH,Leh,Cold-Arid (High Altitude Alpine),34.1526,77.5771,3500.0,2,low,residential,25.0,5.0,5.0,2.8,1.0,0.0,0.0,ASM-WALL-LADAKH-INS-MOD,ASM-ROOF-WARM-SLAB,ASM-FLOOR-LADAKH-TRAD,0.314,3.476,0.85,5.0,-2.122,-10.704,3.523,4.128,14.227,220.982,47.455,2.778,False,0.0,NON_COMPLIANT,0.97,0.01125,0.875,-17.2,27.9,0.9208333333333333,2.0,25.0,5.0,5.0,2.8,1.0,1.514,0.0,0.0,5.0,0.0,0.21428571428571427,392.5,0.314,162.5,3.476,250.0,0.85,0.5,1.2,1.8,1.5
TC-LEH-0130,TRAIN,LOC-IN-LEH,Leh,Cold-Arid (High Altitude Alpine),34.1526,77.5771,3500.0,4,medium,emergency,25.0,5.0,5.0,2.8,1.0,0.0,0.0,ASM-WALL-LADAKH-LIGHT-INS,ASM-ROOF-LADAKH-TRAD,ASM-FLOOR-LADAKH-INS-SLAB,0.284,0.247,0.444,5.0,4.412,-10.572,21.686,10.662,32.259,203.492,22.345,12.161,True,70.74,ACCEPTABLE,0.97,0.01125,0.875,-17.2,27.9,0.9208333333333333,4.0,25.0,5.0,5.0,2.8,1.0,1.514,0.0,0.0,5.0,0.0,0.21428571428571427,152.0,0.284,300.0,0.247,180.0,0.444,1.0,1.2,1.8,1.5
TC-LEH-0131,TRAIN,LOC-IN-LEH,Leh,Cold-Arid (High Altitude Alpine),34.1526,77.5771,3500.0,8,high,work,25.0,5.0,5.0,2.8,1.0,0.0,0.0,ASM-WALL-LADAKH-LIGHT-INS,ASM-ROOF-LADAKH-INS-MOD,ASM-FLOOR-WARM-TILED,0.284,0.25,2.1,5.0,-0.756,-10.52,8.111,5.494,18.63,119.404,34.309,13.188,True,53.57,SUB_OPTIMAL,0.97,0.01125,0.875,-17.2,27.9,0.9208333333333333,8.0,25.0,5.0,5.0,2.8,1.0,1.514,0.0,0.0,5.0,0.0,0.21428571428571427,152.0,0.284,153.0,0.25,150.0,2.1,2.0,1.2,1.8,1.5
TC-LEH-0132,TRAIN,LOC-IN-LEH,Leh,Cold-Arid (High Altitude Alpine),34.1526,77.5771,3500.0,1,low,residential,25.0,5.0,5.0,2.8,1.0,0.0,0.0,ASM-WALL-LADAKH-LIGHT-INS,ASM-ROOF-WARM-SLAB,ASM-FLOOR-LADAKH-TRAD,0.284,3.476,0.85,5.0,0.593,-10.751,10.261,6.843,21.012,186.674,51.424,4.036,False,0.0,NON_COMPLIANT,0.97,0.01125,0.875,-17.2,27.9,0.9208333333333333,1.0,25.0,5.0,5.0,2.8,1.0,1.514,0.0,0.0,5.0,0.0,0.21428571428571427,152.0,0.284,162.5,3.476,250.0,0.85,0.5,1.2,1.8,1.5
TC-LEH-0133,TRAIN,LOC-IN-LEH,Leh,Cold-Arid (High Altitude Alpine),34.1526,77.5771,3500.0,2,medium,emergency,25.0,5.0,5.0,2.8,1.0,0.0,0.0,ASM-WALL-SHIMLA-COLD,ASM-ROOF-LADAKH-TRAD,ASM-FLOOR-LADAKH-INS-SLAB,0.347,0.247,0.444,5.0,-2.413,-10.702,2.974,3.837,13.676,220.646,36.006,5.348,True,62.12,ACCEPTABLE,0.97,0.01125,0.875,-17.2,27.9,0.9208333333333333,2.0,25.0,5.0,5.0,2.8,1.0,1.514,0.0,0.0,5.0,0.0,0.21428571428571427,410.0,0.347,300.0,0.247,180.0,0.444,1.0,1.2,1.8,1.5
TC-LEH-0134,TRAIN,LOC-IN-LEH,Leh,Cold-Arid (High Altitude Alpine),34.1526,77.5771,3500.0,4,high,work,25.0,5.0,5.0,2.8,1.0,0.0,0.0,ASM-WALL-SHIMLA-COLD,ASM-ROOF-LADAKH-INS-MOD,ASM-FLOOR-WARM-TILED,0.347,0.25,2.1,5.0,-4.785,-10.679,-0.992,1.465,9.688,136.558,38.601,7.644,True,52.46,SUB_OPTIMAL,0.97,0.01125,0.875,-17.2,27.9,0.9208333333333333,4.0,25.0,5.0,5.0,2.8,1.0,1.514,0.0,0.0,5.0,0.0,0.21428571428571427,410.0,0.347,153.0,0.25,150.0,2.1,2.0,1.2,1.8,1.5
TC-LEH-0135,TRAIN,LOC-IN-LEH,Leh,Cold-Arid (High Altitude Alpine),34.1526,77.5771,3500.0,8,low,residential,25.0,5.0,5.0,2.8,1.0,0.0,0.0,ASM-WALL-SHIMLA-COLD,ASM-ROOF-WARM-SLAB,ASM-FLOOR-LADAKH-TRAD,0.347,3.476,0.85,5.0,-3.196,-10.662,1.556,3.054,12.218,203.828,53.644,2.381,False,0.0,NON_COMPLIANT,0.97,0.01125,0.875,-17.2,27.9,0.9208333333333333,8.0,25.0,5.0,5.0,2.8,1.0,1.514,0.0,0.0,5.0,0.0,0.21428571428571427,410.0,0.347,162.5,3.476,250.0,0.85,0.5,1.2,1.8,1.5
TC-LEH-0136,TRAIN,LOC-IN-LEH,Leh,Cold-Arid (High Altitude Alpine),34.1526,77.5771,3500.0,1,medium,emergency,25.0,5.0,5.0,2.8,1.0,0.0,90.0,ASM-WALL-LADAKH-TRAD,ASM-ROOF-LADAKH-TRAD,ASM-FLOOR-LADAKH-INS-SLAB,1.591,0.247,0.444,5.0,1.128,-10.712,8.855,7.378,19.567,310.703,25.414,8.739,False,0.0,NON_COMPLIANT,0.97,0.01125,0.875,-17.2,27.9,0.9208333333333333,1.0,25.0,5.0,5.0,2.8,1.0,1.514,0.0,90.0,5.0,0.0,0.21428571428571427,465.0,1.591,300.0,0.247,180.0,0.444,1.0,1.2,1.8,1.5
TC-LEH-0137,TRAIN,LOC-IN-LEH,Leh,Cold-Arid (High Altitude Alpine),34.1526,77.5771,3500.0,2,high,work,25.0,5.0,5.0,2.8,1.0,0.0,90.0,ASM-WALL-LADAKH-TRAD,ASM-ROOF-LADAKH-INS-MOD,ASM-FLOOR-WARM-TILED,1.591,0.25,2.1,5.0,-2.121,-10.703,3.487,4.129,14.19,226.616,34.942,11.139,False,0.0,NON_COMPLIANT,0.97,0.01125,0.875,-17.2,27.9,0.9208333333333333,2.0,25.0,5.0,5.0,2.8,1.0,1.514,0.0,90.0,5.0,0.0,0.21428571428571427,465.0,1.591,153.0,0.25,150.0,2.1,2.0,1.2,1.8,1.5
TC-LEH-0138,TRAIN,LOC-IN-LEH,Leh,Cold-Arid (High Altitude Alpine),34.1526,77.5771,3500.0,4,low,residential,25.0,5.0,5.0,2.8,1.0,0.0,90.0,ASM-WALL-LADAKH-TRAD,ASM-ROOF-WARM-SLAB,ASM-FLOOR-LADAKH-TRAD,1.591,3.476,0.85,5.0,-0.574,-10.679,5.98,5.676,16.659,293.886,51.877,3.485,False,0.0,NON_COMPLIANT,0.97,0.01125,0.875,-17.2,27.9,0.9208333333333333,4.0,25.0,5.0,5.0,2.8,1.0,1.514,0.0,90.0,5.0,0.0,0.21428571428571427,465.0,1.591,162.5,3.476,250.0,0.85,0.5,1.2,1.8,1.5
TC-LEH-0139,TRAIN,LOC-IN-LEH,Leh,Cold-Arid (High Altitude Alpine),34.1526,77.5771,3500.0,8,medium,emergency,25.0,5.0,5.0,2.8,1.0,0.0,90.0,ASM-WALL-LADAKH-IMP-TRAD,ASM-ROOF-LADAKH-TRAD,ASM-FLOOR-LADAKH-INS-SLAB,0.452,0.247,0.444,5.0,3.465,-10.635,12.737,9.715,23.373,310.703,39.817,11.158,False,0.0,NON_COMPLIANT,0.97,0.01125,0.875,-17.2,27.9,0.9208333333333333,8.0,25.0,5.0,5.0,2.8,1.0,1.514,0.0,90.0,5.0,0.0,0.21428571428571427,345.0,0.452,300.0,0.247,180.0,0.444,1.0,1.2,1.8,1.5
TC-LEH-0140,TRAIN,LOC-IN-LEH,Leh,Cold-Arid (High Altitude Alpine),34.1526,77.5771,3500.0,1,high,work,25.0,5.0,5.0,2.8,1.0,0.0,90.0,ASM-WALL-LADAKH-IMP-TRAD,ASM-ROOF-LADAKH-INS-MOD,ASM-FLOOR-WARM-TILED,0.452,0.25,2.1,5.0,-1.199,-10.726,5.241,5.051,15.967,226.616,43.897,12.661,False,0.0,NON_COMPLIANT,0.97,0.01125,0.875,-17.2,27.9,0.9208333333333333,1.0,25.0,5.0,5.0,2.8,1.0,1.514,0.0,90.0,5.0,0.0,0.21428571428571427,345.0,0.452,153.0,0.25,150.0,2.1,2.0,1.2,1.8,1.5
TC-LEH-0141,TRAIN,LOC-IN-LEH,Leh,Cold-Arid (High Altitude Alpine),34.1526,77.5771,3500.0,2,low,residential,25.0,5.0,5.0,2.8,1.0,0.0,90.0,ASM-WALL-LADAKH-IMP-TRAD,ASM-ROOF-WARM-SLAB,ASM-FLOOR-LADAKH-TRAD,0.452,3.476,0.85,5.0,0.394,-10.704,7.805,6.644,18.509,293.886,64.102,3.956,False,0.0,NON_COMPLIANT,0.97,0.01125,0.875,-17.2,27.9,0.9208333333333333,2.0,25.0,5.0,5.0,2.8,1.0,1.514,0.0,90.0,5.0,0.0,0.21428571428571427,345.0,0.452,162.5,3.476,250.0,0.85,0.5,1.2,1.8,1.5
TC-LEH-0142,TRAIN,LOC-IN-LEH,Leh,Cold-Arid (High Altitude Alpine),34.1526,77.5771,3500.0,4,medium,emergency,25.0,5.0,5.0,2.8,1.0,0.0,90.0,ASM-WALL-LADAKH-INS-MOD,ASM-ROOF-LADAKH-TRAD,ASM-FLOOR-LADAKH-INS-SLAB,0.314,0.247,0.444,5.0,1.773,-10.671,9.966,8.023,20.638,297.838,37.526,9.363,True,73.54,ACCEPTABLE,0.97,0.01125,0.875,-17.2,27.9,0.9208333333333333,4.0,25.0,5.0,5.0,2.8,1.0,1.514,0.0,90.0,5.0,0.0,0.21428571428571427,392.5,0.314,300.0,0.247,180.0,0.444,1.0,1.2,1.8,1.5
TC-LEH-0143,TRAIN,LOC-IN-LEH,Leh,Cold-Arid (High Altitude Alpine),34.1526,77.5771,3500.0,8,high,work,25.0,5.0,5.0,2.8,1.0,0.0,90.0,ASM-WALL-LADAKH-INS-MOD,ASM-ROOF-LADAKH-INS-MOD,ASM-FLOOR-WARM-TILED,0.314,0.25,2.1,5.0,-1.449,-10.647,4.531,4.801,15.178,213.75,44.97,12.198,True,61.67,ACCEPTABLE,0.97,0.01125,0.875,-17.2,27.9,0.9208333333333333,8.0,25.0,5.0,5.0,2.8,1.0,1.514,0.0,90.0,5.0,0.0,0.21428571428571427,392.5,0.314,153.0,0.25,150.0,2.1,2.0,1.2,1.8,1.5
TC-LEH-0144,TRAIN,LOC-IN-LEH,Leh,Cold-Arid (High Altitude Alpine),34.1526,77.5771,3500.0,1,low,residential,25.0,5.0,5.0,2.8,1.0,0.0,90.0,ASM-WALL-LADAKH-INS-MOD,ASM-ROOF-WARM-SLAB,ASM-FLOOR-LADAKH-TRAD,0.314,3.476,0.85,5.0,-0.606,-10.722,6.096,5.644,16.818,281.02,58.994,3.453,False,0.0,NON_COMPLIANT,0.97,0.01125,0.875,-17.2,27.9,0.9208333333333333,1.0,25.0,5.0,5.0,2.8,1.0,1.514,0.0,90.0,5.0,0.0,0.21428571428571427,392.5,0.314,162.5,3.476,250.0,0.85,0.5,1.2,1.8,1.5
TC-LEH-0145,TRAIN,LOC-IN-LEH,Leh,Cold-Arid (High Altitude Alpine),34.1526,77.5771,3500.0,2,medium,emergency,25.0,5.0,5.0,2.8,1.0,0.0,90.0,ASM-WALL-LADAKH-LIGHT-INS,ASM-ROOF-LADAKH-TRAD,ASM-FLOOR-LADAKH-INS-SLAB,0.284,0.247,0.444,5.0,6.093,-10.675,26.369,12.343,37.043,246.376,25.818,14.051,True,66.91,ACCEPTABLE,0.97,0.01125,0.875,-17.2,27.9,0.9208333333333333,2.0,25.0,5.0,5.0,2.8,1.0,1.514,0.0,90.0,5.0,0.0,0.21428571428571427,152.0,0.284,300.0,0.247,180.0,0.444,1.0,1.2,1.8,1.5
TC-LEH-0146,TRAIN,LOC-IN-LEH,Leh,Cold-Arid (High Altitude Alpine),34.1526,77.5771,3500.0,4,high,work,25.0,5.0,5.0,2.8,1.0,0.0,90.0,ASM-WALL-LADAKH-LIGHT-INS,ASM-ROOF-LADAKH-INS-MOD,ASM-FLOOR-WARM-TILED,0.284,0.25,2.1,5.0,0.424,-10.61,11.23,6.674,21.84,162.289,40.961,15.744,True,55.73,SUB_OPTIMAL,0.97,0.01125,0.875,-17.2,27.9,0.9208333333333333,4.0,25.0,5.0,5.0,2.8,1.0,1.514,0.0,90.0,5.0,0.0,0.21428571428571427,152.0,0.284,153.0,0.25,150.0,2.1,2.0,1.2,1.8,1.5
TC-LEH-0147,TRAIN,LOC-IN-LEH,Leh,Cold-Arid (High Altitude Alpine),34.1526,77.5771,3500.0,8,low,residential,25.0,5.0,5.0,2.8,1.0,0.0,90.0,ASM-WALL-LADAKH-LIGHT-INS,ASM-ROOF-WARM-SLAB,ASM-FLOOR-LADAKH-TRAD,0.284,3.476,0.85,5.0,3.147,-10.563,14.608,9.397,25.171,229.559,68.225,5.354,False,0.0,NON_COMPLIANT,0.97,0.01125,0.875,-17.2,27.9,0.9208333333333333,8.0,25.0,5.0,5.0,2.8,1.0,1.514,0.0,90.0,5.0,0.0,0.21428571428571427,152.0,0.284,162.5,3.476,250.0,0.85,0.5,1.2,1.8,1.5
TC-LEH-0148,TRAIN,LOC-IN-LEH,Leh,Cold-Arid (High Altitude Alpine),34.1526,77.5771,3500.0,1,medium,emergency,25.0,5.0,5.0,2.8,1.0,0.0,90.0,ASM-WALL-SHIMLA-COLD,ASM-ROOF-LADAKH-TRAD,ASM-FLOOR-LADAKH-INS-SLAB,0.347,0.247,0.444,5.0,-1.139,-10.718,5.124,5.111,15.842,272.107,43.345,6.438,True,65.48,ACCEPTABLE,0.97,0.01125,0.875,-17.2,27.9,0.9208333333333333,1.0,25.0,5.0,5.0,2.8,1.0,1.514,0.0,90.0,5.0,0.0,0.21428571428571427,410.0,0.347,300.0,0.247,180.0,0.444,1.0,1.2,1.8,1.5
TC-LEH-0149,TRAIN,LOC-IN-LEH,Leh,Cold-Arid (High Altitude Alpine),34.1526,77.5771,3500.0,2,high,work,25.0,5.0,5.0,2.8,1.0,0.0,90.0,ASM-WALL-SHIMLA-COLD,ASM-ROOF-LADAKH-INS-MOD,ASM-FLOOR-WARM-TILED,0.347,0.25,2.1,5.0,-3.729,-10.709,0.826,2.521,11.535,188.02,44.415,8.796,True,55.21,SUB_OPTIMAL,0.97,0.01125,0.875,-17.2,27.9,0.9208333333333333,2.0,25.0,5.0,5.0,2.8,1.0,1.514,0.0,90.0,5.0,0.0,0.21428571428571427,410.0,0.347,153.0,0.25,150.0,2.1,2.0,1.2,1.8,1.5
TC-LEH-0150,TRAIN,LOC-IN-LEH,Leh,Cold-Arid (High Altitude Alpine),34.1526,77.5771,3500.0,4,low,residential,25.0,5.0,5.0,2.8,1.0,0.0,90.0,ASM-WALL-SHIMLA-COLD,ASM-ROOF-WARM-SLAB,ASM-FLOOR-LADAKH-TRAD,0.347,3.476,0.85,5.0,-2.315,-10.681,3.115,3.935,13.796,255.29,61.022,2.708,False,0.0,NON_COMPLIANT,0.97,0.01125,0.875,-17.2,27.9,0.9208333333333333,4.0,25.0,5.0,5.0,2.8,1.0,1.514,0.0,90.0,5.0,0.0,0.21428571428571427,410.0,0.347,162.5,3.476,250.0,0.85,0.5,1.2,1.8,1.5
TC-LEH-0151,TRAIN,LOC-IN-LEH,Leh,Cold-Arid (High Altitude Alpine),34.1526,77.5771,3500.0,8,medium,emergency,25.0,5.0,5.0,2.8,1.0,0.0,180.0,ASM-WALL-LADAKH-TRAD,ASM-ROOF-LADAKH-TRAD,ASM-FLOOR-LADAKH-INS-SLAB,1.591,0.247,0.444,5.0,3.73,-10.65,12.99,9.98,23.64,375.03,33.383,11.479,False,0.0,NON_COMPLIANT,0.97,0.01125,0.875,-17.2,27.9,0.9208333333333333,8.0,25.0,5.0,5.0,2.8,1.0,1.514,0.0,180.0,5.0,0.0,0.21428571428571427,465.0,1.591,300.0,0.247,180.0,0.444,1.0,1.2,1.8,1.5
TC-LEH-0152,TRAIN,LOC-IN-LEH,Leh,Cold-Arid (High Altitude Alpine),34.1526,77.5771,3500.0,1,high,work,25.0,5.0,5.0,2.8,1.0,0.0,180.0,ASM-WALL-LADAKH-TRAD,ASM-ROOF-LADAKH-INS-MOD,ASM-FLOOR-WARM-TILED,1.591,0.25,2.1,5.0,-0.499,-10.719,6.226,5.751,16.945,290.943,44.06,14.045,False,0.0,NON_COMPLIANT,0.97,0.01125,0.875,-17.2,27.9,0.9208333333333333,1.0,25.0,5.0,5.0,2.8,1.0,1.514,0.0,180.0,5.0,0.0,0.21428571428571427,465.0,1.591,153.0,0.25,150.0,2.1,2.0,1.2,1.8,1.5
TC-LEH-0153,TRAIN,LOC-IN-LEH,Leh,Cold-Arid (High Altitude Alpine),34.1526,77.5771,3500.0,2,low,residential,25.0,5.0,5.0,2.8,1.0,0.0,180.0,ASM-WALL-LADAKH-TRAD,ASM-ROOF-WARM-SLAB,ASM-FLOOR-LADAKH-TRAD,1.591,3.476,0.85,5.0,0.906,-10.702,8.496,7.156,19.198,358.213,63.228,4.248,False,0.0,NON_COMPLIANT,0.97,0.01125,0.875,-17.2,27.9,0.9208333333333333,2.0,25.0,5.0,5.0,2.8,1.0,1.514,0.0,180.0,5.0,0.0,0.21428571428571427,465.0,1.591,162.5,3.476,250.0,0.85,0.5,1.2,1.8,1.5
TC-LEH-0154,TRAIN,LOC-IN-LEH,Leh,Cold-Arid (High Altitude Alpine),34.1526,77.5771,3500.0,4,medium,emergency,25.0,5.0,5.0,2.8,1.0,0.0,180.0,ASM-WALL-LADAKH-IMP-TRAD,ASM-ROOF-LADAKH-TRAD,ASM-FLOOR-LADAKH-INS-SLAB,0.452,0.247,0.444,5.0,5.198,-10.668,15.819,11.448,26.487,375.03,46.598,13.058,False,0.0,NON_COMPLIANT,0.97,0.01125,0.875,-17.2,27.9,0.9208333333333333,4.0,25.0,5.0,5.0,2.8,1.0,1.514,0.0,180.0,5.0,0.0,0.21428571428571427,345.0,0.452,300.0,0.247,180.0,0.444,1.0,1.2,1.8,1.5
TC-LEH-0155,TRAIN,LOC-IN-LEH,Leh,Cold-Arid (High Altitude Alpine),34.1526,77.5771,3500.0,8,high,work,25.0,5.0,5.0,2.8,1.0,0.0,180.0,ASM-WALL-LADAKH-IMP-TRAD,ASM-ROOF-LADAKH-INS-MOD,ASM-FLOOR-WARM-TILED,0.452,0.25,2.1,5.0,1.307,-10.641,9.253,7.557,19.895,290.943,61.215,17.655,False,0.0,NON_COMPLIANT,0.97,0.01125,0.875,-17.2,27.9,0.9208333333333333,8.0,25.0,5.0,5.0,2.8,1.0,1.514,0.0,180.0,5.0,0.0,0.21428571428571427,345.0,0.452,153.0,0.25,150.0,2.1,2.0,1.2,1.8,1.5
TC-LEH-0156,TRAIN,LOC-IN-LEH,Leh,Cold-Arid (High Altitude Alpine),34.1526,77.5771,3500.0,1,low,residential,25.0,5.0,5.0,2.8,1.0,0.0,180.0,ASM-WALL-LADAKH-IMP-TRAD,ASM-ROOF-WARM-SLAB,ASM-FLOOR-LADAKH-TRAD,0.452,3.476,0.85,5.0,2.1,-10.723,10.716,8.35,21.439,358.213,78.709,4.857,False,0.0,NON_COMPLIANT,0.97,0.01125,0.875,-17.2,27.9,0.9208333333333333,1.0,25.0,5.0,5.0,2.8,1.0,1.514,0.0,180.0,5.0,0.0,0.21428571428571427,345.0,0.452,162.5,3.476,250.0,0.85,0.5,1.2,1.8,1.5
TC-LEH-0157,TRAIN,LOC-IN-LEH,Leh,Cold-Arid (High Altitude Alpine),34.1526,77.5771,3500.0,2,medium,emergency,25.0,5.0,5.0,2.8,1.0,0.0,180.0,ASM-WALL-LADAKH-INS-MOD,ASM-ROOF-LADAKH-TRAD,ASM-FLOOR-LADAKH-INS-SLAB,0.314,0.247,0.444,5.0,3.473,-10.696,12.888,9.723,23.584,357.876,44.882,11.199,True,77.98,ACCEPTABLE,0.97,0.01125,0.875,-17.2,27.9,0.9208333333333333,2.0,25.0,5.0,5.0,2.8,1.0,1.514,0.0,180.0,5.0,0.0,0.21428571428571427,392.5,0.314,300.0,0.247,180.0,0.444,1.0,1.2,1.8,1.5
TC-LEH-0158,TRAIN,LOC-IN-LEH,Leh,Cold-Arid (High Altitude Alpine),34.1526,77.5771,3500.0,4,high,work,25.0,5.0,5.0,2.8,1.0,0.0,180.0,ASM-WALL-LADAKH-INS-MOD,ASM-ROOF-LADAKH-INS-MOD,ASM-FLOOR-WARM-TILED,0.314,0.25,2.1,5.0,-0.143,-10.674,6.859,6.107,17.533,273.789,54.177,14.695,True,65.0,ACCEPTABLE,0.97,0.01125,0.875,-17.2,27.9,0.9208333333333333,4.0,25.0,5.0,5.0,2.8,1.0,1.514,0.0,180.0,5.0,0.0,0.21428571428571427,392.5,0.314,153.0,0.25,150.0,2.1,2.0,1.2,1.8,1.5
TC-LEH-0159,TRAIN,LOC-IN-LEH,Leh,Cold-Arid (High Altitude Alpine),34.1526,77.5771,3500.0,8,low,residential,25.0,5.0,5.0,2.8,1.0,0.0,180.0,ASM-WALL-LADAKH-INS-MOD,ASM-ROOF-WARM-SLAB,ASM-FLOOR-LADAKH-TRAD,0.314,3.476,0.85,5.0,1.563,-10.652,9.542,7.813,20.194,341.059,78.012,4.567,False,0.0,NON_COMPLIANT,0.97,0.01125,0.875,-17.2,27.9,0.9208333333333333,8.0,25.0,5.0,5.0,2.8,1.0,1.514,0.0,180.0,5.0,0.0,0.21428571428571427,392.5,0.314,162.5,3.476,250.0,0.85,0.5,1.2,1.8,1.5
TC-LEH-0160,TRAIN,LOC-IN-LEH,Leh,Cold-Arid (High Altitude Alpine),34.1526,77.5771,3500.0,1,medium,emergency,25.0,5.0,5.0,2.8,1.0,0.0,180.0,ASM-WALL-LADAKH-LIGHT-INS,ASM-ROOF-LADAKH-TRAD,ASM-FLOOR-LADAKH-INS-SLAB,0.284,0.247,0.444,5.0,7.886,-10.757,31.169,14.136,41.926,289.261,29.584,16.101,True,63.01,ACCEPTABLE,0.97,0.01125,0.875,-17.2,27.9,0.9208333333333333,1.0,25.0,5.0,5.0,2.8,1.0,1.514,0.0,180.0,5.0,0.0,0.21428571428571427,152.0,0.284,300.0,0.247,180.0,0.444,1.0,1.2,1.8,1.5
TC-LEH-0161,TRAIN,LOC-IN-LEH,Leh,Cold-Arid (High Altitude Alpine),34.1526,77.5771,3500.0,2,high,work,25.0,5.0,5.0,2.8,1.0,0.0,180.0,ASM-WALL-LADAKH-LIGHT-INS,ASM-ROOF-LADAKH-INS-MOD,ASM-FLOOR-WARM-TILED,0.284,0.25,2.1,5.0,1.849,-10.711,14.792,8.099,25.502,205.173,48.913,18.801,True,58.5,SUB_OPTIMAL,0.97,0.01125,0.875,-17.2,27.9,0.9208333333333333,2.0,25.0,5.0,5.0,2.8,1.0,1.514,0.0,180.0,5.0,0.0,0.21428571428571427,152.0,0.284,153.0,0.25,150.0,2.1,2.0,1.2,1.8,1.5
TC-LEH-0162,TRAIN,LOC-IN-LEH,Leh,Cold-Arid (High Altitude Alpine),34.1526,77.5771,3500.0,4,low,residential,25.0,5.0,5.0,2.8,1.0,0.0,180.0,ASM-WALL-LADAKH-LIGHT-INS,ASM-ROOF-WARM-SLAB,ASM-FLOOR-LADAKH-TRAD,0.284,3.476,0.85,5.0,4.276,-10.632,17.272,10.526,27.904,272.443,76.422,5.997,False,0.0,NON_COMPLIANT,0.97,0.01125,0.875,-17.2,27.9,0.9208333333333333,4.0,25.0,5.0,5.0,2.8,1.0,1.514,0.0,180.0,5.0,0.0,0.21428571428571427,152.0,0.284,162.5,3.476,250.0,0.85,0.5,1.2,1.8,1.5
TC-LEH-0163,TRAIN,LOC-IN-LEH,Leh,Cold-Arid (High Altitude Alpine),34.1526,77.5771,3500.0,8,medium,emergency,25.0,5.0,5.0,2.8,1.0,0.0,180.0,ASM-WALL-SHIMLA-COLD,ASM-ROOF-LADAKH-TRAD,ASM-FLOOR-LADAKH-INS-SLAB,0.347,0.247,0.444,5.0,0.78,-10.656,8.149,7.03,18.805,323.569,56.226,8.351,True,70.79,ACCEPTABLE,0.97,0.01125,0.875,-17.2,27.9,0.9208333333333333,8.0,25.0,5.0,5.0,2.8,1.0,1.514,0.0,180.0,5.0,0.0,0.21428571428571427,410.0,0.347,300.0,0.247,180.0,0.444,1.0,1.2,1.8,1.5
TC-LEH-0164,TRAIN,LOC-IN-LEH,Leh,Cold-Arid (High Altitude Alpine),34.1526,77.5771,3500.0,1,high,work,25.0,5.0,5.0,2.8,1.0,0.0,180.0,ASM-WALL-SHIMLA-COLD,ASM-ROOF-LADAKH-INS-MOD,ASM-FLOOR-WARM-TILED,0.347,0.25,2.1,5.0,-2.603,-10.724,2.736,3.647,13.46,239.481,52.372,10.372,True,58.18,SUB_OPTIMAL,0.97,0.01125,0.875,-17.2,27.9,0.9208333333333333,1.0,25.0,5.0,5.0,2.8,1.0,1.514,0.0,180.0,5.0,0.0,0.21428571428571427,410.0,0.347,153.0,0.25,150.0,2.1,2.0,1.2,1.8,1.5
TC-LEH-0165,TRAIN,LOC-IN-LEH,Leh,Cold-Arid (High Altitude Alpine),34.1526,77.5771,3500.0,2,low,residential,25.0,5.0,5.0,2.8,1.0,0.0,180.0,ASM-WALL-SHIMLA-COLD,ASM-ROOF-WARM-SLAB,ASM-FLOOR-LADAKH-TRAD,0.347,3.476,0.85,5.0,-1.297,-10.708,4.86,4.953,15.567,306.751,70.831,3.143,False,0.0,NON_COMPLIANT,0.97,0.01125,0.875,-17.2,27.9,0.9208333333333333,2.0,25.0,5.0,5.0,2.8,1.0,1.514,0.0,180.0,5.0,0.0,0.21428571428571427,410.0,0.347,162.5,3.476,250.0,0.85,0.5,1.2,1.8,1.5
TC-LEH-0166,TRAIN,LOC-IN-LEH,Leh,Cold-Arid (High Altitude Alpine),34.1526,77.5771,3500.0,4,medium,emergency,25.0,5.0,5.0,2.8,1.0,0.0,270.0,ASM-WALL-LADAKH-TRAD,ASM-ROOF-LADAKH-TRAD,ASM-FLOOR-LADAKH-INS-SLAB,1.591,0.247,0.444,5.0,1.411,-10.675,9.242,7.661,19.918,310.703,26.259,9.03,False,0.0,NON_COMPLIANT,0.97,0.01125,0.875,-17.2,27.9,0.9208333333333333,4.0,25.0,5.0,5.0,2.8,1.0,1.514,0.0,270.0,5.0,0.0,0.21428571428571427,465.0,1.591,300.0,0.247,180.0,0.444,1.0,1.2,1.8,1.5
TC-LEH-0167,TRAIN,LOC-IN-LEH,Leh,Cold-Arid (High Altitude Alpine),34.1526,77.5771,3500.0,8,high,work,25.0,5.0,5.0,2.8,1.0,0.0,270.0,ASM-WALL-LADAKH-TRAD,ASM-ROOF-LADAKH-INS-MOD,ASM-FLOOR-WARM-TILED,1.591,0.25,2.1,5.0,-1.624,-10.654,4.16,4.626,14.814,226.616,37.468,11.944,False,0.0,NON_COMPLIANT,0.97,0.01125,0.875,-17.2,27.9,0.9208333333333333,8.0,25.0,5.0,5.0,2.8,1.0,1.514,0.0,270.0,5.0,0.0,0.21428571428571427,465.0,1.591,153.0,0.25,150.0,2.1,2.0,1.2,1.8,1.5
TC-LEH-0168,TRAIN,LOC-IN-LEH,Leh,Cold-Arid (High Altitude Alpine),34.1526,77.5771,3500.0,1,low,residential,25.0,5.0,5.0,2.8,1.0,0.0,270.0,ASM-WALL-LADAKH-TRAD,ASM-ROOF-WARM-SLAB,ASM-FLOOR-LADAKH-TRAD,1.591,3.476,0.85,5.0,-0.813,-10.717,5.655,5.437,16.372,293.886,50.197,3.373,False,0.0,NON_COMPLIANT,0.97,0.01125,0.875,-17.2,27.9,0.9208333333333333,1.0,25.0,5.0,5.0,2.8,1.0,1.514,0.0,270.0,5.0,0.0,0.21428571428571427,465.0,1.591,162.5,3.476,250.0,0.85,0.5,1.2,1.8,1.5
TC-LEH-0169,TRAIN,LOC-IN-LEH,Leh,Cold-Arid (High Altitude Alpine),34.1526,77.5771,3500.0,2,medium,emergency,25.0,5.0,5.0,2.8,1.0,0.0,270.0,ASM-WALL-LADAKH-IMP-TRAD,ASM-ROOF-LADAKH-TRAD,ASM-FLOOR-LADAKH-INS-SLAB,0.452,0.247,0.444,5.0,2.828,-10.695,11.892,9.078,22.587,310.703,37.449,10.494,False,0.0,NON_COMPLIANT,0.97,0.01125,0.875,-17.2,27.9,0.9208333333333333,2.0,25.0,5.0,5.0,2.8,1.0,1.514,0.0,270.0,5.0,0.0,0.21428571428571427,345.0,0.452,300.0,0.247,180.0,0.444,1.0,1.2,1.8,1.5
TC-LEH-0170,TRAIN,LOC-IN-LEH,Leh,Cold-Arid (High Altitude Alpine),34.1526,77.5771,3500.0,4,high,work,25.0,5.0,5.0,2.8,1.0,0.0,270.0,ASM-WALL-LADAKH-IMP-TRAD,ASM-ROOF-LADAKH-INS-MOD,ASM-FLOOR-WARM-TILED,0.452,0.25,2.1,5.0,-0.923,-10.671,5.603,5.327,16.274,226.616,45.611,13.155,False,0.0,NON_COMPLIANT,0.97,0.01125,0.875,-17.2,27.9,0.9208333333333333,4.0,25.0,5.0,5.0,2.8,1.0,1.514,0.0,270.0,5.0,0.0,0.21428571428571427,345.0,0.452,153.0,0.25,150.0,2.1,2.0,1.2,1.8,1.5
TC-LEH-0171,TRAIN,LOC-IN-LEH,Leh,Cold-Arid (High Altitude Alpine),34.1526,77.5771,3500.0,8,low,residential,25.0,5.0,5.0,2.8,1.0,0.0,270.0,ASM-WALL-LADAKH-IMP-TRAD,ASM-ROOF-WARM-SLAB,ASM-FLOOR-LADAKH-TRAD,0.452,3.476,0.85,5.0,0.921,-10.647,8.506,7.171,19.153,293.886,68.447,4.224,False,0.0,NON_COMPLIANT,0.97,0.01125,0.875,-17.2,27.9,0.9208333333333333,8.0,25.0,5.0,5.0,2.8,1.0,1.514,0.0,270.0,5.0,0.0,0.21428571428571427,345.0,0.452,162.5,3.476,250.0,0.85,0.5,1.2,1.8,1.5
TC-LEH-0172,TRAIN,LOC-IN-LEH,Leh,Cold-Arid (High Altitude Alpine),34.1526,77.5771,3500.0,1,medium,emergency,25.0,5.0,5.0,2.8,1.0,0.0,270.0,ASM-WALL-LADAKH-INS-MOD,ASM-ROOF-LADAKH-TRAD,ASM-FLOOR-LADAKH-INS-SLAB,0.314,0.247,0.444,5.0,1.474,-10.717,9.566,7.724,20.283,297.838,36.3,9.058,True,72.63,ACCEPTABLE,0.97,0.01125,0.875,-17.2,27.9,0.9208333333333333,1.0,25.0,5.0,5.0,2.8,1.0,1.514,0.0,270.0,5.0,0.0,0.21428571428571427,392.5,0.314,300.0,0.247,180.0,0.444,1.0,1.2,1.8,1.5
TC-LEH-0173,TRAIN,LOC-IN-LEH,Leh,Cold-Arid (High Altitude Alpine),34.1526,77.5771,3500.0,2,high,work,25.0,5.0,5.0,2.8,1.0,0.0,270.0,ASM-WALL-LADAKH-INS-MOD,ASM-ROOF-LADAKH-INS-MOD,ASM-FLOOR-WARM-TILED,0.314,0.25,2.1,5.0,-1.968,-10.706,3.84,4.282,14.546,213.75,41.844,11.35,True,60.09,ACCEPTABLE,0.97,0.01125,0.875,-17.2,27.9,0.9208333333333333,2.0,25.0,5.0,5.0,2.8,1.0,1.514,0.0,270.0,5.0,0.0,0.21428571428571427,392.5,0.314,153.0,0.25,150.0,2.1,2.0,1.2,1.8,1.5
TC-LEH-0174,TRAIN,LOC-IN-LEH,Leh,Cold-Arid (High Altitude Alpine),34.1526,77.5771,3500.0,4,low,residential,25.0,5.0,5.0,2.8,1.0,0.0,270.0,ASM-WALL-LADAKH-INS-MOD,ASM-ROOF-WARM-SLAB,ASM-FLOOR-LADAKH-TRAD,0.314,3.476,0.85,5.0,-0.357,-10.676,6.431,5.893,17.107,281.02,61.056,3.574,False,0.0,NON_COMPLIANT,0.97,0.01125,0.875,-17.2,27.9,0.9208333333333333,4.0,25.0,5.0,5.0,2.8,1.0,1.514,0.0,270.0,5.0,0.0,0.21428571428571427,392.5,0.314,162.5,3.476,250.0,0.85,0.5,1.2,1.8,1.5
TC-LEH-0175,TRAIN,LOC-IN-LEH,Leh,Cold-Arid (High Altitude Alpine),34.1526,77.5771,3500.0,8,medium,emergency,25.0,5.0,5.0,2.8,1.0,0.0,270.0,ASM-WALL-LADAKH-LIGHT-INS,ASM-ROOF-LADAKH-TRAD,ASM-FLOOR-LADAKH-INS-SLAB,0.284,0.247,0.444,5.0,7.075,-10.445,27.458,13.325,37.903,246.376,27.784,15.122,True,66.22,ACCEPTABLE,0.97,0.01125,0.875,-17.2,27.9,0.9208333333333333,8.0,25.0,5.0,5.0,2.8,1.0,1.514,0.0,270.0,5.0,0.0,0.21428571428571427,152.0,0.284,300.0,0.247,180.0,0.444,1.0,1.2,1.8,1.5
TC-LEH-0176,TRAIN,LOC-IN-LEH,Leh,Cold-Arid (High Altitude Alpine),34.1526,77.5771,3500.0,1,high,work,25.0,5.0,5.0,2.8,1.0,0.0,270.0,ASM-WALL-LADAKH-LIGHT-INS,ASM-ROOF-LADAKH-INS-MOD,ASM-FLOOR-WARM-TILED,0.284,0.25,2.1,5.0,0.021,-10.77,10.777,6.271,21.547,162.289,39.154,15.05,True,54.35,SUB_OPTIMAL,0.97,0.01125,0.875,-17.2,27.9,0.9208333333333333,1.0,25.0,5.0,5.0,2.8,1.0,1.514,0.0,270.0,5.0,0.0,0.21428571428571427,152.0,0.284,153.0,0.25,150.0,2.1,2.0,1.2,1.8,1.5
TC-LEH-0177,TRAIN,LOC-IN-LEH,Leh,Cold-Arid (High Altitude Alpine),34.1526,77.5771,3500.0,2,low,residential,25.0,5.0,5.0,2.8,1.0,0.0,270.0,ASM-WALL-LADAKH-LIGHT-INS,ASM-ROOF-WARM-SLAB,ASM-FLOOR-LADAKH-TRAD,0.284,3.476,0.85,5.0,2.385,-10.705,13.71,8.635,24.415,229.559,63.387,4.974,False,0.0,NON_COMPLIANT,0.97,0.01125,0.875,-17.2,27.9,0.9208333333333333,2.0,25.0,5.0,5.0,2.8,1.0,1.514,0.0,270.0,5.0,0.0,0.21428571428571427,152.0,0.284,162.5,3.476,250.0,0.85,0.5,1.2,1.8,1.5
TC-LEH-0178,TRAIN,LOC-IN-LEH,Leh,Cold-Arid (High Altitude Alpine),34.1526,77.5771,3500.0,4,medium,emergency,25.0,5.0,5.0,2.8,1.0,0.0,270.0,ASM-WALL-SHIMLA-COLD,ASM-ROOF-LADAKH-TRAD,ASM-FLOOR-LADAKH-INS-SLAB,0.347,0.247,0.444,5.0,-0.894,-10.678,5.458,5.356,16.136,272.107,44.838,6.659,True,66.23,ACCEPTABLE,0.97,0.01125,0.875,-17.2,27.9,0.9208333333333333,4.0,25.0,5.0,5.0,2.8,1.0,1.514,0.0,270.0,5.0,0.0,0.21428571428571427,410.0,0.347,300.0,0.247,180.0,0.444,1.0,1.2,1.8,1.5
TC-LEH-0179,TRAIN,LOC-IN-LEH,Leh,Cold-Arid (High Altitude Alpine),34.1526,77.5771,3500.0,8,high,work,25.0,5.0,5.0,2.8,1.0,0.0,270.0,ASM-WALL-SHIMLA-COLD,ASM-ROOF-LADAKH-INS-MOD,ASM-FLOOR-WARM-TILED,0.347,0.25,2.1,5.0,-3.292,-10.659,1.414,2.958,12.073,188.02,47.317,9.371,True,56.53,SUB_OPTIMAL,0.97,0.01125,0.875,-17.2,27.9,0.9208333333333333,8.0,25.0,5.0,5.0,2.8,1.0,1.514,0.0,270.0,5.0,0.0,0.21428571428571427,410.0,0.347,153.0,0.25,150.0,2.1,2.0,1.2,1.8,1.5
TC-LEH-0180,TRAIN,LOC-IN-LEH,Leh,Cold-Arid (High Altitude Alpine),34.1526,77.5771,3500.0,1,low,residential,25.0,5.0,5.0,2.8,1.0,0.0,270.0,ASM-WALL-SHIMLA-COLD,ASM-ROOF-WARM-SLAB,ASM-FLOOR-LADAKH-TRAD,0.347,3.476,0.85,5.0,-2.526,-10.722,2.829,3.724,13.55,255.29,59.242,2.629,False,0.0,NON_COMPLIANT,0.97,0.01125,0.875,-17.2,27.9,0.9208333333333333,1.0,25.0,5.0,5.0,2.8,1.0,1.514,0.0,270.0,5.0,0.0,0.21428571428571427,410.0,0.347,162.5,3.476,250.0,0.85,0.5,1.2,1.8,1.5
TC-LEH-0181,TRAIN,LOC-IN-LEH,Leh,Cold-Arid (High Altitude Alpine),34.1526,77.5771,3500.0,2,medium,emergency,35.0,7.0,5.0,3.0,1.4,20.0,0.0,ASM-WALL-LADAKH-TRAD,ASM-ROOF-LADAKH-TRAD,ASM-FLOOR-LADAKH-INS-SLAB,1.591,0.247,0.444,6.2,-0.422,-10.704,6.278,5.828,16.982,341.377,27.137,10.695,False,0.0,NON_COMPLIANT,0.97,0.01125,0.875,-17.2,27.9,0.9208333333333333,2.0,35.0,7.0,5.0,3.0,1.4,1.374,20.0,0.0,6.2,0.0,0.2,465.0,1.591,300.0,0.247,180.0,0.444,1.0,1.2,1.8,1.5
TC-LEH-0182,TRAIN,LOC-IN-LEH,Leh,Cold-Arid (High Altitude Alpine),34.1526,77.5771,3500.0,4,high,work,35.0,7.0,5.0,3.0,1.4,20.0,0.0,ASM-WALL-LADAKH-TRAD,ASM-ROOF-LADAKH-INS-MOD,ASM-FLOOR-WARM-TILED,1.591,0.25,2.1,6.2,-3.712,-10.687,0.817,2.538,11.504,216.1,37.598,13.234,False,0.0,NON_COMPLIANT,0.97,0.01125,0.875,-17.2,27.9,0.9208333333333333,4.0,35.0,7.0,5.0,3.0,1.4,1.374,20.0,0.0,6.2,0.0,0.2,465.0,1.591,153.0,0.25,150.0,2.1,2.0,1.2,1.8,1.5
TC-LEH-0183,TRAIN,LOC-IN-LEH,Leh,Cold-Arid (High Altitude Alpine),34.1526,77.5771,3500.0,8,low,residential,35.0,7.0,5.0,3.0,1.4,20.0,0.0,ASM-WALL-LADAKH-TRAD,ASM-ROOF-WARM-SLAB,ASM-FLOOR-LADAKH-TRAD,1.591,3.476,0.85,6.2,-1.909,-10.668,3.723,4.341,14.391,316.322,60.556,4.31,False,0.0,NON_COMPLIANT,0.97,0.01125,0.875,-17.2,27.9,0.9208333333333333,8.0,35.0,7.0,5.0,3.0,1.4,1.374,20.0,0.0,6.2,0.0,0.2,465.0,1.591,162.5,3.476,250.0,0.85,0.5,1.2,1.8,1.5
TC-LEH-0184,TRAIN,LOC-IN-LEH,Leh,Cold-Arid (High Altitude Alpine),34.1526,77.5771,3500.0,1,medium,emergency,35.0,7.0,5.0,3.0,1.4,20.0,0.0,ASM-WALL-LADAKH-IMP-TRAD,ASM-ROOF-LADAKH-TRAD,ASM-FLOOR-LADAKH-INS-SLAB,0.452,0.247,0.444,6.2,0.862,-10.725,8.648,7.112,19.373,341.377,39.096,12.589,False,0.0,NON_COMPLIANT,0.97,0.01125,0.875,-17.2,27.9,0.9208333333333333,1.0,35.0,7.0,5.0,3.0,1.4,1.374,20.0,0.0,6.2,0.0,0.2,345.0,0.452,300.0,0.247,180.0,0.444,1.0,1.2,1.8,1.5
TC-LEH-0185,TRAIN,LOC-IN-LEH,Leh,Cold-Arid (High Altitude Alpine),34.1526,77.5771,3500.0,2,high,work,35.0,7.0,5.0,3.0,1.4,20.0,0.0,ASM-WALL-LADAKH-IMP-TRAD,ASM-ROOF-LADAKH-INS-MOD,ASM-FLOOR-WARM-TILED,0.452,0.25,2.1,6.2,-3.03,-10.717,2.142,3.22,12.859,216.1,45.168,14.454,False,0.0,NON_COMPLIANT,0.97,0.01125,0.875,-17.2,27.9,0.9208333333333333,2.0,35.0,7.0,5.0,3.0,1.4,1.374,20.0,0.0,6.2,0.0,0.2,345.0,0.452,153.0,0.25,150.0,2.1,2.0,1.2,1.8,1.5
TC-LEH-0186,TRAIN,LOC-IN-LEH,Leh,Cold-Arid (High Altitude Alpine),34.1526,77.5771,3500.0,4,low,residential,35.0,7.0,5.0,3.0,1.4,20.0,0.0,ASM-WALL-LADAKH-IMP-TRAD,ASM-ROOF-WARM-SLAB,ASM-FLOOR-LADAKH-TRAD,0.452,3.476,0.85,6.2,-1.208,-10.687,5.094,5.042,15.781,316.322,72.084,4.747,False,0.0,NON_COMPLIANT,0.97,0.01125,0.875,-17.2,27.9,0.9208333333333333,4.0,35.0,7.0,5.0,3.0,1.4,1.374,20.0,0.0,6.2,0.0,0.2,345.0,0.452,162.5,3.476,250.0,0.85,0.5,1.2,1.8,1.5
TC-LEH-0187,TRAIN,LOC-IN-LEH,Leh,Cold-Arid (High Altitude Alpine),34.1526,77.5771,3500.0,8,medium,emergency,35.0,7.0,5.0,3.0,1.4,20.0,0.0,ASM-WALL-LADAKH-INS-MOD,ASM-ROOF-LADAKH-TRAD,ASM-FLOOR-LADAKH-INS-SLAB,0.314,0.247,0.444,6.2,0.424,-10.656,7.654,6.674,18.31,330.312,41.551,11.928,True,71.21,ACCEPTABLE,0.97,0.01125,0.875,-17.2,27.9,0.9208333333333333,8.0,35.0,7.0,5.0,3.0,1.4,1.374,20.0,0.0,6.2,0.0,0.2,392.5,0.314,300.0,0.247,180.0,0.444,1.0,1.2,1.8,1.5
TC-LEH-0188,TRAIN,LOC-IN-LEH,Leh,Cold-Arid (High Altitude Alpine),34.1526,77.5771,3500.0,1,high,work,35.0,7.0,5.0,3.0,1.4,20.0,0.0,ASM-WALL-LADAKH-INS-MOD,ASM-ROOF-LADAKH-INS-MOD,ASM-FLOOR-WARM-TILED,0.314,0.25,2.1,6.2,-3.709,-10.731,0.963,2.541,11.694,205.034,43.556,13.143,True,56.61,SUB_OPTIMAL,0.97,0.01125,0.875,-17.2,27.9,0.9208333333333333,1.0,35.0,7.0,5.0,3.0,1.4,1.374,20.0,0.0,6.2,0.0,0.2,392.5,0.314,153.0,0.25,150.0,2.1,2.0,1.2,1.8,1.5
TC-LEH-0189,TRAIN,LOC-IN-LEH,Leh,Cold-Arid (High Altitude Alpine),34.1526,77.5771,3500.0,2,low,residential,35.0,7.0,5.0,3.0,1.4,20.0,0.0,ASM-WALL-LADAKH-INS-MOD,ASM-ROOF-WARM-SLAB,ASM-FLOOR-LADAKH-TRAD,0.314,3.476,0.85,6.2,-2.014,-10.714,3.736,4.236,14.45,305.256,67.509,4.235,False,0.0,NON_COMPLIANT,0.97,0.01125,0.875,-17.2,27.9,0.9208333333333333,2.0,35.0,7.0,5.0,3.0,1.4,1.374,20.0,0.0,6.2,0.0,0.2,392.5,0.314,162.5,3.476,250.0,0.85,0.5,1.2,1.8,1.5
TC-LEH-0190,TRAIN,LOC-IN-LEH,Leh,Cold-Arid (High Altitude Alpine),34.1526,77.5771,3500.0,4,medium,emergency,35.0,7.0,5.0,3.0,1.4,20.0,0.0,ASM-WALL-LADAKH-LIGHT-INS,ASM-ROOF-LADAKH-TRAD,ASM-FLOOR-LADAKH-INS-SLAB,0.284,0.247,0.444,6.2,4.534,-10.608,21.955,10.784,32.563,286.048,29.856,18.469,True,72.39,ACCEPTABLE,0.97,0.01125,0.875,-17.2,27.9,0.9208333333333333,4.0,35.0,7.0,5.0,3.0,1.4,1.374,20.0,0.0,6.2,0.0,0.2,152.0,0.284,300.0,0.247,180.0,0.444,1.0,1.2,1.8,1.5
TC-LEH-0191,TRAIN,LOC-IN-LEH,Leh,Cold-Arid (High Altitude Alpine),34.1526,77.5771,3500.0,8,high,work,35.0,7.0,5.0,3.0,1.4,20.0,0.0,ASM-WALL-LADAKH-LIGHT-INS,ASM-ROOF-LADAKH-INS-MOD,ASM-FLOOR-WARM-TILED,0.284,0.25,2.1,6.2,-1.138,-10.568,7.629,5.112,18.197,160.77,44.638,18.752,True,53.54,SUB_OPTIMAL,0.97,0.01125,0.875,-17.2,27.9,0.9208333333333333,8.0,35.0,7.0,5.0,3.0,1.4,1.374,20.0,0.0,6.2,0.0,0.2,152.0,0.284,153.0,0.25,150.0,2.1,2.0,1.2,1.8,1.5
TC-LEH-0192,TRAIN,LOC-IN-LEH,Leh,Cold-Arid (High Altitude Alpine),34.1526,77.5771,3500.0,1,low,residential,35.0,7.0,5.0,3.0,1.4,20.0,0.0,ASM-WALL-LADAKH-LIGHT-INS,ASM-ROOF-WARM-SLAB,ASM-FLOOR-LADAKH-TRAD,0.284,3.476,0.85,6.2,0.573,-10.762,10.135,6.823,20.898,260.992,73.726,6.04,False,0.0,NON_COMPLIANT,0.97,0.01125,0.875,-17.2,27.9,0.9208333333333333,1.0,35.0,7.0,5.0,3.0,1.4,1.374,20.0,0.0,6.2,0.0,0.2,152.0,0.284,162.5,3.476,250.0,0.85,0.5,1.2,1.8,1.5
TC-LEH-0193,TRAIN,LOC-IN-LEH,Leh,Cold-Arid (High Altitude Alpine),34.1526,77.5771,3500.0,2,medium,emergency,35.0,7.0,5.0,3.0,1.4,20.0,0.0,ASM-WALL-SHIMLA-COLD,ASM-ROOF-LADAKH-TRAD,ASM-FLOOR-LADAKH-INS-SLAB,0.347,0.247,0.444,6.2,-2.096,-10.71,3.527,4.154,14.237,308.18,48.922,8.395,True,64.14,ACCEPTABLE,0.97,0.01125,0.875,-17.2,27.9,0.9208333333333333,2.0,35.0,7.0,5.0,3.0,1.4,1.374,20.0,0.0,6.2,0.0,0.2,410.0,0.347,300.0,0.247,180.0,0.444,1.0,1.2,1.8,1.5
TC-LEH-0194,TRAIN,LOC-IN-LEH,Leh,Cold-Arid (High Altitude Alpine),34.1526,77.5771,3500.0,4,high,work,35.0,7.0,5.0,3.0,1.4,20.0,0.0,ASM-WALL-SHIMLA-COLD,ASM-ROOF-LADAKH-INS-MOD,ASM-FLOOR-WARM-TILED,0.347,0.25,2.1,6.2,-4.788,-10.695,-0.962,1.462,9.733,182.902,51.348,11.446,True,53.37,SUB_OPTIMAL,0.97,0.01125,0.875,-17.2,27.9,0.9208333333333333,4.0,35.0,7.0,5.0,3.0,1.4,1.374,20.0,0.0,6.2,0.0,0.2,410.0,0.347,153.0,0.25,150.0,2.1,2.0,1.2,1.8,1.5
TC-LEH-0195,TRAIN,LOC-IN-LEH,Leh,Cold-Arid (High Altitude Alpine),34.1526,77.5771,3500.0,8,low,residential,35.0,7.0,5.0,3.0,1.4,20.0,0.0,ASM-WALL-SHIMLA-COLD,ASM-ROOF-WARM-SLAB,ASM-FLOOR-LADAKH-TRAD,0.347,3.476,0.85,6.2,-3.149,-10.671,1.69,3.101,12.361,283.124,74.093,3.592,False,0.0,NON_COMPLIANT,0.97,0.01125,0.875,-17.2,27.9,0.9208333333333333,8.0,35.0,7.0,5.0,3.0,1.4,1.374,20.0,0.0,6.2,0.0,0.2,410.0,0.347,162.5,3.476,250.0,0.85,0.5,1.2,1.8,1.5
TC-LEH-0196,TRAIN,LOC-IN-LEH,Leh,Cold-Arid (High Altitude Alpine),34.1526,77.5771,3500.0,1,medium,emergency,35.0,7.0,5.0,3.0,1.4,20.0,90.0,ASM-WALL-LADAKH-TRAD,ASM-ROOF-LADAKH-TRAD,ASM-FLOOR-LADAKH-INS-SLAB,1.591,0.247,0.444,6.2,1.408,-10.718,9.346,7.658,20.064,424.372,34.351,13.538,False,0.0,NON_COMPLIANT,0.97,0.01125,0.875,-17.2,27.9,0.9208333333333333,1.0,35.0,7.0,5.0,3.0,1.4,1.374,20.0,90.0,6.2,0.0,0.28,465.0,1.591,300.0,0.247,180.0,0.444,1.0,1.2,1.8,1.5
TC-LEH-0197,TRAIN,LOC-IN-LEH,Leh,Cold-Arid (High Altitude Alpine),34.1526,77.5771,3500.0,2,high,work,35.0,7.0,5.0,3.0,1.4,20.0,90.0,ASM-WALL-LADAKH-TRAD,ASM-ROOF-LADAKH-INS-MOD,ASM-FLOOR-WARM-TILED,1.591,0.25,2.1,6.2,-2.183,-10.712,3.418,4.067,14.13,299.094,46.963,16.531,False,0.0,NON_COMPLIANT,0.97,0.01125,0.875,-17.2,27.9,0.9208333333333333,2.0,35.0,7.0,5.0,3.0,1.4,1.374,20.0,90.0,6.2,0.0,0.28,465.0,1.591,153.0,0.25,150.0,2.1,2.0,1.2,1.8,1.5
TC-LEH-0198,TRAIN,LOC-IN-LEH,Leh,Cold-Arid (High Altitude Alpine),34.1526,77.5771,3500.0,4,low,residential,35.0,7.0,5.0,3.0,1.4,20.0,90.0,ASM-WALL-LADAKH-TRAD,ASM-ROOF-WARM-SLAB,ASM-FLOOR-LADAKH-TRAD,1.591,3.476,0.85,6.2,-0.573,-10.688,6.024,5.677,16.712,399.316,73.371,5.223,False,0.0,NON_COMPLIANT,0.97,0.01125,0.875,-17.2,27.9,0.9208333333333333,4.0,35.0,7.0,5.0,3.0,1.4,1.374,20.0,90.0,6.2,0.0,0.28,465.0,1.591,162.5,3.476,250.0,0.85,0.5,1.2,1.8,1.5
TC-LEH-0199,TRAIN,LOC-IN-LEH,Leh,Cold-Arid (High Altitude Alpine),34.1526,77.5771,3500.0,8,medium,emergency,35.0,7.0,5.0,3.0,1.4,20.0,90.0,ASM-WALL-LADAKH-IMP-TRAD,ASM-ROOF-LADAKH-TRAD,ASM-FLOOR-LADAKH-INS-SLAB,0.452,0.247,0.444,6.2,3.524,-10.651,12.945,9.774,23.596,424.372,52.284,16.836,False,0.0,NON_COMPLIANT,0.97,0.01125,0.875,-17.2,27.9,0.9208333333333333,8.0,35.0,7.0,5.0,3.0,1.4,1.374,20.0,90.0,6.2,0.0,0.28,345.0,0.452,300.0,0.247,180.0,0.444,1.0,1.2,1.8,1.5
TC-LEH-0200,TRAIN,LOC-IN-LEH,Leh,Cold-Arid (High Altitude Alpine),34.1526,77.5771,3500.0,1,high,work,35.0,7.0,5.0,3.0,1.4,20.0,90.0,ASM-WALL-LADAKH-IMP-TRAD,ASM-ROOF-LADAKH-INS-MOD,ASM-FLOOR-WARM-TILED,0.452,0.25,2.1,6.2,-1.292,-10.733,5.129,4.958,15.862,299.094,58.504,18.722,False,0.0,NON_COMPLIANT,0.97,0.01125,0.875,-17.2,27.9,0.9208333333333333,1.0,35.0,7.0,5.0,3.0,1.4,1.374,20.0,90.0,6.2,0.0,0.28,345.0,0.452,153.0,0.25,150.0,2.1,2.0,1.2,1.8,1.5
TC-LEH-0201,TRAIN,LOC-IN-LEH,Leh,Cold-Arid (High Altitude Alpine),34.1526,77.5771,3500.0,2,low,residential,35.0,7.0,5.0,3.0,1.4,20.0,90.0,ASM-WALL-LADAKH-IMP-TRAD,ASM-ROOF-WARM-SLAB,ASM-FLOOR-LADAKH-TRAD,0.452,3.476,0.85,6.2,0.376,-10.715,7.817,6.626,18.532,399.316,89.828,5.916,False,0.0,NON_COMPLIANT,0.97,0.01125,0.875,-17.2,27.9,0.9208333333333333,2.0,35.0,7.0,5.0,3.0,1.4,1.374,20.0,90.0,6.2,0.0,0.28,345.0,0.452,162.5,3.476,250.0,0.85,0.5,1.2,1.8,1.5
TC-LEH-0202,TRAIN,LOC-IN-LEH,Leh,Cold-Arid (High Altitude Alpine),34.1526,77.5771,3500.0,4,medium,emergency,35.0,7.0,5.0,3.0,1.4,20.0,90.0,ASM-WALL-LADAKH-INS-MOD,ASM-ROOF-LADAKH-TRAD,ASM-FLOOR-LADAKH-INS-SLAB,0.314,0.247,0.444,6.2,1.974,-10.678,10.361,8.224,21.039,407.773,50.054,14.369,True,75.22,ACCEPTABLE,0.97,0.01125,0.875,-17.2,27.9,0.9208333333333333,4.0,35.0,7.0,5.0,3.0,1.4,1.374,20.0,90.0,6.2,0.0,0.28,392.5,0.314,300.0,0.247,180.0,0.444,1.0,1.2,1.8,1.5
TC-LEH-0203,TRAIN,LOC-IN-LEH,Leh,Cold-Arid (High Altitude Alpine),34.1526,77.5771,3500.0,8,high,work,35.0,7.0,5.0,3.0,1.4,20.0,90.0,ASM-WALL-LADAKH-INS-MOD,ASM-ROOF-LADAKH-INS-MOD,ASM-FLOOR-WARM-TILED,0.314,0.25,2.1,6.2,-1.655,-10.66,4.271,4.595,14.931,282.495,58.872,17.765,True,62.24,ACCEPTABLE,0.97,0.01125,0.875,-17.2,27.9,0.9208333333333333,8.0,35.0,7.0,5.0,3.0,1.4,1.374,20.0,90.0,6.2,0.0,0.28,392.5,0.314,153.0,0.25,150.0,2.1,2.0,1.2,1.8,1.5
TC-LEH-0204,TRAIN,LOC-IN-LEH,Leh,Cold-Arid (High Altitude Alpine),34.1526,77.5771,3500.0,1,low,residential,35.0,7.0,5.0,3.0,1.4,20.0,90.0,ASM-WALL-LADAKH-INS-MOD,ASM-ROOF-WARM-SLAB,ASM-FLOOR-LADAKH-TRAD,0.314,3.476,0.85,6.2,-0.554,-10.727,6.212,5.696,16.939,382.717,83.161,5.217,False,0.0,NON_COMPLIANT,0.97,0.01125,0.875,-17.2,27.9,0.9208333333333333,1.0,35.0,7.0,5.0,3.0,1.4,1.374,20.0,90.0,6.2,0.0,0.28,392.5,0.314,162.5,3.476,250.0,0.85,0.5,1.2,1.8,1.5
TC-LEH-0205,TRAIN,LOC-IN-LEH,Leh,Cold-Arid (High Altitude Alpine),34.1526,77.5771,3500.0,2,medium,emergency,35.0,7.0,5.0,3.0,1.4,20.0,90.0,ASM-WALL-LADAKH-LIGHT-INS,ASM-ROOF-LADAKH-TRAD,ASM-FLOOR-LADAKH-INS-SLAB,0.284,0.247,0.444,6.2,6.196,-10.718,26.422,12.446,37.139,341.377,34.359,21.255,True,68.73,ACCEPTABLE,0.97,0.01125,0.875,-17.2,27.9,0.9208333333333333,2.0,35.0,7.0,5.0,3.0,1.4,1.374,20.0,90.0,6.2,0.0,0.28,152.0,0.284,300.0,0.247,180.0,0.444,1.0,1.2,1.8,1.5
TC-LEH-0206,TRAIN,LOC-IN-LEH,Leh,Cold-Arid (High Altitude Alpine),34.1526,77.5771,3500.0,4,high,work,35.0,7.0,5.0,3.0,1.4,20.0,90.0,ASM-WALL-LADAKH-LIGHT-INS,ASM-ROOF-LADAKH-INS-MOD,ASM-FLOOR-WARM-TILED,0.284,0.25,2.1,6.2,0.088,-10.657,10.705,6.338,21.362,216.1,53.945,22.661,True,55.92,SUB_OPTIMAL,0.97,0.01125,0.875,-17.2,27.9,0.9208333333333333,4.0,35.0,7.0,5.0,3.0,1.4,1.374,20.0,90.0,6.2,0.0,0.28,152.0,0.284,153.0,0.25,150.0,2.1,2.0,1.2,1.8,1.5
TC-LEH-0207,TRAIN,LOC-IN-LEH,Leh,Cold-Arid (High Altitude Alpine),34.1526,77.5771,3500.0,8,low,residential,35.0,7.0,5.0,3.0,1.4,20.0,90.0,ASM-WALL-LADAKH-LIGHT-INS,ASM-ROOF-WARM-SLAB,ASM-FLOOR-LADAKH-TRAD,0.284,3.476,0.85,6.2,2.76,-10.603,13.937,9.01,24.541,316.322,94.394,7.733,False,0.0,NON_COMPLIANT,0.97,0.01125,0.875,-17.2,27.9,0.9208333333333333,8.0,35.0,7.0,5.0,3.0,1.4,1.374,20.0,90.0,6.2,0.0,0.28,152.0,0.284,162.5,3.476,250.0,0.85,0.5,1.2,1.8,1.5
TC-LEH-0208,TRAIN,LOC-IN-LEH,Leh,Cold-Arid (High Altitude Alpine),34.1526,77.5771,3500.0,1,medium,emergency,35.0,7.0,5.0,3.0,1.4,20.0,90.0,ASM-WALL-SHIMLA-COLD,ASM-ROOF-LADAKH-TRAD,ASM-FLOOR-LADAKH-INS-SLAB,0.347,0.247,0.444,6.2,-0.839,-10.722,5.645,5.411,16.368,374.575,58.642,10.063,True,67.46,ACCEPTABLE,0.97,0.01125,0.875,-17.2,27.9,0.9208333333333333,1.0,35.0,7.0,5.0,3.0,1.4,1.374,20.0,90.0,6.2,0.0,0.28,410.0,0.347,300.0,0.247,180.0,0.444,1.0,1.2,1.8,1.5
TC-LEH-0209,TRAIN,LOC-IN-LEH,Leh,Cold-Arid (High Altitude Alpine),34.1526,77.5771,3500.0,2,high,work,35.0,7.0,5.0,3.0,1.4,20.0,90.0,ASM-WALL-SHIMLA-COLD,ASM-ROOF-LADAKH-INS-MOD,ASM-FLOOR-WARM-TILED,0.347,0.25,2.1,6.2,-3.733,-10.717,0.845,2.517,11.563,249.298,59.062,13.166,True,56.12,SUB_OPTIMAL,0.97,0.01125,0.875,-17.2,27.9,0.9208333333333333,2.0,35.0,7.0,5.0,3.0,1.4,1.374,20.0,90.0,6.2,0.0,0.28,410.0,0.347,153.0,0.25,150.0,2.1,2.0,1.2,1.8,1.5
TC-LEH-0210,TRAIN,LOC-IN-LEH,Leh,Cold-Arid (High Altitude Alpine),34.1526,77.5771,3500.0,4,low,residential,35.0,7.0,5.0,3.0,1.4,20.0,90.0,ASM-WALL-SHIMLA-COLD,ASM-ROOF-WARM-SLAB,ASM-FLOOR-LADAKH-TRAD,0.347,3.476,0.85,6.2,-2.244,-10.695,3.269,4.006,13.964,349.52,84.606,4.101,False,0.0,NON_COMPLIANT,0.97,0.01125,0.875,-17.2,27.9,0.9208333333333333,4.0,35.0,7.0,5.0,3.0,1.4,1.374,20.0,90.0,6.2,0.0,0.28,410.0,0.347,162.5,3.476,250.0,0.85,0.5,1.2,1.8,1.5
TC-LEH-0211,TRAIN,LOC-IN-LEH,Leh,Cold-Arid (High Altitude Alpine),34.1526,77.5771,3500.0,8,medium,emergency,35.0,7.0,5.0,3.0,1.4,20.0,180.0,ASM-WALL-LADAKH-TRAD,ASM-ROOF-LADAKH-TRAD,ASM-FLOOR-LADAKH-INS-SLAB,1.591,0.247,0.444,6.2,3.786,-10.662,13.159,10.036,23.821,507.366,43.932,17.313,False,0.0,NON_COMPLIANT,0.97,0.01125,0.875,-17.2,27.9,0.9208333333333333,8.0,35.0,7.0,5.0,3.0,1.4,1.374,20.0,180.0,6.2,0.0,0.2,465.0,1.591,300.0,0.247,180.0,0.444,1.0,1.2,1.8,1.5
TC-LEH-0212,TRAIN,LOC-IN-LEH,Leh,Cold-Arid (High Altitude Alpine),34.1526,77.5771,3500.0,1,high,work,35.0,7.0,5.0,3.0,1.4,20.0,180.0,ASM-WALL-LADAKH-TRAD,ASM-ROOF-LADAKH-INS-MOD,ASM-FLOOR-WARM-TILED,1.591,0.25,2.1,6.2,-0.602,-10.725,6.088,5.648,16.813,382.089,58.944,20.748,False,0.0,NON_COMPLIANT,0.97,0.01125,0.875,-17.2,27.9,0.9208333333333333,1.0,35.0,7.0,5.0,3.0,1.4,1.374,20.0,180.0,6.2,0.0,0.2,465.0,1.591,153.0,0.25,150.0,2.1,2.0,1.2,1.8,1.5
TC-LEH-0213,TRAIN,LOC-IN-LEH,Leh,Cold-Arid (High Altitude Alpine),34.1526,77.5771,3500.0,2,low,residential,35.0,7.0,5.0,3.0,1.4,20.0,180.0,ASM-WALL-LADAKH-TRAD,ASM-ROOF-WARM-SLAB,ASM-FLOOR-LADAKH-TRAD,1.591,3.476,0.85,6.2,0.873,-10.711,8.474,7.123,19.185,482.311,89.088,6.341,False,0.0,NON_COMPLIANT,0.97,0.01125,0.875,-17.2,27.9,0.9208333333333333,2.0,35.0,7.0,5.0,3.0,1.4,1.374,20.0,180.0,6.2,0.0,0.2,465.0,1.591,162.5,3.476,250.0,0.85,0.5,1.2,1.8,1.5
TC-LEH-0214,TRAIN,LOC-IN-LEH,Leh,Cold-Arid (High Altitude Alpine),34.1526,77.5771,3500.0,4,medium,emergency,35.0,7.0,5.0,3.0,1.4,20.0,180.0,ASM-WALL-LADAKH-IMP-TRAD,ASM-ROOF-LADAKH-TRAD,ASM-FLOOR-LADAKH-INS-SLAB,0.452,0.247,0.444,6.2,5.286,-10.675,16.046,11.536,26.722,507.366,61.301,19.74,False,0.0,NON_COMPLIANT,0.97,0.01125,0.875,-17.2,27.9,0.9208333333333333,4.0,35.0,7.0,5.0,3.0,1.4,1.374,20.0,180.0,6.2,0.0,0.2,345.0,0.452,300.0,0.247,180.0,0.444,1.0,1.2,1.8,1.5
TC-LEH-0215,TRAIN,LOC-IN-LEH,Leh,Cold-Arid (High Altitude Alpine),34.1526,77.5771,3500.0,8,high,work,35.0,7.0,5.0,3.0,1.4,20.0,180.0,ASM-WALL-LADAKH-IMP-TRAD,ASM-ROOF-LADAKH-INS-MOD,ASM-FLOOR-WARM-TILED,0.452,0.25,2.1,6.2,0.976,-10.655,8.806,7.226,19.461,382.089,79.432,25.419,False,0.0,NON_COMPLIANT,0.97,0.01125,0.875,-17.2,27.9,0.9208333333333333,8.0,35.0,7.0,5.0,3.0,1.4,1.374,20.0,180.0,6.2,0.0,0.2,345.0,0.452,153.0,0.25,150.0,2.1,2.0,1.2,1.8,1.5
TC-LEH-0216,TRAIN,LOC-IN-LEH,Leh,Cold-Arid (High Altitude Alpine),34.1526,77.5771,3500.0,1,low,residential,35.0,7.0,5.0,3.0,1.4,20.0,180.0,ASM-WALL-LADAKH-IMP-TRAD,ASM-ROOF-WARM-SLAB,ASM-FLOOR-LADAKH-TRAD,0.452,3.476,0.85,6.2,2.014,-10.729,10.609,8.264,21.338,482.311,109.545,7.214,False,0.0,NON_COMPLIANT,0.97,0.01125,0.875,-17.2,27.9,0.9208333333333333,1.0,35.0,7.0,5.0,3.0,1.4,1.374,20.0,180.0,6.2,0.0,0.2,345.0,0.452,162.5,3.476,250.0,0.85,0.5,1.2,1.8,1.5
TC-LEH-0217,TRAIN,LOC-IN-LEH,Leh,Cold-Arid (High Altitude Alpine),34.1526,77.5771,3500.0,2,medium,emergency,35.0,7.0,5.0,3.0,1.4,20.0,180.0,ASM-WALL-LADAKH-INS-MOD,ASM-ROOF-LADAKH-TRAD,ASM-FLOOR-LADAKH-INS-SLAB,0.314,0.247,0.444,6.2,3.659,-10.707,13.249,9.909,23.956,485.234,59.555,17.097,True,79.63,ACCEPTABLE,0.97,0.01125,0.875,-17.2,27.9,0.9208333333333333,2.0,35.0,7.0,5.0,3.0,1.4,1.374,20.0,180.0,6.2,0.0,0.2,392.5,0.314,300.0,0.247,180.0,0.444,1.0,1.2,1.8,1.5
TC-LEH-0218,TRAIN,LOC-IN-LEH,Leh,Cold-Arid (High Altitude Alpine),34.1526,77.5771,3500.0,4,high,work,35.0,7.0,5.0,3.0,1.4,20.0,180.0,ASM-WALL-LADAKH-INS-MOD,ASM-ROOF-LADAKH-INS-MOD,ASM-FLOOR-WARM-TILED,0.314,0.25,2.1,6.2,-0.325,-10.688,6.619,5.925,17.307,359.957,71.172,21.477,True,65.66,ACCEPTABLE,0.97,0.01125,0.875,-17.2,27.9,0.9208333333333333,4.0,35.0,7.0,5.0,3.0,1.4,1.374,20.0,180.0,6.2,0.0,0.2,392.5,0.314,153.0,0.25,150.0,2.1,2.0,1.2,1.8,1.5
TC-LEH-0219,TRAIN,LOC-IN-LEH,Leh,Cold-Arid (High Altitude Alpine),34.1526,77.5771,3500.0,8,low,residential,35.0,7.0,5.0,3.0,1.4,20.0,180.0,ASM-WALL-LADAKH-INS-MOD,ASM-ROOF-WARM-SLAB,ASM-FLOOR-LADAKH-TRAD,0.314,3.476,0.85,6.2,1.386,-10.664,9.327,7.636,19.991,460.179,106.94,6.709,False,0.0,NON_COMPLIANT,0.97,0.01125,0.875,-17.2,27.9,0.9208333333333333,8.0,35.0,7.0,5.0,3.0,1.4,1.374,20.0,180.0,6.2,0.0,0.2,392.5,0.314,162.5,3.476,250.0,0.85,0.5,1.2,1.8,1.5
TC-LEH-0220,TRAIN,LOC-IN-LEH,Leh,Cold-Arid (High Altitude Alpine),34.1526,77.5771,3500.0,1,medium,emergency,35.0,7.0,5.0,3.0,1.4,20.0,180.0,ASM-WALL-LADAKH-LIGHT-INS,ASM-ROOF-LADAKH-TRAD,ASM-FLOOR-LADAKH-INS-SLAB,0.284,0.247,0.444,6.2,7.932,-10.777,30.965,14.182,41.742,396.707,39.165,24.228,True,65.06,ACCEPTABLE,0.97,0.01125,0.875,-17.2,27.9,0.9208333333333333,1.0,35.0,7.0,5.0,3.0,1.4,1.374,20.0,180.0,6.2,0.0,0.2,152.0,0.284,300.0,0.247,180.0,0.444,1.0,1.2,1.8,1.5
TC-LEH-0221,TRAIN,LOC-IN-LEH,Leh,Cold-Arid (High Altitude Alpine),34.1526,77.5771,3500.0,2,high,work,35.0,7.0,5.0,3.0,1.4,20.0,180.0,ASM-WALL-LADAKH-LIGHT-INS,ASM-ROOF-LADAKH-INS-MOD,ASM-FLOOR-WARM-TILED,0.284,0.25,2.1,6.2,1.488,-10.743,14.121,7.738,24.865,271.429,64.416,27.06,True,58.72,SUB_OPTIMAL,0.97,0.01125,0.875,-17.2,27.9,0.9208333333333333,2.0,35.0,7.0,5.0,3.0,1.4,1.374,20.0,180.0,6.2,0.0,0.2,152.0,0.284,153.0,0.25,150.0,2.1,2.0,1.2,1.8,1.5
TC-LEH-0222,TRAIN,LOC-IN-LEH,Leh,Cold-Arid (High Altitude Alpine),34.1526,77.5771,3500.0,4,low,residential,35.0,7.0,5.0,3.0,1.4,20.0,180.0,ASM-WALL-LADAKH-LIGHT-INS,ASM-ROOF-WARM-SLAB,ASM-FLOOR-LADAKH-TRAD,0.284,3.476,0.85,6.2,3.92,-10.664,16.519,10.17,27.183,371.652,106.208,8.701,False,0.0,NON_COMPLIANT,0.97,0.01125,0.875,-17.2,27.9,0.9208333333333333,4.0,35.0,7.0,5.0,3.0,1.4,1.374,20.0,180.0,6.2,0.0,0.2,152.0,0.284,162.5,3.476,250.0,0.85,0.5,1.2,1.8,1.5
TC-LEH-0223,TRAIN,LOC-IN-LEH,Leh,Cold-Arid (High Altitude Alpine),34.1526,77.5771,3500.0,8,medium,emergency,35.0,7.0,5.0,3.0,1.4,20.0,180.0,ASM-WALL-SHIMLA-COLD,ASM-ROOF-LADAKH-TRAD,ASM-FLOOR-LADAKH-INS-SLAB,0.347,0.247,0.444,6.2,0.904,-10.666,8.421,7.154,19.087,440.971,74.106,12.717,True,72.26,ACCEPTABLE,0.97,0.01125,0.875,-17.2,27.9,0.9208333333333333,8.0,35.0,7.0,5.0,3.0,1.4,1.374,20.0,180.0,6.2,0.0,0.2,410.0,0.347,300.0,0.247,180.0,0.444,1.0,1.2,1.8,1.5
TC-LEH-0224,TRAIN,LOC-IN-LEH,Leh,Cold-Arid (High Altitude Alpine),34.1526,77.5771,3500.0,1,high,work,35.0,7.0,5.0,3.0,1.4,20.0,180.0,ASM-WALL-SHIMLA-COLD,ASM-ROOF-LADAKH-INS-MOD,ASM-FLOOR-WARM-TILED,0.347,0.25,2.1,6.2,-2.628,-10.729,2.72,3.622,13.448,315.693,69.445,15.481,True,59.04,SUB_OPTIMAL,0.97,0.01125,0.875,-17.2,27.9,0.9208333333333333,1.0,35.0,7.0,5.0,3.0,1.4,1.374,20.0,180.0,6.2,0.0,0.2,410.0,0.347,153.0,0.25,150.0,2.1,2.0,1.2,1.8,1.5
TC-LEH-0225,TRAIN,LOC-IN-LEH,Leh,Cold-Arid (High Altitude Alpine),34.1526,77.5771,3500.0,2,low,residential,35.0,7.0,5.0,3.0,1.4,20.0,180.0,ASM-WALL-SHIMLA-COLD,ASM-ROOF-WARM-SLAB,ASM-FLOOR-LADAKH-TRAD,0.347,3.476,0.85,6.2,-1.238,-10.716,4.986,5.012,15.701,415.915,98.057,4.753,False,0.0,NON_COMPLIANT,0.97,0.01125,0.875,-17.2,27.9,0.9208333333333333,2.0,35.0,7.0,5.0,3.0,1.4,1.374,20.0,180.0,6.2,0.0,0.2,410.0,0.347,162.5,3.476,250.0,0.85,0.5,1.2,1.8,1.5
TC-LEH-0226,TRAIN,LOC-IN-LEH,Leh,Cold-Arid (High Altitude Alpine),34.1526,77.5771,3500.0,4,medium,emergency,35.0,7.0,5.0,3.0,1.4,20.0,270.0,ASM-WALL-LADAKH-TRAD,ASM-ROOF-LADAKH-TRAD,ASM-FLOOR-LADAKH-INS-SLAB,1.591,0.247,0.444,6.2,1.621,-10.681,9.637,7.871,20.318,424.372,35.182,13.865,False,0.0,NON_COMPLIANT,0.97,0.01125,0.875,-17.2,27.9,0.9208333333333333,4.0,35.0,7.0,5.0,3.0,1.4,1.374,20.0,270.0,6.2,0.0,0.28,465.0,1.591,300.0,0.247,180.0,0.444,1.0,1.2,1.8,1.5
TC-LEH-0227,TRAIN,LOC-IN-LEH,Leh,Cold-Arid (High Altitude Alpine),34.1526,77.5771,3500.0,8,high,work,35.0,7.0,5.0,3.0,1.4,20.0,270.0,ASM-WALL-LADAKH-TRAD,ASM-ROOF-LADAKH-INS-MOD,ASM-FLOOR-WARM-TILED,1.591,0.25,2.1,6.2,-1.811,-10.665,3.919,4.439,14.584,299.094,49.545,17.439,False,0.0,NON_COMPLIANT,0.97,0.01125,0.875,-17.2,27.9,0.9208333333333333,8.0,35.0,7.0,5.0,3.0,1.4,1.374,20.0,270.0,6.2,0.0,0.28,465.0,1.591,153.0,0.25,150.0,2.1,2.0,1.2,1.8,1.5
TC-LEH-0228,TRAIN,LOC-IN-LEH,Leh,Cold-Arid (High Altitude Alpine),34.1526,77.5771,3500.0,1,low,residential,35.0,7.0,5.0,3.0,1.4,20.0,270.0,ASM-WALL-LADAKH-TRAD,ASM-ROOF-WARM-SLAB,ASM-FLOOR-LADAKH-TRAD,1.591,3.476,0.85,6.2,-0.75,-10.723,5.784,5.5,16.507,399.316,71.624,5.098,False,0.0,NON_COMPLIANT,0.97,0.01125,0.875,-17.2,27.9,0.9208333333333333,1.0,35.0,7.0,5.0,3.0,1.4,1.374,20.0,270.0,6.2,0.0,0.28,465.0,1.591,162.5,3.476,250.0,0.85,0.5,1.2,1.8,1.5
TC-LEH-0229,TRAIN,LOC-IN-LEH,Leh,Cold-Arid (High Altitude Alpine),34.1526,77.5771,3500.0,2,medium,emergency,35.0,7.0,5.0,3.0,1.4,20.0,270.0,ASM-WALL-LADAKH-IMP-TRAD,ASM-ROOF-LADAKH-TRAD,ASM-FLOOR-LADAKH-INS-SLAB,0.452,0.247,0.444,6.2,3.047,-10.707,12.315,9.297,23.022,424.372,49.972,16.092,False,0.0,NON_COMPLIANT,0.97,0.01125,0.875,-17.2,27.9,0.9208333333333333,2.0,35.0,7.0,5.0,3.0,1.4,1.374,20.0,270.0,6.2,0.0,0.28,345.0,0.452,300.0,0.247,180.0,0.444,1.0,1.2,1.8,1.5
TC-LEH-0230,TRAIN,LOC-IN-LEH,Leh,Cold-Arid (High Altitude Alpine),34.1526,77.5771,3500.0,4,high,work,35.0,7.0,5.0,3.0,1.4,20.0,270.0,ASM-WALL-LADAKH-IMP-TRAD,ASM-ROOF-LADAKH-INS-MOD,ASM-FLOOR-WARM-TILED,0.452,0.25,2.1,6.2,-1.087,-10.686,5.398,5.163,16.084,299.094,60.227,19.273,False,0.0,NON_COMPLIANT,0.97,0.01125,0.875,-17.2,27.9,0.9208333333333333,4.0,35.0,7.0,5.0,3.0,1.4,1.374,20.0,270.0,6.2,0.0,0.28,345.0,0.452,153.0,0.25,150.0,2.1,2.0,1.2,1.8,1.5
TC-LEH-0231,TRAIN,LOC-IN-LEH,Leh,Cold-Arid (High Altitude Alpine),34.1526,77.5771,3500.0,8,low,residential,35.0,7.0,5.0,3.0,1.4,20.0,270.0,ASM-WALL-LADAKH-IMP-TRAD,ASM-ROOF-WARM-SLAB,ASM-FLOOR-LADAKH-TRAD,0.452,3.476,0.85,6.2,0.764,-10.66,8.331,7.014,18.992,399.316,94.32,6.211,False,0.0,NON_COMPLIANT,0.97,0.01125,0.875,-17.2,27.9,0.9208333333333333,8.0,35.0,7.0,5.0,3.0,1.4,1.374,20.0,270.0,6.2,0.0,0.28,345.0,0.452,162.5,3.476,250.0,0.85,0.5,1.2,1.8,1.5
TC-LEH-0232,TRAIN,LOC-IN-LEH,Leh,Cold-Arid (High Altitude Alpine),34.1526,77.5771,3500.0,1,medium,emergency,35.0,7.0,5.0,3.0,1.4,20.0,270.0,ASM-WALL-LADAKH-INS-MOD,ASM-ROOF-LADAKH-TRAD,ASM-FLOOR-LADAKH-INS-SLAB,0.314,0.247,0.444,6.2,1.75,-10.723,10.062,8.0,20.785,407.773,48.832,14.019,True,74.53,ACCEPTABLE,0.97,0.01125,0.875,-17.2,27.9,0.9208333333333333,1.0,35.0,7.0,5.0,3.0,1.4,1.374,20.0,270.0,6.2,0.0,0.28,392.5,0.314,300.0,0.247,180.0,0.444,1.0,1.2,1.8,1.5
TC-LEH-0233,TRAIN,LOC-IN-LEH,Leh,Cold-Arid (High Altitude Alpine),34.1526,77.5771,3500.0,2,high,work,35.0,7.0,5.0,3.0,1.4,20.0,270.0,ASM-WALL-LADAKH-INS-MOD,ASM-ROOF-LADAKH-INS-MOD,ASM-FLOOR-WARM-TILED,0.314,0.25,2.1,6.2,-2.043,-10.716,3.757,4.207,14.474,282.495,55.744,16.821,True,61.05,ACCEPTABLE,0.97,0.01125,0.875,-17.2,27.9,0.9208333333333333,2.0,35.0,7.0,5.0,3.0,1.4,1.374,20.0,270.0,6.2,0.0,0.28,392.5,0.314,153.0,0.25,150.0,2.1,2.0,1.2,1.8,1.5
TC-LEH-0234,TRAIN,LOC-IN-LEH,Leh,Cold-Arid (High Altitude Alpine),34.1526,77.5771,3500.0,4,low,residential,35.0,7.0,5.0,3.0,1.4,20.0,270.0,ASM-WALL-LADAKH-INS-MOD,ASM-ROOF-WARM-SLAB,ASM-FLOOR-LADAKH-TRAD,0.314,3.476,0.85,6.2,-0.37,-10.689,6.458,5.88,17.146,382.717,85.262,5.349,False,0.0,NON_COMPLIANT,0.97,0.01125,0.875,-17.2,27.9,0.9208333333333333,4.0,35.0,7.0,5.0,3.0,1.4,1.374,20.0,270.0,6.2,0.0,0.28,392.5,0.314,162.5,3.476,250.0,0.85,0.5,1.2,1.8,1.5
TC-LEH-0235,TRAIN,LOC-IN-LEH,Leh,Cold-Arid (High Altitude Alpine),34.1526,77.5771,3500.0,8,medium,emergency,35.0,7.0,5.0,3.0,1.4,20.0,270.0,ASM-WALL-LADAKH-LIGHT-INS,ASM-ROOF-LADAKH-TRAD,ASM-FLOOR-LADAKH-INS-SLAB,0.284,0.247,0.444,6.2,6.916,-10.516,27.224,13.166,37.74,341.377,36.263,22.433,True,68.25,ACCEPTABLE,0.97,0.01125,0.875,-17.2,27.9,0.9208333333333333,8.0,35.0,7.0,5.0,3.0,1.4,1.374,20.0,270.0,6.2,0.0,0.28,152.0,0.284,300.0,0.247,180.0,0.444,1.0,1.2,1.8,1.5
TC-LEH-0236,TRAIN,LOC-IN-LEH,Leh,Cold-Arid (High Altitude Alpine),34.1526,77.5771,3500.0,1,high,work,35.0,7.0,5.0,3.0,1.4,20.0,270.0,ASM-WALL-LADAKH-LIGHT-INS,ASM-ROOF-LADAKH-INS-MOD,ASM-FLOOR-WARM-TILED,0.284,0.25,2.1,6.2,-0.206,-10.787,10.374,6.044,21.161,216.1,52.135,21.901,True,54.9,SUB_OPTIMAL,0.97,0.01125,0.875,-17.2,27.9,0.9208333333333333,1.0,35.0,7.0,5.0,3.0,1.4,1.374,20.0,270.0,6.2,0.0,0.28,152.0,0.284,153.0,0.25,150.0,2.1,2.0,1.2,1.8,1.5
TC-LEH-0237,TRAIN,LOC-IN-LEH,Leh,Cold-Arid (High Altitude Alpine),34.1526,77.5771,3500.0,2,low,residential,35.0,7.0,5.0,3.0,1.4,20.0,270.0,ASM-WALL-LADAKH-LIGHT-INS,ASM-ROOF-WARM-SLAB,ASM-FLOOR-LADAKH-TRAD,0.284,3.476,0.85,6.2,2.212,-10.73,13.288,8.462,24.018,316.322,89.443,7.327,False,0.0,NON_COMPLIANT,0.97,0.01125,0.875,-17.2,27.9,0.9208333333333333,2.0,35.0,7.0,5.0,3.0,1.4,1.374,20.0,270.0,6.2,0.0,0.28,152.0,0.284,162.5,3.476,250.0,0.85,0.5,1.2,1.8,1.5
TC-LEH-0238,TRAIN,LOC-IN-LEH,Leh,Cold-Arid (High Altitude Alpine),34.1526,77.5771,3500.0,4,medium,emergency,35.0,7.0,5.0,3.0,1.4,20.0,270.0,ASM-WALL-SHIMLA-COLD,ASM-ROOF-LADAKH-TRAD,ASM-FLOOR-LADAKH-INS-SLAB,0.347,0.247,0.444,6.2,-0.653,-10.686,5.897,5.597,16.582,374.575,60.162,10.324,True,68.03,ACCEPTABLE,0.97,0.01125,0.875,-17.2,27.9,0.9208333333333333,4.0,35.0,7.0,5.0,3.0,1.4,1.374,20.0,270.0,6.2,0.0,0.28,410.0,0.347,300.0,0.247,180.0,0.444,1.0,1.2,1.8,1.5
TC-LEH-0239,TRAIN,LOC-IN-LEH,Leh,Cold-Arid (High Altitude Alpine),34.1526,77.5771,3500.0,8,high,work,35.0,7.0,5.0,3.0,1.4,20.0,270.0,ASM-WALL-SHIMLA-COLD,ASM-ROOF-LADAKH-INS-MOD,ASM-FLOOR-WARM-TILED,0.347,0.25,2.1,6.2,-3.405,-10.668,1.286,2.845,11.954,249.298,61.963,13.813,True,57.12,SUB_OPTIMAL,0.97,0.01125,0.875,-17.2,27.9,0.9208333333333333,8.0,35.0,7.0,5.0,3.0,1.4,1.374,20.0,270.0,6.2,0.0,0.28,410.0,0.347,153.0,0.25,150.0,2.1,2.0,1.2,1.8,1.5
TC-LEH-0240,TRAIN,LOC-IN-LEH,Leh,Cold-Arid (High Altitude Alpine),34.1526,77.5771,3500.0,1,low,residential,35.0,7.0,5.0,3.0,1.4,20.0,270.0,ASM-WALL-SHIMLA-COLD,ASM-ROOF-WARM-SLAB,ASM-FLOOR-LADAKH-TRAD,0.347,3.476,0.85,6.2,-2.401,-10.726,3.057,3.849,13.783,349.52,82.707,4.009,False,0.0,NON_COMPLIANT,0.97,0.01125,0.875,-17.2,27.9,0.9208333333333333,1.0,35.0,7.0,5.0,3.0,1.4,1.374,20.0,270.0,6.2,0.0,0.28,410.0,0.347,162.5,3.476,250.0,0.85,0.5,1.2,1.8,1.5
TC-LEH-0241,TRAIN,LOC-IN-LEH,Leh,Cold-Arid (High Altitude Alpine),34.1526,77.5771,3500.0,2,medium,emergency,50.0,10.0,5.0,3.0,2.0,25.0,0.0,ASM-WALL-LADAKH-TRAD,ASM-ROOF-LADAKH-TRAD,ASM-FLOOR-LADAKH-INS-SLAB,1.591,0.247,0.444,8.0,0.027,-10.711,7.056,6.277,17.767,466.64,36.754,16.239,False,0.0,NON_COMPLIANT,0.97,0.01125,0.875,-17.2,27.9,0.9208333333333333,2.0,50.0,10.0,5.0,3.0,2.0,1.301,25.0,0.0,8.0,0.0,0.2,465.0,1.591,300.0,0.247,180.0,0.444,1.0,1.2,1.8,1.5
TC-LEH-0242,TRAIN,LOC-IN-LEH,Leh,Cold-Arid (High Altitude Alpine),34.1526,77.5771,3500.0,4,high,work,50.0,10.0,5.0,3.0,2.0,25.0,0.0,ASM-WALL-LADAKH-TRAD,ASM-ROOF-LADAKH-INS-MOD,ASM-FLOOR-WARM-TILED,1.591,0.25,2.1,8.0,-3.74,-10.7,0.808,2.51,11.509,281.079,50.837,18.796,False,0.0,NON_COMPLIANT,0.97,0.01125,0.875,-17.2,27.9,0.9208333333333333,4.0,50.0,10.0,5.0,3.0,2.0,1.301,25.0,0.0,8.0,0.0,0.2,465.0,1.591,153.0,0.25,150.0,2.1,2.0,1.2,1.8,1.5
TC-LEH-0243,TRAIN,LOC-IN-LEH,Leh,Cold-Arid (High Altitude Alpine),34.1526,77.5771,3500.0,8,low,residential,50.0,10.0,5.0,3.0,2.0,25.0,0.0,ASM-WALL-LADAKH-TRAD,ASM-ROOF-WARM-SLAB,ASM-FLOOR-LADAKH-TRAD,1.591,3.476,0.85,8.0,-1.834,-10.675,3.901,4.416,14.577,429.528,85.908,6.22,False,0.0,NON_COMPLIANT,0.97,0.01125,0.875,-17.2,27.9,0.9208333333333333,8.0,50.0,10.0,5.0,3.0,2.0,1.301,25.0,0.0,8.0,0.0,0.2,465.0,1.591,162.5,3.476,250.0,0.85,0.5,1.2,1.8,1.5
TC-LEH-0244,TRAIN,LOC-IN-LEH,Leh,Cold-Arid (High Altitude Alpine),34.1526,77.5771,3500.0,1,medium,emergency,50.0,10.0,5.0,3.0,2.0,25.0,0.0,ASM-WALL-LADAKH-IMP-TRAD,ASM-ROOF-LADAKH-TRAD,ASM-FLOOR-LADAKH-INS-SLAB,0.452,0.247,0.444,8.0,1.305,-10.73,9.441,7.555,20.171,466.64,52.35,18.976,False,0.0,NON_COMPLIANT,0.97,0.01125,0.875,-17.2,27.9,0.9208333333333333,1.0,50.0,10.0,5.0,3.0,2.0,1.301,25.0,0.0,8.0,0.0,0.2,345.0,0.452,300.0,0.247,180.0,0.444,1.0,1.2,1.8,1.5
TC-LEH-0245,TRAIN,LOC-IN-LEH,Leh,Cold-Arid (High Altitude Alpine),34.1526,77.5771,3500.0,2,high,work,50.0,10.0,5.0,3.0,2.0,25.0,0.0,ASM-WALL-LADAKH-IMP-TRAD,ASM-ROOF-LADAKH-INS-MOD,ASM-FLOOR-WARM-TILED,0.452,0.25,2.1,8.0,-3.081,-10.727,2.102,3.169,12.829,281.079,60.356,20.442,False,0.0,NON_COMPLIANT,0.97,0.01125,0.875,-17.2,27.9,0.9208333333333333,2.0,50.0,10.0,5.0,3.0,2.0,1.301,25.0,0.0,8.0,0.0,0.2,345.0,0.452,153.0,0.25,150.0,2.1,2.0,1.2,1.8,1.5
TC-LEH-0246,TRAIN,LOC-IN-LEH,Leh,Cold-Arid (High Altitude Alpine),34.1526,77.5771,3500.0,4,low,residential,50.0,10.0,5.0,3.0,2.0,25.0,0.0,ASM-WALL-LADAKH-IMP-TRAD,ASM-ROOF-WARM-SLAB,ASM-FLOOR-LADAKH-TRAD,0.452,3.476,0.85,8.0,-1.133,-10.702,5.269,5.117,15.97,429.528,101.395,6.849,False,0.0,NON_COMPLIANT,0.97,0.01125,0.875,-17.2,27.9,0.9208333333333333,4.0,50.0,10.0,5.0,3.0,2.0,1.301,25.0,0.0,8.0,0.0,0.2,345.0,0.452,162.5,3.476,250.0,0.85,0.5,1.2,1.8,1.5
TC-LEH-0247,TRAIN,LOC-IN-LEH,Leh,Cold-Arid (High Altitude Alpine),34.1526,77.5771,3500.0,8,medium,emergency,50.0,10.0,5.0,3.0,2.0,25.0,0.0,ASM-WALL-LADAKH-INS-MOD,ASM-ROOF-LADAKH-TRAD,ASM-FLOOR-LADAKH-INS-SLAB,0.314,0.247,0.444,8.0,0.764,-10.666,8.3,7.014,18.965,452.85,54.927,17.785,True,70.84,ACCEPTABLE,0.97,0.01125,0.875,-17.2,27.9,0.9208333333333333,8.0,50.0,10.0,5.0,3.0,2.0,1.301,25.0,0.0,8.0,0.0,0.2,392.5,0.314,300.0,0.247,180.0,0.444,1.0,1.2,1.8,1.5
TC-LEH-0248,TRAIN,LOC-IN-LEH,Leh,Cold-Arid (High Altitude Alpine),34.1526,77.5771,3500.0,1,high,work,50.0,10.0,5.0,3.0,2.0,25.0,0.0,ASM-WALL-LADAKH-INS-MOD,ASM-ROOF-LADAKH-INS-MOD,ASM-FLOOR-WARM-TILED,0.314,0.25,2.1,8.0,-3.706,-10.736,1.0,2.544,11.737,267.289,58.434,18.745,True,55.39,SUB_OPTIMAL,0.97,0.01125,0.875,-17.2,27.9,0.9208333333333333,1.0,50.0,10.0,5.0,3.0,2.0,1.301,25.0,0.0,8.0,0.0,0.2,392.5,0.314,153.0,0.25,150.0,2.1,2.0,1.2,1.8,1.5
TC-LEH-0249,TRAIN,LOC-IN-LEH,Leh,Cold-Arid (High Altitude Alpine),34.1526,77.5771,3500.0,2,low,residential,50.0,10.0,5.0,3.0,2.0,25.0,0.0,ASM-WALL-LADAKH-INS-MOD,ASM-ROOF-WARM-SLAB,ASM-FLOOR-LADAKH-TRAD,0.314,3.476,0.85,8.0,-1.866,-10.722,4.017,4.384,14.739,415.738,95.599,6.183,False,0.0,NON_COMPLIANT,0.97,0.01125,0.875,-17.2,27.9,0.9208333333333333,2.0,50.0,10.0,5.0,3.0,2.0,1.301,25.0,0.0,8.0,0.0,0.2,392.5,0.314,162.5,3.476,250.0,0.85,0.5,1.2,1.8,1.5
TC-LEH-0250,TRAIN,LOC-IN-LEH,Leh,Cold-Arid (High Altitude Alpine),34.1526,77.5771,3500.0,4,medium,emergency,50.0,10.0,5.0,3.0,2.0,25.0,0.0,ASM-WALL-LADAKH-LIGHT-INS,ASM-ROOF-LADAKH-TRAD,ASM-FLOOR-LADAKH-INS-SLAB,0.284,0.247,0.444,8.0,4.806,-10.659,22.395,11.056,33.054,397.688,39.49,27.05,True,71.69,ACCEPTABLE,0.97,0.01125,0.875,-17.2,27.9,0.9208333333333333,4.0,50.0,10.0,5.0,3.0,2.0,1.301,25.0,0.0,8.0,0.0,0.2,152.0,0.284,300.0,0.247,180.0,0.444,1.0,1.2,1.8,1.5
TC-LEH-0251,TRAIN,LOC-IN-LEH,Leh,Cold-Arid (High Altitude Alpine),34.1526,77.5771,3500.0,8,high,work,50.0,10.0,5.0,3.0,2.0,25.0,0.0,ASM-WALL-LADAKH-LIGHT-INS,ASM-ROOF-LADAKH-INS-MOD,ASM-FLOOR-WARM-TILED,0.284,0.25,2.1,8.0,-1.482,-10.603,7.048,4.768,17.651,212.128,58.551,25.423,True,51.34,SUB_OPTIMAL,0.97,0.01125,0.875,-17.2,27.9,0.9208333333333333,8.0,50.0,10.0,5.0,3.0,2.0,1.301,25.0,0.0,8.0,0.0,0.2,152.0,0.284,153.0,0.25,150.0,2.1,2.0,1.2,1.8,1.5
TC-LEH-0252,TRAIN,LOC-IN-LEH,Leh,Cold-Arid (High Altitude Alpine),34.1526,77.5771,3500.0,1,low,residential,50.0,10.0,5.0,3.0,2.0,25.0,0.0,ASM-WALL-LADAKH-LIGHT-INS,ASM-ROOF-WARM-SLAB,ASM-FLOOR-LADAKH-TRAD,0.284,3.476,0.85,8.0,0.553,-10.769,9.952,6.803,20.721,360.576,105.037,8.606,False,0.0,NON_COMPLIANT,0.97,0.01125,0.875,-17.2,27.9,0.9208333333333333,1.0,50.0,10.0,5.0,3.0,2.0,1.301,25.0,0.0,8.0,0.0,0.2,152.0,0.284,162.5,3.476,250.0,0.85,0.5,1.2,1.8,1.5
TC-LEH-0253,TRAIN,LOC-IN-LEH,Leh,Cold-Arid (High Altitude Alpine),34.1526,77.5771,3500.0,2,medium,emergency,50.0,10.0,5.0,3.0,2.0,25.0,0.0,ASM-WALL-SHIMLA-COLD,ASM-ROOF-LADAKH-TRAD,ASM-FLOOR-LADAKH-INS-SLAB,0.347,0.247,0.444,8.0,-1.649,-10.717,4.297,4.601,15.013,425.269,65.693,12.798,True,64.1,ACCEPTABLE,0.97,0.01125,0.875,-17.2,27.9,0.9208333333333333,2.0,50.0,10.0,5.0,3.0,2.0,1.301,25.0,0.0,8.0,0.0,0.2,410.0,0.347,300.0,0.247,180.0,0.444,1.0,1.2,1.8,1.5
TC-LEH-0254,TRAIN,LOC-IN-LEH,Leh,Cold-Arid (High Altitude Alpine),34.1526,77.5771,3500.0,4,high,work,50.0,10.0,5.0,3.0,2.0,25.0,0.0,ASM-WALL-SHIMLA-COLD,ASM-ROOF-LADAKH-INS-MOD,ASM-FLOOR-WARM-TILED,0.347,0.25,2.1,8.0,-4.765,-10.706,-0.891,1.485,9.815,239.708,67.782,16.373,True,51.72,SUB_OPTIMAL,0.97,0.01125,0.875,-17.2,27.9,0.9208333333333333,4.0,50.0,10.0,5.0,3.0,2.0,1.301,25.0,0.0,8.0,0.0,0.2,410.0,0.347,153.0,0.25,150.0,2.1,2.0,1.2,1.8,1.5
TC-LEH-0255,TRAIN,LOC-IN-LEH,Leh,Cold-Arid (High Altitude Alpine),34.1526,77.5771,3500.0,8,low,residential,50.0,10.0,5.0,3.0,2.0,25.0,0.0,ASM-WALL-SHIMLA-COLD,ASM-ROOF-WARM-SLAB,ASM-FLOOR-LADAKH-TRAD,0.347,3.476,0.85,8.0,-3.014,-10.678,1.96,3.236,12.637,388.157,102.295,5.232,False,0.0,NON_COMPLIANT,0.97,0.01125,0.875,-17.2,27.9,0.9208333333333333,8.0,50.0,10.0,5.0,3.0,2.0,1.301,25.0,0.0,8.0,0.0,0.2,410.0,0.347,162.5,3.476,250.0,0.85,0.5,1.2,1.8,1.5
TC-LEH-0256,TRAIN,LOC-IN-LEH,Leh,Cold-Arid (High Altitude Alpine),34.1526,77.5771,3500.0,1,medium,emergency,50.0,10.0,5.0,3.0,2.0,25.0,90.0,ASM-WALL-LADAKH-TRAD,ASM-ROOF-LADAKH-TRAD,ASM-FLOOR-LADAKH-INS-SLAB,1.591,0.247,0.444,8.0,1.793,-10.722,10.021,8.043,20.743,570.068,45.682,20.184,False,0.0,NON_COMPLIANT,0.97,0.01125,0.875,-17.2,27.9,0.9208333333333333,1.0,50.0,10.0,5.0,3.0,2.0,1.301,25.0,90.0,8.0,0.0,0.4,465.0,1.591,300.0,0.247,180.0,0.444,1.0,1.2,1.8,1.5
TC-LEH-0257,TRAIN,LOC-IN-LEH,Leh,Cold-Arid (High Altitude Alpine),34.1526,77.5771,3500.0,2,high,work,50.0,10.0,5.0,3.0,2.0,25.0,90.0,ASM-WALL-LADAKH-TRAD,ASM-ROOF-LADAKH-INS-MOD,ASM-FLOOR-WARM-TILED,1.591,0.25,2.1,8.0,-2.267,-10.72,3.314,3.983,14.034,384.507,62.978,23.284,False,0.0,NON_COMPLIANT,0.97,0.01125,0.875,-17.2,27.9,0.9208333333333333,2.0,50.0,10.0,5.0,3.0,2.0,1.301,25.0,90.0,8.0,0.0,0.4,465.0,1.591,153.0,0.25,150.0,2.1,2.0,1.2,1.8,1.5
TC-LEH-0258,TRAIN,LOC-IN-LEH,Leh,Cold-Arid (High Altitude Alpine),34.1526,77.5771,3500.0,4,low,residential,50.0,10.0,5.0,3.0,2.0,25.0,90.0,ASM-WALL-LADAKH-TRAD,ASM-ROOF-WARM-SLAB,ASM-FLOOR-LADAKH-TRAD,1.591,3.476,0.85,8.0,-0.538,-10.7,6.123,5.712,16.823,532.956,103.398,7.486,False,0.0,NON_COMPLIANT,0.97,0.01125,0.875,-17.2,27.9,0.9208333333333333,4.0,50.0,10.0,5.0,3.0,2.0,1.301,25.0,90.0,8.0,0.0,0.4,465.0,1.591,162.5,3.476,250.0,0.85,0.5,1.2,1.8,1.5
TC-LEH-0259,TRAIN,LOC-IN-LEH,Leh,Cold-Arid (High Altitude Alpine),34.1526,77.5771,3500.0,8,medium,emergency,50.0,10.0,5.0,3.0,2.0,25.0,90.0,ASM-WALL-LADAKH-IMP-TRAD,ASM-ROOF-LADAKH-TRAD,ASM-FLOOR-LADAKH-INS-SLAB,0.452,0.247,0.444,8.0,3.737,-10.662,13.403,9.987,24.064,570.068,67.703,24.54,False,0.0,NON_COMPLIANT,0.97,0.01125,0.875,-17.2,27.9,0.9208333333333333,8.0,50.0,10.0,5.0,3.0,2.0,1.301,25.0,90.0,8.0,0.0,0.4,345.0,0.452,300.0,0.247,180.0,0.444,1.0,1.2,1.8,1.5
TC-LEH-0260,TRAIN,LOC-IN-LEH,Leh,Cold-Arid (High Altitude Alpine),34.1526,77.5771,3500.0,1,high,work,50.0,10.0,5.0,3.0,2.0,25.0,90.0,ASM-WALL-LADAKH-IMP-TRAD,ASM-ROOF-LADAKH-INS-MOD,ASM-FLOOR-WARM-TILED,0.452,0.25,2.1,8.0,-1.43,-10.739,4.945,4.82,15.684,384.507,77.363,26.202,False,0.0,NON_COMPLIANT,0.97,0.01125,0.875,-17.2,27.9,0.9208333333333333,1.0,50.0,10.0,5.0,3.0,2.0,1.301,25.0,90.0,8.0,0.0,0.4,345.0,0.452,153.0,0.25,150.0,2.1,2.0,1.2,1.8,1.5
TC-LEH-0261,TRAIN,LOC-IN-LEH,Leh,Cold-Arid (High Altitude Alpine),34.1526,77.5771,3500.0,2,low,residential,50.0,10.0,5.0,3.0,2.0,25.0,90.0,ASM-WALL-LADAKH-IMP-TRAD,ASM-ROOF-WARM-SLAB,ASM-FLOOR-LADAKH-TRAD,0.452,3.476,0.85,8.0,0.366,-10.723,7.841,6.616,18.565,532.956,124.811,8.431,False,0.0,NON_COMPLIANT,0.97,0.01125,0.875,-17.2,27.9,0.9208333333333333,2.0,50.0,10.0,5.0,3.0,2.0,1.301,25.0,90.0,8.0,0.0,0.4,345.0,0.452,162.5,3.476,250.0,0.85,0.5,1.2,1.8,1.5
TC-LEH-0262,TRAIN,LOC-IN-LEH,Leh,Cold-Arid (High Altitude Alpine),34.1526,77.5771,3500.0,4,medium,emergency,50.0,10.0,5.0,3.0,2.0,25.0,90.0,ASM-WALL-LADAKH-INS-MOD,ASM-ROOF-LADAKH-TRAD,ASM-FLOOR-LADAKH-INS-SLAB,0.314,0.247,0.444,8.0,2.302,-10.691,10.971,8.552,21.662,549.382,65.727,21.282,True,74.84,ACCEPTABLE,0.97,0.01125,0.875,-17.2,27.9,0.9208333333333333,4.0,50.0,10.0,5.0,3.0,2.0,1.301,25.0,90.0,8.0,0.0,0.4,392.5,0.314,300.0,0.247,180.0,0.444,1.0,1.2,1.8,1.5
TC-LEH-0263,TRAIN,LOC-IN-LEH,Leh,Cold-Arid (High Altitude Alpine),34.1526,77.5771,3500.0,8,high,work,50.0,10.0,5.0,3.0,2.0,25.0,90.0,ASM-WALL-LADAKH-INS-MOD,ASM-ROOF-LADAKH-INS-MOD,ASM-FLOOR-WARM-TILED,0.314,0.25,2.1,8.0,-1.848,-10.669,4.023,4.402,14.692,363.822,76.893,24.667,True,60.46,ACCEPTABLE,0.97,0.01125,0.875,-17.2,27.9,0.9208333333333333,8.0,50.0,10.0,5.0,3.0,2.0,1.301,25.0,90.0,8.0,0.0,0.4,392.5,0.314,153.0,0.25,150.0,2.1,2.0,1.2,1.8,1.5
TC-LEH-0264,TRAIN,LOC-IN-LEH,Leh,Cold-Arid (High Altitude Alpine),34.1526,77.5771,3500.0,1,low,residential,50.0,10.0,5.0,3.0,2.0,25.0,90.0,ASM-WALL-LADAKH-INS-MOD,ASM-ROOF-WARM-SLAB,ASM-FLOOR-LADAKH-TRAD,0.314,3.476,0.85,8.0,-0.49,-10.732,6.351,5.76,17.083,512.27,116.241,7.518,False,0.0,NON_COMPLIANT,0.97,0.01125,0.875,-17.2,27.9,0.9208333333333333,1.0,50.0,10.0,5.0,3.0,2.0,1.301,25.0,90.0,8.0,0.0,0.4,392.5,0.314,162.5,3.476,250.0,0.85,0.5,1.2,1.8,1.5
TC-LEH-0265,TRAIN,LOC-IN-LEH,Leh,Cold-Arid (High Altitude Alpine),34.1526,77.5771,3500.0,2,medium,emergency,50.0,10.0,5.0,3.0,2.0,25.0,90.0,ASM-WALL-LADAKH-LIGHT-INS,ASM-ROOF-LADAKH-TRAD,ASM-FLOOR-LADAKH-INS-SLAB,0.284,0.247,0.444,8.0,6.4,-10.746,26.551,12.65,37.297,466.64,45.046,30.855,True,68.3,ACCEPTABLE,0.97,0.01125,0.875,-17.2,27.9,0.9208333333333333,2.0,50.0,10.0,5.0,3.0,2.0,1.301,25.0,90.0,8.0,0.0,0.4,152.0,0.284,300.0,0.247,180.0,0.444,1.0,1.2,1.8,1.5
TC-LEH-0266,TRAIN,LOC-IN-LEH,Leh,Cold-Arid (High Altitude Alpine),34.1526,77.5771,3500.0,4,high,work,50.0,10.0,5.0,3.0,2.0,25.0,90.0,ASM-WALL-LADAKH-LIGHT-INS,ASM-ROOF-LADAKH-INS-MOD,ASM-FLOOR-WARM-TILED,0.284,0.25,2.1,8.0,-0.279,-10.702,9.95,5.971,20.652,281.079,71.036,30.844,True,53.75,SUB_OPTIMAL,0.97,0.01125,0.875,-17.2,27.9,0.9208333333333333,4.0,50.0,10.0,5.0,3.0,2.0,1.301,25.0,90.0,8.0,0.0,0.4,152.0,0.284,153.0,0.25,150.0,2.1,2.0,1.2,1.8,1.5
TC-LEH-0267,TRAIN,LOC-IN-LEH,Leh,Cold-Arid (High Altitude Alpine),34.1526,77.5771,3500.0,8,low,residential,50.0,10.0,5.0,3.0,2.0,25.0,90.0,ASM-WALL-LADAKH-LIGHT-INS,ASM-ROOF-WARM-SLAB,ASM-FLOOR-LADAKH-TRAD,0.284,3.476,0.85,8.0,2.425,-10.632,13.245,8.675,23.876,429.528,130.357,10.68,False,0.0,NON_COMPLIANT,0.97,0.01125,0.875,-17.2,27.9,0.9208333333333333,8.0,50.0,10.0,5.0,3.0,2.0,1.301,25.0,90.0,8.0,0.0,0.4,152.0,0.284,162.5,3.476,250.0,0.85,0.5,1.2,1.8,1.5
TC-LEH-0268,TRAIN,LOC-IN-LEH,Leh,Cold-Arid (High Altitude Alpine),34.1526,77.5771,3500.0,1,medium,emergency,50.0,10.0,5.0,3.0,2.0,25.0,90.0,ASM-WALL-SHIMLA-COLD,ASM-ROOF-LADAKH-TRAD,ASM-FLOOR-LADAKH-INS-SLAB,0.347,0.247,0.444,8.0,-0.426,-10.726,6.359,5.824,17.085,508.011,78.064,15.207,True,67.34,ACCEPTABLE,0.97,0.01125,0.875,-17.2,27.9,0.9208333333333333,1.0,50.0,10.0,5.0,3.0,2.0,1.301,25.0,90.0,8.0,0.0,0.4,410.0,0.347,300.0,0.247,180.0,0.444,1.0,1.2,1.8,1.5
TC-LEH-0269,TRAIN,LOC-IN-LEH,Leh,Cold-Arid (High Altitude Alpine),34.1526,77.5771,3500.0,2,high,work,50.0,10.0,5.0,3.0,2.0,25.0,90.0,ASM-WALL-SHIMLA-COLD,ASM-ROOF-LADAKH-INS-MOD,ASM-FLOOR-WARM-TILED,0.347,0.25,2.1,8.0,-3.738,-10.724,0.866,2.512,11.59,322.451,77.671,18.762,True,54.4,SUB_OPTIMAL,0.97,0.01125,0.875,-17.2,27.9,0.9208333333333333,2.0,50.0,10.0,5.0,3.0,2.0,1.301,25.0,90.0,8.0,0.0,0.4,410.0,0.347,153.0,0.25,150.0,2.1,2.0,1.2,1.8,1.5
TC-LEH-0270,TRAIN,LOC-IN-LEH,Leh,Cold-Arid (High Altitude Alpine),34.1526,77.5771,3500.0,4,low,residential,50.0,10.0,5.0,3.0,2.0,25.0,90.0,ASM-WALL-SHIMLA-COLD,ASM-ROOF-WARM-SLAB,ASM-FLOOR-LADAKH-TRAD,0.347,3.476,0.85,8.0,-2.121,-10.706,3.507,4.129,14.213,470.899,116.504,5.959,False,0.0,NON_COMPLIANT,0.97,0.01125,0.875,-17.2,27.9,0.9208333333333333,4.0,50.0,10.0,5.0,3.0,2.0,1.301,25.0,90.0,8.0,0.0,0.4,410.0,0.347,162.5,3.476,250.0,0.85,0.5,1.2,1.8,1.5
TC-LEH-0271,TRAIN,LOC-IN-LEH,Leh,Cold-Arid (High Altitude Alpine),34.1526,77.5771,3500.0,8,medium,emergency,50.0,10.0,5.0,3.0,2.0,25.0,180.0,ASM-WALL-LADAKH-TRAD,ASM-ROOF-LADAKH-TRAD,ASM-FLOOR-LADAKH-INS-SLAB,1.591,0.247,0.444,8.0,3.98,-10.67,13.552,10.23,24.223,673.495,56.996,25.183,False,0.0,NON_COMPLIANT,0.97,0.01125,0.875,-17.2,27.9,0.9208333333333333,8.0,50.0,10.0,5.0,3.0,2.0,1.301,25.0,180.0,8.0,0.0,0.2,465.0,1.591,300.0,0.247,180.0,0.444,1.0,1.2,1.8,1.5
TC-LEH-0272,TRAIN,LOC-IN-LEH,Leh,Cold-Arid (High Altitude Alpine),34.1526,77.5771,3500.0,1,high,work,50.0,10.0,5.0,3.0,2.0,25.0,180.0,ASM-WALL-LADAKH-TRAD,ASM-ROOF-LADAKH-INS-MOD,ASM-FLOOR-WARM-TILED,1.591,0.25,2.1,8.0,-0.756,-10.73,5.869,5.494,16.599,487.935,78.408,28.989,False,0.0,NON_COMPLIANT,0.97,0.01125,0.875,-17.2,27.9,0.9208333333333333,1.0,50.0,10.0,5.0,3.0,2.0,1.301,25.0,180.0,8.0,0.0,0.2,465.0,1.591,153.0,0.25,150.0,2.1,2.0,1.2,1.8,1.5
TC-LEH-0273,TRAIN,LOC-IN-LEH,Leh,Cold-Arid (High Altitude Alpine),34.1526,77.5771,3500.0,2,low,residential,50.0,10.0,5.0,3.0,2.0,25.0,180.0,ASM-WALL-LADAKH-TRAD,ASM-ROOF-WARM-SLAB,ASM-FLOOR-LADAKH-TRAD,1.591,3.476,0.85,8.0,0.839,-10.718,8.454,7.089,19.171,636.383,124.485,9.013,False,0.0,NON_COMPLIANT,0.97,0.01125,0.875,-17.2,27.9,0.9208333333333333,2.0,50.0,10.0,5.0,3.0,2.0,1.301,25.0,180.0,8.0,0.0,0.2,465.0,1.591,162.5,3.476,250.0,0.85,0.5,1.2,1.8,1.5
TC-LEH-0274,TRAIN,LOC-IN-LEH,Leh,Cold-Arid (High Altitude Alpine),34.1526,77.5771,3500.0,4,medium,emergency,50.0,10.0,5.0,3.0,2.0,25.0,180.0,ASM-WALL-LADAKH-IMP-TRAD,ASM-ROOF-LADAKH-TRAD,ASM-FLOOR-LADAKH-INS-SLAB,0.452,0.247,0.444,8.0,5.475,-10.689,16.446,11.725,27.135,673.495,79.046,28.652,False,0.0,NON_COMPLIANT,0.97,0.01125,0.875,-17.2,27.9,0.9208333333333333,4.0,50.0,10.0,5.0,3.0,2.0,1.301,25.0,180.0,8.0,0.0,0.2,345.0,0.452,300.0,0.247,180.0,0.444,1.0,1.2,1.8,1.5
TC-LEH-0275,TRAIN,LOC-IN-LEH,Leh,Cold-Arid (High Altitude Alpine),34.1526,77.5771,3500.0,8,high,work,50.0,10.0,5.0,3.0,2.0,25.0,180.0,ASM-WALL-LADAKH-IMP-TRAD,ASM-ROOF-LADAKH-INS-MOD,ASM-FLOOR-WARM-TILED,0.452,0.25,2.1,8.0,0.619,-10.665,8.304,6.869,18.969,487.935,102.36,34.669,False,0.0,NON_COMPLIANT,0.97,0.01125,0.875,-17.2,27.9,0.9208333333333333,8.0,50.0,10.0,5.0,3.0,2.0,1.301,25.0,180.0,8.0,0.0,0.2,345.0,0.452,153.0,0.25,150.0,2.1,2.0,1.2,1.8,1.5
TC-LEH-0276,TRAIN,LOC-IN-LEH,Leh,Cold-Arid (High Altitude Alpine),34.1526,77.5771,3500.0,1,low,residential,50.0,10.0,5.0,3.0,2.0,25.0,180.0,ASM-WALL-LADAKH-IMP-TRAD,ASM-ROOF-WARM-SLAB,ASM-FLOOR-LADAKH-TRAD,0.452,3.476,0.85,8.0,1.903,-10.734,10.463,8.153,21.197,636.383,150.617,10.174,False,0.0,NON_COMPLIANT,0.97,0.01125,0.875,-17.2,27.9,0.9208333333333333,1.0,50.0,10.0,5.0,3.0,2.0,1.301,25.0,180.0,8.0,0.0,0.2,345.0,0.452,162.5,3.476,250.0,0.85,0.5,1.2,1.8,1.5
TC-LEH-0277,TRAIN,LOC-IN-LEH,Leh,Cold-Arid (High Altitude Alpine),34.1526,77.5771,3500.0,2,medium,emergency,50.0,10.0,5.0,3.0,2.0,25.0,180.0,ASM-WALL-LADAKH-INS-MOD,ASM-ROOF-LADAKH-TRAD,ASM-FLOOR-LADAKH-INS-SLAB,0.314,0.247,0.444,8.0,3.942,-10.715,13.776,10.192,24.491,645.915,77.416,25.067,True,78.37,ACCEPTABLE,0.97,0.01125,0.875,-17.2,27.9,0.9208333333333333,2.0,50.0,10.0,5.0,3.0,2.0,1.301,25.0,180.0,8.0,0.0,0.2,392.5,0.314,300.0,0.247,180.0,0.444,1.0,1.2,1.8,1.5
TC-LEH-0278,TRAIN,LOC-IN-LEH,Leh,Cold-Arid (High Altitude Alpine),34.1526,77.5771,3500.0,4,high,work,50.0,10.0,5.0,3.0,2.0,25.0,180.0,ASM-WALL-LADAKH-INS-MOD,ASM-ROOF-LADAKH-INS-MOD,ASM-FLOOR-WARM-TILED,0.314,0.25,2.1,8.0,-0.542,-10.703,6.317,5.708,17.02,460.354,92.865,29.79,True,63.82,ACCEPTABLE,0.97,0.01125,0.875,-17.2,27.9,0.9208333333333333,4.0,50.0,10.0,5.0,3.0,2.0,1.301,25.0,180.0,8.0,0.0,0.2,392.5,0.314,153.0,0.25,150.0,2.1,2.0,1.2,1.8,1.5
TC-LEH-0279,TRAIN,LOC-IN-LEH,Leh,Cold-Arid (High Altitude Alpine),34.1526,77.5771,3500.0,8,low,residential,50.0,10.0,5.0,3.0,2.0,25.0,180.0,ASM-WALL-LADAKH-INS-MOD,ASM-ROOF-WARM-SLAB,ASM-FLOOR-LADAKH-TRAD,0.314,3.476,0.85,8.0,1.245,-10.672,9.161,7.495,19.834,608.802,145.658,9.42,False,0.0,NON_COMPLIANT,0.97,0.01125,0.875,-17.2,27.9,0.9208333333333333,8.0,50.0,10.0,5.0,3.0,2.0,1.301,25.0,180.0,8.0,0.0,0.2,392.5,0.314,162.5,3.476,250.0,0.85,0.5,1.2,1.8,1.5
TC-LEH-0280,TRAIN,LOC-IN-LEH,Leh,Cold-Arid (High Altitude Alpine),34.1526,77.5771,3500.0,1,medium,emergency,50.0,10.0,5.0,3.0,2.0,25.0,180.0,ASM-WALL-LADAKH-LIGHT-INS,ASM-ROOF-LADAKH-TRAD,ASM-FLOOR-LADAKH-INS-SLAB,0.284,0.247,0.444,8.0,8.042,-10.789,30.759,14.292,41.549,535.592,50.913,34.874,True,64.9,ACCEPTABLE,0.97,0.01125,0.875,-17.2,27.9,0.9208333333333333,1.0,50.0,10.0,5.0,3.0,2.0,1.301,25.0,180.0,8.0,0.0,0.2,152.0,0.284,300.0,0.247,180.0,0.444,1.0,1.2,1.8,1.5
TC-LEH-0281,TRAIN,LOC-IN-LEH,Leh,Cold-Arid (High Altitude Alpine),34.1526,77.5771,3500.0,2,high,work,50.0,10.0,5.0,3.0,2.0,25.0,180.0,ASM-WALL-LADAKH-LIGHT-INS,ASM-ROOF-LADAKH-INS-MOD,ASM-FLOOR-WARM-TILED,0.284,0.25,2.1,8.0,1.05,-10.765,13.07,7.3,23.836,350.031,84.558,36.716,True,56.53,SUB_OPTIMAL,0.97,0.01125,0.875,-17.2,27.9,0.9208333333333333,2.0,50.0,10.0,5.0,3.0,2.0,1.301,25.0,180.0,8.0,0.0,0.2,152.0,0.284,153.0,0.25,150.0,2.1,2.0,1.2,1.8,1.5
TC-LEH-0282,TRAIN,LOC-IN-LEH,Leh,Cold-Arid (High Altitude Alpine),34.1526,77.5771,3500.0,4,low,residential,50.0,10.0,5.0,3.0,2.0,25.0,180.0,ASM-WALL-LADAKH-LIGHT-INS,ASM-ROOF-WARM-SLAB,ASM-FLOOR-LADAKH-TRAD,0.284,3.476,0.85,8.0,3.548,-10.699,15.643,9.798,26.343,498.48,146.432,11.997,False,0.0,NON_COMPLIANT,0.97,0.01125,0.875,-17.2,27.9,0.9208333333333333,4.0,50.0,10.0,5.0,3.0,2.0,1.301,25.0,180.0,8.0,0.0,0.2,152.0,0.284,162.5,3.476,250.0,0.85,0.5,1.2,1.8,1.5
TC-LEH-0283,TRAIN,LOC-IN-LEH,Leh,Cold-Arid (High Altitude Alpine),34.1526,77.5771,3500.0,8,medium,emergency,50.0,10.0,5.0,3.0,2.0,25.0,180.0,ASM-WALL-SHIMLA-COLD,ASM-ROOF-LADAKH-TRAD,ASM-FLOOR-LADAKH-INS-SLAB,0.347,0.247,0.444,8.0,1.173,-10.673,8.926,7.423,19.599,590.753,96.278,18.756,True,71.72,ACCEPTABLE,0.97,0.01125,0.875,-17.2,27.9,0.9208333333333333,8.0,50.0,10.0,5.0,3.0,2.0,1.301,25.0,180.0,8.0,0.0,0.2,410.0,0.347,300.0,0.247,180.0,0.444,1.0,1.2,1.8,1.5
TC-LEH-0284,TRAIN,LOC-IN-LEH,Leh,Cold-Arid (High Altitude Alpine),34.1526,77.5771,3500.0,1,high,work,50.0,10.0,5.0,3.0,2.0,25.0,180.0,ASM-WALL-SHIMLA-COLD,ASM-ROOF-LADAKH-INS-MOD,ASM-FLOOR-WARM-TILED,0.347,0.25,2.1,8.0,-2.673,-10.733,2.673,3.577,13.406,405.193,90.799,21.933,True,57.21,SUB_OPTIMAL,0.97,0.01125,0.875,-17.2,27.9,0.9208333333333333,1.0,50.0,10.0,5.0,3.0,2.0,1.301,25.0,180.0,8.0,0.0,0.2,410.0,0.347,153.0,0.25,150.0,2.1,2.0,1.2,1.8,1.5
TC-LEH-0285,TRAIN,LOC-IN-LEH,Leh,Cold-Arid (High Altitude Alpine),34.1526,77.5771,3500.0,2,low,residential,50.0,10.0,5.0,3.0,2.0,25.0,180.0,ASM-WALL-SHIMLA-COLD,ASM-ROOF-WARM-SLAB,ASM-FLOOR-LADAKH-TRAD,0.347,3.476,0.85,8.0,-1.152,-10.722,5.157,5.098,15.879,553.641,134.312,6.869,False,0.0,NON_COMPLIANT,0.97,0.01125,0.875,-17.2,27.9,0.9208333333333333,2.0,50.0,10.0,5.0,3.0,2.0,1.301,25.0,180.0,8.0,0.0,0.2,410.0,0.347,162.5,3.476,250.0,0.85,0.5,1.2,1.8,1.5
TC-LEH-0286,TRAIN,LOC-IN-LEH,Leh,Cold-Arid (High Altitude Alpine),34.1526,77.5771,3500.0,4,medium,emergency,50.0,10.0,5.0,3.0,2.0,25.0,270.0,ASM-WALL-LADAKH-TRAD,ASM-ROOF-LADAKH-TRAD,ASM-FLOOR-LADAKH-INS-SLAB,1.591,0.247,0.444,8.0,1.958,-10.69,10.243,8.208,20.933,570.068,46.497,20.544,False,0.0,NON_COMPLIANT,0.97,0.01125,0.875,-17.2,27.9,0.9208333333333333,4.0,50.0,10.0,5.0,3.0,2.0,1.301,25.0,270.0,8.0,0.0,0.4,465.0,1.591,300.0,0.247,180.0,0.444,1.0,1.2,1.8,1.5
TC-LEH-0287,TRAIN,LOC-IN-LEH,Leh,Cold-Arid (High Altitude Alpine),34.1526,77.5771,3500.0,8,high,work,50.0,10.0,5.0,3.0,2.0,25.0,270.0,ASM-WALL-LADAKH-TRAD,ASM-ROOF-LADAKH-INS-MOD,ASM-FLOOR-WARM-TILED,1.591,0.25,2.1,8.0,-1.984,-10.673,3.694,4.266,14.366,384.507,65.658,24.275,False,0.0,NON_COMPLIANT,0.97,0.01125,0.875,-17.2,27.9,0.9208333333333333,8.0,50.0,10.0,5.0,3.0,2.0,1.301,25.0,270.0,8.0,0.0,0.4,465.0,1.591,153.0,0.25,150.0,2.1,2.0,1.2,1.8,1.5
TC-LEH-0288,TRAIN,LOC-IN-LEH,Leh,Cold-Arid (High Altitude Alpine),34.1526,77.5771,3500.0,1,low,residential,50.0,10.0,5.0,3.0,2.0,25.0,270.0,ASM-WALL-LADAKH-TRAD,ASM-ROOF-WARM-SLAB,ASM-FLOOR-LADAKH-TRAD,1.591,3.476,0.85,8.0,-0.671,-10.727,5.943,5.579,16.669,532.956,101.552,7.352,False,0.0,NON_COMPLIANT,0.97,0.01125,0.875,-17.2,27.9,0.9208333333333333,1.0,50.0,10.0,5.0,3.0,2.0,1.301,25.0,270.0,8.0,0.0,0.4,465.0,1.591,162.5,3.476,250.0,0.85,0.5,1.2,1.8,1.5
TC-LEH-0289,TRAIN,LOC-IN-LEH,Leh,Cold-Arid (High Altitude Alpine),34.1526,77.5771,3500.0,2,medium,emergency,50.0,10.0,5.0,3.0,2.0,25.0,270.0,ASM-WALL-LADAKH-IMP-TRAD,ASM-ROOF-LADAKH-TRAD,ASM-FLOOR-LADAKH-INS-SLAB,0.452,0.247,0.444,8.0,3.372,-10.716,12.922,9.622,23.638,570.068,65.458,23.727,False,0.0,NON_COMPLIANT,0.97,0.01125,0.875,-17.2,27.9,0.9208333333333333,2.0,50.0,10.0,5.0,3.0,2.0,1.301,25.0,270.0,8.0,0.0,0.4,345.0,0.452,300.0,0.247,180.0,0.444,1.0,1.2,1.8,1.5
TC-LEH-0290,TRAIN,LOC-IN-LEH,Leh,Cold-Arid (High Altitude Alpine),34.1526,77.5771,3500.0,4,high,work,50.0,10.0,5.0,3.0,2.0,25.0,270.0,ASM-WALL-LADAKH-IMP-TRAD,ASM-ROOF-LADAKH-INS-MOD,ASM-FLOOR-WARM-TILED,0.452,0.25,2.1,8.0,-1.275,-10.702,5.147,4.975,15.85,384.507,79.033,26.768,False,0.0,NON_COMPLIANT,0.97,0.01125,0.875,-17.2,27.9,0.9208333333333333,4.0,50.0,10.0,5.0,3.0,2.0,1.301,25.0,270.0,8.0,0.0,0.4,345.0,0.452,153.0,0.25,150.0,2.1,2.0,1.2,1.8,1.5
TC-LEH-0291,TRAIN,LOC-IN-LEH,Leh,Cold-Arid (High Altitude Alpine),34.1526,77.5771,3500.0,8,low,residential,50.0,10.0,5.0,3.0,2.0,25.0,270.0,ASM-WALL-LADAKH-IMP-TRAD,ASM-ROOF-WARM-SLAB,ASM-FLOOR-LADAKH-TRAD,0.452,3.476,0.85,8.0,0.656,-10.67,8.225,6.906,18.895,532.956,129.487,8.747,False,0.0,NON_COMPLIANT,0.97,0.01125,0.875,-17.2,27.9,0.9208333333333333,8.0,50.0,10.0,5.0,3.0,2.0,1.301,25.0,270.0,8.0,0.0,0.4,345.0,0.452,162.5,3.476,250.0,0.85,0.5,1.2,1.8,1.5
TC-LEH-0292,TRAIN,LOC-IN-LEH,Leh,Cold-Arid (High Altitude Alpine),34.1526,77.5771,3500.0,1,medium,emergency,50.0,10.0,5.0,3.0,2.0,25.0,270.0,ASM-WALL-LADAKH-INS-MOD,ASM-ROOF-LADAKH-TRAD,ASM-FLOOR-LADAKH-INS-SLAB,0.314,0.247,0.444,8.0,2.13,-10.728,10.742,8.38,21.47,549.382,64.539,20.897,True,74.3,ACCEPTABLE,0.97,0.01125,0.875,-17.2,27.9,0.9208333333333333,1.0,50.0,10.0,5.0,3.0,2.0,1.301,25.0,270.0,8.0,0.0,0.4,392.5,0.314,300.0,0.247,180.0,0.444,1.0,1.2,1.8,1.5
TC-LEH-0293,TRAIN,LOC-IN-LEH,Leh,Cold-Arid (High Altitude Alpine),34.1526,77.5771,3500.0,2,high,work,50.0,10.0,5.0,3.0,2.0,25.0,270.0,ASM-WALL-LADAKH-INS-MOD,ASM-ROOF-LADAKH-INS-MOD,ASM-FLOOR-WARM-TILED,0.314,0.25,2.1,8.0,-2.143,-10.725,3.634,4.107,14.359,363.822,73.704,23.644,True,59.54,SUB_OPTIMAL,0.97,0.01125,0.875,-17.2,27.9,0.9208333333333333,2.0,50.0,10.0,5.0,3.0,2.0,1.301,25.0,270.0,8.0,0.0,0.4,392.5,0.314,153.0,0.25,150.0,2.1,2.0,1.2,1.8,1.5
TC-LEH-0294,TRAIN,LOC-IN-LEH,Leh,Cold-Arid (High Altitude Alpine),34.1526,77.5771,3500.0,4,low,residential,50.0,10.0,5.0,3.0,2.0,25.0,270.0,ASM-WALL-LADAKH-INS-MOD,ASM-ROOF-WARM-SLAB,ASM-FLOOR-LADAKH-TRAD,0.314,3.476,0.85,8.0,-0.352,-10.702,6.535,5.898,17.237,512.27,118.403,7.657,False,0.0,NON_COMPLIANT,0.97,0.01125,0.875,-17.2,27.9,0.9208333333333333,4.0,50.0,10.0,5.0,3.0,2.0,1.301,25.0,270.0,8.0,0.0,0.4,392.5,0.314,162.5,3.476,250.0,0.85,0.5,1.2,1.8,1.5
TC-LEH-0295,TRAIN,LOC-IN-LEH,Leh,Cold-Arid (High Altitude Alpine),34.1526,77.5771,3500.0,8,medium,emergency,50.0,10.0,5.0,3.0,2.0,25.0,270.0,ASM-WALL-LADAKH-LIGHT-INS,ASM-ROOF-LADAKH-TRAD,ASM-FLOOR-LADAKH-INS-SLAB,0.284,0.247,0.444,8.0,6.937,-10.566,27.154,13.187,37.72,466.64,46.884,32.114,True,67.96,ACCEPTABLE,0.97,0.01125,0.875,-17.2,27.9,0.9208333333333333,8.0,50.0,10.0,5.0,3.0,2.0,1.301,25.0,270.0,8.0,0.0,0.4,152.0,0.284,300.0,0.247,180.0,0.444,1.0,1.2,1.8,1.5
TC-LEH-0296,TRAIN,LOC-IN-LEH,Leh,Cold-Arid (High Altitude Alpine),34.1526,77.5771,3500.0,1,high,work,50.0,10.0,5.0,3.0,2.0,25.0,270.0,ASM-WALL-LADAKH-LIGHT-INS,ASM-ROOF-LADAKH-INS-MOD,ASM-FLOOR-WARM-TILED,0.284,0.25,2.1,8.0,-0.496,-10.797,9.705,5.754,20.502,281.079,69.187,30.041,True,53.01,SUB_OPTIMAL,0.97,0.01125,0.875,-17.2,27.9,0.9208333333333333,1.0,50.0,10.0,5.0,3.0,2.0,1.301,25.0,270.0,8.0,0.0,0.4,152.0,0.284,153.0,0.25,150.0,2.1,2.0,1.2,1.8,1.5
TC-LEH-0297,TRAIN,LOC-IN-LEH,Leh,Cold-Arid (High Altitude Alpine),34.1526,77.5771,3500.0,2,low,residential,50.0,10.0,5.0,3.0,2.0,25.0,270.0,ASM-WALL-LADAKH-LIGHT-INS,ASM-ROOF-WARM-SLAB,ASM-FLOOR-LADAKH-TRAD,0.284,3.476,0.85,8.0,2.026,-10.746,12.769,8.276,23.515,429.528,125.201,10.258,False,0.0,NON_COMPLIANT,0.97,0.01125,0.875,-17.2,27.9,0.9208333333333333,2.0,50.0,10.0,5.0,3.0,2.0,1.301,25.0,270.0,8.0,0.0,0.4,152.0,0.284,162.5,3.476,250.0,0.85,0.5,1.2,1.8,1.5
TC-LEH-0298,TRAIN,LOC-IN-LEH,Leh,Cold-Arid (High Altitude Alpine),34.1526,77.5771,3500.0,4,medium,emergency,50.0,10.0,5.0,3.0,2.0,25.0,270.0,ASM-WALL-SHIMLA-COLD,ASM-ROOF-LADAKH-TRAD,ASM-FLOOR-LADAKH-INS-SLAB,0.347,0.247,0.444,8.0,-0.282,-10.697,6.553,5.968,17.25,508.011,79.67,15.52,True,67.78,ACCEPTABLE,0.97,0.01125,0.875,-17.2,27.9,0.9208333333333333,4.0,50.0,10.0,5.0,3.0,2.0,1.301,25.0,270.0,8.0,0.0,0.4,410.0,0.347,300.0,0.247,180.0,0.444,1.0,1.2,1.8,1.5
TC-LEH-0299,TRAIN,LOC-IN-LEH,Leh,Cold-Arid (High Altitude Alpine),34.1526,77.5771,3500.0,8,high,work,50.0,10.0,5.0,3.0,2.0,25.0,270.0,ASM-WALL-SHIMLA-COLD,ASM-ROOF-LADAKH-INS-MOD,ASM-FLOOR-WARM-TILED,0.347,0.25,2.1,8.0,-3.486,-10.675,1.202,2.764,11.877,322.451,80.603,19.471,True,55.18,SUB_OPTIMAL,0.97,0.01125,0.875,-17.2,27.9,0.9208333333333333,8.0,50.0,10.0,5.0,3.0,2.0,1.301,25.0,270.0,8.0,0.0,0.4,410.0,0.347,153.0,0.25,150.0,2.1,2.0,1.2,1.8,1.5
TC-LEH-0300,TRAIN,LOC-IN-LEH,Leh,Cold-Arid (High Altitude Alpine),34.1526,77.5771,3500.0,1,low,residential,50.0,10.0,5.0,3.0,2.0,25.0,270.0,ASM-WALL-SHIMLA-COLD,ASM-ROOF-WARM-SLAB,ASM-FLOOR-LADAKH-TRAD,0.347,3.476,0.85,8.0,-2.24,-10.73,3.347,4.01,14.077,470.899,114.51,5.857,False,0.0,NON_COMPLIANT,0.97,0.01125,0.875,-17.2,27.9,0.9208333333333333,1.0,50.0,10.0,5.0,3.0,2.0,1.301,25.0,270.0,8.0,0.0,0.4,410.0,0.347,162.5,3.476,250.0,0.85,0.5,1.2,1.8,1.5
TC-SHIMLA-0301,TEST,LOC-IN-SHIMLA,Shimla,Cold-Humid (Montane Himalayan),31.1048,77.1734,2200.0,2,medium,emergency,14.98,4.5,3.33,2.8,1.35,30.0,0.0,ASM-WALL-LADAKH-TRAD,ASM-ROOF-LADAKH-TRAD,ASM-FLOOR-LADAKH-INS-SLAB,1.591,0.247,0.444,3.8,12.264,1.694,19.173,4.881,17.479,190.373,17.602,4.724,False,0.0,NON_COMPLIANT,0.62,0.03,0.55,-7.3,28.0,0.8233333333333334,2.0,14.98,4.5,3.33,2.8,1.35,1.815,30.0,0.0,3.8,0.0,0.14285714285714288,465.0,1.591,300.0,0.247,180.0,0.444,1.0,0.4,1.5,2.5
TC-SHIMLA-0302,TEST,LOC-IN-SHIMLA,Shimla,Cold-Humid (Montane Himalayan),31.1048,77.1734,2200.0,4,high,work,14.98,4.5,3.33,2.8,1.35,30.0,0.0,ASM-WALL-LADAKH-TRAD,ASM-ROOF-LADAKH-INS-MOD,ASM-FLOOR-WARM-TILED,1.591,0.25,2.1,3.8,9.839,1.729,15.063,2.456,13.334,129.665,26.233,7.39,False,0.0,NON_COMPLIANT,0.62,0.03,0.55,-7.3,28.0,0.8233333333333334,4.0,14.98,4.5,3.33,2.8,1.35,1.815,30.0,0.0,3.8,0.0,0.14285714285714288,465.0,1.591,153.0,0.25,150.0,2.1,2.0,0.4,1.5,2.5
TC-SHIMLA-0303,TEST,LOC-IN-SHIMLA,Shimla,Cold-Humid (Montane Himalayan),31.1048,77.1734,2200.0,8,low,residential,14.98,4.5,3.33,2.8,1.35,30.0,0.0,ASM-WALL-LADAKH-TRAD,ASM-ROOF-WARM-SLAB,ASM-FLOOR-LADAKH-TRAD,1.591,3.476,0.85,3.8,11.487,1.756,17.692,4.103,15.936,178.231,38.903,2.181,False,0.0,NON_COMPLIANT,0.62,0.03,0.55,-7.3,28.0,0.8233333333333334,8.0,14.98,4.5,3.33,2.8,1.35,1.815,30.0,0.0,3.8,0.0,0.14285714285714288,465.0,1.591,162.5,3.476,250.0,0.85,0.5,0.4,1.5,2.5
TC-SHIMLA-0304,TEST,LOC-IN-SHIMLA,Shimla,Cold-Humid (Montane Himalayan),31.1048,77.1734,2200.0,1,medium,emergency,14.98,4.5,3.33,2.8,1.35,30.0,0.0,ASM-WALL-LADAKH-IMP-TRAD,ASM-ROOF-LADAKH-TRAD,ASM-FLOOR-LADAKH-INS-SLAB,0.452,0.247,0.444,3.8,13.569,1.66,21.617,6.185,19.958,190.373,24.481,5.332,False,0.0,NON_COMPLIANT,0.62,0.03,0.55,-7.3,28.0,0.8233333333333334,1.0,14.98,4.5,3.33,2.8,1.35,1.815,30.0,0.0,3.8,0.0,0.14285714285714288,345.0,0.452,300.0,0.247,180.0,0.444,1.0,0.4,1.5,2.5
TC-SHIMLA-0305,TEST,LOC-IN-SHIMLA,Shimla,Cold-Humid (Montane Himalayan),31.1048,77.1734,2200.0,2,high,work,14.98,4.5,3.33,2.8,1.35,30.0,0.0,ASM-WALL-LADAKH-IMP-TRAD,ASM-ROOF-LADAKH-INS-MOD,ASM-FLOOR-WARM-TILED,0.452,0.25,2.1,3.8,10.616,1.677,16.595,3.233,14.918,129.665,31.415,7.889,False,0.0,NON_COMPLIANT,0.62,0.03,0.55,-7.3,28.0,0.8233333333333334,2.0,14.98,4.5,3.33,2.8,1.35,1.815,30.0,0.0,3.8,0.0,0.14285714285714288,345.0,0.452,153.0,0.25,150.0,2.1,2.0,0.4,1.5,2.5
TC-SHIMLA-0306,TEST,LOC-IN-SHIMLA,Shimla,Cold-Humid (Montane Himalayan),31.1048,77.1734,2200.0,4,low,residential,14.98,4.5,3.33,2.8,1.35,30.0,0.0,ASM-WALL-LADAKH-IMP-TRAD,ASM-ROOF-WARM-SLAB,ASM-FLOOR-LADAKH-TRAD,0.452,3.476,0.85,3.8,12.174,1.729,19.113,4.791,17.384,178.231,45.325,2.316,False,0.0,NON_COMPLIANT,0.62,0.03,0.55,-7.3,28.0,0.8233333333333334,4.0,14.98,4.5,3.33,2.8,1.35,1.815,30.0,0.0,3.8,0.0,0.14285714285714288,345.0,0.452,162.5,3.476,250.0,0.85,0.5,0.4,1.5,2.5
TC-SHIMLA-0307,TEST,LOC-IN-SHIMLA,Shimla,Cold-Humid (Montane Himalayan),31.1048,77.1734,2200.0,8,medium,emergency,14.98,4.5,3.33,2.8,1.35,30.0,0.0,ASM-WALL-LADAKH-INS-MOD,ASM-ROOF-LADAKH-TRAD,ASM-FLOOR-LADAKH-INS-SLAB,0.314,0.247,0.444,3.8,13.46,1.774,21.031,6.076,19.257,183.347,27.146,5.254,True,75.91,ACCEPTABLE,0.62,0.03,0.55,-7.3,28.0,0.8233333333333334,8.0,14.98,4.5,3.33,2.8,1.35,1.815,30.0,0.0,3.8,0.0,0.14285714285714288,392.5,0.314,300.0,0.247,180.0,0.444,1.0,0.4,1.5,2.5
TC-SHIMLA-0308,TEST,LOC-IN-SHIMLA,Shimla,Cold-Humid (Montane Himalayan),31.1048,77.1734,2200.0,1,high,work,14.98,4.5,3.33,2.8,1.35,30.0,0.0,ASM-WALL-LADAKH-INS-MOD,ASM-ROOF-LADAKH-INS-MOD,ASM-FLOOR-WARM-TILED,0.314,0.25,2.1,3.8,9.79,1.653,15.172,2.407,13.518,122.639,31.196,7.306,True,62.47,ACCEPTABLE,0.62,0.03,0.55,-7.3,28.0,0.8233333333333334,1.0,14.98,4.5,3.33,2.8,1.35,1.815,30.0,0.0,3.8,0.0,0.14285714285714288,392.5,0.314,153.0,0.25,150.0,2.1,2.0,0.4,1.5,2.5
TC-SHIMLA-0309,TEST,LOC-IN-SHIMLA,Shimla,Cold-Humid (Montane Himalayan),31.1048,77.1734,2200.0,2,low,residential,14.98,4.5,3.33,2.8,1.35,30.0,0.0,ASM-WALL-LADAKH-INS-MOD,ASM-ROOF-WARM-SLAB,ASM-FLOOR-LADAKH-TRAD,0.314,3.476,0.85,3.8,11.195,1.68,17.481,3.811,15.801,171.206,43.754,2.112,False,0.0,NON_COMPLIANT,0.62,0.03,0.55,-7.3,28.0,0.8233333333333334,2.0,14.98,4.5,3.33,2.8,1.35,1.815,30.0,0.0,3.8,0.0,0.14285714285714288,392.5,0.314,162.5,3.476,250.0,0.85,0.5,0.4,1.5,2.5
TC-SHIMLA-0310,TEST,LOC-IN-SHIMLA,Shimla,Cold-Humid (Montane Himalayan),31.1048,77.1734,2200.0,4,medium,emergency,14.98,4.5,3.33,2.8,1.35,30.0,0.0,ASM-WALL-LADAKH-LIGHT-INS,ASM-ROOF-LADAKH-TRAD,ASM-FLOOR-LADAKH-INS-SLAB,0.284,0.247,0.444,3.8,17.279,1.873,35.992,9.896,34.118,155.246,16.925,7.284,True,77.49,ACCEPTABLE,0.62,0.03,0.55,-7.3,28.0,0.8233333333333334,4.0,14.98,4.5,3.33,2.8,1.35,1.815,30.0,0.0,3.8,0.0,0.14285714285714288,152.0,0.284,300.0,0.247,180.0,0.444,1.0,0.4,1.5,2.5
TC-SHIMLA-0311,TEST,LOC-IN-SHIMLA,Shimla,Cold-Humid (Montane Himalayan),31.1048,77.1734,2200.0,8,high,work,14.98,4.5,3.33,2.8,1.35,30.0,0.0,ASM-WALL-LADAKH-LIGHT-INS,ASM-ROOF-LADAKH-INS-MOD,ASM-FLOOR-WARM-TILED,0.284,0.25,2.1,3.8,13.308,1.971,24.721,5.924,22.75,94.537,27.554,9.673,True,61.15,ACCEPTABLE,0.62,0.03,0.55,-7.3,28.0,0.8233333333333334,8.0,14.98,4.5,3.33,2.8,1.35,1.815,30.0,0.0,3.8,0.0,0.14285714285714288,152.0,0.284,153.0,0.25,150.0,2.1,2.0,0.4,1.5,2.5
TC-SHIMLA-0312,TEST,LOC-IN-SHIMLA,Shimla,Cold-Humid (Montane Himalayan),31.1048,77.1734,2200.0,1,low,residential,14.98,4.5,3.33,2.8,1.35,30.0,0.0,ASM-WALL-LADAKH-LIGHT-INS,ASM-ROOF-WARM-SLAB,ASM-FLOOR-LADAKH-TRAD,0.284,3.476,0.85,3.8,14.021,1.589,25.705,6.638,24.116,143.104,41.074,2.732,False,0.0,NON_COMPLIANT,0.62,0.03,0.55,-7.3,28.0,0.8233333333333334,1.0,14.98,4.5,3.33,2.8,1.35,1.815,30.0,0.0,3.8,0.0,0.14285714285714288,152.0,0.284,162.5,3.476,250.0,0.85,0.5,0.4,1.5,2.5
TC-SHIMLA-0313,TEST,LOC-IN-SHIMLA,Shimla,Cold-Humid (Montane Himalayan),31.1048,77.1734,2200.0,2,medium,emergency,14.98,4.5,3.33,2.8,1.35,30.0,0.0,ASM-WALL-SHIMLA-COLD,ASM-ROOF-LADAKH-TRAD,ASM-FLOOR-LADAKH-INS-SLAB,0.347,0.247,0.444,3.8,10.645,1.684,16.484,3.261,14.8,169.297,35.095,4.017,True,67.97,ACCEPTABLE,0.62,0.03,0.55,-7.3,28.0,0.8233333333333334,2.0,14.98,4.5,3.33,2.8,1.35,1.815,30.0,0.0,3.8,0.0,0.14285714285714288,410.0,0.347,300.0,0.247,180.0,0.444,1.0,0.4,1.5,2.5
TC-SHIMLA-0314,TEST,LOC-IN-SHIMLA,Shimla,Cold-Humid (Montane Himalayan),31.1048,77.1734,2200.0,4,high,work,14.98,4.5,3.33,2.8,1.35,30.0,0.0,ASM-WALL-SHIMLA-COLD,ASM-ROOF-LADAKH-INS-MOD,ASM-FLOOR-WARM-TILED,0.347,0.25,2.1,3.8,8.663,1.715,13.105,1.28,11.39,108.588,39.977,6.602,True,59.41,SUB_OPTIMAL,0.62,0.03,0.55,-7.3,28.0,0.8233333333333334,4.0,14.98,4.5,3.33,2.8,1.35,1.815,30.0,0.0,3.8,0.0,0.14285714285714288,410.0,0.347,153.0,0.25,150.0,2.1,2.0,0.4,1.5,2.5
TC-SHIMLA-0315,TEST,LOC-IN-SHIMLA,Shimla,Cold-Humid (Montane Himalayan),31.1048,77.1734,2200.0,8,low,residential,14.98,4.5,3.33,2.8,1.35,30.0,0.0,ASM-WALL-SHIMLA-COLD,ASM-ROOF-WARM-SLAB,ASM-FLOOR-LADAKH-TRAD,0.347,3.476,0.85,3.8,10.163,1.751,15.507,2.78,13.757,157.155,53.118,1.907,False,0.0,NON_COMPLIANT,0.62,0.03,0.55,-7.3,28.0,0.8233333333333334,8.0,14.98,4.5,3.33,2.8,1.35,1.815,30.0,0.0,3.8,0.0,0.14285714285714288,410.0,0.347,162.5,3.476,250.0,0.85,0.5,0.4,1.5,2.5
TC-SHIMLA-0316,TEST,LOC-IN-SHIMLA,Shimla,Cold-Humid (Montane Himalayan),31.1048,77.1734,2200.0,1,medium,emergency,14.98,4.5,3.33,2.8,1.35,30.0,90.0,ASM-WALL-LADAKH-TRAD,ASM-ROOF-LADAKH-TRAD,ASM-FLOOR-LADAKH-INS-SLAB,1.591,0.247,0.444,3.8,14.142,1.671,22.371,6.759,20.7,243.063,21.135,5.672,False,0.0,NON_COMPLIANT,0.62,0.03,0.55,-7.3,28.0,0.8233333333333334,1.0,14.98,4.5,3.33,2.8,1.35,1.815,30.0,90.0,3.8,0.0,0.19305019305019305,465.0,1.591,300.0,0.247,180.0,0.444,1.0,0.4,1.5,2.5
TC-SHIMLA-0317,TEST,LOC-IN-SHIMLA,Shimla,Cold-Humid (Montane Himalayan),31.1048,77.1734,2200.0,2,high,work,14.98,4.5,3.33,2.8,1.35,30.0,90.0,ASM-WALL-LADAKH-TRAD,ASM-ROOF-LADAKH-INS-MOD,ASM-FLOOR-WARM-TILED,1.591,0.25,2.1,3.8,11.437,1.685,17.836,4.053,16.151,182.355,30.851,8.691,False,0.0,NON_COMPLIANT,0.62,0.03,0.55,-7.3,28.0,0.8233333333333334,2.0,14.98,4.5,3.33,2.8,1.35,1.815,30.0,90.0,3.8,0.0,0.19305019305019305,465.0,1.591,153.0,0.25,150.0,2.1,2.0,0.4,1.5,2.5
TC-SHIMLA-0318,TEST,LOC-IN-SHIMLA,Shimla,Cold-Humid (Montane Himalayan),31.1048,77.1734,2200.0,4,low,residential,14.98,4.5,3.33,2.8,1.35,30.0,90.0,ASM-WALL-LADAKH-TRAD,ASM-ROOF-WARM-SLAB,ASM-FLOOR-LADAKH-TRAD,1.591,3.476,0.85,3.8,12.797,1.726,20.035,5.414,18.309,230.922,44.329,2.485,False,0.0,NON_COMPLIANT,0.62,0.03,0.55,-7.3,28.0,0.8233333333333334,4.0,14.98,4.5,3.33,2.8,1.35,1.815,30.0,90.0,3.8,0.0,0.19305019305019305,465.0,1.591,162.5,3.476,250.0,0.85,0.5,0.4,1.5,2.5
TC-SHIMLA-0319,TEST,LOC-IN-SHIMLA,Shimla,Cold-Humid (Montane Himalayan),31.1048,77.1734,2200.0,8,medium,emergency,14.98,4.5,3.33,2.8,1.35,30.0,90.0,ASM-WALL-LADAKH-IMP-TRAD,ASM-ROOF-LADAKH-TRAD,ASM-FLOOR-LADAKH-INS-SLAB,0.452,0.247,0.444,3.8,16.704,1.784,26.619,9.321,24.836,243.063,32.416,7.06,False,0.0,NON_COMPLIANT,0.62,0.03,0.55,-7.3,28.0,0.8233333333333334,8.0,14.98,4.5,3.33,2.8,1.35,1.815,30.0,90.0,3.8,0.0,0.19305019305019305,345.0,0.452,300.0,0.247,180.0,0.444,1.0,0.4,1.5,2.5
TC-SHIMLA-0320,TEST,LOC-IN-SHIMLA,Shimla,Cold-Humid (Montane Himalayan),31.1048,77.1734,2200.0,1,high,work,14.98,4.5,3.33,2.8,1.35,30.0,90.0,ASM-WALL-LADAKH-IMP-TRAD,ASM-ROOF-LADAKH-INS-MOD,ASM-FLOOR-WARM-TILED,0.452,0.25,2.1,3.8,12.487,1.65,19.867,5.104,18.217,182.355,38.138,9.577,False,0.0,NON_COMPLIANT,0.62,0.03,0.55,-7.3,28.0,0.8233333333333334,1.0,14.98,4.5,3.33,2.8,1.35,1.815,30.0,90.0,3.8,0.0,0.19305019305019305,345.0,0.452,153.0,0.25,150.0,2.1,2.0,0.4,1.5,2.5
TC-SHIMLA-0321,TEST,LOC-IN-SHIMLA,Shimla,Cold-Humid (Montane Himalayan),31.1048,77.1734,2200.0,2,low,residential,14.98,4.5,3.33,2.8,1.35,30.0,90.0,ASM-WALL-LADAKH-IMP-TRAD,ASM-ROOF-WARM-SLAB,ASM-FLOOR-LADAKH-TRAD,0.452,3.476,0.85,3.8,13.831,1.679,22.035,6.447,20.357,230.922,53.384,2.728,False,0.0,NON_COMPLIANT,0.62,0.03,0.55,-7.3,28.0,0.8233333333333334,2.0,14.98,4.5,3.33,2.8,1.35,1.815,30.0,90.0,3.8,0.0,0.19305019305019305,345.0,0.452,162.5,3.476,250.0,0.85,0.5,0.4,1.5,2.5
TC-SHIMLA-0322,TEST,LOC-IN-SHIMLA,Shimla,Cold-Humid (Montane Himalayan),31.1048,77.1734,2200.0,4,medium,emergency,14.98,4.5,3.33,2.8,1.35,30.0,90.0,ASM-WALL-LADAKH-INS-MOD,ASM-ROOF-LADAKH-TRAD,ASM-FLOOR-LADAKH-INS-SLAB,0.314,0.247,0.444,3.8,14.903,1.737,23.668,7.52,21.931,232.525,31.243,6.047,True,79.54,ACCEPTABLE,0.62,0.03,0.55,-7.3,28.0,0.8233333333333334,4.0,14.98,4.5,3.33,2.8,1.35,1.815,30.0,90.0,3.8,0.0,0.19305019305019305,392.5,0.314,300.0,0.247,180.0,0.444,1.0,0.4,1.5,2.5
TC-SHIMLA-0323,TEST,LOC-IN-SHIMLA,Shimla,Cold-Humid (Montane Himalayan),31.1048,77.1734,2200.0,8,high,work,14.98,4.5,3.33,2.8,1.35,30.0,90.0,ASM-WALL-LADAKH-INS-MOD,ASM-ROOF-LADAKH-INS-MOD,ASM-FLOOR-WARM-TILED,0.314,0.25,2.1,3.8,12.336,1.77,19.217,4.953,17.447,171.817,40.062,9.382,True,69.5,ACCEPTABLE,0.62,0.03,0.55,-7.3,28.0,0.8233333333333334,8.0,14.98,4.5,3.33,2.8,1.35,1.815,30.0,90.0,3.8,0.0,0.19305019305019305,392.5,0.314,153.0,0.25,150.0,2.1,2.0,0.4,1.5,2.5
TC-SHIMLA-0324,TEST,LOC-IN-SHIMLA,Shimla,Cold-Humid (Montane Himalayan),31.1048,77.1734,2200.0,1,low,residential,14.98,4.5,3.33,2.8,1.35,30.0,90.0,ASM-WALL-LADAKH-INS-MOD,ASM-ROOF-WARM-SLAB,ASM-FLOOR-LADAKH-TRAD,0.314,3.476,0.85,3.8,12.756,1.657,20.176,5.373,18.519,220.384,51.226,2.472,False,0.0,NON_COMPLIANT,0.62,0.03,0.55,-7.3,28.0,0.8233333333333334,1.0,14.98,4.5,3.33,2.8,1.35,1.815,30.0,90.0,3.8,0.0,0.19305019305019305,392.5,0.314,162.5,3.476,250.0,0.85,0.5,0.4,1.5,2.5
TC-SHIMLA-0325,TEST,LOC-IN-SHIMLA,Shimla,Cold-Humid (Montane Himalayan),31.1048,77.1734,2200.0,2,medium,emergency,14.98,4.5,3.33,2.8,1.35,30.0,90.0,ASM-WALL-LADAKH-LIGHT-INS,ASM-ROOF-LADAKH-TRAD,ASM-FLOOR-LADAKH-INS-SLAB,0.284,0.247,0.444,3.8,18.841,1.673,40.687,11.457,39.014,190.373,19.376,8.339,True,73.99,ACCEPTABLE,0.62,0.03,0.55,-7.3,28.0,0.8233333333333334,2.0,14.98,4.5,3.33,2.8,1.35,1.815,30.0,90.0,3.8,0.0,0.19305019305019305,152.0,0.284,300.0,0.247,180.0,0.444,1.0,0.4,1.5,2.5
TC-SHIMLA-0326,TEST,LOC-IN-SHIMLA,Shimla,Cold-Humid (Montane Himalayan),31.1048,77.1734,2200.0,4,high,work,14.98,4.5,3.33,2.8,1.35,30.0,90.0,ASM-WALL-LADAKH-LIGHT-INS,ASM-ROOF-LADAKH-INS-MOD,ASM-FLOOR-WARM-TILED,0.284,0.25,2.1,3.8,14.389,1.811,28.181,7.005,26.371,129.665,31.644,11.109,True,62.57,ACCEPTABLE,0.62,0.03,0.55,-7.3,28.0,0.8233333333333334,4.0,14.98,4.5,3.33,2.8,1.35,1.815,30.0,90.0,3.8,0.0,0.19305019305019305,152.0,0.284,153.0,0.25,150.0,2.1,2.0,0.4,1.5,2.5
TC-SHIMLA-0327,TEST,LOC-IN-SHIMLA,Shimla,Cold-Humid (Montane Himalayan),31.1048,77.1734,2200.0,8,low,residential,14.98,4.5,3.33,2.8,1.35,30.0,90.0,ASM-WALL-LADAKH-LIGHT-INS,ASM-ROOF-WARM-SLAB,ASM-FLOOR-LADAKH-TRAD,0.284,3.476,0.85,3.8,16.848,1.896,30.633,9.465,28.736,178.231,52.847,3.515,False,0.0,NON_COMPLIANT,0.62,0.03,0.55,-7.3,28.0,0.8233333333333334,8.0,14.98,4.5,3.33,2.8,1.35,1.815,30.0,90.0,3.8,0.0,0.19305019305019305,152.0,0.284,162.5,3.476,250.0,0.85,0.5,0.4,1.5,2.5
TC-SHIMLA-0328,TEST,LOC-IN-SHIMLA,Shimla,Cold-Humid (Montane Himalayan),31.1048,77.1734,2200.0,1,medium,emergency,14.98,4.5,3.33,2.8,1.35,30.0,90.0,ASM-WALL-SHIMLA-COLD,ASM-ROOF-LADAKH-TRAD,ASM-FLOOR-LADAKH-INS-SLAB,0.347,0.247,0.444,3.8,11.925,1.664,18.679,4.542,17.015,211.449,39.872,4.564,True,71.32,ACCEPTABLE,0.62,0.03,0.55,-7.3,28.0,0.8233333333333334,1.0,14.98,4.5,3.33,2.8,1.35,1.815,30.0,90.0,3.8,0.0,0.19305019305019305,410.0,0.347,300.0,0.247,180.0,0.444,1.0,0.4,1.5,2.5
TC-SHIMLA-0329,TEST,LOC-IN-SHIMLA,Shimla,Cold-Humid (Montane Himalayan),31.1048,77.1734,2200.0,2,high,work,14.98,4.5,3.33,2.8,1.35,30.0,90.0,ASM-WALL-SHIMLA-COLD,ASM-ROOF-LADAKH-INS-MOD,ASM-FLOOR-WARM-TILED,0.347,0.25,2.1,3.8,9.744,1.676,15.002,2.36,13.326,150.741,44.277,7.312,True,62.19,ACCEPTABLE,0.62,0.03,0.55,-7.3,28.0,0.8233333333333334,2.0,14.98,4.5,3.33,2.8,1.35,1.815,30.0,90.0,3.8,0.0,0.19305019305019305,410.0,0.347,153.0,0.25,150.0,2.1,2.0,0.4,1.5,2.5
TC-SHIMLA-0330,TEST,LOC-IN-SHIMLA,Shimla,Cold-Humid (Montane Himalayan),31.1048,77.1734,2200.0,4,low,residential,14.98,4.5,3.33,2.8,1.35,30.0,90.0,ASM-WALL-SHIMLA-COLD,ASM-ROOF-WARM-SLAB,ASM-FLOOR-LADAKH-TRAD,0.347,3.476,0.85,3.8,11.015,1.714,17.069,3.632,15.355,199.307,58.011,2.082,False,0.0,NON_COMPLIANT,0.62,0.03,0.55,-7.3,28.0,0.8233333333333334,4.0,14.98,4.5,3.33,2.8,1.35,1.815,30.0,90.0,3.8,0.0,0.19305019305019305,410.0,0.347,162.5,3.476,250.0,0.85,0.5,0.4,1.5,2.5
TC-SHIMLA-0331,TEST,LOC-IN-SHIMLA,Shimla,Cold-Humid (Montane Himalayan),31.1048,77.1734,2200.0,8,medium,emergency,14.98,4.5,3.33,2.8,1.35,30.0,180.0,ASM-WALL-LADAKH-TRAD,ASM-ROOF-LADAKH-TRAD,ASM-FLOOR-LADAKH-INS-SLAB,1.591,0.247,0.444,3.8,16.94,1.764,26.813,9.557,25.049,295.754,27.112,7.276,False,0.0,NON_COMPLIANT,0.62,0.03,0.55,-7.3,28.0,0.8233333333333334,8.0,14.98,4.5,3.33,2.8,1.35,1.815,30.0,180.0,3.8,0.0,0.14285714285714288,465.0,1.591,300.0,0.247,180.0,0.444,1.0,0.4,1.5,2.5
TC-SHIMLA-0332,TEST,LOC-IN-SHIMLA,Shimla,Cold-Humid (Montane Himalayan),31.1048,77.1734,2200.0,1,high,work,14.98,4.5,3.33,2.8,1.35,30.0,180.0,ASM-WALL-LADAKH-TRAD,ASM-ROOF-LADAKH-INS-MOD,ASM-FLOOR-WARM-TILED,1.591,0.25,2.1,3.8,13.13,1.663,20.736,5.747,19.074,235.046,36.498,10.282,False,0.0,NON_COMPLIANT,0.62,0.03,0.55,-7.3,28.0,0.8233333333333334,1.0,14.98,4.5,3.33,2.8,1.35,1.815,30.0,180.0,3.8,0.0,0.14285714285714288,465.0,1.591,153.0,0.25,150.0,2.1,2.0,0.4,1.5,2.5
TC-SHIMLA-0333,TEST,LOC-IN-SHIMLA,Shimla,Cold-Humid (Montane Himalayan),31.1048,77.1734,2200.0,2,low,residential,14.98,4.5,3.33,2.8,1.35,30.0,180.0,ASM-WALL-LADAKH-TRAD,ASM-ROOF-WARM-SLAB,ASM-FLOOR-LADAKH-TRAD,1.591,3.476,0.85,3.8,14.304,1.685,22.642,6.92,20.957,283.612,51.286,2.875,False,0.0,NON_COMPLIANT,0.62,0.03,0.55,-7.3,28.0,0.8233333333333334,2.0,14.98,4.5,3.33,2.8,1.35,1.815,30.0,180.0,3.8,0.0,0.14285714285714288,465.0,1.591,162.5,3.476,250.0,0.85,0.5,0.4,1.5,2.5
TC-SHIMLA-0334,TEST,LOC-IN-SHIMLA,Shimla,Cold-Humid (Montane Himalayan),31.1048,77.1734,2200.0,4,medium,emergency,14.98,4.5,3.33,2.8,1.35,30.0,180.0,ASM-WALL-LADAKH-IMP-TRAD,ASM-ROOF-LADAKH-TRAD,ASM-FLOOR-LADAKH-INS-SLAB,0.452,0.247,0.444,3.8,18.359,1.742,29.68,10.976,27.938,295.754,37.221,8.107,False,0.0,NON_COMPLIANT,0.62,0.03,0.55,-7.3,28.0,0.8233333333333334,4.0,14.98,4.5,3.33,2.8,1.35,1.815,30.0,180.0,3.8,0.0,0.14285714285714288,345.0,0.452,300.0,0.247,180.0,0.444,1.0,0.4,1.5,2.5
TC-SHIMLA-0335,TEST,LOC-IN-SHIMLA,Shimla,Cold-Humid (Montane Himalayan),31.1048,77.1734,2200.0,8,high,work,14.98,4.5,3.33,2.8,1.35,30.0,180.0,ASM-WALL-LADAKH-IMP-TRAD,ASM-ROOF-LADAKH-INS-MOD,ASM-FLOOR-WARM-TILED,0.452,0.25,2.1,3.8,15.285,1.778,24.342,7.902,22.564,235.046,49.557,12.444,False,0.0,NON_COMPLIANT,0.62,0.03,0.55,-7.3,28.0,0.8233333333333334,8.0,14.98,4.5,3.33,2.8,1.35,1.815,30.0,180.0,3.8,0.0,0.14285714285714288,345.0,0.452,153.0,0.25,150.0,2.1,2.0,0.4,1.5,2.5
TC-SHIMLA-0336,TEST,LOC-IN-SHIMLA,Shimla,Cold-Humid (Montane Himalayan),31.1048,77.1734,2200.0,1,low,residential,14.98,4.5,3.33,2.8,1.35,30.0,180.0,ASM-WALL-LADAKH-IMP-TRAD,ASM-ROOF-WARM-SLAB,ASM-FLOOR-LADAKH-TRAD,0.452,3.476,0.85,3.8,15.586,1.654,25.085,8.203,23.431,283.612,63.031,3.221,False,0.0,NON_COMPLIANT,0.62,0.03,0.55,-7.3,28.0,0.8233333333333334,1.0,14.98,4.5,3.33,2.8,1.35,1.815,30.0,180.0,3.8,0.0,0.14285714285714288,345.0,0.452,162.5,3.476,250.0,0.85,0.5,0.4,1.5,2.5
TC-SHIMLA-0337,TEST,LOC-IN-SHIMLA,Shimla,Cold-Humid (Montane Himalayan),31.1048,77.1734,2200.0,2,medium,emergency,14.98,4.5,3.33,2.8,1.35,30.0,180.0,ASM-WALL-LADAKH-INS-MOD,ASM-ROOF-LADAKH-TRAD,ASM-FLOOR-LADAKH-INS-SLAB,0.314,0.247,0.444,3.8,16.581,1.689,26.615,9.198,24.925,281.703,36.319,7.029,True,83.86,OPTIMAL,0.62,0.03,0.55,-7.3,28.0,0.8233333333333334,2.0,14.98,4.5,3.33,2.8,1.35,1.815,30.0,180.0,3.8,0.0,0.14285714285714288,392.5,0.314,300.0,0.247,180.0,0.444,1.0,0.4,1.5,2.5
TC-SHIMLA-0338,TEST,LOC-IN-SHIMLA,Shimla,Cold-Humid (Montane Himalayan),31.1048,77.1734,2200.0,4,high,work,14.98,4.5,3.33,2.8,1.35,30.0,180.0,ASM-WALL-LADAKH-INS-MOD,ASM-ROOF-LADAKH-INS-MOD,ASM-FLOOR-WARM-TILED,0.314,0.25,2.1,3.8,13.631,1.729,21.607,6.248,19.879,220.995,45.67,10.695,True,72.74,ACCEPTABLE,0.62,0.03,0.55,-7.3,28.0,0.8233333333333334,4.0,14.98,4.5,3.33,2.8,1.35,1.815,30.0,180.0,3.8,0.0,0.14285714285714288,392.5,0.314,153.0,0.25,150.0,2.1,2.0,0.4,1.5,2.5
TC-SHIMLA-0339,TEST,LOC-IN-SHIMLA,Shimla,Cold-Humid (Montane Himalayan),31.1048,77.1734,2200.0,8,low,residential,14.98,4.5,3.33,2.8,1.35,30.0,180.0,ASM-WALL-LADAKH-INS-MOD,ASM-ROOF-WARM-SLAB,ASM-FLOOR-LADAKH-TRAD,0.314,3.476,0.85,3.8,15.152,1.764,23.979,7.769,22.215,269.562,63.962,3.087,False,0.0,NON_COMPLIANT,0.62,0.03,0.55,-7.3,28.0,0.8233333333333334,8.0,14.98,4.5,3.33,2.8,1.35,1.815,30.0,180.0,3.8,0.0,0.14285714285714288,392.5,0.314,162.5,3.476,250.0,0.85,0.5,0.4,1.5,2.5
TC-SHIMLA-0340,TEST,LOC-IN-SHIMLA,Shimla,Cold-Humid (Montane Himalayan),31.1048,77.1734,2200.0,1,medium,emergency,14.98,4.5,3.33,2.8,1.35,30.0,180.0,ASM-WALL-LADAKH-LIGHT-INS,ASM-ROOF-LADAKH-TRAD,ASM-FLOOR-LADAKH-INS-SLAB,0.284,0.247,0.444,3.8,20.551,1.564,45.572,13.168,44.008,225.5,22.002,9.469,True,70.0,ACCEPTABLE,0.62,0.03,0.55,-7.3,28.0,0.8233333333333334,1.0,14.98,4.5,3.33,2.8,1.35,1.815,30.0,180.0,3.8,0.0,0.14285714285714288,152.0,0.284,300.0,0.247,180.0,0.444,1.0,0.4,1.5,2.5
TC-SHIMLA-0341,TEST,LOC-IN-SHIMLA,Shimla,Cold-Humid (Montane Himalayan),31.1048,77.1734,2200.0,2,high,work,14.98,4.5,3.33,2.8,1.35,30.0,180.0,ASM-WALL-LADAKH-LIGHT-INS,ASM-ROOF-LADAKH-INS-MOD,ASM-FLOOR-WARM-TILED,0.284,0.25,2.1,3.8,15.788,1.638,31.982,8.405,30.344,164.792,36.619,12.856,True,64.99,ACCEPTABLE,0.62,0.03,0.55,-7.3,28.0,0.8233333333333334,2.0,14.98,4.5,3.33,2.8,1.35,1.815,30.0,180.0,3.8,0.0,0.14285714285714288,152.0,0.284,153.0,0.25,150.0,2.1,2.0,0.4,1.5,2.5
TC-SHIMLA-0342,TEST,LOC-IN-SHIMLA,Shimla,Cold-Humid (Montane Himalayan),31.1048,77.1734,2200.0,4,low,residential,14.98,4.5,3.33,2.8,1.35,30.0,180.0,ASM-WALL-LADAKH-LIGHT-INS,ASM-ROOF-WARM-SLAB,ASM-FLOOR-LADAKH-TRAD,0.284,3.476,0.85,3.8,17.874,1.785,33.487,10.491,31.701,213.358,58.057,3.862,False,0.0,NON_COMPLIANT,0.62,0.03,0.55,-7.3,28.0,0.8233333333333334,4.0,14.98,4.5,3.33,2.8,1.35,1.815,30.0,180.0,3.8,0.0,0.14285714285714288,152.0,0.284,162.5,3.476,250.0,0.85,0.5,0.4,1.5,2.5
TC-SHIMLA-0343,TEST,LOC-IN-SHIMLA,Shimla,Cold-Humid (Montane Himalayan),31.1048,77.1734,2200.0,8,medium,emergency,14.98,4.5,3.33,2.8,1.35,30.0,180.0,ASM-WALL-SHIMLA-COLD,ASM-ROOF-LADAKH-TRAD,ASM-FLOOR-LADAKH-INS-SLAB,0.347,0.247,0.444,3.8,14.015,1.757,21.965,6.632,20.208,253.602,48.672,5.571,True,77.12,ACCEPTABLE,0.62,0.03,0.55,-7.3,28.0,0.8233333333333334,8.0,14.98,4.5,3.33,2.8,1.35,1.815,30.0,180.0,3.8,0.0,0.14285714285714288,410.0,0.347,300.0,0.247,180.0,0.444,1.0,0.4,1.5,2.5
TC-SHIMLA-0344,TEST,LOC-IN-SHIMLA,Shimla,Cold-Humid (Montane Himalayan),31.1048,77.1734,2200.0,1,high,work,14.98,4.5,3.33,2.8,1.35,30.0,180.0,ASM-WALL-SHIMLA-COLD,ASM-ROOF-LADAKH-INS-MOD,ASM-FLOOR-WARM-TILED,0.347,0.25,2.1,3.8,10.914,1.656,17.018,3.53,15.362,192.893,49.875,8.237,True,65.24,ACCEPTABLE,0.62,0.03,0.55,-7.3,28.0,0.8233333333333334,1.0,14.98,4.5,3.33,2.8,1.35,1.815,30.0,180.0,3.8,0.0,0.14285714285714288,410.0,0.347,153.0,0.25,150.0,2.1,2.0,0.4,1.5,2.5
TC-SHIMLA-0345,TEST,LOC-IN-SHIMLA,Shimla,Cold-Humid (Montane Himalayan),31.1048,77.1734,2200.0,2,low,residential,14.98,4.5,3.33,2.8,1.35,30.0,180.0,ASM-WALL-SHIMLA-COLD,ASM-ROOF-WARM-SLAB,ASM-FLOOR-LADAKH-TRAD,0.347,3.476,0.85,3.8,12.043,1.677,18.868,4.66,17.191,241.46,64.155,2.303,False,0.0,NON_COMPLIANT,0.62,0.03,0.55,-7.3,28.0,0.8233333333333334,2.0,14.98,4.5,3.33,2.8,1.35,1.815,30.0,180.0,3.8,0.0,0.14285714285714288,410.0,0.347,162.5,3.476,250.0,0.85,0.5,0.4,1.5,2.5
TC-SHIMLA-0346,TEST,LOC-IN-SHIMLA,Shimla,Cold-Humid (Montane Himalayan),31.1048,77.1734,2200.0,4,medium,emergency,14.98,4.5,3.33,2.8,1.35,30.0,270.0,ASM-WALL-LADAKH-TRAD,ASM-ROOF-LADAKH-TRAD,ASM-FLOOR-LADAKH-INS-SLAB,1.591,0.247,0.444,3.8,14.496,1.732,22.852,7.113,21.12,243.063,21.824,5.857,False,0.0,NON_COMPLIANT,0.62,0.03,0.55,-7.3,28.0,0.8233333333333334,4.0,14.98,4.5,3.33,2.8,1.35,1.815,30.0,270.0,3.8,0.0,0.19305019305019305,465.0,1.591,300.0,0.247,180.0,0.444,1.0,0.4,1.5,2.5
TC-SHIMLA-0347,TEST,LOC-IN-SHIMLA,Shimla,Cold-Humid (Montane Himalayan),31.1048,77.1734,2200.0,8,high,work,14.98,4.5,3.33,2.8,1.35,30.0,270.0,ASM-WALL-LADAKH-TRAD,ASM-ROOF-LADAKH-INS-MOD,ASM-FLOOR-WARM-TILED,1.591,0.25,2.1,3.8,12.081,1.761,18.704,4.698,16.943,182.355,32.659,9.2,False,0.0,NON_COMPLIANT,0.62,0.03,0.55,-7.3,28.0,0.8233333333333334,8.0,14.98,4.5,3.33,2.8,1.35,1.815,30.0,270.0,3.8,0.0,0.19305019305019305,465.0,1.591,153.0,0.25,150.0,2.1,2.0,0.4,1.5,2.5
TC-SHIMLA-0348,TEST,LOC-IN-SHIMLA,Shimla,Cold-Humid (Montane Himalayan),31.1048,77.1734,2200.0,1,low,residential,14.98,4.5,3.33,2.8,1.35,30.0,270.0,ASM-WALL-LADAKH-TRAD,ASM-ROOF-WARM-SLAB,ASM-FLOOR-LADAKH-TRAD,1.591,3.476,0.85,3.8,12.492,1.665,19.621,5.108,17.956,230.922,43.101,2.416,False,0.0,NON_COMPLIANT,0.62,0.03,0.55,-7.3,28.0,0.8233333333333334,1.0,14.98,4.5,3.33,2.8,1.35,1.815,30.0,270.0,3.8,0.0,0.19305019305019305,465.0,1.591,162.5,3.476,250.0,0.85,0.5,0.4,1.5,2.5
TC-SHIMLA-0349,TEST,LOC-IN-SHIMLA,Shimla,Cold-Humid (Montane Himalayan),31.1048,77.1734,2200.0,2,medium,emergency,14.98,4.5,3.33,2.8,1.35,30.0,270.0,ASM-WALL-LADAKH-IMP-TRAD,ASM-ROOF-LADAKH-TRAD,ASM-FLOOR-LADAKH-INS-SLAB,0.452,0.247,0.444,3.8,15.913,1.69,25.579,8.53,23.889,243.063,30.409,6.623,False,0.0,NON_COMPLIANT,0.62,0.03,0.55,-7.3,28.0,0.8233333333333334,2.0,14.98,4.5,3.33,2.8,1.35,1.815,30.0,270.0,3.8,0.0,0.19305019305019305,345.0,0.452,300.0,0.247,180.0,0.444,1.0,0.4,1.5,2.5
TC-SHIMLA-0350,TEST,LOC-IN-SHIMLA,Shimla,Cold-Humid (Montane Himalayan),31.1048,77.1734,2200.0,4,high,work,14.98,4.5,3.33,2.8,1.35,30.0,270.0,ASM-WALL-LADAKH-IMP-TRAD,ASM-ROOF-LADAKH-INS-MOD,ASM-FLOOR-WARM-TILED,0.452,0.25,2.1,3.8,12.845,1.733,20.333,5.461,18.6,182.355,39.395,9.892,False,0.0,NON_COMPLIANT,0.62,0.03,0.55,-7.3,28.0,0.8233333333333334,4.0,14.98,4.5,3.33,2.8,1.35,1.815,30.0,270.0,3.8,0.0,0.19305019305019305,345.0,0.452,153.0,0.25,150.0,2.1,2.0,0.4,1.5,2.5
TC-SHIMLA-0351,TEST,LOC-IN-SHIMLA,Shimla,Cold-Humid (Montane Himalayan),31.1048,77.1734,2200.0,8,low,residential,14.98,4.5,3.33,2.8,1.35,30.0,270.0,ASM-WALL-LADAKH-IMP-TRAD,ASM-ROOF-WARM-SLAB,ASM-FLOOR-LADAKH-TRAD,0.452,3.476,0.85,3.8,14.504,1.771,22.924,7.121,21.153,230.922,56.66,2.895,False,0.0,NON_COMPLIANT,0.62,0.03,0.55,-7.3,28.0,0.8233333333333334,8.0,14.98,4.5,3.33,2.8,1.35,1.815,30.0,270.0,3.8,0.0,0.19305019305019305,345.0,0.452,162.5,3.476,250.0,0.85,0.5,0.4,1.5,2.5
TC-SHIMLA-0352,TEST,LOC-IN-SHIMLA,Shimla,Cold-Humid (Montane Himalayan),31.1048,77.1734,2200.0,1,medium,emergency,14.98,4.5,3.33,2.8,1.35,30.0,270.0,ASM-WALL-LADAKH-INS-MOD,ASM-ROOF-LADAKH-TRAD,ASM-FLOOR-LADAKH-INS-SLAB,0.314,0.247,0.444,3.8,14.531,1.663,23.172,7.148,21.51,232.525,30.218,5.849,True,78.39,ACCEPTABLE,0.62,0.03,0.55,-7.3,28.0,0.8233333333333334,1.0,14.98,4.5,3.33,2.8,1.35,1.815,30.0,270.0,3.8,0.0,0.19305019305019305,392.5,0.314,300.0,0.247,180.0,0.444,1.0,0.4,1.5,2.5
TC-SHIMLA-0353,TEST,LOC-IN-SHIMLA,Shimla,Cold-Humid (Montane Himalayan),31.1048,77.1734,2200.0,2,high,work,14.98,4.5,3.33,2.8,1.35,30.0,270.0,ASM-WALL-LADAKH-INS-MOD,ASM-ROOF-LADAKH-INS-MOD,ASM-FLOOR-WARM-TILED,0.314,0.25,2.1,3.8,11.663,1.678,18.327,4.279,16.649,171.817,37.632,8.813,True,67.45,ACCEPTABLE,0.62,0.03,0.55,-7.3,28.0,0.8233333333333334,2.0,14.98,4.5,3.33,2.8,1.35,1.815,30.0,270.0,3.8,0.0,0.19305019305019305,392.5,0.314,153.0,0.25,150.0,2.1,2.0,0.4,1.5,2.5
TC-SHIMLA-0354,TEST,LOC-IN-SHIMLA,Shimla,Cold-Humid (Montane Himalayan),31.1048,77.1734,2200.0,4,low,residential,14.98,4.5,3.33,2.8,1.35,30.0,270.0,ASM-WALL-LADAKH-INS-MOD,ASM-ROOF-WARM-SLAB,ASM-FLOOR-LADAKH-TRAD,0.314,3.476,0.85,3.8,13.075,1.725,20.601,5.692,18.875,220.384,52.701,2.543,False,0.0,NON_COMPLIANT,0.62,0.03,0.55,-7.3,28.0,0.8233333333333334,4.0,14.98,4.5,3.33,2.8,1.35,1.815,30.0,270.0,3.8,0.0,0.19305019305019305,392.5,0.314,162.5,3.476,250.0,0.85,0.5,0.4,1.5,2.5
TC-SHIMLA-0355,TEST,LOC-IN-SHIMLA,Shimla,Cold-Humid (Montane Himalayan),31.1048,77.1734,2200.0,8,medium,emergency,14.98,4.5,3.33,2.8,1.35,30.0,270.0,ASM-WALL-LADAKH-LIGHT-INS,ASM-ROOF-LADAKH-TRAD,ASM-FLOOR-LADAKH-INS-SLAB,0.284,0.247,0.444,3.8,20.034,2.047,41.964,12.65,39.918,190.373,20.89,8.991,True,73.27,ACCEPTABLE,0.62,0.03,0.55,-7.3,28.0,0.8233333333333334,8.0,14.98,4.5,3.33,2.8,1.35,1.815,30.0,270.0,3.8,0.0,0.19305019305019305,152.0,0.284,300.0,0.247,180.0,0.444,1.0,0.4,1.5,2.5
TC-SHIMLA-0356,TEST,LOC-IN-SHIMLA,Shimla,Cold-Humid (Montane Himalayan),31.1048,77.1734,2200.0,1,high,work,14.98,4.5,3.33,2.8,1.35,30.0,270.0,ASM-WALL-LADAKH-LIGHT-INS,ASM-ROOF-LADAKH-INS-MOD,ASM-FLOOR-WARM-TILED,0.284,0.25,2.1,3.8,13.869,1.552,27.617,6.486,26.065,129.665,30.197,10.601,True,60.74,ACCEPTABLE,0.62,0.03,0.55,-7.3,28.0,0.8233333333333334,1.0,14.98,4.5,3.33,2.8,1.35,1.815,30.0,270.0,3.8,0.0,0.19305019305019305,152.0,0.284,153.0,0.25,150.0,2.1,2.0,0.4,1.5,2.5
TC-SHIMLA-0357,TEST,LOC-IN-SHIMLA,Shimla,Cold-Humid (Montane Himalayan),31.1048,77.1734,2200.0,2,low,residential,14.98,4.5,3.33,2.8,1.35,30.0,270.0,ASM-WALL-LADAKH-LIGHT-INS,ASM-ROOF-WARM-SLAB,ASM-FLOOR-LADAKH-TRAD,0.284,3.476,0.85,3.8,15.884,1.655,29.527,8.501,27.873,178.231,49.173,3.271,False,0.0,NON_COMPLIANT,0.62,0.03,0.55,-7.3,28.0,0.8233333333333334,2.0,14.98,4.5,3.33,2.8,1.35,1.815,30.0,270.0,3.8,0.0,0.19305019305019305,152.0,0.284,162.5,3.476,250.0,0.85,0.5,0.4,1.5,2.5
TC-SHIMLA-0358,TEST,LOC-IN-SHIMLA,Shimla,Cold-Humid (Montane Himalayan),31.1048,77.1734,2200.0,4,medium,emergency,14.98,4.5,3.33,2.8,1.35,30.0,270.0,ASM-WALL-SHIMLA-COLD,ASM-ROOF-LADAKH-TRAD,ASM-FLOOR-LADAKH-INS-SLAB,0.347,0.247,0.444,3.8,12.233,1.725,19.094,4.849,17.369,211.449,40.985,4.691,True,72.27,ACCEPTABLE,0.62,0.03,0.55,-7.3,28.0,0.8233333333333334,4.0,14.98,4.5,3.33,2.8,1.35,1.815,30.0,270.0,3.8,0.0,0.19305019305019305,410.0,0.347,300.0,0.247,180.0,0.444,1.0,0.4,1.5,2.5
TC-SHIMLA-0359,TEST,LOC-IN-SHIMLA,Shimla,Cold-Humid (Montane Himalayan),31.1048,77.1734,2200.0,8,high,work,14.98,4.5,3.33,2.8,1.35,30.0,270.0,ASM-WALL-SHIMLA-COLD,ASM-ROOF-LADAKH-INS-MOD,ASM-FLOOR-WARM-TILED,0.347,0.25,2.1,3.8,10.309,1.754,15.761,2.925,14.006,150.741,46.724,7.716,True,63.9,ACCEPTABLE,0.62,0.03,0.55,-7.3,28.0,0.8233333333333334,8.0,14.98,4.5,3.33,2.8,1.35,1.815,30.0,270.0,3.8,0.0,0.19305019305019305,410.0,0.347,153.0,0.25,150.0,2.1,2.0,0.4,1.5,2.5
TC-SHIMLA-0360,TEST,LOC-IN-SHIMLA,Shimla,Cold-Humid (Montane Himalayan),31.1048,77.1734,2200.0,1,low,residential,14.98,4.5,3.33,2.8,1.35,30.0,270.0,ASM-WALL-SHIMLA-COLD,ASM-ROOF-WARM-SLAB,ASM-FLOOR-LADAKH-TRAD,0.347,3.476,0.85,3.8,10.745,1.659,16.705,3.362,15.046,199.307,56.522,2.029,False,0.0,NON_COMPLIANT,0.62,0.03,0.55,-7.3,28.0,0.8233333333333334,1.0,14.98,4.5,3.33,2.8,1.35,1.815,30.0,270.0,3.8,0.0,0.19305019305019305,410.0,0.347,162.5,3.476,250.0,0.85,0.5,0.4,1.5,2.5
TC-SHIMLA-0361,TEST,LOC-IN-SHIMLA,Shimla,Cold-Humid (Montane Himalayan),31.1048,77.1734,2200.0,2,medium,emergency,24.0,6.0,4.0,2.8,1.5,30.0,0.0,ASM-WALL-LADAKH-TRAD,ASM-ROOF-LADAKH-TRAD,ASM-FLOOR-LADAKH-INS-SLAB,1.591,0.247,0.444,4.88,12.758,1.681,20.046,5.374,18.366,270.638,24.205,7.944,False,0.0,NON_COMPLIANT,0.62,0.03,0.55,-7.3,28.0,0.8233333333333334,2.0,24.0,6.0,4.0,2.8,1.5,1.603,30.0,0.0,4.88,0.0,0.17142857142857146,465.0,1.591,300.0,0.247,180.0,0.444,1.0,0.4,1.5,2.5
TC-SHIMLA-0362,TEST,LOC-IN-SHIMLA,Shimla,Cold-Humid (Montane Himalayan),31.1048,77.1734,2200.0,4,high,work,24.0,6.0,4.0,2.8,1.5,30.0,0.0,ASM-WALL-LADAKH-TRAD,ASM-ROOF-LADAKH-INS-MOD,ASM-FLOOR-WARM-TILED,1.591,0.25,2.1,4.88,9.754,1.703,14.98,2.371,13.277,173.408,37.591,11.71,False,0.0,NON_COMPLIANT,0.62,0.03,0.55,-7.3,28.0,0.8233333333333334,4.0,24.0,6.0,4.0,2.8,1.5,1.603,30.0,0.0,4.88,0.0,0.17142857142857146,465.0,1.591,153.0,0.25,150.0,2.1,2.0,0.4,1.5,2.5
TC-SHIMLA-0363,TEST,LOC-IN-SHIMLA,Shimla,Cold-Humid (Montane Himalayan),31.1048,77.1734,2200.0,8,low,residential,24.0,6.0,4.0,2.8,1.5,30.0,0.0,ASM-WALL-LADAKH-TRAD,ASM-ROOF-WARM-SLAB,ASM-FLOOR-LADAKH-TRAD,1.591,3.476,0.85,4.88,11.501,1.742,17.807,4.118,16.065,251.192,57.616,3.496,False,0.0,NON_COMPLIANT,0.62,0.03,0.55,-7.3,28.0,0.8233333333333334,8.0,24.0,6.0,4.0,2.8,1.5,1.603,30.0,0.0,4.88,0.0,0.17142857142857146,465.0,1.591,162.5,3.476,250.0,0.85,0.5,0.4,1.5,2.5
TC-SHIMLA-0364,TEST,LOC-IN-SHIMLA,Shimla,Cold-Humid (Montane Himalayan),31.1048,77.1734,2200.0,1,medium,emergency,24.0,6.0,4.0,2.8,1.5,30.0,0.0,ASM-WALL-LADAKH-IMP-TRAD,ASM-ROOF-LADAKH-TRAD,ASM-FLOOR-LADAKH-INS-SLAB,0.452,0.247,0.444,4.88,14.061,1.65,22.519,6.678,20.87,270.638,33.38,8.933,False,0.0,NON_COMPLIANT,0.62,0.03,0.55,-7.3,28.0,0.8233333333333334,1.0,24.0,6.0,4.0,2.8,1.5,1.603,30.0,0.0,4.88,0.0,0.17142857142857146,345.0,0.452,300.0,0.247,180.0,0.444,1.0,0.4,1.5,2.5
TC-SHIMLA-0365,TEST,LOC-IN-SHIMLA,Shimla,Cold-Humid (Montane Himalayan),31.1048,77.1734,2200.0,2,high,work,24.0,6.0,4.0,2.8,1.5,30.0,0.0,ASM-WALL-LADAKH-IMP-TRAD,ASM-ROOF-LADAKH-INS-MOD,ASM-FLOOR-WARM-TILED,0.452,0.25,2.1,4.88,10.505,1.659,16.473,3.122,14.814,173.408,44.268,12.452,False,0.0,NON_COMPLIANT,0.62,0.03,0.55,-7.3,28.0,0.8233333333333334,2.0,24.0,6.0,4.0,2.8,1.5,1.603,30.0,0.0,4.88,0.0,0.17142857142857146,345.0,0.452,153.0,0.25,150.0,2.1,2.0,0.4,1.5,2.5
TC-SHIMLA-0366,TEST,LOC-IN-SHIMLA,Shimla,Cold-Humid (Montane Himalayan),31.1048,77.1734,2200.0,4,low,residential,24.0,6.0,4.0,2.8,1.5,30.0,0.0,ASM-WALL-LADAKH-IMP-TRAD,ASM-ROOF-WARM-SLAB,ASM-FLOOR-LADAKH-TRAD,0.452,3.476,0.85,4.88,12.216,1.7,19.263,4.833,17.563,251.192,66.564,3.727,False,0.0,NON_COMPLIANT,0.62,0.03,0.55,-7.3,28.0,0.8233333333333334,4.0,24.0,6.0,4.0,2.8,1.5,1.603,30.0,0.0,4.88,0.0,0.17142857142857146,345.0,0.452,162.5,3.476,250.0,0.85,0.5,0.4,1.5,2.5
TC-SHIMLA-0367,TEST,LOC-IN-SHIMLA,Shimla,Cold-Humid (Montane Himalayan),31.1048,77.1734,2200.0,8,medium,emergency,24.0,6.0,4.0,2.8,1.5,30.0,0.0,ASM-WALL-LADAKH-INS-MOD,ASM-ROOF-LADAKH-TRAD,ASM-FLOOR-LADAKH-INS-SLAB,0.314,0.247,0.444,4.88,13.754,1.757,21.654,6.37,19.897,261.671,36.306,8.654,True,77.02,ACCEPTABLE,0.62,0.03,0.55,-7.3,28.0,0.8233333333333334,8.0,24.0,6.0,4.0,2.8,1.5,1.603,30.0,0.0,4.88,0.0,0.17142857142857146,392.5,0.314,300.0,0.247,180.0,0.444,1.0,0.4,1.5,2.5
TC-SHIMLA-0368,TEST,LOC-IN-SHIMLA,Shimla,Cold-Humid (Montane Himalayan),31.1048,77.1734,2200.0,1,high,work,24.0,6.0,4.0,2.8,1.5,30.0,0.0,ASM-WALL-LADAKH-INS-MOD,ASM-ROOF-LADAKH-INS-MOD,ASM-FLOOR-WARM-TILED,0.314,0.25,2.1,4.88,9.767,1.643,15.176,2.384,13.533,164.44,44.05,11.64,True,62.81,ACCEPTABLE,0.62,0.03,0.55,-7.3,28.0,0.8233333333333334,1.0,24.0,6.0,4.0,2.8,1.5,1.603,30.0,0.0,4.88,0.0,0.17142857142857146,392.5,0.314,153.0,0.25,150.0,2.1,2.0,0.4,1.5,2.5
TC-SHIMLA-0369,TEST,LOC-IN-SHIMLA,Shimla,Cold-Humid (Montane Himalayan),31.1048,77.1734,2200.0,2,low,residential,24.0,6.0,4.0,2.8,1.5,30.0,0.0,ASM-WALL-LADAKH-INS-MOD,ASM-ROOF-WARM-SLAB,ASM-FLOOR-LADAKH-TRAD,0.314,3.476,0.85,4.88,11.354,1.665,17.797,3.97,16.132,242.225,64.412,3.43,False,0.0,NON_COMPLIANT,0.62,0.03,0.55,-7.3,28.0,0.8233333333333334,2.0,24.0,6.0,4.0,2.8,1.5,1.603,30.0,0.0,4.88,0.0,0.17142857142857146,392.5,0.314,162.5,3.476,250.0,0.85,0.5,0.4,1.5,2.5
TC-SHIMLA-0370,TEST,LOC-IN-SHIMLA,Shimla,Cold-Humid (Montane Himalayan),31.1048,77.1734,2200.0,4,medium,emergency,24.0,6.0,4.0,2.8,1.5,30.0,0.0,ASM-WALL-LADAKH-LIGHT-INS,ASM-ROOF-LADAKH-TRAD,ASM-FLOOR-LADAKH-INS-SLAB,0.284,0.247,0.444,4.88,17.505,1.77,36.419,10.122,34.649,225.8,23.035,11.941,True,78.91,ACCEPTABLE,0.62,0.03,0.55,-7.3,28.0,0.8233333333333334,4.0,24.0,6.0,4.0,2.8,1.5,1.603,30.0,0.0,4.88,0.0,0.17142857142857146,152.0,0.284,300.0,0.247,180.0,0.444,1.0,0.4,1.5,2.5
TC-SHIMLA-0371,TEST,LOC-IN-SHIMLA,Shimla,Cold-Humid (Montane Himalayan),31.1048,77.1734,2200.0,8,high,work,24.0,6.0,4.0,2.8,1.5,30.0,0.0,ASM-WALL-LADAKH-LIGHT-INS,ASM-ROOF-LADAKH-INS-MOD,ASM-FLOOR-WARM-TILED,0.284,0.25,2.1,4.88,12.666,1.885,23.522,5.282,21.638,128.569,38.459,14.506,True,59.81,SUB_OPTIMAL,0.62,0.03,0.55,-7.3,28.0,0.8233333333333334,8.0,24.0,6.0,4.0,2.8,1.5,1.603,30.0,0.0,4.88,0.0,0.17142857142857146,152.0,0.284,153.0,0.25,150.0,2.1,2.0,0.4,1.5,2.5
TC-SHIMLA-0372,TEST,LOC-IN-SHIMLA,Shimla,Cold-Humid (Montane Himalayan),31.1048,77.1734,2200.0,1,low,residential,24.0,6.0,4.0,2.8,1.5,30.0,0.0,ASM-WALL-LADAKH-LIGHT-INS,ASM-ROOF-WARM-SLAB,ASM-FLOOR-LADAKH-TRAD,0.284,3.476,0.85,4.88,13.975,1.577,25.283,6.592,23.706,206.354,62.215,4.368,False,0.0,NON_COMPLIANT,0.62,0.03,0.55,-7.3,28.0,0.8233333333333334,1.0,24.0,6.0,4.0,2.8,1.5,1.603,30.0,0.0,4.88,0.0,0.17142857142857146,152.0,0.284,162.5,3.476,250.0,0.85,0.5,0.4,1.5,2.5
TC-SHIMLA-0373,TEST,LOC-IN-SHIMLA,Shimla,Cold-Humid (Montane Himalayan),31.1048,77.1734,2200.0,2,medium,emergency,24.0,6.0,4.0,2.8,1.5,30.0,0.0,ASM-WALL-SHIMLA-COLD,ASM-ROOF-LADAKH-TRAD,ASM-FLOOR-LADAKH-INS-SLAB,0.347,0.247,0.444,4.88,11.136,1.672,17.347,3.752,15.675,243.735,47.587,6.759,True,69.68,ACCEPTABLE,0.62,0.03,0.55,-7.3,28.0,0.8233333333333334,2.0,24.0,6.0,4.0,2.8,1.5,1.603,30.0,0.0,4.88,0.0,0.17142857142857146,410.0,0.347,300.0,0.247,180.0,0.444,1.0,0.4,1.5,2.5
TC-SHIMLA-0374,TEST,LOC-IN-SHIMLA,Shimla,Cold-Humid (Montane Himalayan),31.1048,77.1734,2200.0,4,high,work,24.0,6.0,4.0,2.8,1.5,30.0,0.0,ASM-WALL-SHIMLA-COLD,ASM-ROOF-LADAKH-INS-MOD,ASM-FLOOR-WARM-TILED,0.347,0.25,2.1,4.88,8.653,1.693,13.139,1.27,11.446,146.505,54.832,10.53,True,59.78,SUB_OPTIMAL,0.62,0.03,0.55,-7.3,28.0,0.8233333333333334,4.0,24.0,6.0,4.0,2.8,1.5,1.603,30.0,0.0,4.88,0.0,0.17142857142857146,410.0,0.347,153.0,0.25,150.0,2.1,2.0,0.4,1.5,2.5
TC-SHIMLA-0375,TEST,LOC-IN-SHIMLA,Shimla,Cold-Humid (Montane Himalayan),31.1048,77.1734,2200.0,8,low,residential,24.0,6.0,4.0,2.8,1.5,30.0,0.0,ASM-WALL-SHIMLA-COLD,ASM-ROOF-WARM-SLAB,ASM-FLOOR-LADAKH-TRAD,0.347,3.476,0.85,4.88,10.259,1.738,15.746,2.875,14.009,224.289,75.388,3.081,False,0.0,NON_COMPLIANT,0.62,0.03,0.55,-7.3,28.0,0.8233333333333334,8.0,24.0,6.0,4.0,2.8,1.5,1.603,30.0,0.0,4.88,0.0,0.17142857142857146,410.0,0.347,162.5,3.476,250.0,0.85,0.5,0.4,1.5,2.5
TC-SHIMLA-0376,TEST,LOC-IN-SHIMLA,Shimla,Cold-Humid (Montane Himalayan),31.1048,77.1734,2200.0,1,medium,emergency,24.0,6.0,4.0,2.8,1.5,30.0,90.0,ASM-WALL-LADAKH-TRAD,ASM-ROOF-LADAKH-TRAD,ASM-FLOOR-LADAKH-INS-SLAB,1.591,0.247,0.444,4.88,14.57,1.663,23.133,7.187,21.47,337.896,28.786,9.447,False,0.0,NON_COMPLIANT,0.62,0.03,0.55,-7.3,28.0,0.8233333333333334,1.0,24.0,6.0,4.0,2.8,1.5,1.603,30.0,90.0,4.88,0.0,0.2571428571428572,465.0,1.591,300.0,0.247,180.0,0.444,1.0,0.4,1.5,2.5
TC-SHIMLA-0377,TEST,LOC-IN-SHIMLA,Shimla,Cold-Humid (Montane Himalayan),31.1048,77.1734,2200.0,2,high,work,24.0,6.0,4.0,2.8,1.5,30.0,90.0,ASM-WALL-LADAKH-TRAD,ASM-ROOF-LADAKH-INS-MOD,ASM-FLOOR-WARM-TILED,1.591,0.25,2.1,4.88,11.293,1.67,17.645,3.909,15.975,240.666,43.952,13.691,False,0.0,NON_COMPLIANT,0.62,0.03,0.55,-7.3,28.0,0.8233333333333334,2.0,24.0,6.0,4.0,2.8,1.5,1.603,30.0,90.0,4.88,0.0,0.2571428571428572,465.0,1.591,153.0,0.25,150.0,2.1,2.0,0.4,1.5,2.5
TC-SHIMLA-0378,TEST,LOC-IN-SHIMLA,Shimla,Cold-Humid (Montane Himalayan),31.1048,77.1734,2200.0,4,low,residential,24.0,6.0,4.0,2.8,1.5,30.0,90.0,ASM-WALL-LADAKH-TRAD,ASM-ROOF-WARM-SLAB,ASM-FLOOR-LADAKH-TRAD,1.591,3.476,0.85,4.88,12.8,1.702,20.101,5.416,18.399,318.45,65.608,3.981,False,0.0,NON_COMPLIANT,0.62,0.03,0.55,-7.3,28.0,0.8233333333333334,4.0,24.0,6.0,4.0,2.8,1.5,1.603,30.0,90.0,4.88,0.0,0.2571428571428572,465.0,1.591,162.5,3.476,250.0,0.85,0.5,0.4,1.5,2.5
TC-SHIMLA-0379,TEST,LOC-IN-SHIMLA,Shimla,Cold-Humid (Montane Himalayan),31.1048,77.1734,2200.0,8,medium,emergency,24.0,6.0,4.0,2.8,1.5,30.0,90.0,ASM-WALL-LADAKH-IMP-TRAD,ASM-ROOF-LADAKH-TRAD,ASM-FLOOR-LADAKH-INS-SLAB,0.452,0.247,0.444,4.88,16.838,1.764,27.01,9.455,25.246,337.896,42.73,11.435,False,0.0,NON_COMPLIANT,0.62,0.03,0.55,-7.3,28.0,0.8233333333333334,8.0,24.0,6.0,4.0,2.8,1.5,1.603,30.0,90.0,4.88,0.0,0.2571428571428572,345.0,0.452,300.0,0.247,180.0,0.444,1.0,0.4,1.5,2.5
TC-SHIMLA-0380,TEST,LOC-IN-SHIMLA,Shimla,Cold-Humid (Montane Himalayan),31.1048,77.1734,2200.0,1,high,work,24.0,6.0,4.0,2.8,1.5,30.0,90.0,ASM-WALL-LADAKH-IMP-TRAD,ASM-ROOF-LADAKH-INS-MOD,ASM-FLOOR-WARM-TILED,0.452,0.25,2.1,4.88,12.266,1.638,19.556,4.883,17.918,240.666,53.215,14.969,False,0.0,NON_COMPLIANT,0.62,0.03,0.55,-7.3,28.0,0.8233333333333334,1.0,24.0,6.0,4.0,2.8,1.5,1.603,30.0,90.0,4.88,0.0,0.2571428571428572,345.0,0.452,153.0,0.25,150.0,2.1,2.0,0.4,1.5,2.5
TC-SHIMLA-0381,TEST,LOC-IN-SHIMLA,Shimla,Cold-Humid (Montane Himalayan),31.1048,77.1734,2200.0,2,low,residential,24.0,6.0,4.0,2.8,1.5,30.0,90.0,ASM-WALL-LADAKH-IMP-TRAD,ASM-ROOF-WARM-SLAB,ASM-FLOOR-LADAKH-TRAD,0.452,3.476,0.85,4.88,13.786,1.663,22.021,6.403,20.358,318.45,77.688,4.35,False,0.0,NON_COMPLIANT,0.62,0.03,0.55,-7.3,28.0,0.8233333333333334,2.0,24.0,6.0,4.0,2.8,1.5,1.603,30.0,90.0,4.88,0.0,0.2571428571428572,345.0,0.452,162.5,3.476,250.0,0.85,0.5,0.4,1.5,2.5
TC-SHIMLA-0382,TEST,LOC-IN-SHIMLA,Shimla,Cold-Humid (Montane Himalayan),31.1048,77.1734,2200.0,4,medium,emergency,24.0,6.0,4.0,2.8,1.5,30.0,90.0,ASM-WALL-LADAKH-INS-MOD,ASM-ROOF-LADAKH-TRAD,ASM-FLOOR-LADAKH-INS-SLAB,0.314,0.247,0.444,4.88,15.226,1.715,24.306,7.843,22.591,324.445,41.875,9.981,True,80.76,OPTIMAL,0.62,0.03,0.55,-7.3,28.0,0.8233333333333334,4.0,24.0,6.0,4.0,2.8,1.5,1.603,30.0,90.0,4.88,0.0,0.2571428571428572,392.5,0.314,300.0,0.247,180.0,0.444,1.0,0.4,1.5,2.5
TC-SHIMLA-0383,TEST,LOC-IN-SHIMLA,Shimla,Cold-Humid (Montane Himalayan),31.1048,77.1734,2200.0,8,high,work,24.0,6.0,4.0,2.8,1.5,30.0,90.0,ASM-WALL-LADAKH-INS-MOD,ASM-ROOF-LADAKH-INS-MOD,ASM-FLOOR-WARM-TILED,0.314,0.25,2.1,4.88,11.983,1.753,18.747,4.6,16.994,227.214,54.844,14.492,True,68.91,ACCEPTABLE,0.62,0.03,0.55,-7.3,28.0,0.8233333333333334,8.0,24.0,6.0,4.0,2.8,1.5,1.603,30.0,90.0,4.88,0.0,0.2571428571428572,392.5,0.314,153.0,0.25,150.0,2.1,2.0,0.4,1.5,2.5
TC-SHIMLA-0384,TEST,LOC-IN-SHIMLA,Shimla,Cold-Humid (Montane Himalayan),31.1048,77.1734,2200.0,1,low,residential,24.0,6.0,4.0,2.8,1.5,30.0,90.0,ASM-WALL-LADAKH-INS-MOD,ASM-ROOF-WARM-SLAB,ASM-FLOOR-LADAKH-TRAD,0.314,3.476,0.85,4.88,12.819,1.648,20.324,5.435,18.676,304.999,74.76,3.981,False,0.0,NON_COMPLIANT,0.62,0.03,0.55,-7.3,28.0,0.8233333333333334,1.0,24.0,6.0,4.0,2.8,1.5,1.603,30.0,90.0,4.88,0.0,0.2571428571428572,392.5,0.314,162.5,3.476,250.0,0.85,0.5,0.4,1.5,2.5
TC-SHIMLA-0385,TEST,LOC-IN-SHIMLA,Shimla,Cold-Humid (Montane Himalayan),31.1048,77.1734,2200.0,2,medium,emergency,24.0,6.0,4.0,2.8,1.5,30.0,90.0,ASM-WALL-LADAKH-LIGHT-INS,ASM-ROOF-LADAKH-TRAD,ASM-FLOOR-LADAKH-INS-SLAB,0.284,0.247,0.444,4.88,19.028,1.616,40.769,11.644,39.153,270.638,26.182,13.572,True,75.31,ACCEPTABLE,0.62,0.03,0.55,-7.3,28.0,0.8233333333333334,2.0,24.0,6.0,4.0,2.8,1.5,1.603,30.0,90.0,4.88,0.0,0.2571428571428572,152.0,0.284,300.0,0.247,180.0,0.444,1.0,0.4,1.5,2.5
TC-SHIMLA-0386,TEST,LOC-IN-SHIMLA,Shimla,Cold-Humid (Montane Himalayan),31.1048,77.1734,2200.0,4,high,work,24.0,6.0,4.0,2.8,1.5,30.0,90.0,ASM-WALL-LADAKH-LIGHT-INS,ASM-ROOF-LADAKH-INS-MOD,ASM-FLOOR-WARM-TILED,0.284,0.25,2.1,4.88,13.785,1.709,26.753,6.402,25.044,173.408,44.363,16.733,True,61.57,ACCEPTABLE,0.62,0.03,0.55,-7.3,28.0,0.8233333333333334,4.0,24.0,6.0,4.0,2.8,1.5,1.603,30.0,90.0,4.88,0.0,0.2571428571428572,152.0,0.284,153.0,0.25,150.0,2.1,2.0,0.4,1.5,2.5
TC-SHIMLA-0387,TEST,LOC-IN-SHIMLA,Shimla,Cold-Humid (Montane Himalayan),31.1048,77.1734,2200.0,8,low,residential,24.0,6.0,4.0,2.8,1.5,30.0,90.0,ASM-WALL-LADAKH-LIGHT-INS,ASM-ROOF-WARM-SLAB,ASM-FLOOR-LADAKH-TRAD,0.284,3.476,0.85,4.88,16.289,1.831,29.391,8.905,27.561,251.192,76.781,5.39,False,0.0,NON_COMPLIANT,0.62,0.03,0.55,-7.3,28.0,0.8233333333333334,8.0,24.0,6.0,4.0,2.8,1.5,1.603,30.0,90.0,4.88,0.0,0.2571428571428572,152.0,0.284,162.5,3.476,250.0,0.85,0.5,0.4,1.5,2.5
TC-SHIMLA-0388,TEST,LOC-IN-SHIMLA,Shimla,Cold-Humid (Montane Himalayan),31.1048,77.1734,2200.0,1,medium,emergency,24.0,6.0,4.0,2.8,1.5,30.0,90.0,ASM-WALL-SHIMLA-COLD,ASM-ROOF-LADAKH-TRAD,ASM-FLOOR-LADAKH-INS-SLAB,0.347,0.247,0.444,4.88,12.385,1.657,19.485,5.002,17.829,297.542,53.839,7.647,True,72.96,ACCEPTABLE,0.62,0.03,0.55,-7.3,28.0,0.8233333333333334,1.0,24.0,6.0,4.0,2.8,1.5,1.603,30.0,90.0,4.88,0.0,0.2571428571428572,410.0,0.347,300.0,0.247,180.0,0.444,1.0,0.4,1.5,2.5
TC-SHIMLA-0389,TEST,LOC-IN-SHIMLA,Shimla,Cold-Humid (Montane Himalayan),31.1048,77.1734,2200.0,2,high,work,24.0,6.0,4.0,2.8,1.5,30.0,90.0,ASM-WALL-SHIMLA-COLD,ASM-ROOF-LADAKH-INS-MOD,ASM-FLOOR-WARM-TILED,0.347,0.25,2.1,4.88,9.711,1.663,14.987,2.328,13.324,200.311,60.652,11.648,True,62.51,ACCEPTABLE,0.62,0.03,0.55,-7.3,28.0,0.8233333333333334,2.0,24.0,6.0,4.0,2.8,1.5,1.603,30.0,90.0,4.88,0.0,0.2571428571428572,410.0,0.347,153.0,0.25,150.0,2.1,2.0,0.4,1.5,2.5
TC-SHIMLA-0390,TEST,LOC-IN-SHIMLA,Shimla,Cold-Humid (Montane Himalayan),31.1048,77.1734,2200.0,4,low,residential,24.0,6.0,4.0,2.8,1.5,30.0,90.0,ASM-WALL-SHIMLA-COLD,ASM-ROOF-WARM-SLAB,ASM-FLOOR-LADAKH-TRAD,0.347,3.476,0.85,4.88,11.129,1.693,17.312,3.745,15.619,278.096,82.458,3.37,False,0.0,NON_COMPLIANT,0.62,0.03,0.55,-7.3,28.0,0.8233333333333334,4.0,24.0,6.0,4.0,2.8,1.5,1.603,30.0,90.0,4.88,0.0,0.2571428571428572,410.0,0.347,162.5,3.476,250.0,0.85,0.5,0.4,1.5,2.5
TC-SHIMLA-0391,TEST,LOC-IN-SHIMLA,Shimla,Cold-Humid (Montane Himalayan),31.1048,77.1734,2200.0,8,medium,emergency,24.0,6.0,4.0,2.8,1.5,30.0,180.0,ASM-WALL-LADAKH-TRAD,ASM-ROOF-LADAKH-TRAD,ASM-FLOOR-LADAKH-INS-SLAB,1.591,0.247,0.444,4.88,17.068,1.749,27.141,9.685,25.392,405.154,35.872,11.773,False,0.0,NON_COMPLIANT,0.62,0.03,0.55,-7.3,28.0,0.8233333333333334,8.0,24.0,6.0,4.0,2.8,1.5,1.603,30.0,180.0,4.88,0.0,0.17142857142857146,465.0,1.591,300.0,0.247,180.0,0.444,1.0,0.4,1.5,2.5
TC-SHIMLA-0392,TEST,LOC-IN-SHIMLA,Shimla,Cold-Humid (Montane Himalayan),31.1048,77.1734,2200.0,1,high,work,24.0,6.0,4.0,2.8,1.5,30.0,180.0,ASM-WALL-LADAKH-TRAD,ASM-ROOF-LADAKH-INS-MOD,ASM-FLOOR-WARM-TILED,1.591,0.25,2.1,4.88,12.899,1.653,20.399,5.516,18.746,307.924,51.634,16.084,False,0.0,NON_COMPLIANT,0.62,0.03,0.55,-7.3,28.0,0.8233333333333334,1.0,24.0,6.0,4.0,2.8,1.5,1.603,30.0,180.0,4.88,0.0,0.17142857142857146,465.0,1.591,153.0,0.25,150.0,2.1,2.0,0.4,1.5,2.5
TC-SHIMLA-0393,TEST,LOC-IN-SHIMLA,Shimla,Cold-Humid (Montane Himalayan),31.1048,77.1734,2200.0,2,low,residential,24.0,6.0,4.0,2.8,1.5,30.0,180.0,ASM-WALL-LADAKH-TRAD,ASM-ROOF-WARM-SLAB,ASM-FLOOR-LADAKH-TRAD,1.591,3.476,0.85,4.88,14.239,1.672,22.584,6.855,20.912,385.708,75.31,4.57,False,0.0,NON_COMPLIANT,0.62,0.03,0.55,-7.3,28.0,0.8233333333333334,2.0,24.0,6.0,4.0,2.8,1.5,1.603,30.0,180.0,4.88,0.0,0.17142857142857146,465.0,1.591,162.5,3.476,250.0,0.85,0.5,0.4,1.5,2.5
TC-SHIMLA-0394,TEST,LOC-IN-SHIMLA,Shimla,Cold-Humid (Montane Himalayan),31.1048,77.1734,2200.0,4,medium,emergency,24.0,6.0,4.0,2.8,1.5,30.0,180.0,ASM-WALL-LADAKH-IMP-TRAD,ASM-ROOF-LADAKH-TRAD,ASM-FLOOR-LADAKH-INS-SLAB,0.452,0.247,0.444,4.88,18.511,1.718,30.099,11.128,28.381,405.154,49.082,13.135,False,0.0,NON_COMPLIANT,0.62,0.03,0.55,-7.3,28.0,0.8233333333333334,4.0,24.0,6.0,4.0,2.8,1.5,1.603,30.0,180.0,4.88,0.0,0.17142857142857146,345.0,0.452,300.0,0.247,180.0,0.444,1.0,0.4,1.5,2.5
TC-SHIMLA-0395,TEST,LOC-IN-SHIMLA,Shimla,Cold-Humid (Montane Himalayan),31.1048,77.1734,2200.0,8,high,work,24.0,6.0,4.0,2.8,1.5,30.0,180.0,ASM-WALL-LADAKH-IMP-TRAD,ASM-ROOF-LADAKH-INS-MOD,ASM-FLOOR-WARM-TILED,0.452,0.25,2.1,4.88,14.7,1.759,23.508,7.316,21.749,307.924,67.072,18.867,False,0.0,NON_COMPLIANT,0.62,0.03,0.55,-7.3,28.0,0.8233333333333334,8.0,24.0,6.0,4.0,2.8,1.5,1.603,30.0,180.0,4.88,0.0,0.17142857142857146,345.0,0.452,153.0,0.25,150.0,2.1,2.0,0.4,1.5,2.5
TC-SHIMLA-0396,TEST,LOC-IN-SHIMLA,Shimla,Cold-Humid (Montane Himalayan),31.1048,77.1734,2200.0,1,low,residential,24.0,6.0,4.0,2.8,1.5,30.0,180.0,ASM-WALL-LADAKH-IMP-TRAD,ASM-ROOF-WARM-SLAB,ASM-FLOOR-LADAKH-TRAD,0.452,3.476,0.85,4.88,15.425,1.644,24.867,8.042,23.223,385.708,90.768,5.082,False,0.0,NON_COMPLIANT,0.62,0.03,0.55,-7.3,28.0,0.8233333333333334,1.0,24.0,6.0,4.0,2.8,1.5,1.603,30.0,180.0,4.88,0.0,0.17142857142857146,345.0,0.452,162.5,3.476,250.0,0.85,0.5,0.4,1.5,2.5
TC-SHIMLA-0397,TEST,LOC-IN-SHIMLA,Shimla,Cold-Humid (Montane Himalayan),31.1048,77.1734,2200.0,2,medium,emergency,24.0,6.0,4.0,2.8,1.5,30.0,180.0,ASM-WALL-LADAKH-INS-MOD,ASM-ROOF-LADAKH-TRAD,ASM-FLOOR-LADAKH-INS-SLAB,0.314,0.247,0.444,4.88,16.87,1.674,27.182,9.487,25.508,387.219,48.355,11.526,True,85.0,OPTIMAL,0.62,0.03,0.55,-7.3,28.0,0.8233333333333334,2.0,24.0,6.0,4.0,2.8,1.5,1.603,30.0,180.0,4.88,0.0,0.17142857142857146,392.5,0.314,300.0,0.247,180.0,0.444,1.0,0.4,1.5,2.5
TC-SHIMLA-0398,TEST,LOC-IN-SHIMLA,Shimla,Cold-Humid (Montane Himalayan),31.1048,77.1734,2200.0,4,high,work,24.0,6.0,4.0,2.8,1.5,30.0,180.0,ASM-WALL-LADAKH-INS-MOD,ASM-ROOF-LADAKH-INS-MOD,ASM-FLOOR-WARM-TILED,0.314,0.25,2.1,4.88,13.281,1.699,21.109,5.898,19.41,289.988,62.705,16.57,True,72.17,ACCEPTABLE,0.62,0.03,0.55,-7.3,28.0,0.8233333333333334,4.0,24.0,6.0,4.0,2.8,1.5,1.603,30.0,180.0,4.88,0.0,0.17142857142857146,392.5,0.314,153.0,0.25,150.0,2.1,2.0,0.4,1.5,2.5
TC-SHIMLA-0399,TEST,LOC-IN-SHIMLA,Shimla,Cold-Humid (Montane Himalayan),31.1048,77.1734,2200.0,8,low,residential,24.0,6.0,4.0,2.8,1.5,30.0,180.0,ASM-WALL-LADAKH-INS-MOD,ASM-ROOF-WARM-SLAB,ASM-FLOOR-LADAKH-TRAD,0.314,3.476,0.85,4.88,14.888,1.747,23.65,7.505,21.903,367.773,90.629,4.827,False,0.0,NON_COMPLIANT,0.62,0.03,0.55,-7.3,28.0,0.8233333333333334,8.0,24.0,6.0,4.0,2.8,1.5,1.603,30.0,180.0,4.88,0.0,0.17142857142857146,392.5,0.314,162.5,3.476,250.0,0.85,0.5,0.4,1.5,2.5
TC-SHIMLA-0400,TEST,LOC-IN-SHIMLA,Shimla,Cold-Humid (Montane Himalayan),31.1048,77.1734,2200.0,1,medium,emergency,24.0,6.0,4.0,2.8,1.5,30.0,180.0,ASM-WALL-LADAKH-LIGHT-INS,ASM-ROOF-LADAKH-TRAD,ASM-FLOOR-LADAKH-INS-SLAB,0.284,0.247,0.444,4.88,20.651,1.539,45.335,13.268,43.796,315.477,29.483,15.283,True,71.6,ACCEPTABLE,0.62,0.03,0.55,-7.3,28.0,0.8233333333333334,1.0,24.0,6.0,4.0,2.8,1.5,1.603,30.0,180.0,4.88,0.0,0.17142857142857146,152.0,0.284,300.0,0.247,180.0,0.444,1.0,0.4,1.5,2.5
TC-SHIMLA-0401,TEST,LOC-IN-SHIMLA,Shimla,Cold-Humid (Montane Himalayan),31.1048,77.1734,2200.0,2,high,work,24.0,6.0,4.0,2.8,1.5,30.0,180.0,ASM-WALL-LADAKH-LIGHT-INS,ASM-ROOF-LADAKH-INS-MOD,ASM-FLOOR-WARM-TILED,0.284,0.25,2.1,4.88,15.127,1.591,30.214,7.744,28.623,218.247,51.415,19.393,True,64.07,ACCEPTABLE,0.62,0.03,0.55,-7.3,28.0,0.8233333333333334,2.0,24.0,6.0,4.0,2.8,1.5,1.603,30.0,180.0,4.88,0.0,0.17142857142857146,152.0,0.284,153.0,0.25,150.0,2.1,2.0,0.4,1.5,2.5
TC-SHIMLA-0402,TEST,LOC-IN-SHIMLA,Shimla,Cold-Humid (Montane Himalayan),31.1048,77.1734,2200.0,4,low,residential,24.0,6.0,4.0,2.8,1.5,30.0,180.0,ASM-WALL-LADAKH-LIGHT-INS,ASM-ROOF-WARM-SLAB,ASM-FLOOR-LADAKH-TRAD,0.284,3.476,0.85,4.88,17.341,1.708,32.032,9.958,30.324,296.031,84.543,5.935,False,0.0,NON_COMPLIANT,0.62,0.03,0.55,-7.3,28.0,0.8233333333333334,4.0,24.0,6.0,4.0,2.8,1.5,1.603,30.0,180.0,4.88,0.0,0.17142857142857146,152.0,0.284,162.5,3.476,250.0,0.85,0.5,0.4,1.5,2.5
TC-SHIMLA-0403,TEST,LOC-IN-SHIMLA,Shimla,Cold-Humid (Montane Himalayan),31.1048,77.1734,2200.0,8,medium,emergency,24.0,6.0,4.0,2.8,1.5,30.0,180.0,ASM-WALL-SHIMLA-COLD,ASM-ROOF-LADAKH-TRAD,ASM-FLOOR-LADAKH-INS-SLAB,0.347,0.247,0.444,4.88,14.242,1.744,22.44,6.858,20.696,351.348,64.187,9.116,True,78.09,ACCEPTABLE,0.62,0.03,0.55,-7.3,28.0,0.8233333333333334,8.0,24.0,6.0,4.0,2.8,1.5,1.603,30.0,180.0,4.88,0.0,0.17142857142857146,410.0,0.347,300.0,0.247,180.0,0.444,1.0,0.4,1.5,2.5
TC-SHIMLA-0404,TEST,LOC-IN-SHIMLA,Shimla,Cold-Humid (Montane Himalayan),31.1048,77.1734,2200.0,1,high,work,24.0,6.0,4.0,2.8,1.5,30.0,180.0,ASM-WALL-SHIMLA-COLD,ASM-ROOF-LADAKH-INS-MOD,ASM-FLOOR-WARM-TILED,0.347,0.25,2.1,4.88,10.834,1.648,16.921,3.451,15.273,254.118,67.978,13.055,True,65.44,ACCEPTABLE,0.62,0.03,0.55,-7.3,28.0,0.8233333333333334,1.0,24.0,6.0,4.0,2.8,1.5,1.603,30.0,180.0,4.88,0.0,0.17142857142857146,410.0,0.347,153.0,0.25,150.0,2.1,2.0,0.4,1.5,2.5
TC-SHIMLA-0405,TEST,LOC-IN-SHIMLA,Shimla,Cold-Humid (Montane Himalayan),31.1048,77.1734,2200.0,2,low,residential,24.0,6.0,4.0,2.8,1.5,30.0,180.0,ASM-WALL-SHIMLA-COLD,ASM-ROOF-WARM-SLAB,ASM-FLOOR-LADAKH-TRAD,0.347,3.476,0.85,4.88,12.128,1.665,19.05,4.745,17.384,331.902,90.957,3.717,False,0.0,NON_COMPLIANT,0.62,0.03,0.55,-7.3,28.0,0.8233333333333334,2.0,24.0,6.0,4.0,2.8,1.5,1.603,30.0,180.0,4.88,0.0,0.17142857142857146,410.0,0.347,162.5,3.476,250.0,0.85,0.5,0.4,1.5,2.5
TC-SHIMLA-0406,TEST,LOC-IN-SHIMLA,Shimla,Cold-Humid (Montane Himalayan),31.1048,77.1734,2200.0,4,medium,emergency,24.0,6.0,4.0,2.8,1.5,30.0,270.0,ASM-WALL-LADAKH-TRAD,ASM-ROOF-LADAKH-TRAD,ASM-FLOOR-LADAKH-INS-SLAB,1.591,0.247,0.444,4.88,14.835,1.716,23.491,7.452,21.775,337.896,29.459,9.668,False,0.0,NON_COMPLIANT,0.62,0.03,0.55,-7.3,28.0,0.8233333333333334,4.0,24.0,6.0,4.0,2.8,1.5,1.603,30.0,270.0,4.88,0.0,0.2571428571428572,465.0,1.591,300.0,0.247,180.0,0.444,1.0,0.4,1.5,2.5
TC-SHIMLA-0407,TEST,LOC-IN-SHIMLA,Shimla,Cold-Humid (Montane Himalayan),31.1048,77.1734,2200.0,8,high,work,24.0,6.0,4.0,2.8,1.5,30.0,270.0,ASM-WALL-LADAKH-TRAD,ASM-ROOF-LADAKH-INS-MOD,ASM-FLOOR-WARM-TILED,1.591,0.25,2.1,4.88,11.766,1.746,18.279,4.383,16.533,240.666,45.869,14.288,False,0.0,NON_COMPLIANT,0.62,0.03,0.55,-7.3,28.0,0.8233333333333334,8.0,24.0,6.0,4.0,2.8,1.5,1.603,30.0,270.0,4.88,0.0,0.2571428571428572,465.0,1.591,153.0,0.25,150.0,2.1,2.0,0.4,1.5,2.5
TC-SHIMLA-0408,TEST,LOC-IN-SHIMLA,Shimla,Cold-Humid (Montane Himalayan),31.1048,77.1734,2200.0,1,low,residential,24.0,6.0,4.0,2.8,1.5,30.0,270.0,ASM-WALL-LADAKH-TRAD,ASM-ROOF-WARM-SLAB,ASM-FLOOR-LADAKH-TRAD,1.591,3.476,0.85,4.88,12.577,1.657,19.801,5.194,18.144,318.45,64.288,3.901,False,0.0,NON_COMPLIANT,0.62,0.03,0.55,-7.3,28.0,0.8233333333333334,1.0,24.0,6.0,4.0,2.8,1.5,1.603,30.0,270.0,4.88,0.0,0.2571428571428572,465.0,1.591,162.5,3.476,250.0,0.85,0.5,0.4,1.5,2.5
TC-SHIMLA-0409,TEST,LOC-IN-SHIMLA,Shimla,Cold-Humid (Montane Himalayan),31.1048,77.1734,2200.0,2,medium,emergency,24.0,6.0,4.0,2.8,1.5,30.0,270.0,ASM-WALL-LADAKH-IMP-TRAD,ASM-ROOF-LADAKH-TRAD,ASM-FLOOR-LADAKH-INS-SLAB,0.452,0.247,0.444,4.88,16.251,1.672,26.241,8.868,24.569,337.896,40.771,10.911,False,0.0,NON_COMPLIANT,0.62,0.03,0.55,-7.3,28.0,0.8233333333333334,2.0,24.0,6.0,4.0,2.8,1.5,1.603,30.0,270.0,4.88,0.0,0.2571428571428572,345.0,0.452,300.0,0.247,180.0,0.444,1.0,0.4,1.5,2.5
TC-SHIMLA-0410,TEST,LOC-IN-SHIMLA,Shimla,Cold-Humid (Montane Himalayan),31.1048,77.1734,2200.0,4,high,work,24.0,6.0,4.0,2.8,1.5,30.0,270.0,ASM-WALL-LADAKH-IMP-TRAD,ASM-ROOF-LADAKH-INS-MOD,ASM-FLOOR-WARM-TILED,0.452,0.25,2.1,4.88,12.526,1.701,19.894,5.143,18.194,240.666,54.521,15.336,False,0.0,NON_COMPLIANT,0.62,0.03,0.55,-7.3,28.0,0.8233333333333334,4.0,24.0,6.0,4.0,2.8,1.5,1.603,30.0,270.0,4.88,0.0,0.2571428571428572,345.0,0.452,153.0,0.25,150.0,2.1,2.0,0.4,1.5,2.5
TC-SHIMLA-0411,TEST,LOC-IN-SHIMLA,Shimla,Cold-Humid (Montane Himalayan),31.1048,77.1734,2200.0,8,low,residential,24.0,6.0,4.0,2.8,1.5,30.0,270.0,ASM-WALL-LADAKH-IMP-TRAD,ASM-ROOF-WARM-SLAB,ASM-FLOOR-LADAKH-TRAD,0.452,3.476,0.85,4.88,14.273,1.752,22.66,6.89,20.908,318.45,81.009,4.536,False,0.0,NON_COMPLIANT,0.62,0.03,0.55,-7.3,28.0,0.8233333333333334,8.0,24.0,6.0,4.0,2.8,1.5,1.603,30.0,270.0,4.88,0.0,0.2571428571428572,345.0,0.452,162.5,3.476,250.0,0.85,0.5,0.4,1.5,2.5
TC-SHIMLA-0412,TEST,LOC-IN-SHIMLA,Shimla,Cold-Humid (Montane Himalayan),31.1048,77.1734,2200.0,1,medium,emergency,24.0,6.0,4.0,2.8,1.5,30.0,270.0,ASM-WALL-LADAKH-INS-MOD,ASM-ROOF-LADAKH-TRAD,ASM-FLOOR-LADAKH-INS-SLAB,0.314,0.247,0.444,4.88,14.949,1.654,23.938,7.566,22.285,324.445,40.884,9.745,True,79.9,ACCEPTABLE,0.62,0.03,0.55,-7.3,28.0,0.8233333333333334,1.0,24.0,6.0,4.0,2.8,1.5,1.603,30.0,270.0,4.88,0.0,0.2571428571428572,392.5,0.314,300.0,0.247,180.0,0.444,1.0,0.4,1.5,2.5
TC-SHIMLA-0413,TEST,LOC-IN-SHIMLA,Shimla,Cold-Humid (Montane Himalayan),31.1048,77.1734,2200.0,2,high,work,24.0,6.0,4.0,2.8,1.5,30.0,270.0,ASM-WALL-LADAKH-INS-MOD,ASM-ROOF-LADAKH-INS-MOD,ASM-FLOOR-WARM-TILED,0.314,0.25,2.1,4.88,11.49,1.662,18.099,4.107,16.438,227.214,52.412,13.85,True,67.38,ACCEPTABLE,0.62,0.03,0.55,-7.3,28.0,0.8233333333333334,2.0,24.0,6.0,4.0,2.8,1.5,1.603,30.0,270.0,4.88,0.0,0.2571428571428572,392.5,0.314,153.0,0.25,150.0,2.1,2.0,0.4,1.5,2.5
TC-SHIMLA-0414,TEST,LOC-IN-SHIMLA,Shimla,Cold-Humid (Montane Himalayan),31.1048,77.1734,2200.0,4,low,residential,24.0,6.0,4.0,2.8,1.5,30.0,270.0,ASM-WALL-LADAKH-INS-MOD,ASM-ROOF-WARM-SLAB,ASM-FLOOR-LADAKH-TRAD,0.314,3.476,0.85,4.88,13.05,1.699,20.631,5.667,18.933,304.999,76.31,4.064,False,0.0,NON_COMPLIANT,0.62,0.03,0.55,-7.3,28.0,0.8233333333333334,4.0,24.0,6.0,4.0,2.8,1.5,1.603,30.0,270.0,4.88,0.0,0.2571428571428572,392.5,0.314,162.5,3.476,250.0,0.85,0.5,0.4,1.5,2.5
TC-SHIMLA-0415,TEST,LOC-IN-SHIMLA,Shimla,Cold-Humid (Montane Himalayan),31.1048,77.1734,2200.0,8,medium,emergency,24.0,6.0,4.0,2.8,1.5,30.0,270.0,ASM-WALL-LADAKH-LIGHT-INS,ASM-ROOF-LADAKH-TRAD,ASM-FLOOR-LADAKH-INS-SLAB,0.284,0.247,0.444,4.88,19.889,1.943,41.698,12.505,39.756,270.638,27.637,14.327,True,74.83,ACCEPTABLE,0.62,0.03,0.55,-7.3,28.0,0.8233333333333334,8.0,24.0,6.0,4.0,2.8,1.5,1.603,30.0,270.0,4.88,0.0,0.2571428571428572,152.0,0.284,300.0,0.247,180.0,0.444,1.0,0.4,1.5,2.5
TC-SHIMLA-0416,TEST,LOC-IN-SHIMLA,Shimla,Cold-Humid (Montane Himalayan),31.1048,77.1734,2200.0,1,high,work,24.0,6.0,4.0,2.8,1.5,30.0,270.0,ASM-WALL-LADAKH-LIGHT-INS,ASM-ROOF-LADAKH-INS-MOD,ASM-FLOOR-WARM-TILED,0.284,0.25,2.1,4.88,13.419,1.532,26.351,6.035,24.819,173.408,42.837,16.157,True,60.28,ACCEPTABLE,0.62,0.03,0.55,-7.3,28.0,0.8233333333333334,1.0,24.0,6.0,4.0,2.8,1.5,1.603,30.0,270.0,4.88,0.0,0.2571428571428572,152.0,0.284,153.0,0.25,150.0,2.1,2.0,0.4,1.5,2.5
TC-SHIMLA-0417,TEST,LOC-IN-SHIMLA,Shimla,Cold-Humid (Montane Himalayan),31.1048,77.1734,2200.0,2,low,residential,24.0,6.0,4.0,2.8,1.5,30.0,270.0,ASM-WALL-LADAKH-LIGHT-INS,ASM-ROOF-WARM-SLAB,ASM-FLOOR-LADAKH-TRAD,0.284,3.476,0.85,4.88,15.614,1.62,28.609,8.231,26.988,251.192,72.865,5.115,False,0.0,NON_COMPLIANT,0.62,0.03,0.55,-7.3,28.0,0.8233333333333334,2.0,24.0,6.0,4.0,2.8,1.5,1.603,30.0,270.0,4.88,0.0,0.2571428571428572,152.0,0.284,162.5,3.476,250.0,0.85,0.5,0.4,1.5,2.5
TC-SHIMLA-0418,TEST,LOC-IN-SHIMLA,Shimla,Cold-Humid (Montane Himalayan),31.1048,77.1734,2200.0,4,medium,emergency,24.0,6.0,4.0,2.8,1.5,30.0,270.0,ASM-WALL-SHIMLA-COLD,ASM-ROOF-LADAKH-TRAD,ASM-FLOOR-LADAKH-INS-SLAB,0.347,0.247,0.444,4.88,12.616,1.704,19.797,5.233,18.093,297.542,55.01,7.813,True,73.67,ACCEPTABLE,0.62,0.03,0.55,-7.3,28.0,0.8233333333333334,4.0,24.0,6.0,4.0,2.8,1.5,1.603,30.0,270.0,4.88,0.0,0.2571428571428572,410.0,0.347,300.0,0.247,180.0,0.444,1.0,0.4,1.5,2.5
TC-SHIMLA-0419,TEST,LOC-IN-SHIMLA,Shimla,Cold-Humid (Montane Himalayan),31.1048,77.1734,2200.0,8,high,work,24.0,6.0,4.0,2.8,1.5,30.0,270.0,ASM-WALL-SHIMLA-COLD,ASM-ROOF-LADAKH-INS-MOD,ASM-FLOOR-WARM-TILED,0.347,0.25,2.1,4.88,10.13,1.741,15.545,2.746,13.804,200.311,63.138,12.125,True,63.8,ACCEPTABLE,0.62,0.03,0.55,-7.3,28.0,0.8233333333333334,8.0,24.0,6.0,4.0,2.8,1.5,1.603,30.0,270.0,4.88,0.0,0.2571428571428572,410.0,0.347,153.0,0.25,150.0,2.1,2.0,0.4,1.5,2.5
TC-SHIMLA-0420,TEST,LOC-IN-SHIMLA,Shimla,Cold-Humid (Montane Himalayan),31.1048,77.1734,2200.0,1,low,residential,24.0,6.0,4.0,2.8,1.5,30.0,270.0,ASM-WALL-SHIMLA-COLD,ASM-ROOF-WARM-SLAB,ASM-FLOOR-LADAKH-TRAD,0.347,3.476,0.85,4.88,10.931,1.652,17.045,3.547,15.394,278.096,80.925,3.307,False,0.0,NON_COMPLIANT,0.62,0.03,0.55,-7.3,28.0,0.8233333333333334,1.0,24.0,6.0,4.0,2.8,1.5,1.603,30.0,270.0,4.88,0.0,0.2571428571428572,410.0,0.347,162.5,3.476,250.0,0.85,0.5,0.4,1.5,2.5
TC-SHIMLA-0421,TEST,LOC-IN-SHIMLA,Shimla,Cold-Humid (Montane Himalayan),31.1048,77.1734,2200.0,2,medium,emergency,25.0,5.0,5.0,2.8,1.0,0.0,0.0,ASM-WALL-LADAKH-TRAD,ASM-ROOF-LADAKH-TRAD,ASM-FLOOR-LADAKH-INS-SLAB,1.591,0.247,0.444,5.0,12.488,1.682,19.584,5.105,17.902,256.998,23.423,8.055,False,0.0,NON_COMPLIANT,0.62,0.03,0.55,-7.3,28.0,0.8233333333333334,2.0,25.0,5.0,5.0,2.8,1.0,1.514,0.0,0.0,5.0,0.0,0.21428571428571427,465.0,1.591,300.0,0.247,180.0,0.444,1.0,0.4,1.5,2.5
TC-SHIMLA-0422,TEST,LOC-IN-SHIMLA,Shimla,Cold-Humid (Montane Himalayan),31.1048,77.1734,2200.0,4,high,work,25.0,5.0,5.0,2.8,1.0,0.0,0.0,ASM-WALL-LADAKH-TRAD,ASM-ROOF-LADAKH-INS-MOD,ASM-FLOOR-WARM-TILED,1.591,0.25,2.1,5.0,9.642,1.704,14.782,2.258,13.078,169.285,37.847,12.065,False,0.0,NON_COMPLIANT,0.62,0.03,0.55,-7.3,28.0,0.8233333333333334,4.0,25.0,5.0,5.0,2.8,1.0,1.514,0.0,0.0,5.0,0.0,0.21428571428571427,465.0,1.591,153.0,0.25,150.0,2.1,2.0,0.4,1.5,2.5
TC-SHIMLA-0423,TEST,LOC-IN-SHIMLA,Shimla,Cold-Humid (Montane Himalayan),31.1048,77.1734,2200.0,8,low,residential,25.0,5.0,5.0,2.8,1.0,0.0,0.0,ASM-WALL-LADAKH-TRAD,ASM-ROOF-WARM-SLAB,ASM-FLOOR-LADAKH-TRAD,1.591,3.476,0.85,5.0,11.362,1.742,17.557,3.979,15.815,239.455,53.517,3.596,False,0.0,NON_COMPLIANT,0.62,0.03,0.55,-7.3,28.0,0.8233333333333334,8.0,25.0,5.0,5.0,2.8,1.0,1.514,0.0,0.0,5.0,0.0,0.21428571428571427,465.0,1.591,162.5,3.476,250.0,0.85,0.5,0.4,1.5,2.5
TC-SHIMLA-0424,TEST,LOC-IN-SHIMLA,Shimla,Cold-Humid (Montane Himalayan),31.1048,77.1734,2200.0,1,medium,emergency,25.0,5.0,5.0,2.8,1.0,0.0,0.0,ASM-WALL-LADAKH-IMP-TRAD,ASM-ROOF-LADAKH-TRAD,ASM-FLOOR-LADAKH-INS-SLAB,0.452,0.247,0.444,5.0,13.793,1.651,22.045,6.41,20.394,256.998,32.378,9.073,False,0.0,NON_COMPLIANT,0.62,0.03,0.55,-7.3,28.0,0.8233333333333334,1.0,25.0,5.0,5.0,2.8,1.0,1.514,0.0,0.0,5.0,0.0,0.21428571428571427,345.0,0.452,300.0,0.247,180.0,0.444,1.0,0.4,1.5,2.5
TC-SHIMLA-0425,TEST,LOC-IN-SHIMLA,Shimla,Cold-Humid (Montane Himalayan),31.1048,77.1734,2200.0,2,high,work,25.0,5.0,5.0,2.8,1.0,0.0,0.0,ASM-WALL-LADAKH-IMP-TRAD,ASM-ROOF-LADAKH-INS-MOD,ASM-FLOOR-WARM-TILED,0.452,0.25,2.1,5.0,10.388,1.66,16.254,3.005,14.594,169.285,44.501,12.835,False,0.0,NON_COMPLIANT,0.62,0.03,0.55,-7.3,28.0,0.8233333333333334,2.0,25.0,5.0,5.0,2.8,1.0,1.514,0.0,0.0,5.0,0.0,0.21428571428571427,345.0,0.452,153.0,0.25,150.0,2.1,2.0,0.4,1.5,2.5
TC-SHIMLA-0426,TEST,LOC-IN-SHIMLA,Shimla,Cold-Humid (Montane Himalayan),31.1048,77.1734,2200.0,4,low,residential,25.0,5.0,5.0,2.8,1.0,0.0,0.0,ASM-WALL-LADAKH-IMP-TRAD,ASM-ROOF-WARM-SLAB,ASM-FLOOR-LADAKH-TRAD,0.452,3.476,0.85,5.0,12.09,1.703,19.025,4.707,17.322,239.455,62.108,3.833,False,0.0,NON_COMPLIANT,0.62,0.03,0.55,-7.3,28.0,0.8233333333333334,4.0,25.0,5.0,5.0,2.8,1.0,1.514,0.0,0.0,5.0,0.0,0.21428571428571427,345.0,0.452,162.5,3.476,250.0,0.85,0.5,0.4,1.5,2.5
TC-SHIMLA-0427,TEST,LOC-IN-SHIMLA,Shimla,Cold-Humid (Montane Himalayan),31.1048,77.1734,2200.0,8,medium,emergency,25.0,5.0,5.0,2.8,1.0,0.0,0.0,ASM-WALL-LADAKH-INS-MOD,ASM-ROOF-LADAKH-TRAD,ASM-FLOOR-LADAKH-INS-SLAB,0.314,0.247,0.444,5.0,13.496,1.757,21.199,6.112,19.442,248.051,35.28,8.803,False,0.0,NON_COMPLIANT,0.62,0.03,0.55,-7.3,28.0,0.8233333333333334,8.0,25.0,5.0,5.0,2.8,1.0,1.514,0.0,0.0,5.0,0.0,0.21428571428571427,392.5,0.314,300.0,0.247,180.0,0.444,1.0,0.4,1.5,2.5
TC-SHIMLA-0428,TEST,LOC-IN-SHIMLA,Shimla,Cold-Humid (Montane Himalayan),31.1048,77.1734,2200.0,1,high,work,25.0,5.0,5.0,2.8,1.0,0.0,0.0,ASM-WALL-LADAKH-INS-MOD,ASM-ROOF-LADAKH-INS-MOD,ASM-FLOOR-WARM-TILED,0.314,0.25,2.1,5.0,9.652,1.644,14.966,2.268,13.322,160.338,44.223,11.995,False,0.0,NON_COMPLIANT,0.62,0.03,0.55,-7.3,28.0,0.8233333333333334,1.0,25.0,5.0,5.0,2.8,1.0,1.514,0.0,0.0,5.0,0.0,0.21428571428571427,392.5,0.314,153.0,0.25,150.0,2.1,2.0,0.4,1.5,2.5
TC-SHIMLA-0429,TEST,LOC-IN-SHIMLA,Shimla,Cold-Humid (Montane Himalayan),31.1048,77.1734,2200.0,2,low,residential,25.0,5.0,5.0,2.8,1.0,0.0,0.0,ASM-WALL-LADAKH-INS-MOD,ASM-ROOF-WARM-SLAB,ASM-FLOOR-LADAKH-TRAD,0.314,3.476,0.85,5.0,11.207,1.667,17.532,3.824,15.865,230.508,60.231,3.526,False,0.0,NON_COMPLIANT,0.62,0.03,0.55,-7.3,28.0,0.8233333333333334,2.0,25.0,5.0,5.0,2.8,1.0,1.514,0.0,0.0,5.0,0.0,0.21428571428571427,392.5,0.314,162.5,3.476,250.0,0.85,0.5,0.4,1.5,2.5
TC-SHIMLA-0430,TEST,LOC-IN-SHIMLA,Shimla,Cold-Humid (Montane Himalayan),31.1048,77.1734,2200.0,4,medium,emergency,25.0,5.0,5.0,2.8,1.0,0.0,0.0,ASM-WALL-LADAKH-LIGHT-INS,ASM-ROOF-LADAKH-TRAD,ASM-FLOOR-LADAKH-INS-SLAB,0.284,0.247,0.444,5.0,17.247,1.78,36.019,9.864,34.239,212.264,22.333,12.155,False,0.0,NON_COMPLIANT,0.62,0.03,0.55,-7.3,28.0,0.8233333333333334,4.0,25.0,5.0,5.0,2.8,1.0,1.514,0.0,0.0,5.0,0.0,0.21428571428571427,152.0,0.284,300.0,0.247,180.0,0.444,1.0,0.4,1.5,2.5
TC-SHIMLA-0431,TEST,LOC-IN-SHIMLA,Shimla,Cold-Humid (Montane Himalayan),31.1048,77.1734,2200.0,8,high,work,25.0,5.0,5.0,2.8,1.0,0.0,0.0,ASM-WALL-LADAKH-LIGHT-INS,ASM-ROOF-LADAKH-INS-MOD,ASM-FLOOR-WARM-TILED,0.284,0.25,2.1,5.0,12.564,1.88,23.046,5.181,21.166,124.552,39.034,15.003,False,0.0,NON_COMPLIANT,0.62,0.03,0.55,-7.3,28.0,0.8233333333333334,8.0,25.0,5.0,5.0,2.8,1.0,1.514,0.0,0.0,5.0,0.0,0.21428571428571427,152.0,0.284,153.0,0.25,150.0,2.1,2.0,0.4,1.5,2.5
TC-SHIMLA-0432,TEST,LOC-IN-SHIMLA,Shimla,Cold-Humid (Montane Himalayan),31.1048,77.1734,2200.0,1,low,residential,25.0,5.0,5.0,2.8,1.0,0.0,0.0,ASM-WALL-LADAKH-LIGHT-INS,ASM-ROOF-WARM-SLAB,ASM-FLOOR-LADAKH-TRAD,0.284,3.476,0.85,5.0,13.893,1.579,25.122,6.51,23.544,194.722,57.46,4.509,False,0.0,NON_COMPLIANT,0.62,0.03,0.55,-7.3,28.0,0.8233333333333334,1.0,25.0,5.0,5.0,2.8,1.0,1.514,0.0,0.0,5.0,0.0,0.21428571428571427,152.0,0.284,162.5,3.476,250.0,0.85,0.5,0.4,1.5,2.5
TC-SHIMLA-0433,TEST,LOC-IN-SHIMLA,Shimla,Cold-Humid (Montane Himalayan),31.1048,77.1734,2200.0,2,medium,emergency,25.0,5.0,5.0,2.8,1.0,0.0,0.0,ASM-WALL-SHIMLA-COLD,ASM-ROOF-LADAKH-TRAD,ASM-FLOOR-LADAKH-INS-SLAB,0.347,0.247,0.444,5.0,10.878,1.673,16.905,3.494,15.232,230.158,46.199,6.861,False,0.0,NON_COMPLIANT,0.62,0.03,0.55,-7.3,28.0,0.8233333333333334,2.0,25.0,5.0,5.0,2.8,1.0,1.514,0.0,0.0,5.0,0.0,0.21428571428571427,410.0,0.347,300.0,0.247,180.0,0.444,1.0,0.4,1.5,2.5
TC-SHIMLA-0434,TEST,LOC-IN-SHIMLA,Shimla,Cold-Humid (Montane Himalayan),31.1048,77.1734,2200.0,4,high,work,25.0,5.0,5.0,2.8,1.0,0.0,0.0,ASM-WALL-SHIMLA-COLD,ASM-ROOF-LADAKH-INS-MOD,ASM-FLOOR-WARM-TILED,0.347,0.25,2.1,5.0,8.551,1.694,12.96,1.168,11.266,142.445,54.935,10.879,False,0.0,NON_COMPLIANT,0.62,0.03,0.55,-7.3,28.0,0.8233333333333334,4.0,25.0,5.0,5.0,2.8,1.0,1.514,0.0,0.0,5.0,0.0,0.21428571428571427,410.0,0.347,153.0,0.25,150.0,2.1,2.0,0.4,1.5,2.5
TC-SHIMLA-0435,TEST,LOC-IN-SHIMLA,Shimla,Cold-Humid (Montane Himalayan),31.1048,77.1734,2200.0,8,low,residential,25.0,5.0,5.0,2.8,1.0,0.0,0.0,ASM-WALL-SHIMLA-COLD,ASM-ROOF-WARM-SLAB,ASM-FLOOR-LADAKH-TRAD,0.347,3.476,0.85,5.0,10.106,1.738,15.477,2.722,13.738,212.615,71.287,3.164,False,0.0,NON_COMPLIANT,0.62,0.03,0.55,-7.3,28.0,0.8233333333333334,8.0,25.0,5.0,5.0,2.8,1.0,1.514,0.0,0.0,5.0,0.0,0.21428571428571427,410.0,0.347,162.5,3.476,250.0,0.85,0.5,0.4,1.5,2.5
TC-SHIMLA-0436,TEST,LOC-IN-SHIMLA,Shimla,Cold-Humid (Montane Himalayan),31.1048,77.1734,2200.0,1,medium,emergency,25.0,5.0,5.0,2.8,1.0,0.0,90.0,ASM-WALL-LADAKH-TRAD,ASM-ROOF-LADAKH-TRAD,ASM-FLOOR-LADAKH-INS-SLAB,1.591,0.247,0.444,5.0,14.335,1.664,22.725,6.952,21.061,324.098,28.006,9.63,False,0.0,NON_COMPLIANT,0.62,0.03,0.55,-7.3,28.0,0.8233333333333334,1.0,25.0,5.0,5.0,2.8,1.0,1.514,0.0,90.0,5.0,0.0,0.21428571428571427,465.0,1.591,300.0,0.247,180.0,0.444,1.0,0.4,1.5,2.5
TC-SHIMLA-0437,TEST,LOC-IN-SHIMLA,Shimla,Cold-Humid (Montane Himalayan),31.1048,77.1734,2200.0,2,high,work,25.0,5.0,5.0,2.8,1.0,0.0,90.0,ASM-WALL-LADAKH-TRAD,ASM-ROOF-LADAKH-INS-MOD,ASM-FLOOR-WARM-TILED,1.591,0.25,2.1,5.0,11.186,1.671,17.454,3.803,15.783,236.385,44.307,14.124,False,0.0,NON_COMPLIANT,0.62,0.03,0.55,-7.3,28.0,0.8233333333333334,2.0,25.0,5.0,5.0,2.8,1.0,1.514,0.0,90.0,5.0,0.0,0.21428571428571427,465.0,1.591,153.0,0.25,150.0,2.1,2.0,0.4,1.5,2.5
TC-SHIMLA-0438,TEST,LOC-IN-SHIMLA,Shimla,Cold-Humid (Montane Himalayan),31.1048,77.1734,2200.0,4,low,residential,25.0,5.0,5.0,2.8,1.0,0.0,90.0,ASM-WALL-LADAKH-TRAD,ASM-ROOF-WARM-SLAB,ASM-FLOOR-LADAKH-TRAD,1.591,3.476,0.85,5.0,12.696,1.705,19.91,5.313,18.206,306.555,61.112,4.106,False,0.0,NON_COMPLIANT,0.62,0.03,0.55,-7.3,28.0,0.8233333333333334,4.0,25.0,5.0,5.0,2.8,1.0,1.514,0.0,90.0,5.0,0.0,0.21428571428571427,465.0,1.591,162.5,3.476,250.0,0.85,0.5,0.4,1.5,2.5
TC-SHIMLA-0439,TEST,LOC-IN-SHIMLA,Shimla,Cold-Humid (Montane Himalayan),31.1048,77.1734,2200.0,8,medium,emergency,25.0,5.0,5.0,2.8,1.0,0.0,90.0,ASM-WALL-LADAKH-IMP-TRAD,ASM-ROOF-LADAKH-TRAD,ASM-FLOOR-LADAKH-INS-SLAB,0.452,0.247,0.444,5.0,16.631,1.765,26.631,9.248,24.867,324.098,41.784,11.709,False,0.0,NON_COMPLIANT,0.62,0.03,0.55,-7.3,28.0,0.8233333333333334,8.0,25.0,5.0,5.0,2.8,1.0,1.514,0.0,90.0,5.0,0.0,0.21428571428571427,345.0,0.452,300.0,0.247,180.0,0.444,1.0,0.4,1.5,2.5
TC-SHIMLA-0440,TEST,LOC-IN-SHIMLA,Shimla,Cold-Humid (Montane Himalayan),31.1048,77.1734,2200.0,1,high,work,25.0,5.0,5.0,2.8,1.0,0.0,90.0,ASM-WALL-LADAKH-IMP-TRAD,ASM-ROOF-LADAKH-INS-MOD,ASM-FLOOR-WARM-TILED,0.452,0.25,2.1,5.0,12.159,1.64,19.348,4.776,17.709,236.385,53.499,15.43,False,0.0,NON_COMPLIANT,0.62,0.03,0.55,-7.3,28.0,0.8233333333333334,1.0,25.0,5.0,5.0,2.8,1.0,1.514,0.0,90.0,5.0,0.0,0.21428571428571427,345.0,0.452,153.0,0.25,150.0,2.1,2.0,0.4,1.5,2.5
TC-SHIMLA-0441,TEST,LOC-IN-SHIMLA,Shimla,Cold-Humid (Montane Himalayan),31.1048,77.1734,2200.0,2,low,residential,25.0,5.0,5.0,2.8,1.0,0.0,90.0,ASM-WALL-LADAKH-IMP-TRAD,ASM-ROOF-WARM-SLAB,ASM-FLOOR-LADAKH-TRAD,0.452,3.476,0.85,5.0,13.709,1.665,21.864,6.326,20.198,306.555,72.951,4.502,False,0.0,NON_COMPLIANT,0.62,0.03,0.55,-7.3,28.0,0.8233333333333334,2.0,25.0,5.0,5.0,2.8,1.0,1.514,0.0,90.0,5.0,0.0,0.21428571428571427,345.0,0.452,162.5,3.476,250.0,0.85,0.5,0.4,1.5,2.5
TC-SHIMLA-0442,TEST,LOC-IN-SHIMLA,Shimla,Cold-Humid (Montane Himalayan),31.1048,77.1734,2200.0,4,medium,emergency,25.0,5.0,5.0,2.8,1.0,0.0,90.0,ASM-WALL-LADAKH-INS-MOD,ASM-ROOF-LADAKH-TRAD,ASM-FLOOR-LADAKH-INS-SLAB,0.314,0.247,0.444,5.0,14.997,1.717,23.899,7.614,22.183,310.678,40.8,10.18,False,0.0,NON_COMPLIANT,0.62,0.03,0.55,-7.3,28.0,0.8233333333333334,4.0,25.0,5.0,5.0,2.8,1.0,1.514,0.0,90.0,5.0,0.0,0.21428571428571427,392.5,0.314,300.0,0.247,180.0,0.444,1.0,0.4,1.5,2.5
TC-SHIMLA-0443,TEST,LOC-IN-SHIMLA,Shimla,Cold-Humid (Montane Himalayan),31.1048,77.1734,2200.0,8,high,work,25.0,5.0,5.0,2.8,1.0,0.0,90.0,ASM-WALL-LADAKH-INS-MOD,ASM-ROOF-LADAKH-INS-MOD,ASM-FLOOR-WARM-TILED,0.314,0.25,2.1,5.0,11.88,1.753,18.553,4.496,16.801,222.965,55.116,14.949,False,0.0,NON_COMPLIANT,0.62,0.03,0.55,-7.3,28.0,0.8233333333333334,8.0,25.0,5.0,5.0,2.8,1.0,1.514,0.0,90.0,5.0,0.0,0.21428571428571427,392.5,0.314,153.0,0.25,150.0,2.1,2.0,0.4,1.5,2.5
TC-SHIMLA-0444,TEST,LOC-IN-SHIMLA,Shimla,Cold-Humid (Montane Himalayan),31.1048,77.1734,2200.0,1,low,residential,25.0,5.0,5.0,2.8,1.0,0.0,90.0,ASM-WALL-LADAKH-INS-MOD,ASM-ROOF-WARM-SLAB,ASM-FLOOR-LADAKH-TRAD,0.314,3.476,0.85,5.0,12.715,1.65,20.129,5.332,18.479,293.135,70.162,4.107,False,0.0,NON_COMPLIANT,0.62,0.03,0.55,-7.3,28.0,0.8233333333333334,1.0,25.0,5.0,5.0,2.8,1.0,1.514,0.0,90.0,5.0,0.0,0.21428571428571427,392.5,0.314,162.5,3.476,250.0,0.85,0.5,0.4,1.5,2.5
TC-SHIMLA-0445,TEST,LOC-IN-SHIMLA,Shimla,Cold-Humid (Montane Himalayan),31.1048,77.1734,2200.0,2,medium,emergency,25.0,5.0,5.0,2.8,1.0,0.0,90.0,ASM-WALL-LADAKH-LIGHT-INS,ASM-ROOF-LADAKH-TRAD,ASM-FLOOR-LADAKH-INS-SLAB,0.284,0.247,0.444,5.0,18.816,1.619,40.543,11.433,38.924,256.998,25.55,13.906,False,0.0,NON_COMPLIANT,0.62,0.03,0.55,-7.3,28.0,0.8233333333333334,2.0,25.0,5.0,5.0,2.8,1.0,1.514,0.0,90.0,5.0,0.0,0.21428571428571427,152.0,0.284,300.0,0.247,180.0,0.444,1.0,0.4,1.5,2.5
TC-SHIMLA-0446,TEST,LOC-IN-SHIMLA,Shimla,Cold-Humid (Montane Himalayan),31.1048,77.1734,2200.0,4,high,work,25.0,5.0,5.0,2.8,1.0,0.0,90.0,ASM-WALL-LADAKH-LIGHT-INS,ASM-ROOF-LADAKH-INS-MOD,ASM-FLOOR-WARM-TILED,0.284,0.25,2.1,5.0,13.702,1.713,26.266,6.318,24.553,169.285,44.983,17.29,False,0.0,NON_COMPLIANT,0.62,0.03,0.55,-7.3,28.0,0.8233333333333334,4.0,25.0,5.0,5.0,2.8,1.0,1.514,0.0,90.0,5.0,0.0,0.21428571428571427,152.0,0.284,153.0,0.25,150.0,2.1,2.0,0.4,1.5,2.5
TC-SHIMLA-0447,TEST,LOC-IN-SHIMLA,Shimla,Cold-Humid (Montane Himalayan),31.1048,77.1734,2200.0,8,low,residential,25.0,5.0,5.0,2.8,1.0,0.0,90.0,ASM-WALL-LADAKH-LIGHT-INS,ASM-ROOF-WARM-SLAB,ASM-FLOOR-LADAKH-TRAD,0.284,3.476,0.85,5.0,16.31,1.837,29.415,8.927,27.578,239.455,71.638,5.622,False,0.0,NON_COMPLIANT,0.62,0.03,0.55,-7.3,28.0,0.8233333333333334,8.0,25.0,5.0,5.0,2.8,1.0,1.514,0.0,90.0,5.0,0.0,0.21428571428571427,152.0,0.284,162.5,3.476,250.0,0.85,0.5,0.4,1.5,2.5
TC-SHIMLA-0448,TEST,LOC-IN-SHIMLA,Shimla,Cold-Humid (Montane Himalayan),31.1048,77.1734,2200.0,1,medium,emergency,25.0,5.0,5.0,2.8,1.0,0.0,90.0,ASM-WALL-SHIMLA-COLD,ASM-ROOF-LADAKH-TRAD,ASM-FLOOR-LADAKH-INS-SLAB,0.347,0.247,0.444,5.0,12.147,1.657,19.076,4.764,17.418,283.838,52.323,7.771,False,0.0,NON_COMPLIANT,0.62,0.03,0.55,-7.3,28.0,0.8233333333333334,1.0,25.0,5.0,5.0,2.8,1.0,1.514,0.0,90.0,5.0,0.0,0.21428571428571427,410.0,0.347,300.0,0.247,180.0,0.444,1.0,0.4,1.5,2.5
TC-SHIMLA-0449,TEST,LOC-IN-SHIMLA,Shimla,Cold-Humid (Montane Himalayan),31.1048,77.1734,2200.0,2,high,work,25.0,5.0,5.0,2.8,1.0,0.0,90.0,ASM-WALL-SHIMLA-COLD,ASM-ROOF-LADAKH-INS-MOD,ASM-FLOOR-WARM-TILED,0.347,0.25,2.1,5.0,9.612,1.664,14.811,2.229,13.148,196.125,60.683,12.018,False,0.0,NON_COMPLIANT,0.62,0.03,0.55,-7.3,28.0,0.8233333333333334,2.0,25.0,5.0,5.0,2.8,1.0,1.514,0.0,90.0,5.0,0.0,0.21428571428571427,410.0,0.347,153.0,0.25,150.0,2.1,2.0,0.4,1.5,2.5
TC-SHIMLA-0450,TEST,LOC-IN-SHIMLA,Shimla,Cold-Humid (Montane Himalayan),31.1048,77.1734,2200.0,4,low,residential,25.0,5.0,5.0,2.8,1.0,0.0,90.0,ASM-WALL-SHIMLA-COLD,ASM-ROOF-WARM-SLAB,ASM-FLOOR-LADAKH-TRAD,0.347,3.476,0.85,5.0,10.997,1.695,17.077,3.614,15.382,266.295,78.124,3.467,False,0.0,NON_COMPLIANT,0.62,0.03,0.55,-7.3,28.0,0.8233333333333334,4.0,25.0,5.0,5.0,2.8,1.0,1.514,0.0,90.0,5.0,0.0,0.21428571428571427,410.0,0.347,162.5,3.476,250.0,0.85,0.5,0.4,1.5,2.5
TC-SHIMLA-0451,TEST,LOC-IN-SHIMLA,Shimla,Cold-Humid (Montane Himalayan),31.1048,77.1734,2200.0,8,medium,emergency,25.0,5.0,5.0,2.8,1.0,0.0,180.0,ASM-WALL-LADAKH-TRAD,ASM-ROOF-LADAKH-TRAD,ASM-FLOOR-LADAKH-INS-SLAB,1.591,0.247,0.444,5.0,16.881,1.75,26.809,9.497,25.059,391.198,35.108,12.072,False,0.0,NON_COMPLIANT,0.62,0.03,0.55,-7.3,28.0,0.8233333333333334,8.0,25.0,5.0,5.0,2.8,1.0,1.514,0.0,180.0,5.0,0.0,0.21428571428571427,465.0,1.591,300.0,0.247,180.0,0.444,1.0,0.4,1.5,2.5
TC-SHIMLA-0452,TEST,LOC-IN-SHIMLA,Shimla,Cold-Humid (Montane Himalayan),31.1048,77.1734,2200.0,1,high,work,25.0,5.0,5.0,2.8,1.0,0.0,180.0,ASM-WALL-LADAKH-TRAD,ASM-ROOF-LADAKH-INS-MOD,ASM-FLOOR-WARM-TILED,1.591,0.25,2.1,5.0,12.8,1.654,20.217,5.417,18.563,303.485,52.068,16.598,False,0.0,NON_COMPLIANT,0.62,0.03,0.55,-7.3,28.0,0.8233333333333334,1.0,25.0,5.0,5.0,2.8,1.0,1.514,0.0,180.0,5.0,0.0,0.21428571428571427,465.0,1.591,153.0,0.25,150.0,2.1,2.0,0.4,1.5,2.5
TC-SHIMLA-0453,TEST,LOC-IN-SHIMLA,Shimla,Cold-Humid (Montane Himalayan),31.1048,77.1734,2200.0,2,low,residential,25.0,5.0,5.0,2.8,1.0,0.0,180.0,ASM-WALL-LADAKH-TRAD,ASM-ROOF-WARM-SLAB,ASM-FLOOR-LADAKH-TRAD,1.591,3.476,0.85,5.0,14.175,1.674,22.458,6.792,20.784,373.655,70.476,4.735,False,0.0,NON_COMPLIANT,0.62,0.03,0.55,-7.3,28.0,0.8233333333333334,2.0,25.0,5.0,5.0,2.8,1.0,1.514,0.0,180.0,5.0,0.0,0.21428571428571427,465.0,1.591,162.5,3.476,250.0,0.85,0.5,0.4,1.5,2.5
TC-SHIMLA-0454,TEST,LOC-IN-SHIMLA,Shimla,Cold-Humid (Montane Himalayan),31.1048,77.1734,2200.0,4,medium,emergency,25.0,5.0,5.0,2.8,1.0,0.0,180.0,ASM-WALL-LADAKH-IMP-TRAD,ASM-ROOF-LADAKH-TRAD,ASM-FLOOR-LADAKH-INS-SLAB,0.452,0.247,0.444,5.0,18.339,1.72,29.766,10.956,28.046,391.198,48.18,13.502,False,0.0,NON_COMPLIANT,0.62,0.03,0.55,-7.3,28.0,0.8233333333333334,4.0,25.0,5.0,5.0,2.8,1.0,1.514,0.0,180.0,5.0,0.0,0.21428571428571427,345.0,0.452,300.0,0.247,180.0,0.444,1.0,0.4,1.5,2.5
TC-SHIMLA-0455,TEST,LOC-IN-SHIMLA,Shimla,Cold-Humid (Montane Himalayan),31.1048,77.1734,2200.0,8,high,work,25.0,5.0,5.0,2.8,1.0,0.0,180.0,ASM-WALL-LADAKH-IMP-TRAD,ASM-ROOF-LADAKH-INS-MOD,ASM-FLOOR-WARM-TILED,0.452,0.25,2.1,5.0,14.608,1.759,23.32,7.224,21.561,303.485,67.572,19.489,False,0.0,NON_COMPLIANT,0.62,0.03,0.55,-7.3,28.0,0.8233333333333334,8.0,25.0,5.0,5.0,2.8,1.0,1.514,0.0,180.0,5.0,0.0,0.21428571428571427,345.0,0.452,153.0,0.25,150.0,2.1,2.0,0.4,1.5,2.5
TC-SHIMLA-0456,TEST,LOC-IN-SHIMLA,Shimla,Cold-Humid (Montane Himalayan),31.1048,77.1734,2200.0,1,low,residential,25.0,5.0,5.0,2.8,1.0,0.0,180.0,ASM-WALL-LADAKH-IMP-TRAD,ASM-ROOF-WARM-SLAB,ASM-FLOOR-LADAKH-TRAD,0.452,3.476,0.85,5.0,15.399,1.646,24.793,8.016,23.147,373.655,85.622,5.284,False,0.0,NON_COMPLIANT,0.62,0.03,0.55,-7.3,28.0,0.8233333333333334,1.0,25.0,5.0,5.0,2.8,1.0,1.514,0.0,180.0,5.0,0.0,0.21428571428571427,345.0,0.452,162.5,3.476,250.0,0.85,0.5,0.4,1.5,2.5
TC-SHIMLA-0457,TEST,LOC-IN-SHIMLA,Shimla,Cold-Humid (Montane Himalayan),31.1048,77.1734,2200.0,2,medium,emergency,25.0,5.0,5.0,2.8,1.0,0.0,180.0,ASM-WALL-LADAKH-INS-MOD,ASM-ROOF-LADAKH-TRAD,ASM-FLOOR-LADAKH-INS-SLAB,0.314,0.247,0.444,5.0,16.673,1.675,26.829,9.29,25.154,373.304,47.347,11.814,False,0.0,NON_COMPLIANT,0.62,0.03,0.55,-7.3,28.0,0.8233333333333334,2.0,25.0,5.0,5.0,2.8,1.0,1.514,0.0,180.0,5.0,0.0,0.21428571428571427,392.5,0.314,300.0,0.247,180.0,0.444,1.0,0.4,1.5,2.5
TC-SHIMLA-0458,TEST,LOC-IN-SHIMLA,Shimla,Cold-Humid (Montane Himalayan),31.1048,77.1734,2200.0,4,high,work,25.0,5.0,5.0,2.8,1.0,0.0,180.0,ASM-WALL-LADAKH-INS-MOD,ASM-ROOF-LADAKH-INS-MOD,ASM-FLOOR-WARM-TILED,0.314,0.25,2.1,5.0,13.184,1.701,20.922,5.801,19.221,285.592,63.088,17.112,False,0.0,NON_COMPLIANT,0.62,0.03,0.55,-7.3,28.0,0.8233333333333334,4.0,25.0,5.0,5.0,2.8,1.0,1.514,0.0,180.0,5.0,0.0,0.21428571428571427,392.5,0.314,153.0,0.25,150.0,2.1,2.0,0.4,1.5,2.5
TC-SHIMLA-0459,TEST,LOC-IN-SHIMLA,Shimla,Cold-Humid (Montane Himalayan),31.1048,77.1734,2200.0,8,low,residential,25.0,5.0,5.0,2.8,1.0,0.0,180.0,ASM-WALL-LADAKH-INS-MOD,ASM-ROOF-WARM-SLAB,ASM-FLOOR-LADAKH-TRAD,0.314,3.476,0.85,5.0,14.846,1.748,23.551,7.463,21.803,355.762,85.573,5.009,False,0.0,NON_COMPLIANT,0.62,0.03,0.55,-7.3,28.0,0.8233333333333334,8.0,25.0,5.0,5.0,2.8,1.0,1.514,0.0,180.0,5.0,0.0,0.21428571428571427,392.5,0.314,162.5,3.476,250.0,0.85,0.5,0.4,1.5,2.5
TC-SHIMLA-0460,TEST,LOC-IN-SHIMLA,Shimla,Cold-Humid (Montane Himalayan),31.1048,77.1734,2200.0,1,medium,emergency,25.0,5.0,5.0,2.8,1.0,0.0,180.0,ASM-WALL-LADAKH-LIGHT-INS,ASM-ROOF-LADAKH-TRAD,ASM-FLOOR-LADAKH-INS-SLAB,0.284,0.247,0.444,5.0,20.488,1.538,45.246,13.105,43.708,301.731,28.922,15.741,False,0.0,NON_COMPLIANT,0.62,0.03,0.55,-7.3,28.0,0.8233333333333334,1.0,25.0,5.0,5.0,2.8,1.0,1.514,0.0,180.0,5.0,0.0,0.21428571428571427,152.0,0.284,300.0,0.247,180.0,0.444,1.0,0.4,1.5,2.5
TC-SHIMLA-0461,TEST,LOC-IN-SHIMLA,Shimla,Cold-Humid (Montane Himalayan),31.1048,77.1734,2200.0,2,high,work,25.0,5.0,5.0,2.8,1.0,0.0,180.0,ASM-WALL-LADAKH-LIGHT-INS,ASM-ROOF-LADAKH-INS-MOD,ASM-FLOOR-WARM-TILED,0.284,0.25,2.1,5.0,15.064,1.597,29.723,7.681,28.127,214.018,52.32,20.11,False,0.0,NON_COMPLIANT,0.62,0.03,0.55,-7.3,28.0,0.8233333333333334,2.0,25.0,5.0,5.0,2.8,1.0,1.514,0.0,180.0,5.0,0.0,0.21428571428571427,152.0,0.284,153.0,0.25,150.0,2.1,2.0,0.4,1.5,2.5
TC-SHIMLA-0462,TEST,LOC-IN-SHIMLA,Shimla,Cold-Humid (Montane Himalayan),31.1048,77.1734,2200.0,4,low,residential,25.0,5.0,5.0,2.8,1.0,0.0,180.0,ASM-WALL-LADAKH-LIGHT-INS,ASM-ROOF-WARM-SLAB,ASM-FLOOR-LADAKH-TRAD,0.284,3.476,0.85,5.0,17.406,1.716,32.171,10.023,30.455,284.188,79.174,6.213,False,0.0,NON_COMPLIANT,0.62,0.03,0.55,-7.3,28.0,0.8233333333333334,4.0,25.0,5.0,5.0,2.8,1.0,1.514,0.0,180.0,5.0,0.0,0.21428571428571427,152.0,0.284,162.5,3.476,250.0,0.85,0.5,0.4,1.5,2.5
TC-SHIMLA-0463,TEST,LOC-IN-SHIMLA,Shimla,Cold-Humid (Montane Himalayan),31.1048,77.1734,2200.0,8,medium,emergency,25.0,5.0,5.0,2.8,1.0,0.0,180.0,ASM-WALL-SHIMLA-COLD,ASM-ROOF-LADAKH-TRAD,ASM-FLOOR-LADAKH-INS-SLAB,0.347,0.247,0.444,5.0,14.035,1.744,22.078,6.651,20.334,337.518,62.693,9.311,False,0.0,NON_COMPLIANT,0.62,0.03,0.55,-7.3,28.0,0.8233333333333334,8.0,25.0,5.0,5.0,2.8,1.0,1.514,0.0,180.0,5.0,0.0,0.21428571428571427,410.0,0.347,300.0,0.247,180.0,0.444,1.0,0.4,1.5,2.5
TC-SHIMLA-0464,TEST,LOC-IN-SHIMLA,Shimla,Cold-Humid (Montane Himalayan),31.1048,77.1734,2200.0,1,high,work,25.0,5.0,5.0,2.8,1.0,0.0,180.0,ASM-WALL-SHIMLA-COLD,ASM-ROOF-LADAKH-INS-MOD,ASM-FLOOR-WARM-TILED,0.347,0.25,2.1,5.0,10.739,1.649,16.751,3.356,15.102,249.805,68.048,13.476,False,0.0,NON_COMPLIANT,0.62,0.03,0.55,-7.3,28.0,0.8233333333333334,1.0,25.0,5.0,5.0,2.8,1.0,1.514,0.0,180.0,5.0,0.0,0.21428571428571427,410.0,0.347,153.0,0.25,150.0,2.1,2.0,0.4,1.5,2.5
TC-SHIMLA-0465,TEST,LOC-IN-SHIMLA,Shimla,Cold-Humid (Montane Himalayan),31.1048,77.1734,2200.0,2,low,residential,25.0,5.0,5.0,2.8,1.0,0.0,180.0,ASM-WALL-SHIMLA-COLD,ASM-ROOF-WARM-SLAB,ASM-FLOOR-LADAKH-TRAD,0.347,3.476,0.85,5.0,12.021,1.667,18.855,4.637,17.188,319.975,86.341,3.832,False,0.0,NON_COMPLIANT,0.62,0.03,0.55,-7.3,28.0,0.8233333333333334,2.0,25.0,5.0,5.0,2.8,1.0,1.514,0.0,180.0,5.0,0.0,0.21428571428571427,410.0,0.347,162.5,3.476,250.0,0.85,0.5,0.4,1.5,2.5
TC-SHIMLA-0466,TEST,LOC-IN-SHIMLA,Shimla,Cold-Humid (Montane Himalayan),31.1048,77.1734,2200.0,4,medium,emergency,25.0,5.0,5.0,2.8,1.0,0.0,270.0,ASM-WALL-LADAKH-TRAD,ASM-ROOF-LADAKH-TRAD,ASM-FLOOR-LADAKH-INS-SLAB,1.591,0.247,0.444,5.0,14.605,1.718,23.091,7.222,21.373,324.098,28.689,9.865,False,0.0,NON_COMPLIANT,0.62,0.03,0.55,-7.3,28.0,0.8233333333333334,4.0,25.0,5.0,5.0,2.8,1.0,1.514,0.0,270.0,5.0,0.0,0.21428571428571427,465.0,1.591,300.0,0.247,180.0,0.444,1.0,0.4,1.5,2.5
TC-SHIMLA-0467,TEST,LOC-IN-SHIMLA,Shimla,Cold-Humid (Montane Himalayan),31.1048,77.1734,2200.0,8,high,work,25.0,5.0,5.0,2.8,1.0,0.0,270.0,ASM-WALL-LADAKH-TRAD,ASM-ROOF-LADAKH-INS-MOD,ASM-FLOOR-WARM-TILED,1.591,0.25,2.1,5.0,11.663,1.746,18.093,4.279,16.347,236.385,46.273,14.751,False,0.0,NON_COMPLIANT,0.62,0.03,0.55,-7.3,28.0,0.8233333333333334,8.0,25.0,5.0,5.0,2.8,1.0,1.514,0.0,270.0,5.0,0.0,0.21428571428571427,465.0,1.591,153.0,0.25,150.0,2.1,2.0,0.4,1.5,2.5
TC-SHIMLA-0468,TEST,LOC-IN-SHIMLA,Shimla,Cold-Humid (Montane Himalayan),31.1048,77.1734,2200.0,1,low,residential,25.0,5.0,5.0,2.8,1.0,0.0,270.0,ASM-WALL-LADAKH-TRAD,ASM-ROOF-WARM-SLAB,ASM-FLOOR-LADAKH-TRAD,1.591,3.476,0.85,5.0,12.467,1.659,19.6,5.084,17.942,306.555,59.832,4.02,False,0.0,NON_COMPLIANT,0.62,0.03,0.55,-7.3,28.0,0.8233333333333334,1.0,25.0,5.0,5.0,2.8,1.0,1.514,0.0,270.0,5.0,0.0,0.21428571428571427,465.0,1.591,162.5,3.476,250.0,0.85,0.5,0.4,1.5,2.5
TC-SHIMLA-0469,TEST,LOC-IN-SHIMLA,Shimla,Cold-Humid (Montane Himalayan),31.1048,77.1734,2200.0,2,medium,emergency,25.0,5.0,5.0,2.8,1.0,0.0,270.0,ASM-WALL-LADAKH-IMP-TRAD,ASM-ROOF-LADAKH-TRAD,ASM-FLOOR-LADAKH-INS-SLAB,0.452,0.247,0.444,5.0,16.03,1.674,25.843,8.647,24.169,324.098,39.819,11.158,False,0.0,NON_COMPLIANT,0.62,0.03,0.55,-7.3,28.0,0.8233333333333334,2.0,25.0,5.0,5.0,2.8,1.0,1.514,0.0,270.0,5.0,0.0,0.21428571428571427,345.0,0.452,300.0,0.247,180.0,0.444,1.0,0.4,1.5,2.5
TC-SHIMLA-0470,TEST,LOC-IN-SHIMLA,Shimla,Cold-Humid (Montane Himalayan),31.1048,77.1734,2200.0,4,high,work,25.0,5.0,5.0,2.8,1.0,0.0,270.0,ASM-WALL-LADAKH-IMP-TRAD,ASM-ROOF-LADAKH-INS-MOD,ASM-FLOOR-WARM-TILED,0.452,0.25,2.1,5.0,12.421,1.702,19.689,5.038,17.987,236.385,54.836,15.816,False,0.0,NON_COMPLIANT,0.62,0.03,0.55,-7.3,28.0,0.8233333333333334,4.0,25.0,5.0,5.0,2.8,1.0,1.514,0.0,270.0,5.0,0.0,0.21428571428571427,345.0,0.452,153.0,0.25,150.0,2.1,2.0,0.4,1.5,2.5
TC-SHIMLA-0471,TEST,LOC-IN-SHIMLA,Shimla,Cold-Humid (Montane Himalayan),31.1048,77.1734,2200.0,8,low,residential,25.0,5.0,5.0,2.8,1.0,0.0,270.0,ASM-WALL-LADAKH-IMP-TRAD,ASM-ROOF-WARM-SLAB,ASM-FLOOR-LADAKH-TRAD,0.452,3.476,0.85,5.0,14.212,1.753,22.525,6.828,20.772,306.555,76.116,4.697,False,0.0,NON_COMPLIANT,0.62,0.03,0.55,-7.3,28.0,0.8233333333333334,8.0,25.0,5.0,5.0,2.8,1.0,1.514,0.0,270.0,5.0,0.0,0.21428571428571427,345.0,0.452,162.5,3.476,250.0,0.85,0.5,0.4,1.5,2.5
TC-SHIMLA-0472,TEST,LOC-IN-SHIMLA,Shimla,Cold-Humid (Montane Himalayan),31.1048,77.1734,2200.0,1,medium,emergency,25.0,5.0,5.0,2.8,1.0,0.0,270.0,ASM-WALL-LADAKH-INS-MOD,ASM-ROOF-LADAKH-TRAD,ASM-FLOOR-LADAKH-INS-SLAB,0.314,0.247,0.444,5.0,14.714,1.655,23.523,7.33,21.869,310.678,39.792,9.929,False,0.0,NON_COMPLIANT,0.62,0.03,0.55,-7.3,28.0,0.8233333333333334,1.0,25.0,5.0,5.0,2.8,1.0,1.514,0.0,270.0,5.0,0.0,0.21428571428571427,392.5,0.314,300.0,0.247,180.0,0.444,1.0,0.4,1.5,2.5
TC-SHIMLA-0473,TEST,LOC-IN-SHIMLA,Shimla,Cold-Humid (Montane Himalayan),31.1048,77.1734,2200.0,2,high,work,25.0,5.0,5.0,2.8,1.0,0.0,270.0,ASM-WALL-LADAKH-INS-MOD,ASM-ROOF-LADAKH-INS-MOD,ASM-FLOOR-WARM-TILED,0.314,0.25,2.1,5.0,11.383,1.663,17.9,4.0,16.237,222.965,52.628,14.275,False,0.0,NON_COMPLIANT,0.62,0.03,0.55,-7.3,28.0,0.8233333333333334,2.0,25.0,5.0,5.0,2.8,1.0,1.514,0.0,270.0,5.0,0.0,0.21428571428571427,392.5,0.314,153.0,0.25,150.0,2.1,2.0,0.4,1.5,2.5
TC-SHIMLA-0474,TEST,LOC-IN-SHIMLA,Shimla,Cold-Humid (Montane Himalayan),31.1048,77.1734,2200.0,4,low,residential,25.0,5.0,5.0,2.8,1.0,0.0,270.0,ASM-WALL-LADAKH-INS-MOD,ASM-ROOF-WARM-SLAB,ASM-FLOOR-LADAKH-TRAD,0.314,3.476,0.85,5.0,12.954,1.702,20.446,5.57,18.744,293.135,71.679,4.196,False,0.0,NON_COMPLIANT,0.62,0.03,0.55,-7.3,28.0,0.8233333333333334,4.0,25.0,5.0,5.0,2.8,1.0,1.514,0.0,270.0,5.0,0.0,0.21428571428571427,392.5,0.314,162.5,3.476,250.0,0.85,0.5,0.4,1.5,2.5
TC-SHIMLA-0475,TEST,LOC-IN-SHIMLA,Shimla,Cold-Humid (Montane Himalayan),31.1048,77.1734,2200.0,8,medium,emergency,25.0,5.0,5.0,2.8,1.0,0.0,270.0,ASM-WALL-LADAKH-LIGHT-INS,ASM-ROOF-LADAKH-TRAD,ASM-FLOOR-LADAKH-INS-SLAB,0.284,0.247,0.444,5.0,19.707,1.955,41.501,12.324,39.546,256.998,27.043,14.718,False,0.0,NON_COMPLIANT,0.62,0.03,0.55,-7.3,28.0,0.8233333333333334,8.0,25.0,5.0,5.0,2.8,1.0,1.514,0.0,270.0,5.0,0.0,0.21428571428571427,152.0,0.284,300.0,0.247,180.0,0.444,1.0,0.4,1.5,2.5
TC-SHIMLA-0476,TEST,LOC-IN-SHIMLA,Shimla,Cold-Humid (Montane Himalayan),31.1048,77.1734,2200.0,1,high,work,25.0,5.0,5.0,2.8,1.0,0.0,270.0,ASM-WALL-LADAKH-LIGHT-INS,ASM-ROOF-LADAKH-INS-MOD,ASM-FLOOR-WARM-TILED,0.284,0.25,2.1,5.0,13.331,1.538,25.855,5.947,24.317,169.285,43.371,16.67,False,0.0,NON_COMPLIANT,0.62,0.03,0.55,-7.3,28.0,0.8233333333333334,1.0,25.0,5.0,5.0,2.8,1.0,1.514,0.0,270.0,5.0,0.0,0.21428571428571427,152.0,0.284,153.0,0.25,150.0,2.1,2.0,0.4,1.5,2.5
TC-SHIMLA-0477,TEST,LOC-IN-SHIMLA,Shimla,Cold-Humid (Montane Himalayan),31.1048,77.1734,2200.0,2,low,residential,25.0,5.0,5.0,2.8,1.0,0.0,270.0,ASM-WALL-LADAKH-LIGHT-INS,ASM-ROOF-WARM-SLAB,ASM-FLOOR-LADAKH-TRAD,0.284,3.476,0.85,5.0,15.604,1.624,28.597,8.221,26.973,239.455,67.821,5.322,False,0.0,NON_COMPLIANT,0.62,0.03,0.55,-7.3,28.0,0.8233333333333334,2.0,25.0,5.0,5.0,2.8,1.0,1.514,0.0,270.0,5.0,0.0,0.21428571428571427,152.0,0.284,162.5,3.476,250.0,0.85,0.5,0.4,1.5,2.5
TC-SHIMLA-0478,TEST,LOC-IN-SHIMLA,Shimla,Cold-Humid (Montane Himalayan),31.1048,77.1734,2200.0,4,medium,emergency,25.0,5.0,5.0,2.8,1.0,0.0,270.0,ASM-WALL-SHIMLA-COLD,ASM-ROOF-LADAKH-TRAD,ASM-FLOOR-LADAKH-INS-SLAB,0.347,0.247,0.444,5.0,12.383,1.705,19.393,4.999,17.688,283.838,53.512,7.948,False,0.0,NON_COMPLIANT,0.62,0.03,0.55,-7.3,28.0,0.8233333333333334,4.0,25.0,5.0,5.0,2.8,1.0,1.514,0.0,270.0,5.0,0.0,0.21428571428571427,410.0,0.347,300.0,0.247,180.0,0.444,1.0,0.4,1.5,2.5
TC-SHIMLA-0479,TEST,LOC-IN-SHIMLA,Shimla,Cold-Humid (Montane Himalayan),31.1048,77.1734,2200.0,8,high,work,25.0,5.0,5.0,2.8,1.0,0.0,270.0,ASM-WALL-SHIMLA-COLD,ASM-ROOF-LADAKH-INS-MOD,ASM-FLOOR-WARM-TILED,0.347,0.25,2.1,5.0,10.033,1.741,15.374,2.65,13.633,196.125,63.211,12.518,False,0.0,NON_COMPLIANT,0.62,0.03,0.55,-7.3,28.0,0.8233333333333334,8.0,25.0,5.0,5.0,2.8,1.0,1.514,0.0,270.0,5.0,0.0,0.21428571428571427,410.0,0.347,153.0,0.25,150.0,2.1,2.0,0.4,1.5,2.5
TC-SHIMLA-0480,TEST,LOC-IN-SHIMLA,Shimla,Cold-Humid (Montane Himalayan),31.1048,77.1734,2200.0,1,low,residential,25.0,5.0,5.0,2.8,1.0,0.0,270.0,ASM-WALL-SHIMLA-COLD,ASM-ROOF-WARM-SLAB,ASM-FLOOR-LADAKH-TRAD,0.347,3.476,0.85,5.0,10.794,1.653,16.803,3.41,15.15,266.295,76.611,3.4,False,0.0,NON_COMPLIANT,0.62,0.03,0.55,-7.3,28.0,0.8233333333333334,1.0,25.0,5.0,5.0,2.8,1.0,1.514,0.0,270.0,5.0,0.0,0.21428571428571427,410.0,0.347,162.5,3.476,250.0,0.85,0.5,0.4,1.5,2.5
TC-SHIMLA-0481,TEST,LOC-IN-SHIMLA,Shimla,Cold-Humid (Montane Himalayan),31.1048,77.1734,2200.0,2,medium,emergency,35.0,7.0,5.0,3.0,1.4,20.0,0.0,ASM-WALL-LADAKH-TRAD,ASM-ROOF-LADAKH-TRAD,ASM-FLOOR-LADAKH-INS-SLAB,1.591,0.247,0.444,6.2,12.809,1.672,20.157,5.426,18.485,356.094,31.657,12.476,False,0.0,NON_COMPLIANT,0.62,0.03,0.55,-7.3,28.0,0.8233333333333334,2.0,35.0,7.0,5.0,3.0,1.4,1.374,20.0,0.0,6.2,0.0,0.2,465.0,1.591,300.0,0.247,180.0,0.444,1.0,0.4,1.5,2.5
TC-SHIMLA-0482,TEST,LOC-IN-SHIMLA,Shimla,Cold-Humid (Montane Himalayan),31.1048,77.1734,2200.0,4,high,work,35.0,7.0,5.0,3.0,1.4,20.0,0.0,ASM-WALL-LADAKH-TRAD,ASM-ROOF-LADAKH-INS-MOD,ASM-FLOOR-WARM-TILED,1.591,0.25,2.1,6.2,9.616,1.685,14.782,2.232,13.097,225.416,51.204,18.023,False,0.0,NON_COMPLIANT,0.62,0.03,0.55,-7.3,28.0,0.8233333333333334,4.0,35.0,7.0,5.0,3.0,1.4,1.374,20.0,0.0,6.2,0.0,0.2,465.0,1.591,153.0,0.25,150.0,2.1,2.0,0.4,1.5,2.5
TC-SHIMLA-0483,TEST,LOC-IN-SHIMLA,Shimla,Cold-Humid (Montane Himalayan),31.1048,77.1734,2200.0,8,low,residential,35.0,7.0,5.0,3.0,1.4,20.0,0.0,ASM-WALL-LADAKH-TRAD,ASM-ROOF-WARM-SLAB,ASM-FLOOR-LADAKH-TRAD,1.591,3.476,0.85,6.2,11.374,1.732,17.643,3.99,15.911,329.959,75.831,5.398,False,0.0,NON_COMPLIANT,0.62,0.03,0.55,-7.3,28.0,0.8233333333333334,8.0,35.0,7.0,5.0,3.0,1.4,1.374,20.0,0.0,6.2,0.0,0.2,465.0,1.591,162.5,3.476,250.0,0.85,0.5,0.4,1.5,2.5
TC-SHIMLA-0484,TEST,LOC-IN-SHIMLA,Shimla,Cold-Humid (Montane Himalayan),31.1048,77.1734,2200.0,1,medium,emergency,35.0,7.0,5.0,3.0,1.4,20.0,0.0,ASM-WALL-LADAKH-IMP-TRAD,ASM-ROOF-LADAKH-TRAD,ASM-FLOOR-LADAKH-INS-SLAB,0.452,0.247,0.444,6.2,14.113,1.643,22.637,6.73,20.994,356.094,43.566,14.029,False,0.0,NON_COMPLIANT,0.62,0.03,0.55,-7.3,28.0,0.8233333333333334,1.0,35.0,7.0,5.0,3.0,1.4,1.374,20.0,0.0,6.2,0.0,0.2,345.0,0.452,300.0,0.247,180.0,0.444,1.0,0.4,1.5,2.5
TC-SHIMLA-0485,TEST,LOC-IN-SHIMLA,Shimla,Cold-Humid (Montane Himalayan),31.1048,77.1734,2200.0,2,high,work,35.0,7.0,5.0,3.0,1.4,20.0,0.0,ASM-WALL-LADAKH-IMP-TRAD,ASM-ROOF-LADAKH-INS-MOD,ASM-FLOOR-WARM-TILED,0.452,0.25,2.1,6.2,10.36,1.647,16.256,2.976,14.609,225.416,59.851,19.153,False,0.0,NON_COMPLIANT,0.62,0.03,0.55,-7.3,28.0,0.8233333333333334,2.0,35.0,7.0,5.0,3.0,1.4,1.374,20.0,0.0,6.2,0.0,0.2,345.0,0.452,153.0,0.25,150.0,2.1,2.0,0.4,1.5,2.5
TC-SHIMLA-0486,TEST,LOC-IN-SHIMLA,Shimla,Cold-Humid (Montane Himalayan),31.1048,77.1734,2200.0,4,low,residential,35.0,7.0,5.0,3.0,1.4,20.0,0.0,ASM-WALL-LADAKH-IMP-TRAD,ASM-ROOF-WARM-SLAB,ASM-FLOOR-LADAKH-TRAD,0.452,3.476,0.85,6.2,12.13,1.682,19.151,4.747,17.469,329.959,87.686,5.775,False,0.0,NON_COMPLIANT,0.62,0.03,0.55,-7.3,28.0,0.8233333333333334,4.0,35.0,7.0,5.0,3.0,1.4,1.374,20.0,0.0,6.2,0.0,0.2,345.0,0.452,162.5,3.476,250.0,0.85,0.5,0.4,1.5,2.5
TC-SHIMLA-0487,TEST,LOC-IN-SHIMLA,Shimla,Cold-Humid (Montane Himalayan),31.1048,77.1734,2200.0,8,medium,emergency,35.0,7.0,5.0,3.0,1.4,20.0,0.0,ASM-WALL-LADAKH-INS-MOD,ASM-ROOF-LADAKH-TRAD,ASM-FLOOR-LADAKH-INS-SLAB,0.314,0.247,0.444,6.2,13.667,1.744,21.585,6.283,19.841,344.551,46.766,13.426,True,76.42,ACCEPTABLE,0.62,0.03,0.55,-7.3,28.0,0.8233333333333334,8.0,35.0,7.0,5.0,3.0,1.4,1.374,20.0,0.0,6.2,0.0,0.2,392.5,0.314,300.0,0.247,180.0,0.444,1.0,0.4,1.5,2.5
TC-SHIMLA-0488,TEST,LOC-IN-SHIMLA,Shimla,Cold-Humid (Montane Himalayan),31.1048,77.1734,2200.0,1,high,work,35.0,7.0,5.0,3.0,1.4,20.0,0.0,ASM-WALL-LADAKH-INS-MOD,ASM-ROOF-LADAKH-INS-MOD,ASM-FLOOR-WARM-TILED,0.314,0.25,2.1,6.2,9.674,1.637,15.037,2.29,13.4,213.873,59.635,17.995,True,62.24,ACCEPTABLE,0.62,0.03,0.55,-7.3,28.0,0.8233333333333334,1.0,35.0,7.0,5.0,3.0,1.4,1.374,20.0,0.0,6.2,0.0,0.2,392.5,0.314,153.0,0.25,150.0,2.1,2.0,0.4,1.5,2.5
TC-SHIMLA-0489,TEST,LOC-IN-SHIMLA,Shimla,Cold-Humid (Montane Himalayan),31.1048,77.1734,2200.0,2,low,residential,35.0,7.0,5.0,3.0,1.4,20.0,0.0,ASM-WALL-LADAKH-INS-MOD,ASM-ROOF-WARM-SLAB,ASM-FLOOR-LADAKH-TRAD,0.314,3.476,0.85,6.2,11.325,1.656,17.766,3.941,16.109,318.416,85.189,5.344,False,0.0,NON_COMPLIANT,0.62,0.03,0.55,-7.3,28.0,0.8233333333333334,2.0,35.0,7.0,5.0,3.0,1.4,1.374,20.0,0.0,6.2,0.0,0.2,392.5,0.314,162.5,3.476,250.0,0.85,0.5,0.4,1.5,2.5
TC-SHIMLA-0490,TEST,LOC-IN-SHIMLA,Shimla,Cold-Humid (Montane Himalayan),31.1048,77.1734,2200.0,4,medium,emergency,35.0,7.0,5.0,3.0,1.4,20.0,0.0,ASM-WALL-LADAKH-LIGHT-INS,ASM-ROOF-LADAKH-TRAD,ASM-FLOOR-LADAKH-INS-SLAB,0.284,0.247,0.444,6.2,17.373,1.695,36.293,9.99,34.598,298.379,29.873,18.48,True,78.73,ACCEPTABLE,0.62,0.03,0.55,-7.3,28.0,0.8233333333333334,4.0,35.0,7.0,5.0,3.0,1.4,1.374,20.0,0.0,6.2,0.0,0.2,152.0,0.284,300.0,0.247,180.0,0.444,1.0,0.4,1.5,2.5
TC-SHIMLA-0491,TEST,LOC-IN-SHIMLA,Shimla,Cold-Humid (Montane Himalayan),31.1048,77.1734,2200.0,8,high,work,35.0,7.0,5.0,3.0,1.4,20.0,0.0,ASM-WALL-LADAKH-LIGHT-INS,ASM-ROOF-LADAKH-INS-MOD,ASM-FLOOR-WARM-TILED,0.284,0.25,2.1,6.2,12.214,1.819,22.603,4.831,20.784,167.701,51.591,21.673,True,58.35,SUB_OPTIMAL,0.62,0.03,0.55,-7.3,28.0,0.8233333333333334,8.0,35.0,7.0,5.0,3.0,1.4,1.374,20.0,0.0,6.2,0.0,0.2,152.0,0.284,153.0,0.25,150.0,2.1,2.0,0.4,1.5,2.5
TC-SHIMLA-0492,TEST,LOC-IN-SHIMLA,Shimla,Cold-Humid (Montane Himalayan),31.1048,77.1734,2200.0,1,low,residential,35.0,7.0,5.0,3.0,1.4,20.0,0.0,ASM-WALL-LADAKH-LIGHT-INS,ASM-ROOF-WARM-SLAB,ASM-FLOOR-LADAKH-TRAD,0.284,3.476,0.85,6.2,13.887,1.569,24.99,6.504,23.421,272.244,82.622,6.768,False,0.0,NON_COMPLIANT,0.62,0.03,0.55,-7.3,28.0,0.8233333333333334,1.0,35.0,7.0,5.0,3.0,1.4,1.374,20.0,0.0,6.2,0.0,0.2,152.0,0.284,162.5,3.476,250.0,0.85,0.5,0.4,1.5,2.5
TC-SHIMLA-0493,TEST,LOC-IN-SHIMLA,Shimla,Cold-Humid (Montane Himalayan),31.1048,77.1734,2200.0,2,medium,emergency,35.0,7.0,5.0,3.0,1.4,20.0,0.0,ASM-WALL-SHIMLA-COLD,ASM-ROOF-LADAKH-TRAD,ASM-FLOOR-LADAKH-INS-SLAB,0.347,0.247,0.444,6.2,11.2,1.664,17.475,3.817,15.811,321.465,61.915,10.625,True,69.53,ACCEPTABLE,0.62,0.03,0.55,-7.3,28.0,0.8233333333333334,2.0,35.0,7.0,5.0,3.0,1.4,1.374,20.0,0.0,6.2,0.0,0.2,410.0,0.347,300.0,0.247,180.0,0.444,1.0,0.4,1.5,2.5
TC-SHIMLA-0494,TEST,LOC-IN-SHIMLA,Shimla,Cold-Humid (Montane Himalayan),31.1048,77.1734,2200.0,4,high,work,35.0,7.0,5.0,3.0,1.4,20.0,0.0,ASM-WALL-SHIMLA-COLD,ASM-ROOF-LADAKH-INS-MOD,ASM-FLOOR-WARM-TILED,0.347,0.25,2.1,6.2,8.563,1.677,13.016,1.179,11.339,190.787,73.11,16.298,True,58.95,SUB_OPTIMAL,0.62,0.03,0.55,-7.3,28.0,0.8233333333333334,4.0,35.0,7.0,5.0,3.0,1.4,1.374,20.0,0.0,6.2,0.0,0.2,410.0,0.347,153.0,0.25,150.0,2.1,2.0,0.4,1.5,2.5
TC-SHIMLA-0495,TEST,LOC-IN-SHIMLA,Shimla,Cold-Humid (Montane Himalayan),31.1048,77.1734,2200.0,8,low,residential,35.0,7.0,5.0,3.0,1.4,20.0,0.0,ASM-WALL-SHIMLA-COLD,ASM-ROOF-WARM-SLAB,ASM-FLOOR-LADAKH-TRAD,0.347,3.476,0.85,6.2,10.167,1.721,15.638,2.784,13.917,295.33,98.454,4.773,False,0.0,NON_COMPLIANT,0.62,0.03,0.55,-7.3,28.0,0.8233333333333334,8.0,35.0,7.0,5.0,3.0,1.4,1.374,20.0,0.0,6.2,0.0,0.2,410.0,0.347,162.5,3.476,250.0,0.85,0.5,0.4,1.5,2.5
TC-SHIMLA-0496,TEST,LOC-IN-SHIMLA,Shimla,Cold-Humid (Montane Himalayan),31.1048,77.1734,2200.0,1,medium,emergency,35.0,7.0,5.0,3.0,1.4,20.0,90.0,ASM-WALL-LADAKH-TRAD,ASM-ROOF-LADAKH-TRAD,ASM-FLOOR-LADAKH-INS-SLAB,1.591,0.247,0.444,6.2,14.615,1.658,23.228,7.232,21.57,442.666,37.592,14.815,False,0.0,NON_COMPLIANT,0.62,0.03,0.55,-7.3,28.0,0.8233333333333334,1.0,35.0,7.0,5.0,3.0,1.4,1.374,20.0,90.0,6.2,0.0,0.28,465.0,1.591,300.0,0.247,180.0,0.444,1.0,0.4,1.5,2.5
TC-SHIMLA-0497,TEST,LOC-IN-SHIMLA,Shimla,Cold-Humid (Montane Himalayan),31.1048,77.1734,2200.0,2,high,work,35.0,7.0,5.0,3.0,1.4,20.0,90.0,ASM-WALL-LADAKH-TRAD,ASM-ROOF-LADAKH-INS-MOD,ASM-FLOOR-WARM-TILED,1.591,0.25,2.1,6.2,11.138,1.66,17.409,3.754,15.749,311.988,59.795,21.047,False,0.0,NON_COMPLIANT,0.62,0.03,0.55,-7.3,28.0,0.8233333333333334,2.0,35.0,7.0,5.0,3.0,1.4,1.374,20.0,90.0,6.2,0.0,0.28,465.0,1.591,153.0,0.25,150.0,2.1,2.0,0.4,1.5,2.5
TC-SHIMLA-0498,TEST,LOC-IN-SHIMLA,Shimla,Cold-Humid (Montane Himalayan),31.1048,77.1734,2200.0,4,low,residential,35.0,7.0,5.0,3.0,1.4,20.0,90.0,ASM-WALL-LADAKH-TRAD,ASM-ROOF-WARM-SLAB,ASM-FLOOR-LADAKH-TRAD,1.591,3.476,0.85,6.2,12.711,1.687,19.98,5.327,18.293,416.531,86.653,6.168,False,0.0,NON_COMPLIANT,0.62,0.03,0.55,-7.3,28.0,0.8233333333333334,4.0,35.0,7.0,5.0,3.0,1.4,1.374,20.0,90.0,6.2,0.0,0.28,465.0,1.591,162.5,3.476,250.0,0.85,0.5,0.4,1.5,2.5
TC-SHIMLA-0499,TEST,LOC-IN-SHIMLA,Shimla,Cold-Humid (Montane Himalayan),31.1048,77.1734,2200.0,8,medium,emergency,35.0,7.0,5.0,3.0,1.4,20.0,90.0,ASM-WALL-LADAKH-IMP-TRAD,ASM-ROOF-LADAKH-TRAD,ASM-FLOOR-LADAKH-INS-SLAB,0.452,0.247,0.444,6.2,16.694,1.749,26.868,9.311,25.119,442.666,54.838,17.658,False,0.0,NON_COMPLIANT,0.62,0.03,0.55,-7.3,28.0,0.8233333333333334,8.0,35.0,7.0,5.0,3.0,1.4,1.374,20.0,90.0,6.2,0.0,0.28,345.0,0.452,300.0,0.247,180.0,0.444,1.0,0.4,1.5,2.5
TC-SHIMLA-0500,TEST,LOC-IN-SHIMLA,Shimla,Cold-Humid (Montane Himalayan),31.1048,77.1734,2200.0,1,high,work,35.0,7.0,5.0,3.0,1.4,20.0,90.0,ASM-WALL-LADAKH-IMP-TRAD,ASM-ROOF-LADAKH-INS-MOD,ASM-FLOOR-WARM-TILED,0.452,0.25,2.1,6.2,12.076,1.631,19.258,4.692,17.627,311.988,71.61,22.915,False,0.0,NON_COMPLIANT,0.62,0.03,0.55,-7.3,28.0,0.8233333333333334,1.0,35.0,7.0,5.0,3.0,1.4,1.374,20.0,90.0,6.2,0.0,0.28,345.0,0.452,153.0,0.25,150.0,2.1,2.0,0.4,1.5,2.5
TC-SHIMLA-0501,TEST,LOC-IN-SHIMLA,Shimla,Cold-Humid (Montane Himalayan),31.1048,77.1734,2200.0,2,low,residential,35.0,7.0,5.0,3.0,1.4,20.0,90.0,ASM-WALL-LADAKH-IMP-TRAD,ASM-ROOF-WARM-SLAB,ASM-FLOOR-LADAKH-TRAD,0.452,3.476,0.85,6.2,13.701,1.654,21.896,6.318,20.242,416.531,102.424,6.745,False,0.0,NON_COMPLIANT,0.62,0.03,0.55,-7.3,28.0,0.8233333333333334,2.0,35.0,7.0,5.0,3.0,1.4,1.374,20.0,90.0,6.2,0.0,0.28,345.0,0.452,162.5,3.476,250.0,0.85,0.5,0.4,1.5,2.5
TC-SHIMLA-0502,TEST,LOC-IN-SHIMLA,Shimla,Cold-Humid (Montane Himalayan),31.1048,77.1734,2200.0,4,medium,emergency,35.0,7.0,5.0,3.0,1.4,20.0,90.0,ASM-WALL-LADAKH-INS-MOD,ASM-ROOF-LADAKH-TRAD,ASM-FLOOR-LADAKH-INS-SLAB,0.314,0.247,0.444,6.2,15.198,1.695,24.308,7.815,22.613,425.352,54.199,15.56,True,80.33,OPTIMAL,0.62,0.03,0.55,-7.3,28.0,0.8233333333333334,4.0,35.0,7.0,5.0,3.0,1.4,1.374,20.0,90.0,6.2,0.0,0.28,392.5,0.314,300.0,0.247,180.0,0.444,1.0,0.4,1.5,2.5
TC-SHIMLA-0503,TEST,LOC-IN-SHIMLA,Shimla,Cold-Humid (Montane Himalayan),31.1048,77.1734,2200.0,8,high,work,35.0,7.0,5.0,3.0,1.4,20.0,90.0,ASM-WALL-LADAKH-INS-MOD,ASM-ROOF-LADAKH-INS-MOD,ASM-FLOOR-WARM-TILED,0.314,0.25,2.1,6.2,11.69,1.737,18.326,4.307,16.589,294.674,72.921,22.005,True,67.76,ACCEPTABLE,0.62,0.03,0.55,-7.3,28.0,0.8233333333333334,8.0,35.0,7.0,5.0,3.0,1.4,1.374,20.0,90.0,6.2,0.0,0.28,392.5,0.314,153.0,0.25,150.0,2.1,2.0,0.4,1.5,2.5
TC-SHIMLA-0504,TEST,LOC-IN-SHIMLA,Shimla,Cold-Humid (Montane Himalayan),31.1048,77.1734,2200.0,1,low,residential,35.0,7.0,5.0,3.0,1.4,20.0,90.0,ASM-WALL-LADAKH-INS-MOD,ASM-ROOF-WARM-SLAB,ASM-FLOOR-LADAKH-TRAD,0.314,3.476,0.85,6.2,12.775,1.644,20.263,5.392,18.619,399.216,98.743,6.194,False,0.0,NON_COMPLIANT,0.62,0.03,0.55,-7.3,28.0,0.8233333333333334,1.0,35.0,7.0,5.0,3.0,1.4,1.374,20.0,90.0,6.2,0.0,0.28,392.5,0.314,162.5,3.476,250.0,0.85,0.5,0.4,1.5,2.5
TC-SHIMLA-0505,TEST,LOC-IN-SHIMLA,Shimla,Cold-Humid (Montane Himalayan),31.1048,77.1734,2200.0,2,medium,emergency,35.0,7.0,5.0,3.0,1.4,20.0,90.0,ASM-WALL-LADAKH-LIGHT-INS,ASM-ROOF-LADAKH-TRAD,ASM-FLOOR-LADAKH-INS-SLAB,0.284,0.247,0.444,6.2,18.924,1.579,40.618,11.541,39.04,356.094,34.039,21.057,True,75.22,ACCEPTABLE,0.62,0.03,0.55,-7.3,28.0,0.8233333333333334,2.0,35.0,7.0,5.0,3.0,1.4,1.374,20.0,90.0,6.2,0.0,0.28,152.0,0.284,300.0,0.247,180.0,0.444,1.0,0.4,1.5,2.5
TC-SHIMLA-0506,TEST,LOC-IN-SHIMLA,Shimla,Cold-Humid (Montane Himalayan),31.1048,77.1734,2200.0,4,high,work,35.0,7.0,5.0,3.0,1.4,20.0,90.0,ASM-WALL-LADAKH-LIGHT-INS,ASM-ROOF-LADAKH-INS-MOD,ASM-FLOOR-WARM-TILED,0.284,0.25,2.1,6.2,13.392,1.649,25.762,6.009,24.113,225.416,59.662,25.063,True,60.4,ACCEPTABLE,0.62,0.03,0.55,-7.3,28.0,0.8233333333333334,4.0,35.0,7.0,5.0,3.0,1.4,1.374,20.0,90.0,6.2,0.0,0.28,152.0,0.284,153.0,0.25,150.0,2.1,2.0,0.4,1.5,2.5
TC-SHIMLA-0507,TEST,LOC-IN-SHIMLA,Shimla,Cold-Humid (Montane Himalayan),31.1048,77.1734,2200.0,8,low,residential,35.0,7.0,5.0,3.0,1.4,20.0,90.0,ASM-WALL-LADAKH-LIGHT-INS,ASM-ROOF-WARM-SLAB,ASM-FLOOR-LADAKH-TRAD,0.284,3.476,0.85,6.2,15.965,1.796,28.765,8.582,26.969,329.959,100.134,8.203,False,0.0,NON_COMPLIANT,0.62,0.03,0.55,-7.3,28.0,0.8233333333333334,8.0,35.0,7.0,5.0,3.0,1.4,1.374,20.0,90.0,6.2,0.0,0.28,152.0,0.284,162.5,3.476,250.0,0.85,0.5,0.4,1.5,2.5
TC-SHIMLA-0508,TEST,LOC-IN-SHIMLA,Shimla,Cold-Humid (Montane Himalayan),31.1048,77.1734,2200.0,1,medium,emergency,35.0,7.0,5.0,3.0,1.4,20.0,90.0,ASM-WALL-SHIMLA-COLD,ASM-ROOF-LADAKH-TRAD,ASM-FLOOR-LADAKH-INS-SLAB,0.347,0.247,0.444,6.2,12.45,1.652,19.611,5.067,17.959,390.723,70.088,12.027,True,72.81,ACCEPTABLE,0.62,0.03,0.55,-7.3,28.0,0.8233333333333334,1.0,35.0,7.0,5.0,3.0,1.4,1.374,20.0,90.0,6.2,0.0,0.28,410.0,0.347,300.0,0.247,180.0,0.444,1.0,0.4,1.5,2.5
TC-SHIMLA-0509,TEST,LOC-IN-SHIMLA,Shimla,Cold-Humid (Montane Himalayan),31.1048,77.1734,2200.0,2,high,work,35.0,7.0,5.0,3.0,1.4,20.0,90.0,ASM-WALL-SHIMLA-COLD,ASM-ROOF-LADAKH-INS-MOD,ASM-FLOOR-WARM-TILED,0.347,0.25,2.1,6.2,9.62,1.654,14.853,2.236,13.199,260.045,80.81,18.014,True,61.69,ACCEPTABLE,0.62,0.03,0.55,-7.3,28.0,0.8233333333333334,2.0,35.0,7.0,5.0,3.0,1.4,1.374,20.0,90.0,6.2,0.0,0.28,410.0,0.347,153.0,0.25,150.0,2.1,2.0,0.4,1.5,2.5
TC-SHIMLA-0510,TEST,LOC-IN-SHIMLA,Shimla,Cold-Humid (Montane Himalayan),31.1048,77.1734,2200.0,4,low,residential,35.0,7.0,5.0,3.0,1.4,20.0,90.0,ASM-WALL-SHIMLA-COLD,ASM-ROOF-WARM-SLAB,ASM-FLOOR-LADAKH-TRAD,0.347,3.476,0.85,6.2,11.08,1.679,17.254,3.696,15.574,364.587,108.098,5.24,False,0.0,NON_COMPLIANT,0.62,0.03,0.55,-7.3,28.0,0.8233333333333334,4.0,35.0,7.0,5.0,3.0,1.4,1.374,20.0,90.0,6.2,0.0,0.28,410.0,0.347,162.5,3.476,250.0,0.85,0.5,0.4,1.5,2.5
TC-SHIMLA-0511,TEST,LOC-IN-SHIMLA,Shimla,Cold-Humid (Montane Himalayan),31.1048,77.1734,2200.0,8,medium,emergency,35.0,7.0,5.0,3.0,1.4,20.0,180.0,ASM-WALL-LADAKH-TRAD,ASM-ROOF-LADAKH-TRAD,ASM-FLOOR-LADAKH-INS-SLAB,1.591,0.247,0.444,6.2,16.942,1.738,26.999,9.559,25.261,529.239,46.171,18.196,False,0.0,NON_COMPLIANT,0.62,0.03,0.55,-7.3,28.0,0.8233333333333334,8.0,35.0,7.0,5.0,3.0,1.4,1.374,20.0,180.0,6.2,0.0,0.2,465.0,1.591,300.0,0.247,180.0,0.444,1.0,0.4,1.5,2.5
TC-SHIMLA-0512,TEST,LOC-IN-SHIMLA,Shimla,Cold-Humid (Montane Himalayan),31.1048,77.1734,2200.0,1,high,work,35.0,7.0,5.0,3.0,1.4,20.0,180.0,ASM-WALL-LADAKH-TRAD,ASM-ROOF-LADAKH-INS-MOD,ASM-FLOOR-WARM-TILED,1.591,0.25,2.1,6.2,12.709,1.648,20.101,5.326,18.453,398.56,70.036,24.652,False,0.0,NON_COMPLIANT,0.62,0.03,0.55,-7.3,28.0,0.8233333333333334,1.0,35.0,7.0,5.0,3.0,1.4,1.374,20.0,180.0,6.2,0.0,0.2,465.0,1.591,153.0,0.25,150.0,2.1,2.0,0.4,1.5,2.5
TC-SHIMLA-0513,TEST,LOC-IN-SHIMLA,Shimla,Cold-Humid (Montane Himalayan),31.1048,77.1734,2200.0,2,low,residential,35.0,7.0,5.0,3.0,1.4,20.0,180.0,ASM-WALL-LADAKH-TRAD,ASM-ROOF-WARM-SLAB,ASM-FLOOR-LADAKH-TRAD,1.591,3.476,0.85,6.2,14.153,1.664,22.458,6.77,20.793,503.103,99.47,7.08,False,0.0,NON_COMPLIANT,0.62,0.03,0.55,-7.3,28.0,0.8233333333333334,2.0,35.0,7.0,5.0,3.0,1.4,1.374,20.0,180.0,6.2,0.0,0.2,465.0,1.591,162.5,3.476,250.0,0.85,0.5,0.4,1.5,2.5
TC-SHIMLA-0514,TEST,LOC-IN-SHIMLA,Shimla,Cold-Humid (Montane Himalayan),31.1048,77.1734,2200.0,4,medium,emergency,35.0,7.0,5.0,3.0,1.4,20.0,180.0,ASM-WALL-LADAKH-IMP-TRAD,ASM-ROOF-LADAKH-TRAD,ASM-FLOOR-LADAKH-INS-SLAB,0.452,0.247,0.444,6.2,18.425,1.696,30.031,11.042,28.335,529.239,63.309,20.386,False,0.0,NON_COMPLIANT,0.62,0.03,0.55,-7.3,28.0,0.8233333333333334,4.0,35.0,7.0,5.0,3.0,1.4,1.374,20.0,180.0,6.2,0.0,0.2,345.0,0.452,300.0,0.247,180.0,0.444,1.0,0.4,1.5,2.5
TC-SHIMLA-0515,TEST,LOC-IN-SHIMLA,Shimla,Cold-Humid (Montane Himalayan),31.1048,77.1734,2200.0,8,high,work,35.0,7.0,5.0,3.0,1.4,20.0,180.0,ASM-WALL-LADAKH-IMP-TRAD,ASM-ROOF-LADAKH-INS-MOD,ASM-FLOOR-WARM-TILED,0.452,0.25,2.1,6.2,14.293,1.742,22.905,6.91,21.163,398.56,88.732,28.394,False,0.0,NON_COMPLIANT,0.62,0.03,0.55,-7.3,28.0,0.8233333333333334,8.0,35.0,7.0,5.0,3.0,1.4,1.374,20.0,180.0,6.2,0.0,0.2,345.0,0.452,153.0,0.25,150.0,2.1,2.0,0.4,1.5,2.5
TC-SHIMLA-0516,TEST,LOC-IN-SHIMLA,Shimla,Cold-Humid (Montane Himalayan),31.1048,77.1734,2200.0,1,low,residential,35.0,7.0,5.0,3.0,1.4,20.0,180.0,ASM-WALL-LADAKH-IMP-TRAD,ASM-ROOF-WARM-SLAB,ASM-FLOOR-LADAKH-TRAD,0.452,3.476,0.85,6.2,15.322,1.639,24.704,7.938,23.064,503.103,119.461,7.867,False,0.0,NON_COMPLIANT,0.62,0.03,0.55,-7.3,28.0,0.8233333333333334,1.0,35.0,7.0,5.0,3.0,1.4,1.374,20.0,180.0,6.2,0.0,0.2,345.0,0.452,162.5,3.476,250.0,0.85,0.5,0.4,1.5,2.5
TC-SHIMLA-0517,TEST,LOC-IN-SHIMLA,Shimla,Cold-Humid (Montane Himalayan),31.1048,77.1734,2200.0,2,medium,emergency,35.0,7.0,5.0,3.0,1.4,20.0,180.0,ASM-WALL-LADAKH-INS-MOD,ASM-ROOF-LADAKH-TRAD,ASM-FLOOR-LADAKH-INS-SLAB,0.314,0.247,0.444,6.2,16.857,1.663,27.198,9.474,25.534,506.153,62.65,17.986,True,84.63,OPTIMAL,0.62,0.03,0.55,-7.3,28.0,0.8233333333333334,2.0,35.0,7.0,5.0,3.0,1.4,1.374,20.0,180.0,6.2,0.0,0.2,392.5,0.314,300.0,0.247,180.0,0.444,1.0,0.4,1.5,2.5
TC-SHIMLA-0518,TEST,LOC-IN-SHIMLA,Shimla,Cold-Humid (Montane Himalayan),31.1048,77.1734,2200.0,4,high,work,35.0,7.0,5.0,3.0,1.4,20.0,180.0,ASM-WALL-LADAKH-INS-MOD,ASM-ROOF-LADAKH-INS-MOD,ASM-FLOOR-WARM-TILED,0.314,0.25,2.1,6.2,13.015,1.68,20.706,5.632,19.026,375.474,83.646,25.241,True,71.11,ACCEPTABLE,0.62,0.03,0.55,-7.3,28.0,0.8233333333333334,4.0,35.0,7.0,5.0,3.0,1.4,1.374,20.0,180.0,6.2,0.0,0.2,392.5,0.314,153.0,0.25,150.0,2.1,2.0,0.4,1.5,2.5
TC-SHIMLA-0519,TEST,LOC-IN-SHIMLA,Shimla,Cold-Humid (Montane Himalayan),31.1048,77.1734,2200.0,8,low,residential,35.0,7.0,5.0,3.0,1.4,20.0,180.0,ASM-WALL-LADAKH-INS-MOD,ASM-ROOF-WARM-SLAB,ASM-FLOOR-LADAKH-TRAD,0.314,3.476,0.85,6.2,14.684,1.734,23.364,7.301,21.63,480.017,117.99,7.402,False,0.0,NON_COMPLIANT,0.62,0.03,0.55,-7.3,28.0,0.8233333333333334,8.0,35.0,7.0,5.0,3.0,1.4,1.374,20.0,180.0,6.2,0.0,0.2,392.5,0.314,162.5,3.476,250.0,0.85,0.5,0.4,1.5,2.5
TC-SHIMLA-0520,TEST,LOC-IN-SHIMLA,Shimla,Cold-Humid (Montane Himalayan),31.1048,77.1734,2200.0,1,medium,emergency,35.0,7.0,5.0,3.0,1.4,20.0,180.0,ASM-WALL-LADAKH-LIGHT-INS,ASM-ROOF-LADAKH-TRAD,ASM-FLOOR-LADAKH-INS-SLAB,0.284,0.247,0.444,6.2,20.542,1.52,45.107,13.159,43.587,413.809,38.332,23.713,True,71.58,ACCEPTABLE,0.62,0.03,0.55,-7.3,28.0,0.8233333333333334,1.0,35.0,7.0,5.0,3.0,1.4,1.374,20.0,180.0,6.2,0.0,0.2,152.0,0.284,300.0,0.247,180.0,0.444,1.0,0.4,1.5,2.5
TC-SHIMLA-0521,TEST,LOC-IN-SHIMLA,Shimla,Cold-Humid (Montane Himalayan),31.1048,77.1734,2200.0,2,high,work,35.0,7.0,5.0,3.0,1.4,20.0,180.0,ASM-WALL-LADAKH-LIGHT-INS,ASM-ROOF-LADAKH-INS-MOD,ASM-FLOOR-WARM-TILED,0.284,0.25,2.1,6.2,14.73,1.564,29.087,7.347,27.524,283.131,69.477,29.186,True,63.02,ACCEPTABLE,0.62,0.03,0.55,-7.3,28.0,0.8233333333333334,2.0,35.0,7.0,5.0,3.0,1.4,1.374,20.0,180.0,6.2,0.0,0.2,152.0,0.284,153.0,0.25,150.0,2.1,2.0,0.4,1.5,2.5
TC-SHIMLA-0522,TEST,LOC-IN-SHIMLA,Shimla,Cold-Humid (Montane Himalayan),31.1048,77.1734,2200.0,4,low,residential,35.0,7.0,5.0,3.0,1.4,20.0,180.0,ASM-WALL-LADAKH-LIGHT-INS,ASM-ROOF-WARM-SLAB,ASM-FLOOR-LADAKH-TRAD,0.284,3.476,0.85,6.2,17.089,1.666,31.423,9.705,29.757,387.673,111.019,9.095,False,0.0,NON_COMPLIANT,0.62,0.03,0.55,-7.3,28.0,0.8233333333333334,4.0,35.0,7.0,5.0,3.0,1.4,1.374,20.0,180.0,6.2,0.0,0.2,152.0,0.284,162.5,3.476,250.0,0.85,0.5,0.4,1.5,2.5
TC-SHIMLA-0523,TEST,LOC-IN-SHIMLA,Shimla,Cold-Humid (Montane Himalayan),31.1048,77.1734,2200.0,8,medium,emergency,35.0,7.0,5.0,3.0,1.4,20.0,180.0,ASM-WALL-SHIMLA-COLD,ASM-ROOF-LADAKH-TRAD,ASM-FLOOR-LADAKH-INS-SLAB,0.347,0.247,0.444,6.2,14.166,1.734,22.37,6.782,20.637,459.981,82.413,14.142,True,77.53,ACCEPTABLE,0.62,0.03,0.55,-7.3,28.0,0.8233333333333334,8.0,35.0,7.0,5.0,3.0,1.4,1.374,20.0,180.0,6.2,0.0,0.2,410.0,0.347,300.0,0.247,180.0,0.444,1.0,0.4,1.5,2.5
TC-SHIMLA-0524,TEST,LOC-IN-SHIMLA,Shimla,Cold-Humid (Montane Himalayan),31.1048,77.1734,2200.0,1,high,work,35.0,7.0,5.0,3.0,1.4,20.0,180.0,ASM-WALL-SHIMLA-COLD,ASM-ROOF-LADAKH-INS-MOD,ASM-FLOOR-WARM-TILED,0.347,0.25,2.1,6.2,10.725,1.643,16.754,3.342,15.111,329.303,90.399,20.152,True,64.59,ACCEPTABLE,0.62,0.03,0.55,-7.3,28.0,0.8233333333333334,1.0,35.0,7.0,5.0,3.0,1.4,1.374,20.0,180.0,6.2,0.0,0.2,410.0,0.347,153.0,0.25,150.0,2.1,2.0,0.4,1.5,2.5
TC-SHIMLA-0525,TEST,LOC-IN-SHIMLA,Shimla,Cold-Humid (Montane Himalayan),31.1048,77.1734,2200.0,2,low,residential,35.0,7.0,5.0,3.0,1.4,20.0,180.0,ASM-WALL-SHIMLA-COLD,ASM-ROOF-WARM-SLAB,ASM-FLOOR-LADAKH-TRAD,0.347,3.476,0.85,6.2,12.09,1.659,19.0,4.706,17.341,433.845,119.349,5.786,False,0.0,NON_COMPLIANT,0.62,0.03,0.55,-7.3,28.0,0.8233333333333334,2.0,35.0,7.0,5.0,3.0,1.4,1.374,20.0,180.0,6.2,0.0,0.2,410.0,0.347,162.5,3.476,250.0,0.85,0.5,0.4,1.5,2.5
TC-SHIMLA-0526,TEST,LOC-IN-SHIMLA,Shimla,Cold-Humid (Montane Himalayan),31.1048,77.1734,2200.0,4,medium,emergency,35.0,7.0,5.0,3.0,1.4,20.0,270.0,ASM-WALL-LADAKH-TRAD,ASM-ROOF-LADAKH-TRAD,ASM-FLOOR-LADAKH-INS-SLAB,1.591,0.247,0.444,6.2,14.818,1.699,23.502,7.435,21.803,442.666,38.261,15.079,False,0.0,NON_COMPLIANT,0.62,0.03,0.55,-7.3,28.0,0.8233333333333334,4.0,35.0,7.0,5.0,3.0,1.4,1.374,20.0,270.0,6.2,0.0,0.28,465.0,1.591,300.0,0.247,180.0,0.444,1.0,0.4,1.5,2.5
TC-SHIMLA-0527,TEST,LOC-IN-SHIMLA,Shimla,Cold-Humid (Montane Himalayan),31.1048,77.1734,2200.0,8,high,work,35.0,7.0,5.0,3.0,1.4,20.0,270.0,ASM-WALL-LADAKH-TRAD,ASM-ROOF-LADAKH-INS-MOD,ASM-FLOOR-WARM-TILED,1.591,0.25,2.1,6.2,11.494,1.735,17.885,4.11,16.15,311.988,61.785,21.748,False,0.0,NON_COMPLIANT,0.62,0.03,0.55,-7.3,28.0,0.8233333333333334,8.0,35.0,7.0,5.0,3.0,1.4,1.374,20.0,270.0,6.2,0.0,0.28,465.0,1.591,153.0,0.25,150.0,2.1,2.0,0.4,1.5,2.5
TC-SHIMLA-0528,TEST,LOC-IN-SHIMLA,Shimla,Cold-Humid (Montane Himalayan),31.1048,77.1734,2200.0,1,low,residential,35.0,7.0,5.0,3.0,1.4,20.0,270.0,ASM-WALL-LADAKH-TRAD,ASM-ROOF-WARM-SLAB,ASM-FLOOR-LADAKH-TRAD,1.591,3.476,0.85,6.2,12.541,1.653,19.752,5.158,18.099,416.531,85.315,6.073,False,0.0,NON_COMPLIANT,0.62,0.03,0.55,-7.3,28.0,0.8233333333333334,1.0,35.0,7.0,5.0,3.0,1.4,1.374,20.0,270.0,6.2,0.0,0.28,465.0,1.591,162.5,3.476,250.0,0.85,0.5,0.4,1.5,2.5
TC-SHIMLA-0529,TEST,LOC-IN-SHIMLA,Shimla,Cold-Humid (Montane Himalayan),31.1048,77.1734,2200.0,2,medium,emergency,35.0,7.0,5.0,3.0,1.4,20.0,270.0,ASM-WALL-LADAKH-IMP-TRAD,ASM-ROOF-LADAKH-TRAD,ASM-FLOOR-LADAKH-INS-SLAB,0.452,0.247,0.444,6.2,16.245,1.661,26.284,8.862,24.624,442.666,52.915,17.039,False,0.0,NON_COMPLIANT,0.62,0.03,0.55,-7.3,28.0,0.8233333333333334,2.0,35.0,7.0,5.0,3.0,1.4,1.374,20.0,270.0,6.2,0.0,0.28,345.0,0.452,300.0,0.247,180.0,0.444,1.0,0.4,1.5,2.5
TC-SHIMLA-0530,TEST,LOC-IN-SHIMLA,Shimla,Cold-Humid (Montane Himalayan),31.1048,77.1734,2200.0,4,high,work,35.0,7.0,5.0,3.0,1.4,20.0,270.0,ASM-WALL-LADAKH-IMP-TRAD,ASM-ROOF-LADAKH-INS-MOD,ASM-FLOOR-WARM-TILED,0.452,0.25,2.1,6.2,12.271,1.679,19.511,4.888,17.832,311.988,72.953,23.345,False,0.0,NON_COMPLIANT,0.62,0.03,0.55,-7.3,28.0,0.8233333333333334,4.0,35.0,7.0,5.0,3.0,1.4,1.374,20.0,270.0,6.2,0.0,0.28,345.0,0.452,153.0,0.25,150.0,2.1,2.0,0.4,1.5,2.5
TC-SHIMLA-0531,TEST,LOC-IN-SHIMLA,Shimla,Cold-Humid (Montane Himalayan),31.1048,77.1734,2200.0,8,low,residential,35.0,7.0,5.0,3.0,1.4,20.0,270.0,ASM-WALL-LADAKH-IMP-TRAD,ASM-ROOF-WARM-SLAB,ASM-FLOOR-LADAKH-TRAD,0.452,3.476,0.85,6.2,14.071,1.738,22.382,6.688,20.643,416.531,105.641,6.957,False,0.0,NON_COMPLIANT,0.62,0.03,0.55,-7.3,28.0,0.8233333333333334,8.0,35.0,7.0,5.0,3.0,1.4,1.374,20.0,270.0,6.2,0.0,0.28,345.0,0.452,162.5,3.476,250.0,0.85,0.5,0.4,1.5,2.5
TC-SHIMLA-0532,TEST,LOC-IN-SHIMLA,Shimla,Cold-Humid (Montane Himalayan),31.1048,77.1734,2200.0,1,medium,emergency,35.0,7.0,5.0,3.0,1.4,20.0,270.0,ASM-WALL-LADAKH-INS-MOD,ASM-ROOF-LADAKH-TRAD,ASM-FLOOR-LADAKH-INS-SLAB,0.314,0.247,0.444,6.2,14.986,1.648,24.028,7.602,22.38,425.352,53.216,15.277,True,79.67,ACCEPTABLE,0.62,0.03,0.55,-7.3,28.0,0.8233333333333334,1.0,35.0,7.0,5.0,3.0,1.4,1.374,20.0,270.0,6.2,0.0,0.28,392.5,0.314,300.0,0.247,180.0,0.444,1.0,0.4,1.5,2.5
TC-SHIMLA-0533,TEST,LOC-IN-SHIMLA,Shimla,Cold-Humid (Montane Himalayan),31.1048,77.1734,2200.0,2,high,work,35.0,7.0,5.0,3.0,1.4,20.0,270.0,ASM-WALL-LADAKH-INS-MOD,ASM-ROOF-LADAKH-INS-MOD,ASM-FLOOR-WARM-TILED,0.314,0.25,2.1,6.2,11.32,1.651,17.84,3.936,16.189,294.674,70.424,21.251,True,66.59,ACCEPTABLE,0.62,0.03,0.55,-7.3,28.0,0.8233333333333334,2.0,35.0,7.0,5.0,3.0,1.4,1.374,20.0,270.0,6.2,0.0,0.28,392.5,0.314,153.0,0.25,150.0,2.1,2.0,0.4,1.5,2.5
TC-SHIMLA-0534,TEST,LOC-IN-SHIMLA,Shimla,Cold-Humid (Montane Himalayan),31.1048,77.1734,2200.0,4,low,residential,35.0,7.0,5.0,3.0,1.4,20.0,270.0,ASM-WALL-LADAKH-INS-MOD,ASM-ROOF-WARM-SLAB,ASM-FLOOR-LADAKH-TRAD,0.314,3.476,0.85,6.2,12.951,1.682,20.496,5.568,18.814,399.216,100.307,6.293,False,0.0,NON_COMPLIANT,0.62,0.03,0.55,-7.3,28.0,0.8233333333333334,4.0,35.0,7.0,5.0,3.0,1.4,1.374,20.0,270.0,6.2,0.0,0.28,392.5,0.314,162.5,3.476,250.0,0.85,0.5,0.4,1.5,2.5
TC-SHIMLA-0535,TEST,LOC-IN-SHIMLA,Shimla,Cold-Humid (Montane Himalayan),31.1048,77.1734,2200.0,8,medium,emergency,35.0,7.0,5.0,3.0,1.4,20.0,270.0,ASM-WALL-LADAKH-LIGHT-INS,ASM-ROOF-LADAKH-TRAD,ASM-FLOOR-LADAKH-INS-SLAB,0.284,0.247,0.444,6.2,19.578,1.884,41.313,12.194,39.43,356.094,35.485,21.952,True,74.9,ACCEPTABLE,0.62,0.03,0.55,-7.3,28.0,0.8233333333333334,8.0,35.0,7.0,5.0,3.0,1.4,1.374,20.0,270.0,6.2,0.0,0.28,152.0,0.284,300.0,0.247,180.0,0.444,1.0,0.4,1.5,2.5
TC-SHIMLA-0536,TEST,LOC-IN-SHIMLA,Shimla,Cold-Humid (Montane Himalayan),31.1048,77.1734,2200.0,1,high,work,35.0,7.0,5.0,3.0,1.4,20.0,270.0,ASM-WALL-LADAKH-LIGHT-INS,ASM-ROOF-LADAKH-INS-MOD,ASM-FLOOR-WARM-TILED,0.284,0.25,2.1,6.2,13.121,1.521,25.463,5.738,23.941,225.416,58.135,24.421,True,59.45,SUB_OPTIMAL,0.62,0.03,0.55,-7.3,28.0,0.8233333333333334,1.0,35.0,7.0,5.0,3.0,1.4,1.374,20.0,270.0,6.2,0.0,0.28,152.0,0.284,153.0,0.25,150.0,2.1,2.0,0.4,1.5,2.5
TC-SHIMLA-0537,TEST,LOC-IN-SHIMLA,Shimla,Cold-Humid (Montane Himalayan),31.1048,77.1734,2200.0,2,low,residential,35.0,7.0,5.0,3.0,1.4,20.0,270.0,ASM-WALL-LADAKH-LIGHT-INS,ASM-ROOF-WARM-SLAB,ASM-FLOOR-LADAKH-TRAD,0.284,3.476,0.85,6.2,15.456,1.601,28.172,8.073,26.571,329.959,96.322,7.891,False,0.0,NON_COMPLIANT,0.62,0.03,0.55,-7.3,28.0,0.8233333333333334,2.0,35.0,7.0,5.0,3.0,1.4,1.374,20.0,270.0,6.2,0.0,0.28,152.0,0.284,162.5,3.476,250.0,0.85,0.5,0.4,1.5,2.5
TC-SHIMLA-0538,TEST,LOC-IN-SHIMLA,Shimla,Cold-Humid (Montane Himalayan),31.1048,77.1734,2200.0,4,medium,emergency,35.0,7.0,5.0,3.0,1.4,20.0,270.0,ASM-WALL-SHIMLA-COLD,ASM-ROOF-LADAKH-TRAD,ASM-FLOOR-LADAKH-INS-SLAB,0.347,0.247,0.444,6.2,12.628,1.689,19.85,5.245,18.162,390.723,71.249,12.227,True,73.36,ACCEPTABLE,0.62,0.03,0.55,-7.3,28.0,0.8233333333333334,4.0,35.0,7.0,5.0,3.0,1.4,1.374,20.0,270.0,6.2,0.0,0.28,410.0,0.347,300.0,0.247,180.0,0.444,1.0,0.4,1.5,2.5
TC-SHIMLA-0539,TEST,LOC-IN-SHIMLA,Shimla,Cold-Humid (Montane Himalayan),31.1048,77.1734,2200.0,8,high,work,35.0,7.0,5.0,3.0,1.4,20.0,270.0,ASM-WALL-SHIMLA-COLD,ASM-ROOF-LADAKH-INS-MOD,ASM-FLOOR-WARM-TILED,0.347,0.25,2.1,6.2,9.936,1.722,15.274,2.552,13.552,260.045,83.332,18.576,True,62.67,ACCEPTABLE,0.62,0.03,0.55,-7.3,28.0,0.8233333333333334,8.0,35.0,7.0,5.0,3.0,1.4,1.374,20.0,270.0,6.2,0.0,0.28,410.0,0.347,153.0,0.25,150.0,2.1,2.0,0.4,1.5,2.5
TC-SHIMLA-0540,TEST,LOC-IN-SHIMLA,Shimla,Cold-Humid (Montane Himalayan),31.1048,77.1734,2200.0,1,low,residential,35.0,7.0,5.0,3.0,1.4,20.0,270.0,ASM-WALL-SHIMLA-COLD,ASM-ROOF-WARM-SLAB,ASM-FLOOR-LADAKH-TRAD,0.347,3.476,0.85,6.2,10.928,1.648,17.051,3.545,15.403,364.587,106.558,5.165,False,0.0,NON_COMPLIANT,0.62,0.03,0.55,-7.3,28.0,0.8233333333333334,1.0,35.0,7.0,5.0,3.0,1.4,1.374,20.0,270.0,6.2,0.0,0.28,410.0,0.347,162.5,3.476,250.0,0.85,0.5,0.4,1.5,2.5
TC-SHIMLA-0541,TEST,LOC-IN-SHIMLA,Shimla,Cold-Humid (Montane Himalayan),31.1048,77.1734,2200.0,2,medium,emergency,50.0,10.0,5.0,3.0,2.0,25.0,0.0,ASM-WALL-LADAKH-TRAD,ASM-ROOF-LADAKH-TRAD,ASM-FLOOR-LADAKH-INS-SLAB,1.591,0.247,0.444,8.0,13.258,1.663,20.95,5.874,19.287,486.757,42.108,18.605,False,0.0,NON_COMPLIANT,0.62,0.03,0.55,-7.3,28.0,0.8233333333333334,2.0,50.0,10.0,5.0,3.0,2.0,1.301,25.0,0.0,8.0,0.0,0.2,465.0,1.591,300.0,0.247,180.0,0.444,1.0,0.4,1.5,2.5
TC-SHIMLA-0542,TEST,LOC-IN-SHIMLA,Shimla,Cold-Humid (Montane Himalayan),31.1048,77.1734,2200.0,4,high,work,50.0,10.0,5.0,3.0,2.0,25.0,0.0,ASM-WALL-LADAKH-TRAD,ASM-ROOF-LADAKH-INS-MOD,ASM-FLOOR-WARM-TILED,1.591,0.25,2.1,8.0,9.605,1.671,14.806,2.221,13.135,293.197,69.423,25.667,False,0.0,NON_COMPLIANT,0.62,0.03,0.55,-7.3,28.0,0.8233333333333334,4.0,50.0,10.0,5.0,3.0,2.0,1.301,25.0,0.0,8.0,0.0,0.2,465.0,1.591,153.0,0.25,150.0,2.1,2.0,0.4,1.5,2.5
TC-SHIMLA-0543,TEST,LOC-IN-SHIMLA,Shimla,Cold-Humid (Montane Himalayan),31.1048,77.1734,2200.0,8,low,residential,50.0,10.0,5.0,3.0,2.0,25.0,0.0,ASM-WALL-LADAKH-TRAD,ASM-ROOF-WARM-SLAB,ASM-FLOOR-LADAKH-TRAD,1.591,3.476,0.85,8.0,11.465,1.709,17.855,4.082,16.146,448.045,107.353,7.772,False,0.0,NON_COMPLIANT,0.62,0.03,0.55,-7.3,28.0,0.8233333333333334,8.0,50.0,10.0,5.0,3.0,2.0,1.301,25.0,0.0,8.0,0.0,0.2,465.0,1.591,162.5,3.476,250.0,0.85,0.5,0.4,1.5,2.5
TC-SHIMLA-0544,TEST,LOC-IN-SHIMLA,Shimla,Cold-Humid (Montane Himalayan),31.1048,77.1734,2200.0,1,medium,emergency,50.0,10.0,5.0,3.0,2.0,25.0,0.0,ASM-WALL-LADAKH-IMP-TRAD,ASM-ROOF-LADAKH-TRAD,ASM-FLOOR-LADAKH-INS-SLAB,0.452,0.247,0.444,8.0,14.547,1.637,23.436,7.163,21.799,486.757,57.631,20.89,False,0.0,NON_COMPLIANT,0.62,0.03,0.55,-7.3,28.0,0.8233333333333334,1.0,50.0,10.0,5.0,3.0,2.0,1.301,25.0,0.0,8.0,0.0,0.2,345.0,0.452,300.0,0.247,180.0,0.444,1.0,0.4,1.5,2.5
TC-SHIMLA-0545,TEST,LOC-IN-SHIMLA,Shimla,Cold-Humid (Montane Himalayan),31.1048,77.1734,2200.0,2,high,work,50.0,10.0,5.0,3.0,2.0,25.0,0.0,ASM-WALL-LADAKH-IMP-TRAD,ASM-ROOF-LADAKH-INS-MOD,ASM-FLOOR-WARM-TILED,0.452,0.25,2.1,8.0,10.321,1.636,16.242,2.938,14.606,293.197,80.24,27.177,False,0.0,NON_COMPLIANT,0.62,0.03,0.55,-7.3,28.0,0.8233333333333334,2.0,50.0,10.0,5.0,3.0,2.0,1.301,25.0,0.0,8.0,0.0,0.2,345.0,0.452,153.0,0.25,150.0,2.1,2.0,0.4,1.5,2.5
TC-SHIMLA-0546,TEST,LOC-IN-SHIMLA,Shimla,Cold-Humid (Montane Himalayan),31.1048,77.1734,2200.0,4,low,residential,50.0,10.0,5.0,3.0,2.0,25.0,0.0,ASM-WALL-LADAKH-IMP-TRAD,ASM-ROOF-WARM-SLAB,ASM-FLOOR-LADAKH-TRAD,0.452,3.476,0.85,8.0,12.216,1.666,19.349,4.832,17.684,448.045,123.192,8.322,False,0.0,NON_COMPLIANT,0.62,0.03,0.55,-7.3,28.0,0.8233333333333334,4.0,50.0,10.0,5.0,3.0,2.0,1.301,25.0,0.0,8.0,0.0,0.2,345.0,0.452,162.5,3.476,250.0,0.85,0.5,0.4,1.5,2.5
TC-SHIMLA-0547,TEST,LOC-IN-SHIMLA,Shimla,Cold-Humid (Montane Himalayan),31.1048,77.1734,2200.0,8,medium,emergency,50.0,10.0,5.0,3.0,2.0,25.0,0.0,ASM-WALL-LADAKH-INS-MOD,ASM-ROOF-LADAKH-TRAD,ASM-FLOOR-LADAKH-INS-SLAB,0.314,0.247,0.444,8.0,14.007,1.728,22.249,6.623,20.521,472.372,61.083,19.778,True,76.04,ACCEPTABLE,0.62,0.03,0.55,-7.3,28.0,0.8233333333333334,8.0,50.0,10.0,5.0,3.0,2.0,1.301,25.0,0.0,8.0,0.0,0.2,392.5,0.314,300.0,0.247,180.0,0.444,1.0,0.4,1.5,2.5
TC-SHIMLA-0548,TEST,LOC-IN-SHIMLA,Shimla,Cold-Humid (Montane Himalayan),31.1048,77.1734,2200.0,1,high,work,50.0,10.0,5.0,3.0,2.0,25.0,0.0,ASM-WALL-LADAKH-INS-MOD,ASM-ROOF-LADAKH-INS-MOD,ASM-FLOOR-WARM-TILED,0.314,0.25,2.1,8.0,9.689,1.63,15.1,2.305,13.47,278.812,80.054,25.681,True,61.05,ACCEPTABLE,0.62,0.03,0.55,-7.3,28.0,0.8233333333333334,1.0,50.0,10.0,5.0,3.0,2.0,1.301,25.0,0.0,8.0,0.0,0.2,392.5,0.314,153.0,0.25,150.0,2.1,2.0,0.4,1.5,2.5
TC-SHIMLA-0549,TEST,LOC-IN-SHIMLA,Shimla,Cold-Humid (Montane Himalayan),31.1048,77.1734,2200.0,2,low,residential,50.0,10.0,5.0,3.0,2.0,25.0,0.0,ASM-WALL-LADAKH-INS-MOD,ASM-ROOF-WARM-SLAB,ASM-FLOOR-LADAKH-TRAD,0.314,3.476,0.85,8.0,11.483,1.648,18.07,4.099,16.422,433.66,119.718,7.742,False,0.0,NON_COMPLIANT,0.62,0.03,0.55,-7.3,28.0,0.8233333333333334,2.0,50.0,10.0,5.0,3.0,2.0,1.301,25.0,0.0,8.0,0.0,0.2,392.5,0.314,162.5,3.476,250.0,0.85,0.5,0.4,1.5,2.5
TC-SHIMLA-0550,TEST,LOC-IN-SHIMLA,Shimla,Cold-Humid (Montane Himalayan),31.1048,77.1734,2200.0,4,medium,emergency,50.0,10.0,5.0,3.0,2.0,25.0,0.0,ASM-WALL-LADAKH-LIGHT-INS,ASM-ROOF-LADAKH-TRAD,ASM-FLOOR-LADAKH-INS-SLAB,0.284,0.247,0.444,8.0,17.638,1.639,36.721,10.255,35.082,414.833,39.498,27.055,True,78.07,ACCEPTABLE,0.62,0.03,0.55,-7.3,28.0,0.8233333333333334,4.0,50.0,10.0,5.0,3.0,2.0,1.301,25.0,0.0,8.0,0.0,0.2,152.0,0.284,300.0,0.247,180.0,0.444,1.0,0.4,1.5,2.5
TC-SHIMLA-0551,TEST,LOC-IN-SHIMLA,Shimla,Cold-Humid (Montane Himalayan),31.1048,77.1734,2200.0,8,high,work,50.0,10.0,5.0,3.0,2.0,25.0,0.0,ASM-WALL-LADAKH-LIGHT-INS,ASM-ROOF-LADAKH-INS-MOD,ASM-FLOOR-WARM-TILED,0.284,0.25,2.1,8.0,11.899,1.73,22.038,4.516,20.308,221.273,68.927,29.928,True,56.21,SUB_OPTIMAL,0.62,0.03,0.55,-7.3,28.0,0.8233333333333334,8.0,50.0,10.0,5.0,3.0,2.0,1.301,25.0,0.0,8.0,0.0,0.2,152.0,0.284,153.0,0.25,150.0,2.1,2.0,0.4,1.5,2.5
TC-SHIMLA-0552,TEST,LOC-IN-SHIMLA,Shimla,Cold-Humid (Montane Himalayan),31.1048,77.1734,2200.0,1,low,residential,50.0,10.0,5.0,3.0,2.0,25.0,0.0,ASM-WALL-LADAKH-LIGHT-INS,ASM-ROOF-WARM-SLAB,ASM-FLOOR-LADAKH-TRAD,0.284,3.476,0.85,8.0,13.883,1.565,24.789,6.499,23.225,376.121,118.118,9.677,False,0.0,NON_COMPLIANT,0.62,0.03,0.55,-7.3,28.0,0.8233333333333334,1.0,50.0,10.0,5.0,3.0,2.0,1.301,25.0,0.0,8.0,0.0,0.2,152.0,0.284,162.5,3.476,250.0,0.85,0.5,0.4,1.5,2.5
TC-SHIMLA-0553,TEST,LOC-IN-SHIMLA,Shimla,Cold-Humid (Montane Himalayan),31.1048,77.1734,2200.0,2,medium,emergency,50.0,10.0,5.0,3.0,2.0,25.0,0.0,ASM-WALL-SHIMLA-COLD,ASM-ROOF-LADAKH-TRAD,ASM-FLOOR-LADAKH-INS-SLAB,0.347,0.247,0.444,8.0,11.65,1.657,18.265,4.267,16.608,443.602,81.297,15.837,True,69.49,ACCEPTABLE,0.62,0.03,0.55,-7.3,28.0,0.8233333333333334,2.0,50.0,10.0,5.0,3.0,2.0,1.301,25.0,0.0,8.0,0.0,0.2,410.0,0.347,300.0,0.247,180.0,0.444,1.0,0.4,1.5,2.5
TC-SHIMLA-0554,TEST,LOC-IN-SHIMLA,Shimla,Cold-Humid (Montane Himalayan),31.1048,77.1734,2200.0,4,high,work,50.0,10.0,5.0,3.0,2.0,25.0,0.0,ASM-WALL-SHIMLA-COLD,ASM-ROOF-LADAKH-INS-MOD,ASM-FLOOR-WARM-TILED,0.347,0.25,2.1,8.0,8.601,1.664,13.116,1.218,11.452,250.042,96.432,23.294,True,57.34,SUB_OPTIMAL,0.62,0.03,0.55,-7.3,28.0,0.8233333333333334,4.0,50.0,10.0,5.0,3.0,2.0,1.301,25.0,0.0,8.0,0.0,0.2,410.0,0.347,153.0,0.25,150.0,2.1,2.0,0.4,1.5,2.5
TC-SHIMLA-0555,TEST,LOC-IN-SHIMLA,Shimla,Cold-Humid (Montane Himalayan),31.1048,77.1734,2200.0,8,low,residential,50.0,10.0,5.0,3.0,2.0,25.0,0.0,ASM-WALL-SHIMLA-COLD,ASM-ROOF-WARM-SLAB,ASM-FLOOR-LADAKH-TRAD,0.347,3.476,0.85,8.0,10.316,1.7,15.938,2.932,14.238,404.89,135.149,6.912,False,0.0,NON_COMPLIANT,0.62,0.03,0.55,-7.3,28.0,0.8233333333333334,8.0,50.0,10.0,5.0,3.0,2.0,1.301,25.0,0.0,8.0,0.0,0.2,410.0,0.347,162.5,3.476,250.0,0.85,0.5,0.4,1.5,2.5
TC-SHIMLA-0556,TEST,LOC-IN-SHIMLA,Shimla,Cold-Humid (Montane Himalayan),31.1048,77.1734,2200.0,1,medium,emergency,50.0,10.0,5.0,3.0,2.0,25.0,90.0,ASM-WALL-LADAKH-TRAD,ASM-ROOF-LADAKH-TRAD,ASM-FLOOR-LADAKH-INS-SLAB,1.591,0.247,0.444,8.0,14.998,1.653,23.913,7.615,22.261,594.643,49.584,21.908,False,0.0,NON_COMPLIANT,0.62,0.03,0.55,-7.3,28.0,0.8233333333333334,1.0,50.0,10.0,5.0,3.0,2.0,1.301,25.0,90.0,8.0,0.0,0.4,465.0,1.591,300.0,0.247,180.0,0.444,1.0,0.4,1.5,2.5
TC-SHIMLA-0557,TEST,LOC-IN-SHIMLA,Shimla,Cold-Humid (Montane Himalayan),31.1048,77.1734,2200.0,2,high,work,50.0,10.0,5.0,3.0,2.0,25.0,90.0,ASM-WALL-LADAKH-TRAD,ASM-ROOF-LADAKH-INS-MOD,ASM-FLOOR-WARM-TILED,1.591,0.25,2.1,8.0,11.069,1.651,17.334,3.685,15.683,401.083,80.581,29.792,False,0.0,NON_COMPLIANT,0.62,0.03,0.55,-7.3,28.0,0.8233333333333334,2.0,50.0,10.0,5.0,3.0,2.0,1.301,25.0,90.0,8.0,0.0,0.4,465.0,1.591,153.0,0.25,150.0,2.1,2.0,0.4,1.5,2.5
TC-SHIMLA-0558,TEST,LOC-IN-SHIMLA,Shimla,Cold-Humid (Montane Himalayan),31.1048,77.1734,2200.0,4,low,residential,50.0,10.0,5.0,3.0,2.0,25.0,90.0,ASM-WALL-LADAKH-TRAD,ASM-ROOF-WARM-SLAB,ASM-FLOOR-LADAKH-TRAD,1.591,3.476,0.85,8.0,12.76,1.674,20.107,5.376,18.433,555.931,122.259,8.851,False,0.0,NON_COMPLIANT,0.62,0.03,0.55,-7.3,28.0,0.8233333333333334,4.0,50.0,10.0,5.0,3.0,2.0,1.301,25.0,90.0,8.0,0.0,0.4,465.0,1.591,162.5,3.476,250.0,0.85,0.5,0.4,1.5,2.5
TC-SHIMLA-0559,TEST,LOC-IN-SHIMLA,Shimla,Cold-Humid (Montane Himalayan),31.1048,77.1734,2200.0,8,medium,emergency,50.0,10.0,5.0,3.0,2.0,25.0,90.0,ASM-WALL-LADAKH-IMP-TRAD,ASM-ROOF-LADAKH-TRAD,ASM-FLOOR-LADAKH-INS-SLAB,0.452,0.247,0.444,8.0,16.903,1.733,27.372,9.52,25.64,594.643,70.79,25.66,False,0.0,NON_COMPLIANT,0.62,0.03,0.55,-7.3,28.0,0.8233333333333334,8.0,50.0,10.0,5.0,3.0,2.0,1.301,25.0,90.0,8.0,0.0,0.4,345.0,0.452,300.0,0.247,180.0,0.444,1.0,0.4,1.5,2.5
TC-SHIMLA-0560,TEST,LOC-IN-SHIMLA,Shimla,Cold-Humid (Montane Himalayan),31.1048,77.1734,2200.0,1,high,work,50.0,10.0,5.0,3.0,2.0,25.0,90.0,ASM-WALL-LADAKH-IMP-TRAD,ASM-ROOF-LADAKH-INS-MOD,ASM-FLOOR-WARM-TILED,0.452,0.25,2.1,8.0,11.949,1.624,19.097,4.566,17.473,401.083,95.228,32.253,False,0.0,NON_COMPLIANT,0.62,0.03,0.55,-7.3,28.0,0.8233333333333334,1.0,50.0,10.0,5.0,3.0,2.0,1.301,25.0,90.0,8.0,0.0,0.4,345.0,0.452,153.0,0.25,150.0,2.1,2.0,0.4,1.5,2.5
TC-SHIMLA-0561,TEST,LOC-IN-SHIMLA,Shimla,Cold-Humid (Montane Himalayan),31.1048,77.1734,2200.0,2,low,residential,50.0,10.0,5.0,3.0,2.0,25.0,90.0,ASM-WALL-LADAKH-IMP-TRAD,ASM-ROOF-WARM-SLAB,ASM-FLOOR-LADAKH-TRAD,0.452,3.476,0.85,8.0,13.701,1.644,21.942,6.317,20.297,555.931,142.648,9.636,False,0.0,NON_COMPLIANT,0.62,0.03,0.55,-7.3,28.0,0.8233333333333334,2.0,50.0,10.0,5.0,3.0,2.0,1.301,25.0,90.0,8.0,0.0,0.4,345.0,0.452,162.5,3.476,250.0,0.85,0.5,0.4,1.5,2.5
TC-SHIMLA-0562,TEST,LOC-IN-SHIMLA,Shimla,Cold-Humid (Montane Himalayan),31.1048,77.1734,2200.0,4,medium,emergency,50.0,10.0,5.0,3.0,2.0,25.0,90.0,ASM-WALL-LADAKH-INS-MOD,ASM-ROOF-LADAKH-TRAD,ASM-FLOOR-LADAKH-INS-SLAB,0.314,0.247,0.444,8.0,15.521,1.679,24.928,8.138,23.249,573.066,70.672,22.883,True,79.91,ACCEPTABLE,0.62,0.03,0.55,-7.3,28.0,0.8233333333333334,4.0,50.0,10.0,5.0,3.0,2.0,1.301,25.0,90.0,8.0,0.0,0.4,392.5,0.314,300.0,0.247,180.0,0.444,1.0,0.4,1.5,2.5
TC-SHIMLA-0563,TEST,LOC-IN-SHIMLA,Shimla,Cold-Humid (Montane Himalayan),31.1048,77.1734,2200.0,8,high,work,50.0,10.0,5.0,3.0,2.0,25.0,90.0,ASM-WALL-LADAKH-INS-MOD,ASM-ROOF-LADAKH-INS-MOD,ASM-FLOOR-WARM-TILED,0.314,0.25,2.1,8.0,11.514,1.708,18.109,4.13,16.402,379.506,96.189,30.856,True,66.0,ACCEPTABLE,0.62,0.03,0.55,-7.3,28.0,0.8233333333333334,8.0,50.0,10.0,5.0,3.0,2.0,1.301,25.0,90.0,8.0,0.0,0.4,392.5,0.314,153.0,0.25,150.0,2.1,2.0,0.4,1.5,2.5
TC-SHIMLA-0564,TEST,LOC-IN-SHIMLA,Shimla,Cold-Humid (Montane Himalayan),31.1048,77.1734,2200.0,1,low,residential,50.0,10.0,5.0,3.0,2.0,25.0,90.0,ASM-WALL-LADAKH-INS-MOD,ASM-ROOF-WARM-SLAB,ASM-FLOOR-LADAKH-TRAD,0.314,3.476,0.85,8.0,12.849,1.638,20.423,5.465,18.785,534.354,137.726,8.907,False,0.0,NON_COMPLIANT,0.62,0.03,0.55,-7.3,28.0,0.8233333333333334,1.0,50.0,10.0,5.0,3.0,2.0,1.301,25.0,90.0,8.0,0.0,0.4,392.5,0.314,162.5,3.476,250.0,0.85,0.5,0.4,1.5,2.5
TC-SHIMLA-0565,TEST,LOC-IN-SHIMLA,Shimla,Cold-Humid (Montane Himalayan),31.1048,77.1734,2200.0,2,medium,emergency,50.0,10.0,5.0,3.0,2.0,25.0,90.0,ASM-WALL-LADAKH-LIGHT-INS,ASM-ROOF-LADAKH-TRAD,ASM-FLOOR-LADAKH-INS-SLAB,0.284,0.247,0.444,8.0,19.125,1.553,40.794,11.742,39.241,486.757,44.628,30.569,True,74.74,ACCEPTABLE,0.62,0.03,0.55,-7.3,28.0,0.8233333333333334,2.0,50.0,10.0,5.0,3.0,2.0,1.301,25.0,90.0,8.0,0.0,0.4,152.0,0.284,300.0,0.247,180.0,0.444,1.0,0.4,1.5,2.5
TC-SHIMLA-0566,TEST,LOC-IN-SHIMLA,Shimla,Cold-Humid (Montane Himalayan),31.1048,77.1734,2200.0,4,high,work,50.0,10.0,5.0,3.0,2.0,25.0,90.0,ASM-WALL-LADAKH-LIGHT-INS,ASM-ROOF-LADAKH-INS-MOD,ASM-FLOOR-WARM-TILED,0.284,0.25,2.1,8.0,13.054,1.606,25.013,5.671,23.407,293.197,79.534,34.534,True,58.35,SUB_OPTIMAL,0.62,0.03,0.55,-7.3,28.0,0.8233333333333334,4.0,50.0,10.0,5.0,3.0,2.0,1.301,25.0,90.0,8.0,0.0,0.4,152.0,0.284,153.0,0.25,150.0,2.1,2.0,0.4,1.5,2.5
TC-SHIMLA-0567,TEST,LOC-IN-SHIMLA,Shimla,Cold-Humid (Montane Himalayan),31.1048,77.1734,2200.0,8,low,residential,50.0,10.0,5.0,3.0,2.0,25.0,90.0,ASM-WALL-LADAKH-LIGHT-INS,ASM-ROOF-WARM-SLAB,ASM-FLOOR-LADAKH-TRAD,0.284,3.476,0.85,8.0,15.669,1.726,28.074,8.286,26.348,448.045,139.796,11.453,False,0.0,NON_COMPLIANT,0.62,0.03,0.55,-7.3,28.0,0.8233333333333334,8.0,50.0,10.0,5.0,3.0,2.0,1.301,25.0,90.0,8.0,0.0,0.4,152.0,0.284,162.5,3.476,250.0,0.85,0.5,0.4,1.5,2.5
TC-SHIMLA-0568,TEST,LOC-IN-SHIMLA,Shimla,Cold-Humid (Montane Himalayan),31.1048,77.1734,2200.0,1,medium,emergency,50.0,10.0,5.0,3.0,2.0,25.0,90.0,ASM-WALL-SHIMLA-COLD,ASM-ROOF-LADAKH-TRAD,ASM-FLOOR-LADAKH-INS-SLAB,0.347,0.247,0.444,8.0,12.865,1.647,20.34,5.481,18.693,529.911,91.891,17.901,True,72.68,ACCEPTABLE,0.62,0.03,0.55,-7.3,28.0,0.8233333333333334,1.0,50.0,10.0,5.0,3.0,2.0,1.301,25.0,90.0,8.0,0.0,0.4,410.0,0.347,300.0,0.247,180.0,0.444,1.0,0.4,1.5,2.5
TC-SHIMLA-0569,TEST,LOC-IN-SHIMLA,Shimla,Cold-Humid (Montane Himalayan),31.1048,77.1734,2200.0,2,high,work,50.0,10.0,5.0,3.0,2.0,25.0,90.0,ASM-WALL-SHIMLA-COLD,ASM-ROOF-LADAKH-INS-MOD,ASM-FLOOR-WARM-TILED,0.347,0.25,2.1,8.0,9.629,1.646,14.899,2.245,13.253,336.351,106.423,25.708,True,60.01,ACCEPTABLE,0.62,0.03,0.55,-7.3,28.0,0.8233333333333334,2.0,50.0,10.0,5.0,3.0,2.0,1.301,25.0,90.0,8.0,0.0,0.4,410.0,0.347,153.0,0.25,150.0,2.1,2.0,0.4,1.5,2.5
TC-SHIMLA-0570,TEST,LOC-IN-SHIMLA,Shimla,Cold-Humid (Montane Himalayan),31.1048,77.1734,2200.0,4,low,residential,50.0,10.0,5.0,3.0,2.0,25.0,90.0,ASM-WALL-SHIMLA-COLD,ASM-ROOF-WARM-SLAB,ASM-FLOOR-LADAKH-TRAD,0.347,3.476,0.85,8.0,11.214,1.668,17.517,3.831,15.849,491.199,148.175,7.578,False,0.0,NON_COMPLIANT,0.62,0.03,0.55,-7.3,28.0,0.8233333333333334,4.0,50.0,10.0,5.0,3.0,2.0,1.301,25.0,90.0,8.0,0.0,0.4,410.0,0.347,162.5,3.476,250.0,0.85,0.5,0.4,1.5,2.5
TC-SHIMLA-0571,TEST,LOC-IN-SHIMLA,Shimla,Cold-Humid (Montane Himalayan),31.1048,77.1734,2200.0,8,medium,emergency,50.0,10.0,5.0,3.0,2.0,25.0,180.0,ASM-WALL-LADAKH-TRAD,ASM-ROOF-LADAKH-TRAD,ASM-FLOOR-LADAKH-INS-SLAB,1.591,0.247,0.444,8.0,17.137,1.728,27.407,9.753,25.679,702.53,59.757,26.403,False,0.0,NON_COMPLIANT,0.62,0.03,0.55,-7.3,28.0,0.8233333333333334,8.0,50.0,10.0,5.0,3.0,2.0,1.301,25.0,180.0,8.0,0.0,0.2,465.0,1.591,300.0,0.247,180.0,0.444,1.0,0.4,1.5,2.5
TC-SHIMLA-0572,TEST,LOC-IN-SHIMLA,Shimla,Cold-Humid (Montane Himalayan),31.1048,77.1734,2200.0,1,high,work,50.0,10.0,5.0,3.0,2.0,25.0,180.0,ASM-WALL-LADAKH-TRAD,ASM-ROOF-LADAKH-INS-MOD,ASM-FLOOR-WARM-TILED,1.591,0.25,2.1,8.0,12.569,1.641,19.907,5.185,18.266,508.97,93.81,34.683,False,0.0,NON_COMPLIANT,0.62,0.03,0.55,-7.3,28.0,0.8233333333333334,1.0,50.0,10.0,5.0,3.0,2.0,1.301,25.0,180.0,8.0,0.0,0.2,465.0,1.591,153.0,0.25,150.0,2.1,2.0,0.4,1.5,2.5
TC-SHIMLA-0573,TEST,LOC-IN-SHIMLA,Shimla,Cold-Humid (Montane Himalayan),31.1048,77.1734,2200.0,2,low,residential,50.0,10.0,5.0,3.0,2.0,25.0,180.0,ASM-WALL-LADAKH-TRAD,ASM-ROOF-WARM-SLAB,ASM-FLOOR-LADAKH-TRAD,1.591,3.476,0.85,8.0,14.132,1.656,22.463,6.749,20.806,663.818,139.236,10.081,False,0.0,NON_COMPLIANT,0.62,0.03,0.55,-7.3,28.0,0.8233333333333334,2.0,50.0,10.0,5.0,3.0,2.0,1.301,25.0,180.0,8.0,0.0,0.2,465.0,1.591,162.5,3.476,250.0,0.85,0.5,0.4,1.5,2.5
TC-SHIMLA-0574,TEST,LOC-IN-SHIMLA,Shimla,Cold-Humid (Montane Himalayan),31.1048,77.1734,2200.0,4,medium,emergency,50.0,10.0,5.0,3.0,2.0,25.0,180.0,ASM-WALL-LADAKH-IMP-TRAD,ASM-ROOF-LADAKH-TRAD,ASM-FLOOR-LADAKH-INS-SLAB,0.452,0.247,0.444,8.0,18.605,1.678,30.47,11.222,28.793,702.53,81.447,29.522,False,0.0,NON_COMPLIANT,0.62,0.03,0.55,-7.3,28.0,0.8233333333333334,4.0,50.0,10.0,5.0,3.0,2.0,1.301,25.0,180.0,8.0,0.0,0.2,345.0,0.452,300.0,0.247,180.0,0.444,1.0,0.4,1.5,2.5
TC-SHIMLA-0575,TEST,LOC-IN-SHIMLA,Shimla,Cold-Humid (Montane Himalayan),31.1048,77.1734,2200.0,8,high,work,50.0,10.0,5.0,3.0,2.0,25.0,180.0,ASM-WALL-LADAKH-IMP-TRAD,ASM-ROOF-LADAKH-INS-MOD,ASM-FLOOR-WARM-TILED,0.452,0.25,2.1,8.0,13.955,1.71,22.452,6.571,20.742,508.97,116.064,39.31,False,0.0,NON_COMPLIANT,0.62,0.03,0.55,-7.3,28.0,0.8233333333333334,8.0,50.0,10.0,5.0,3.0,2.0,1.301,25.0,180.0,8.0,0.0,0.2,345.0,0.452,153.0,0.25,150.0,2.1,2.0,0.4,1.5,2.5
TC-SHIMLA-0576,TEST,LOC-IN-SHIMLA,Shimla,Cold-Humid (Montane Himalayan),31.1048,77.1734,2200.0,1,low,residential,50.0,10.0,5.0,3.0,2.0,25.0,180.0,ASM-WALL-LADAKH-IMP-TRAD,ASM-ROOF-WARM-SLAB,ASM-FLOOR-LADAKH-TRAD,0.452,3.476,0.85,8.0,15.221,1.634,24.579,7.838,22.945,663.818,164.762,11.13,False,0.0,NON_COMPLIANT,0.62,0.03,0.55,-7.3,28.0,0.8233333333333334,1.0,50.0,10.0,5.0,3.0,2.0,1.301,25.0,180.0,8.0,0.0,0.2,345.0,0.452,162.5,3.476,250.0,0.85,0.5,0.4,1.5,2.5
TC-SHIMLA-0577,TEST,LOC-IN-SHIMLA,Shimla,Cold-Humid (Montane Himalayan),31.1048,77.1734,2200.0,2,medium,emergency,50.0,10.0,5.0,3.0,2.0,25.0,180.0,ASM-WALL-LADAKH-INS-MOD,ASM-ROOF-LADAKH-TRAD,ASM-FLOOR-LADAKH-INS-SLAB,0.314,0.247,0.444,8.0,17.131,1.654,27.729,9.748,26.075,673.76,81.094,26.258,True,84.09,OPTIMAL,0.62,0.03,0.55,-7.3,28.0,0.8233333333333334,2.0,50.0,10.0,5.0,3.0,2.0,1.301,25.0,180.0,8.0,0.0,0.2,392.5,0.314,300.0,0.247,180.0,0.444,1.0,0.4,1.5,2.5
TC-SHIMLA-0578,TEST,LOC-IN-SHIMLA,Shimla,Cold-Humid (Montane Himalayan),31.1048,77.1734,2200.0,4,high,work,50.0,10.0,5.0,3.0,2.0,25.0,180.0,ASM-WALL-LADAKH-INS-MOD,ASM-ROOF-LADAKH-INS-MOD,ASM-FLOOR-WARM-TILED,0.314,0.25,2.1,8.0,12.812,1.663,20.43,5.428,18.767,480.2,110.084,35.314,True,69.3,ACCEPTABLE,0.62,0.03,0.55,-7.3,28.0,0.8233333333333334,4.0,50.0,10.0,5.0,3.0,2.0,1.301,25.0,180.0,8.0,0.0,0.2,392.5,0.314,153.0,0.25,150.0,2.1,2.0,0.4,1.5,2.5
TC-SHIMLA-0579,TEST,LOC-IN-SHIMLA,Shimla,Cold-Humid (Montane Himalayan),31.1048,77.1734,2200.0,8,low,residential,50.0,10.0,5.0,3.0,2.0,25.0,180.0,ASM-WALL-LADAKH-INS-MOD,ASM-ROOF-WARM-SLAB,ASM-FLOOR-LADAKH-TRAD,0.314,3.476,0.85,8.0,14.558,1.707,23.227,7.174,21.519,635.048,161.525,10.446,False,0.0,NON_COMPLIANT,0.62,0.03,0.55,-7.3,28.0,0.8233333333333334,8.0,50.0,10.0,5.0,3.0,2.0,1.301,25.0,180.0,8.0,0.0,0.2,392.5,0.314,162.5,3.476,250.0,0.85,0.5,0.4,1.5,2.5
TC-SHIMLA-0580,TEST,LOC-IN-SHIMLA,Shimla,Cold-Humid (Montane Himalayan),31.1048,77.1734,2200.0,1,medium,emergency,50.0,10.0,5.0,3.0,2.0,25.0,180.0,ASM-WALL-LADAKH-LIGHT-INS,ASM-ROOF-LADAKH-TRAD,ASM-FLOOR-LADAKH-INS-SLAB,0.284,0.247,0.444,8.0,20.657,1.511,44.964,13.273,43.453,558.681,49.862,34.154,True,71.37,ACCEPTABLE,0.62,0.03,0.55,-7.3,28.0,0.8233333333333334,1.0,50.0,10.0,5.0,3.0,2.0,1.301,25.0,180.0,8.0,0.0,0.2,152.0,0.284,300.0,0.247,180.0,0.444,1.0,0.4,1.5,2.5
TC-SHIMLA-0581,TEST,LOC-IN-SHIMLA,Shimla,Cold-Humid (Montane Himalayan),31.1048,77.1734,2200.0,2,high,work,50.0,10.0,5.0,3.0,2.0,25.0,180.0,ASM-WALL-LADAKH-LIGHT-INS,ASM-ROOF-LADAKH-INS-MOD,ASM-FLOOR-WARM-TILED,0.284,0.25,2.1,8.0,14.326,1.543,28.107,6.942,26.563,365.121,92.141,40.008,True,60.91,ACCEPTABLE,0.62,0.03,0.55,-7.3,28.0,0.8233333333333334,2.0,50.0,10.0,5.0,3.0,2.0,1.301,25.0,180.0,8.0,0.0,0.2,152.0,0.284,153.0,0.25,150.0,2.1,2.0,0.4,1.5,2.5
TC-SHIMLA-0582,TEST,LOC-IN-SHIMLA,Shimla,Cold-Humid (Montane Himalayan),31.1048,77.1734,2200.0,4,low,residential,50.0,10.0,5.0,3.0,2.0,25.0,180.0,ASM-WALL-LADAKH-LIGHT-INS,ASM-ROOF-WARM-SLAB,ASM-FLOOR-LADAKH-TRAD,0.284,3.476,0.85,8.0,16.758,1.634,30.537,9.374,28.903,519.969,154.357,12.646,False,0.0,NON_COMPLIANT,0.62,0.03,0.55,-7.3,28.0,0.8233333333333334,4.0,50.0,10.0,5.0,3.0,2.0,1.301,25.0,180.0,8.0,0.0,0.2,152.0,0.284,162.5,3.476,250.0,0.85,0.5,0.4,1.5,2.5
TC-SHIMLA-0583,TEST,LOC-IN-SHIMLA,Shimla,Cold-Humid (Montane Himalayan),31.1048,77.1734,2200.0,8,medium,emergency,50.0,10.0,5.0,3.0,2.0,25.0,180.0,ASM-WALL-SHIMLA-COLD,ASM-ROOF-LADAKH-TRAD,ASM-FLOOR-LADAKH-INS-SLAB,0.347,0.247,0.444,8.0,14.437,1.715,22.893,7.054,21.179,616.221,106.343,20.716,True,76.98,ACCEPTABLE,0.62,0.03,0.55,-7.3,28.0,0.8233333333333334,8.0,50.0,10.0,5.0,3.0,2.0,1.301,25.0,180.0,8.0,0.0,0.2,410.0,0.347,300.0,0.247,180.0,0.444,1.0,0.4,1.5,2.5
TC-SHIMLA-0584,TEST,LOC-IN-SHIMLA,Shimla,Cold-Humid (Montane Himalayan),31.1048,77.1734,2200.0,1,high,work,50.0,10.0,5.0,3.0,2.0,25.0,180.0,ASM-WALL-SHIMLA-COLD,ASM-ROOF-LADAKH-INS-MOD,ASM-FLOOR-WARM-TILED,0.347,0.25,2.1,8.0,10.692,1.638,16.73,3.309,15.092,422.66,118.517,28.629,True,62.79,ACCEPTABLE,0.62,0.03,0.55,-7.3,28.0,0.8233333333333334,1.0,50.0,10.0,5.0,3.0,2.0,1.301,25.0,180.0,8.0,0.0,0.2,410.0,0.347,153.0,0.25,150.0,2.1,2.0,0.4,1.5,2.5
TC-SHIMLA-0585,TEST,LOC-IN-SHIMLA,Shimla,Cold-Humid (Montane Himalayan),31.1048,77.1734,2200.0,2,low,residential,50.0,10.0,5.0,3.0,2.0,25.0,180.0,ASM-WALL-SHIMLA-COLD,ASM-ROOF-WARM-SLAB,ASM-FLOOR-LADAKH-TRAD,0.347,3.476,0.85,8.0,12.186,1.651,19.193,4.802,17.542,577.508,163.173,8.345,False,0.0,NON_COMPLIANT,0.62,0.03,0.55,-7.3,28.0,0.8233333333333334,2.0,50.0,10.0,5.0,3.0,2.0,1.301,25.0,180.0,8.0,0.0,0.2,410.0,0.347,162.5,3.476,250.0,0.85,0.5,0.4,1.5,2.5
TC-SHIMLA-0586,TEST,LOC-IN-SHIMLA,Shimla,Cold-Humid (Montane Himalayan),31.1048,77.1734,2200.0,4,medium,emergency,50.0,10.0,5.0,3.0,2.0,25.0,270.0,ASM-WALL-LADAKH-TRAD,ASM-ROOF-LADAKH-TRAD,ASM-FLOOR-LADAKH-INS-SLAB,1.591,0.247,0.444,8.0,15.154,1.685,24.123,7.771,22.438,594.643,50.259,22.206,False,0.0,NON_COMPLIANT,0.62,0.03,0.55,-7.3,28.0,0.8233333333333334,4.0,50.0,10.0,5.0,3.0,2.0,1.301,25.0,270.0,8.0,0.0,0.4,465.0,1.591,300.0,0.247,180.0,0.444,1.0,0.4,1.5,2.5
TC-SHIMLA-0587,TEST,LOC-IN-SHIMLA,Shimla,Cold-Humid (Montane Himalayan),31.1048,77.1734,2200.0,8,high,work,50.0,10.0,5.0,3.0,2.0,25.0,270.0,ASM-WALL-LADAKH-TRAD,ASM-ROOF-LADAKH-INS-MOD,ASM-FLOOR-WARM-TILED,1.591,0.25,2.1,8.0,11.34,1.71,17.694,3.957,15.984,401.083,82.636,30.552,False,0.0,NON_COMPLIANT,0.62,0.03,0.55,-7.3,28.0,0.8233333333333334,8.0,50.0,10.0,5.0,3.0,2.0,1.301,25.0,270.0,8.0,0.0,0.4,465.0,1.591,153.0,0.25,150.0,2.1,2.0,0.4,1.5,2.5
TC-SHIMLA-0588,TEST,LOC-IN-SHIMLA,Shimla,Cold-Humid (Montane Himalayan),31.1048,77.1734,2200.0,1,low,residential,50.0,10.0,5.0,3.0,2.0,25.0,270.0,ASM-WALL-LADAKH-TRAD,ASM-ROOF-WARM-SLAB,ASM-FLOOR-LADAKH-TRAD,1.591,3.476,0.85,8.0,12.632,1.647,19.936,5.249,18.288,555.931,120.846,8.749,False,0.0,NON_COMPLIANT,0.62,0.03,0.55,-7.3,28.0,0.8233333333333334,1.0,50.0,10.0,5.0,3.0,2.0,1.301,25.0,270.0,8.0,0.0,0.4,465.0,1.591,162.5,3.476,250.0,0.85,0.5,0.4,1.5,2.5
TC-SHIMLA-0589,TEST,LOC-IN-SHIMLA,Shimla,Cold-Humid (Montane Himalayan),31.1048,77.1734,2200.0,2,medium,emergency,50.0,10.0,5.0,3.0,2.0,25.0,270.0,ASM-WALL-LADAKH-IMP-TRAD,ASM-ROOF-LADAKH-TRAD,ASM-FLOOR-LADAKH-INS-SLAB,0.452,0.247,0.444,8.0,16.559,1.65,26.927,9.176,25.277,594.643,68.882,24.968,False,0.0,NON_COMPLIANT,0.62,0.03,0.55,-7.3,28.0,0.8233333333333334,2.0,50.0,10.0,5.0,3.0,2.0,1.301,25.0,270.0,8.0,0.0,0.4,345.0,0.452,300.0,0.247,180.0,0.444,1.0,0.4,1.5,2.5
TC-SHIMLA-0590,TEST,LOC-IN-SHIMLA,Shimla,Cold-Humid (Montane Himalayan),31.1048,77.1734,2200.0,4,high,work,50.0,10.0,5.0,3.0,2.0,25.0,270.0,ASM-WALL-LADAKH-IMP-TRAD,ASM-ROOF-LADAKH-INS-MOD,ASM-FLOOR-WARM-TILED,0.452,0.25,2.1,8.0,12.097,1.661,19.287,4.713,17.627,401.083,96.577,32.71,False,0.0,NON_COMPLIANT,0.62,0.03,0.55,-7.3,28.0,0.8233333333333334,4.0,50.0,10.0,5.0,3.0,2.0,1.301,25.0,270.0,8.0,0.0,0.4,345.0,0.452,153.0,0.25,150.0,2.1,2.0,0.4,1.5,2.5
TC-SHIMLA-0591,TEST,LOC-IN-SHIMLA,Shimla,Cold-Humid (Montane Himalayan),31.1048,77.1734,2200.0,8,low,residential,50.0,10.0,5.0,3.0,2.0,25.0,270.0,ASM-WALL-LADAKH-IMP-TRAD,ASM-ROOF-WARM-SLAB,ASM-FLOOR-LADAKH-TRAD,0.452,3.476,0.85,8.0,13.977,1.709,22.304,6.594,20.595,555.931,146.012,9.863,False,0.0,NON_COMPLIANT,0.62,0.03,0.55,-7.3,28.0,0.8233333333333334,8.0,50.0,10.0,5.0,3.0,2.0,1.301,25.0,270.0,8.0,0.0,0.4,345.0,0.452,162.5,3.476,250.0,0.85,0.5,0.4,1.5,2.5
TC-SHIMLA-0592,TEST,LOC-IN-SHIMLA,Shimla,Cold-Humid (Montane Himalayan),31.1048,77.1734,2200.0,1,medium,emergency,50.0,10.0,5.0,3.0,2.0,25.0,270.0,ASM-WALL-LADAKH-INS-MOD,ASM-ROOF-LADAKH-TRAD,ASM-FLOOR-LADAKH-INS-SLAB,0.314,0.247,0.444,8.0,15.359,1.642,24.714,7.975,23.072,573.066,69.718,22.574,True,79.4,ACCEPTABLE,0.62,0.03,0.55,-7.3,28.0,0.8233333333333334,1.0,50.0,10.0,5.0,3.0,2.0,1.301,25.0,270.0,8.0,0.0,0.4,392.5,0.314,300.0,0.247,180.0,0.444,1.0,0.4,1.5,2.5
TC-SHIMLA-0593,TEST,LOC-IN-SHIMLA,Shimla,Cold-Humid (Montane Himalayan),31.1048,77.1734,2200.0,2,high,work,50.0,10.0,5.0,3.0,2.0,25.0,270.0,ASM-WALL-LADAKH-INS-MOD,ASM-ROOF-LADAKH-INS-MOD,ASM-FLOOR-WARM-TILED,0.314,0.25,2.1,8.0,11.232,1.641,17.743,3.849,16.102,379.506,93.648,30.041,True,65.12,ACCEPTABLE,0.62,0.03,0.55,-7.3,28.0,0.8233333333333334,2.0,50.0,10.0,5.0,3.0,2.0,1.301,25.0,270.0,8.0,0.0,0.4,392.5,0.314,153.0,0.25,150.0,2.1,2.0,0.4,1.5,2.5
TC-SHIMLA-0594,TEST,LOC-IN-SHIMLA,Shimla,Cold-Humid (Montane Himalayan),31.1048,77.1734,2200.0,4,low,residential,50.0,10.0,5.0,3.0,2.0,25.0,270.0,ASM-WALL-LADAKH-INS-MOD,ASM-ROOF-WARM-SLAB,ASM-FLOOR-LADAKH-TRAD,0.314,3.476,0.85,8.0,12.981,1.668,20.598,5.598,18.93,534.354,139.35,9.012,False,0.0,NON_COMPLIANT,0.62,0.03,0.55,-7.3,28.0,0.8233333333333334,4.0,50.0,10.0,5.0,3.0,2.0,1.301,25.0,270.0,8.0,0.0,0.4,392.5,0.314,162.5,3.476,250.0,0.85,0.5,0.4,1.5,2.5
TC-SHIMLA-0595,TEST,LOC-IN-SHIMLA,Shimla,Cold-Humid (Montane Himalayan),31.1048,77.1734,2200.0,8,medium,emergency,50.0,10.0,5.0,3.0,2.0,25.0,270.0,ASM-WALL-LADAKH-LIGHT-INS,ASM-ROOF-LADAKH-TRAD,ASM-FLOOR-LADAKH-INS-SLAB,0.284,0.247,0.444,8.0,19.613,1.81,41.269,12.23,39.459,486.757,46.024,31.525,True,74.57,ACCEPTABLE,0.62,0.03,0.55,-7.3,28.0,0.8233333333333334,8.0,50.0,10.0,5.0,3.0,2.0,1.301,25.0,270.0,8.0,0.0,0.4,152.0,0.284,300.0,0.247,180.0,0.444,1.0,0.4,1.5,2.5
TC-SHIMLA-0596,TEST,LOC-IN-SHIMLA,Shimla,Cold-Humid (Montane Himalayan),31.1048,77.1734,2200.0,1,high,work,50.0,10.0,5.0,3.0,2.0,25.0,270.0,ASM-WALL-LADAKH-LIGHT-INS,ASM-ROOF-LADAKH-INS-MOD,ASM-FLOOR-WARM-TILED,0.284,0.25,2.1,8.0,12.854,1.512,24.79,5.471,23.278,293.197,77.993,33.865,True,57.65,SUB_OPTIMAL,0.62,0.03,0.55,-7.3,28.0,0.8233333333333334,1.0,50.0,10.0,5.0,3.0,2.0,1.301,25.0,270.0,8.0,0.0,0.4,152.0,0.284,153.0,0.25,150.0,2.1,2.0,0.4,1.5,2.5
TC-SHIMLA-0597,TEST,LOC-IN-SHIMLA,Shimla,Cold-Humid (Montane Himalayan),31.1048,77.1734,2200.0,2,low,residential,50.0,10.0,5.0,3.0,2.0,25.0,270.0,ASM-WALL-LADAKH-LIGHT-INS,ASM-ROOF-WARM-SLAB,ASM-FLOOR-LADAKH-TRAD,0.284,3.476,0.85,8.0,15.298,1.588,27.638,7.914,26.051,448.045,135.819,11.128,False,0.0,NON_COMPLIANT,0.62,0.03,0.55,-7.3,28.0,0.8233333333333334,2.0,50.0,10.0,5.0,3.0,2.0,1.301,25.0,270.0,8.0,0.0,0.4,152.0,0.284,162.5,3.476,250.0,0.85,0.5,0.4,1.5,2.5
TC-SHIMLA-0598,TEST,LOC-IN-SHIMLA,Shimla,Cold-Humid (Montane Himalayan),31.1048,77.1734,2200.0,4,medium,emergency,50.0,10.0,5.0,3.0,2.0,25.0,270.0,ASM-WALL-SHIMLA-COLD,ASM-ROOF-LADAKH-TRAD,ASM-FLOOR-LADAKH-INS-SLAB,0.347,0.247,0.444,8.0,13.002,1.676,20.524,5.618,18.848,529.911,93.019,18.121,True,73.11,ACCEPTABLE,0.62,0.03,0.55,-7.3,28.0,0.8233333333333334,4.0,50.0,10.0,5.0,3.0,2.0,1.301,25.0,270.0,8.0,0.0,0.4,410.0,0.347,300.0,0.247,180.0,0.444,1.0,0.4,1.5,2.5
TC-SHIMLA-0599,TEST,LOC-IN-SHIMLA,Shimla,Cold-Humid (Montane Himalayan),31.1048,77.1734,2200.0,8,high,work,50.0,10.0,5.0,3.0,2.0,25.0,270.0,ASM-WALL-SHIMLA-COLD,ASM-ROOF-LADAKH-INS-MOD,ASM-FLOOR-WARM-TILED,0.347,0.25,2.1,8.0,9.871,1.7,15.22,2.487,13.52,336.351,108.962,26.321,True,60.76,ACCEPTABLE,0.62,0.03,0.55,-7.3,28.0,0.8233333333333334,8.0,50.0,10.0,5.0,3.0,2.0,1.301,25.0,270.0,8.0,0.0,0.4,410.0,0.347,153.0,0.25,150.0,2.1,2.0,0.4,1.5,2.5
TC-SHIMLA-0600,TEST,LOC-IN-SHIMLA,Shimla,Cold-Humid (Montane Himalayan),31.1048,77.1734,2200.0,1,low,residential,50.0,10.0,5.0,3.0,2.0,25.0,270.0,ASM-WALL-SHIMLA-COLD,ASM-ROOF-WARM-SLAB,ASM-FLOOR-LADAKH-TRAD,0.347,3.476,0.85,8.0,11.099,1.643,17.363,3.716,15.72,491.199,146.598,7.498,False,0.0,NON_COMPLIANT,0.62,0.03,0.55,-7.3,28.0,0.8233333333333334,1.0,50.0,10.0,5.0,3.0,2.0,1.301,25.0,270.0,8.0,0.0,0.4,410.0,0.347,162.5,3.476,250.0,0.85,0.5,0.4,1.5,2.5
TC-JAIPUR-0601,TRAIN,LOC-IN-JAIPUR,Jaipur,Hot Semi-Arid / Composite,26.9124,75.7873,430.0,2,medium,emergency,14.98,4.5,3.33,2.8,1.35,30.0,0.0,ASM-WALL-LADAKH-TRAD,ASM-ROOF-LADAKH-TRAD,ASM-FLOOR-LADAKH-INS-SLAB,1.591,0.247,0.444,3.8,18.004,7.016,25.782,4.383,18.766,197.617,14.391,3.862,True,85.43,OPTIMAL,0.09,0.7125,0.1075,5.6,43.7,0.7883333333333333,2.0,14.98,4.5,3.33,2.8,1.35,1.815,30.0,0.0,3.8,0.0,0.14285714285714288,465.0,1.591,300.0,0.247,180.0,0.444,1.0,0.0,1.2,0.0
TC-JAIPUR-0602,TRAIN,LOC-IN-JAIPUR,Jaipur,Hot Semi-Arid / Composite,26.9124,75.7873,430.0,4,high,work,14.98,4.5,3.33,2.8,1.35,30.0,0.0,ASM-WALL-LADAKH-TRAD,ASM-ROOF-LADAKH-INS-MOD,ASM-FLOOR-WARM-TILED,1.591,0.25,2.1,3.8,15.625,7.03,21.612,2.004,14.582,134.598,21.668,6.104,True,82.08,OPTIMAL,0.09,0.7125,0.1075,5.6,43.7,0.7883333333333333,4.0,14.98,4.5,3.33,2.8,1.35,1.815,30.0,0.0,3.8,0.0,0.14285714285714288,465.0,1.591,153.0,0.25,150.0,2.1,2.0,0.0,1.2,0.0
TC-JAIPUR-0603,TRAIN,LOC-IN-JAIPUR,Jaipur,Hot Semi-Arid / Composite,26.9124,75.7873,430.0,8,low,residential,14.98,4.5,3.33,2.8,1.35,30.0,0.0,ASM-WALL-LADAKH-TRAD,ASM-ROOF-WARM-SLAB,ASM-FLOOR-LADAKH-TRAD,1.591,3.476,0.85,3.8,17.245,7.056,24.255,3.624,17.199,185.013,31.637,1.773,True,71.22,ACCEPTABLE,0.09,0.7125,0.1075,5.6,43.7,0.7883333333333333,8.0,14.98,4.5,3.33,2.8,1.35,1.815,30.0,0.0,3.8,0.0,0.14285714285714288,465.0,1.591,162.5,3.476,250.0,0.85,0.5,0.0,1.2,0.0
TC-JAIPUR-0604,TRAIN,LOC-IN-JAIPUR,Jaipur,Hot Semi-Arid / Composite,26.9124,75.7873,430.0,1,medium,emergency,14.98,4.5,3.33,2.8,1.35,30.0,0.0,ASM-WALL-LADAKH-IMP-TRAD,ASM-ROOF-LADAKH-TRAD,ASM-FLOOR-LADAKH-INS-SLAB,0.452,0.247,0.444,3.8,19.387,7.01,28.548,5.766,21.537,197.617,20.514,4.468,True,92.88,OPTIMAL,0.09,0.7125,0.1075,5.6,43.7,0.7883333333333333,1.0,14.98,4.5,3.33,2.8,1.35,1.815,30.0,0.0,3.8,0.0,0.14285714285714288,345.0,0.452,300.0,0.247,180.0,0.444,1.0,0.0,1.2,0.0
TC-JAIPUR-0605,TRAIN,LOC-IN-JAIPUR,Jaipur,Hot Semi-Arid / Composite,26.9124,75.7873,430.0,2,high,work,14.98,4.5,3.33,2.8,1.35,30.0,0.0,ASM-WALL-LADAKH-IMP-TRAD,ASM-ROOF-LADAKH-INS-MOD,ASM-FLOOR-WARM-TILED,0.452,0.25,2.1,3.8,16.488,7.02,23.345,2.867,16.325,134.598,25.749,6.466,True,90.62,OPTIMAL,0.09,0.7125,0.1075,5.6,43.7,0.7883333333333333,2.0,14.98,4.5,3.33,2.8,1.35,1.815,30.0,0.0,3.8,0.0,0.14285714285714288,345.0,0.452,153.0,0.25,150.0,2.1,2.0,0.0,1.2,0.0
TC-JAIPUR-0606,TRAIN,LOC-IN-JAIPUR,Jaipur,Hot Semi-Arid / Composite,26.9124,75.7873,430.0,4,low,residential,14.98,4.5,3.33,2.8,1.35,30.0,0.0,ASM-WALL-LADAKH-IMP-TRAD,ASM-ROOF-WARM-SLAB,ASM-FLOOR-LADAKH-TRAD,0.452,3.476,0.85,3.8,18.013,7.035,25.914,4.392,18.878,185.013,37.158,1.899,True,71.22,ACCEPTABLE,0.09,0.7125,0.1075,5.6,43.7,0.7883333333333333,4.0,14.98,4.5,3.33,2.8,1.35,1.815,30.0,0.0,3.8,0.0,0.14285714285714288,345.0,0.452,162.5,3.476,250.0,0.85,0.5,0.0,1.2,0.0
TC-JAIPUR-0607,TRAIN,LOC-IN-JAIPUR,Jaipur,Hot Semi-Arid / Composite,26.9124,75.7873,430.0,8,medium,emergency,14.98,4.5,3.33,2.8,1.35,30.0,0.0,ASM-WALL-LADAKH-INS-MOD,ASM-ROOF-LADAKH-TRAD,ASM-FLOOR-LADAKH-INS-SLAB,0.314,0.247,0.444,3.8,19.24,7.074,27.784,5.619,20.71,190.324,22.718,4.397,True,95.01,OPTIMAL,0.09,0.7125,0.1075,5.6,43.7,0.7883333333333333,8.0,14.98,4.5,3.33,2.8,1.35,1.815,30.0,0.0,3.8,0.0,0.14285714285714288,392.5,0.314,300.0,0.247,180.0,0.444,1.0,0.0,1.2,0.0
TC-JAIPUR-0608,TRAIN,LOC-IN-JAIPUR,Jaipur,Hot Semi-Arid / Composite,26.9124,75.7873,430.0,1,high,work,14.98,4.5,3.33,2.8,1.35,30.0,0.0,ASM-WALL-LADAKH-INS-MOD,ASM-ROOF-LADAKH-INS-MOD,ASM-FLOOR-WARM-TILED,0.314,0.25,2.1,3.8,15.64,7.009,21.817,2.019,14.809,127.306,25.713,6.021,True,91.65,OPTIMAL,0.09,0.7125,0.1075,5.6,43.7,0.7883333333333333,1.0,14.98,4.5,3.33,2.8,1.35,1.815,30.0,0.0,3.8,0.0,0.14285714285714288,392.5,0.314,153.0,0.25,150.0,2.1,2.0,0.0,1.2,0.0
TC-JAIPUR-0609,TRAIN,LOC-IN-JAIPUR,Jaipur,Hot Semi-Arid / Composite,26.9124,75.7873,430.0,2,low,residential,14.98,4.5,3.33,2.8,1.35,30.0,0.0,ASM-WALL-LADAKH-INS-MOD,ASM-ROOF-WARM-SLAB,ASM-FLOOR-LADAKH-TRAD,0.314,3.476,0.85,3.8,17.017,7.016,24.171,3.396,17.155,177.72,35.655,1.721,True,71.22,ACCEPTABLE,0.09,0.7125,0.1075,5.6,43.7,0.7883333333333333,2.0,14.98,4.5,3.33,2.8,1.35,1.815,30.0,0.0,3.8,0.0,0.14285714285714288,392.5,0.314,162.5,3.476,250.0,0.85,0.5,0.0,1.2,0.0
TC-JAIPUR-0610,TRAIN,LOC-IN-JAIPUR,Jaipur,Hot Semi-Arid / Composite,26.9124,75.7873,430.0,4,medium,emergency,14.98,4.5,3.33,2.8,1.35,30.0,0.0,ASM-WALL-LADAKH-LIGHT-INS,ASM-ROOF-LADAKH-TRAD,ASM-FLOOR-LADAKH-INS-SLAB,0.284,0.247,0.444,3.8,23.293,7.173,43.395,9.672,36.222,161.153,15.444,6.647,True,62.41,ACCEPTABLE,0.09,0.7125,0.1075,5.6,43.7,0.7883333333333333,4.0,14.98,4.5,3.33,2.8,1.35,1.815,30.0,0.0,3.8,0.0,0.14285714285714288,152.0,0.284,300.0,0.247,180.0,0.444,1.0,0.0,1.2,0.0
TC-JAIPUR-0611,TRAIN,LOC-IN-JAIPUR,Jaipur,Hot Semi-Arid / Composite,26.9124,75.7873,430.0,8,high,work,14.98,4.5,3.33,2.8,1.35,30.0,0.0,ASM-WALL-LADAKH-LIGHT-INS,ASM-ROOF-LADAKH-INS-MOD,ASM-FLOOR-WARM-TILED,0.284,0.25,2.1,3.8,19.397,7.271,31.774,5.776,24.503,98.135,23.481,8.243,True,76.1,ACCEPTABLE,0.09,0.7125,0.1075,5.6,43.7,0.7883333333333333,8.0,14.98,4.5,3.33,2.8,1.35,1.815,30.0,0.0,3.8,0.0,0.14285714285714288,152.0,0.284,153.0,0.25,150.0,2.1,2.0,0.0,1.2,0.0
TC-JAIPUR-0612,TRAIN,LOC-IN-JAIPUR,Jaipur,Hot Semi-Arid / Composite,26.9124,75.7873,430.0,1,low,residential,14.98,4.5,3.33,2.8,1.35,30.0,0.0,ASM-WALL-LADAKH-LIGHT-INS,ASM-ROOF-WARM-SLAB,ASM-FLOOR-LADAKH-TRAD,0.284,3.476,0.85,3.8,20.092,7.025,32.917,6.471,25.893,148.549,35.474,2.36,True,53.46,SUB_OPTIMAL,0.09,0.7125,0.1075,5.6,43.7,0.7883333333333333,1.0,14.98,4.5,3.33,2.8,1.35,1.815,30.0,0.0,3.8,0.0,0.14285714285714288,152.0,0.284,162.5,3.476,250.0,0.85,0.5,0.0,1.2,0.0
TC-JAIPUR-0613,TRAIN,LOC-IN-JAIPUR,Jaipur,Hot Semi-Arid / Composite,26.9124,75.7873,430.0,2,medium,emergency,14.98,4.5,3.33,2.8,1.35,30.0,0.0,ASM-WALL-SHIMLA-COLD,ASM-ROOF-LADAKH-TRAD,ASM-FLOOR-LADAKH-INS-SLAB,0.347,0.247,0.444,3.8,16.422,7.014,23.059,2.801,16.045,175.738,28.559,3.269,True,94.76,OPTIMAL,0.09,0.7125,0.1075,5.6,43.7,0.7883333333333333,2.0,14.98,4.5,3.33,2.8,1.35,1.815,30.0,0.0,3.8,0.0,0.14285714285714288,410.0,0.347,300.0,0.247,180.0,0.444,1.0,0.0,1.2,0.0
TC-JAIPUR-0614,TRAIN,LOC-IN-JAIPUR,Jaipur,Hot Semi-Arid / Composite,26.9124,75.7873,430.0,4,high,work,14.98,4.5,3.33,2.8,1.35,30.0,0.0,ASM-WALL-SHIMLA-COLD,ASM-ROOF-LADAKH-INS-MOD,ASM-FLOOR-WARM-TILED,0.347,0.25,2.1,3.8,14.469,7.027,19.638,0.848,12.611,112.72,33.534,5.538,True,91.41,OPTIMAL,0.09,0.7125,0.1075,5.6,43.7,0.7883333333333333,4.0,14.98,4.5,3.33,2.8,1.35,1.815,30.0,0.0,3.8,0.0,0.14285714285714288,410.0,0.347,153.0,0.25,150.0,2.1,2.0,0.0,1.2,0.0
TC-JAIPUR-0615,TRAIN,LOC-IN-JAIPUR,Jaipur,Hot Semi-Arid / Composite,26.9124,75.7873,430.0,8,low,residential,14.98,4.5,3.33,2.8,1.35,30.0,0.0,ASM-WALL-SHIMLA-COLD,ASM-ROOF-WARM-SLAB,ASM-FLOOR-LADAKH-TRAD,0.347,3.476,0.85,3.8,15.947,7.051,22.056,2.326,15.005,163.135,43.753,1.57,True,71.06,ACCEPTABLE,0.09,0.7125,0.1075,5.6,43.7,0.7883333333333333,8.0,14.98,4.5,3.33,2.8,1.35,1.815,30.0,0.0,3.8,0.0,0.14285714285714288,410.0,0.347,162.5,3.476,250.0,0.85,0.5,0.0,1.2,0.0
TC-JAIPUR-0616,TRAIN,LOC-IN-JAIPUR,Jaipur,Hot Semi-Arid / Composite,26.9124,75.7873,430.0,1,medium,emergency,14.98,4.5,3.33,2.8,1.35,30.0,90.0,ASM-WALL-LADAKH-TRAD,ASM-ROOF-LADAKH-TRAD,ASM-FLOOR-LADAKH-INS-SLAB,1.591,0.247,0.444,3.8,19.875,7.008,29.124,6.254,22.116,252.312,17.947,4.816,True,83.18,OPTIMAL,0.09,0.7125,0.1075,5.6,43.7,0.7883333333333333,1.0,14.98,4.5,3.33,2.8,1.35,1.815,30.0,90.0,3.8,0.0,0.19305019305019305,465.0,1.591,300.0,0.247,180.0,0.444,1.0,0.0,1.2,0.0
TC-JAIPUR-0617,TRAIN,LOC-IN-JAIPUR,Jaipur,Hot Semi-Arid / Composite,26.9124,75.7873,430.0,2,high,work,14.98,4.5,3.33,2.8,1.35,30.0,90.0,ASM-WALL-LADAKH-TRAD,ASM-ROOF-LADAKH-INS-MOD,ASM-FLOOR-WARM-TILED,1.591,0.25,2.1,3.8,17.224,7.015,24.473,3.603,17.458,189.294,25.107,7.073,True,82.08,OPTIMAL,0.09,0.7125,0.1075,5.6,43.7,0.7883333333333333,2.0,14.98,4.5,3.33,2.8,1.35,1.815,30.0,90.0,3.8,0.0,0.19305019305019305,465.0,1.591,153.0,0.25,150.0,2.1,2.0,0.0,1.2,0.0
TC-JAIPUR-0618,TRAIN,LOC-IN-JAIPUR,Jaipur,Hot Semi-Arid / Composite,26.9124,75.7873,430.0,4,low,residential,14.98,4.5,3.33,2.8,1.35,30.0,90.0,ASM-WALL-LADAKH-TRAD,ASM-ROOF-WARM-SLAB,ASM-FLOOR-LADAKH-TRAD,1.591,3.476,0.85,3.8,18.561,7.028,26.715,4.94,19.686,239.709,36.584,2.051,True,71.22,ACCEPTABLE,0.09,0.7125,0.1075,5.6,43.7,0.7883333333333333,4.0,14.98,4.5,3.33,2.8,1.35,1.815,30.0,90.0,3.8,0.0,0.19305019305019305,465.0,1.591,162.5,3.476,250.0,0.85,0.5,0.0,1.2,0.0
TC-JAIPUR-0619,TRAIN,LOC-IN-JAIPUR,Jaipur,Hot Semi-Arid / Composite,26.9124,75.7873,430.0,8,medium,emergency,14.98,4.5,3.33,2.8,1.35,30.0,90.0,ASM-WALL-LADAKH-IMP-TRAD,ASM-ROOF-LADAKH-TRAD,ASM-FLOOR-LADAKH-INS-SLAB,0.452,0.247,0.444,3.8,22.487,7.084,33.698,8.866,26.614,252.312,28.962,6.308,True,82.58,OPTIMAL,0.09,0.7125,0.1075,5.6,43.7,0.7883333333333333,8.0,14.98,4.5,3.33,2.8,1.35,1.815,30.0,90.0,3.8,0.0,0.19305019305019305,345.0,0.452,300.0,0.247,180.0,0.444,1.0,0.0,1.2,0.0
TC-JAIPUR-0620,TRAIN,LOC-IN-JAIPUR,Jaipur,Hot Semi-Arid / Composite,26.9124,75.7873,430.0,1,high,work,14.98,4.5,3.33,2.8,1.35,30.0,90.0,ASM-WALL-LADAKH-IMP-TRAD,ASM-ROOF-LADAKH-INS-MOD,ASM-FLOOR-WARM-TILED,0.452,0.25,2.1,3.8,18.358,7.01,26.805,4.737,19.795,189.294,31.417,7.889,True,90.62,OPTIMAL,0.09,0.7125,0.1075,5.6,43.7,0.7883333333333333,1.0,14.98,4.5,3.33,2.8,1.35,1.815,30.0,90.0,3.8,0.0,0.19305019305019305,345.0,0.452,153.0,0.25,150.0,2.1,2.0,0.0,1.2,0.0
TC-JAIPUR-0621,TRAIN,LOC-IN-JAIPUR,Jaipur,Hot Semi-Arid / Composite,26.9124,75.7873,430.0,2,low,residential,14.98,4.5,3.33,2.8,1.35,30.0,90.0,ASM-WALL-LADAKH-IMP-TRAD,ASM-ROOF-WARM-SLAB,ASM-FLOOR-LADAKH-TRAD,0.452,3.476,0.85,3.8,19.671,7.018,29.01,6.051,21.992,239.709,45.174,2.308,True,69.2,ACCEPTABLE,0.09,0.7125,0.1075,5.6,43.7,0.7883333333333333,2.0,14.98,4.5,3.33,2.8,1.35,1.815,30.0,90.0,3.8,0.0,0.19305019305019305,345.0,0.452,162.5,3.476,250.0,0.85,0.5,0.0,1.2,0.0
TC-JAIPUR-0622,TRAIN,LOC-IN-JAIPUR,Jaipur,Hot Semi-Arid / Composite,26.9124,75.7873,430.0,4,medium,emergency,14.98,4.5,3.33,2.8,1.35,30.0,90.0,ASM-WALL-LADAKH-INS-MOD,ASM-ROOF-LADAKH-TRAD,ASM-FLOOR-LADAKH-INS-SLAB,0.314,0.247,0.444,3.8,20.686,7.037,30.593,7.065,23.556,241.373,27.086,5.242,True,89.82,OPTIMAL,0.09,0.7125,0.1075,5.6,43.7,0.7883333333333333,4.0,14.98,4.5,3.33,2.8,1.35,1.815,30.0,90.0,3.8,0.0,0.19305019305019305,392.5,0.314,300.0,0.247,180.0,0.444,1.0,0.0,1.2,0.0
TC-JAIPUR-0623,TRAIN,LOC-IN-JAIPUR,Jaipur,Hot Semi-Arid / Composite,26.9124,75.7873,430.0,8,high,work,14.98,4.5,3.33,2.8,1.35,30.0,90.0,ASM-WALL-LADAKH-INS-MOD,ASM-ROOF-LADAKH-INS-MOD,ASM-FLOOR-WARM-TILED,0.314,0.25,2.1,3.8,18.167,7.07,25.979,4.546,18.909,178.355,32.915,7.708,True,91.65,OPTIMAL,0.09,0.7125,0.1075,5.6,43.7,0.7883333333333333,8.0,14.98,4.5,3.33,2.8,1.35,1.815,30.0,90.0,3.8,0.0,0.19305019305019305,392.5,0.314,153.0,0.25,150.0,2.1,2.0,0.0,1.2,0.0
TC-JAIPUR-0624,TRAIN,LOC-IN-JAIPUR,Jaipur,Hot Semi-Arid / Composite,26.9124,75.7873,430.0,1,low,residential,14.98,4.5,3.33,2.8,1.35,30.0,90.0,ASM-WALL-LADAKH-INS-MOD,ASM-ROOF-WARM-SLAB,ASM-FLOOR-LADAKH-TRAD,0.314,3.476,0.85,3.8,18.579,7.008,27.011,4.958,20.003,228.769,42.249,2.039,True,71.22,ACCEPTABLE,0.09,0.7125,0.1075,5.6,43.7,0.7883333333333333,1.0,14.98,4.5,3.33,2.8,1.35,1.815,30.0,90.0,3.8,0.0,0.19305019305019305,392.5,0.314,162.5,3.476,250.0,0.85,0.5,0.0,1.2,0.0
TC-JAIPUR-0625,TRAIN,LOC-IN-JAIPUR,Jaipur,Hot Semi-Arid / Composite,26.9124,75.7873,430.0,2,medium,emergency,14.98,4.5,3.33,2.8,1.35,30.0,90.0,ASM-WALL-LADAKH-LIGHT-INS,ASM-ROOF-LADAKH-TRAD,ASM-FLOOR-LADAKH-INS-SLAB,0.284,0.247,0.444,3.8,24.844,7.087,48.151,11.223,41.064,197.617,17.935,7.719,True,53.2,SUB_OPTIMAL,0.09,0.7125,0.1075,5.6,43.7,0.7883333333333333,2.0,14.98,4.5,3.33,2.8,1.35,1.815,30.0,90.0,3.8,0.0,0.19305019305019305,152.0,0.284,300.0,0.247,180.0,0.444,1.0,0.0,1.2,0.0
TC-JAIPUR-0626,TRAIN,LOC-IN-JAIPUR,Jaipur,Hot Semi-Arid / Composite,26.9124,75.7873,430.0,4,high,work,14.98,4.5,3.33,2.8,1.35,30.0,90.0,ASM-WALL-LADAKH-LIGHT-INS,ASM-ROOF-LADAKH-INS-MOD,ASM-FLOOR-WARM-TILED,0.284,0.25,2.1,3.8,20.492,7.135,35.533,6.872,28.397,134.598,27.739,9.738,True,68.59,ACCEPTABLE,0.09,0.7125,0.1075,5.6,43.7,0.7883333333333333,4.0,14.98,4.5,3.33,2.8,1.35,1.815,30.0,90.0,3.8,0.0,0.19305019305019305,152.0,0.284,153.0,0.25,150.0,2.1,2.0,0.0,1.2,0.0
TC-JAIPUR-0627,TRAIN,LOC-IN-JAIPUR,Jaipur,Hot Semi-Arid / Composite,26.9124,75.7873,430.0,8,low,residential,14.98,4.5,3.33,2.8,1.35,30.0,90.0,ASM-WALL-LADAKH-LIGHT-INS,ASM-ROOF-WARM-SLAB,ASM-FLOOR-LADAKH-TRAD,0.284,3.476,0.85,3.8,22.868,7.196,37.825,9.247,30.629,185.013,47.812,3.18,True,43.65,SUB_OPTIMAL,0.09,0.7125,0.1075,5.6,43.7,0.7883333333333333,8.0,14.98,4.5,3.33,2.8,1.35,1.815,30.0,90.0,3.8,0.0,0.19305019305019305,152.0,0.284,162.5,3.476,250.0,0.85,0.5,0.0,1.2,0.0
TC-JAIPUR-0628,TRAIN,LOC-IN-JAIPUR,Jaipur,Hot Semi-Arid / Composite,26.9124,75.7873,430.0,1,medium,emergency,14.98,4.5,3.33,2.8,1.35,30.0,90.0,ASM-WALL-SHIMLA-COLD,ASM-ROOF-LADAKH-TRAD,ASM-FLOOR-LADAKH-INS-SLAB,0.347,0.247,0.444,3.8,17.704,7.007,25.341,4.083,18.334,219.495,32.582,3.729,True,94.76,OPTIMAL,0.09,0.7125,0.1075,5.6,43.7,0.7883333333333333,1.0,14.98,4.5,3.33,2.8,1.35,1.815,30.0,90.0,3.8,0.0,0.19305019305019305,410.0,0.347,300.0,0.247,180.0,0.444,1.0,0.0,1.2,0.0
TC-JAIPUR-0629,TRAIN,LOC-IN-JAIPUR,Jaipur,Hot Semi-Arid / Composite,26.9124,75.7873,430.0,2,high,work,14.98,4.5,3.33,2.8,1.35,30.0,90.0,ASM-WALL-SHIMLA-COLD,ASM-ROOF-LADAKH-INS-MOD,ASM-FLOOR-WARM-TILED,0.347,0.25,2.1,3.8,15.555,7.014,21.588,1.934,14.575,156.477,36.577,6.041,True,91.41,OPTIMAL,0.09,0.7125,0.1075,5.6,43.7,0.7883333333333333,2.0,14.98,4.5,3.33,2.8,1.35,1.815,30.0,90.0,3.8,0.0,0.19305019305019305,410.0,0.347,153.0,0.25,150.0,2.1,2.0,0.0,1.2,0.0
TC-JAIPUR-0630,TRAIN,LOC-IN-JAIPUR,Jaipur,Hot Semi-Arid / Composite,26.9124,75.7873,430.0,4,low,residential,14.98,4.5,3.33,2.8,1.35,30.0,90.0,ASM-WALL-SHIMLA-COLD,ASM-ROOF-WARM-SLAB,ASM-FLOOR-LADAKH-TRAD,0.347,3.476,0.85,3.8,16.807,7.025,23.672,3.186,16.647,206.891,47.262,1.696,True,71.06,ACCEPTABLE,0.09,0.7125,0.1075,5.6,43.7,0.7883333333333333,4.0,14.98,4.5,3.33,2.8,1.35,1.815,30.0,90.0,3.8,0.0,0.19305019305019305,410.0,0.347,162.5,3.476,250.0,0.85,0.5,0.0,1.2,0.0
TC-JAIPUR-0631,TRAIN,LOC-IN-JAIPUR,Jaipur,Hot Semi-Arid / Composite,26.9124,75.7873,430.0,8,medium,emergency,14.98,4.5,3.33,2.8,1.35,30.0,180.0,ASM-WALL-LADAKH-TRAD,ASM-ROOF-LADAKH-TRAD,ASM-FLOOR-LADAKH-INS-SLAB,1.591,0.247,0.444,3.8,22.647,7.064,33.679,9.026,26.615,307.008,24.092,6.466,True,74.08,ACCEPTABLE,0.09,0.7125,0.1075,5.6,43.7,0.7883333333333333,8.0,14.98,4.5,3.33,2.8,1.35,1.815,30.0,180.0,3.8,0.0,0.14285714285714288,465.0,1.591,300.0,0.247,180.0,0.444,1.0,0.0,1.2,0.0
TC-JAIPUR-0632,TRAIN,LOC-IN-JAIPUR,Jaipur,Hot Semi-Arid / Composite,26.9124,75.7873,430.0,1,high,work,14.98,4.5,3.33,2.8,1.35,30.0,180.0,ASM-WALL-LADAKH-TRAD,ASM-ROOF-LADAKH-INS-MOD,ASM-FLOOR-WARM-TILED,1.591,0.25,2.1,3.8,18.917,7.008,27.519,5.296,20.511,243.99,30.313,8.539,True,82.08,OPTIMAL,0.09,0.7125,0.1075,5.6,43.7,0.7883333333333333,1.0,14.98,4.5,3.33,2.8,1.35,1.815,30.0,180.0,3.8,0.0,0.14285714285714288,465.0,1.591,153.0,0.25,150.0,2.1,2.0,0.0,1.2,0.0
TC-JAIPUR-0633,TRAIN,LOC-IN-JAIPUR,Jaipur,Hot Semi-Arid / Composite,26.9124,75.7873,430.0,2,low,residential,14.98,4.5,3.33,2.8,1.35,30.0,180.0,ASM-WALL-LADAKH-TRAD,ASM-ROOF-WARM-SLAB,ASM-FLOOR-LADAKH-TRAD,1.591,3.476,0.85,3.8,20.069,7.014,29.459,6.448,22.445,294.404,43.853,2.458,True,68.3,ACCEPTABLE,0.09,0.7125,0.1075,5.6,43.7,0.7883333333333333,2.0,14.98,4.5,3.33,2.8,1.35,1.815,30.0,180.0,3.8,0.0,0.14285714285714288,465.0,1.591,162.5,3.476,250.0,0.85,0.5,0.0,1.2,0.0
TC-JAIPUR-0634,TRAIN,LOC-IN-JAIPUR,Jaipur,Hot Semi-Arid / Composite,26.9124,75.7873,430.0,4,medium,emergency,14.98,4.5,3.33,2.8,1.35,30.0,180.0,ASM-WALL-LADAKH-IMP-TRAD,ASM-ROOF-LADAKH-TRAD,ASM-FLOOR-LADAKH-INS-SLAB,0.452,0.247,0.444,3.8,24.142,7.042,36.95,10.521,29.908,307.008,33.827,7.367,True,76.07,ACCEPTABLE,0.09,0.7125,0.1075,5.6,43.7,0.7883333333333333,4.0,14.98,4.5,3.33,2.8,1.35,1.815,30.0,180.0,3.8,0.0,0.14285714285714288,345.0,0.452,300.0,0.247,180.0,0.444,1.0,0.0,1.2,0.0
TC-JAIPUR-0635,TRAIN,LOC-IN-JAIPUR,Jaipur,Hot Semi-Arid / Composite,26.9124,75.7873,430.0,8,high,work,14.98,4.5,3.33,2.8,1.35,30.0,180.0,ASM-WALL-LADAKH-IMP-TRAD,ASM-ROOF-LADAKH-INS-MOD,ASM-FLOOR-WARM-TILED,0.452,0.25,2.1,3.8,21.133,7.078,31.435,7.512,24.356,243.99,43.409,10.9,True,83.75,OPTIMAL,0.09,0.7125,0.1075,5.6,43.7,0.7883333333333333,8.0,14.98,4.5,3.33,2.8,1.35,1.815,30.0,180.0,3.8,0.0,0.14285714285714288,345.0,0.452,153.0,0.25,150.0,2.1,2.0,0.0,1.2,0.0
TC-JAIPUR-0636,TRAIN,LOC-IN-JAIPUR,Jaipur,Hot Semi-Arid / Composite,26.9124,75.7873,430.0,1,low,residential,14.98,4.5,3.33,2.8,1.35,30.0,180.0,ASM-WALL-LADAKH-IMP-TRAD,ASM-ROOF-WARM-SLAB,ASM-FLOOR-LADAKH-TRAD,0.452,3.476,0.85,3.8,21.426,7.009,32.23,7.805,25.221,294.404,55.507,2.836,True,62.76,ACCEPTABLE,0.09,0.7125,0.1075,5.6,43.7,0.7883333333333333,1.0,14.98,4.5,3.33,2.8,1.35,1.815,30.0,180.0,3.8,0.0,0.14285714285714288,345.0,0.452,162.5,3.476,250.0,0.85,0.5,0.0,1.2,0.0
TC-JAIPUR-0637,TRAIN,LOC-IN-JAIPUR,Jaipur,Hot Semi-Arid / Composite,26.9124,75.7873,430.0,2,medium,emergency,14.98,4.5,3.33,2.8,1.35,30.0,180.0,ASM-WALL-LADAKH-INS-MOD,ASM-ROOF-LADAKH-TRAD,ASM-FLOOR-LADAKH-INS-SLAB,0.314,0.247,0.444,3.8,22.361,7.019,33.704,8.74,26.685,292.422,32.404,6.272,True,83.6,OPTIMAL,0.09,0.7125,0.1075,5.6,43.7,0.7883333333333333,2.0,14.98,4.5,3.33,2.8,1.35,1.815,30.0,180.0,3.8,0.0,0.14285714285714288,392.5,0.314,300.0,0.247,180.0,0.444,1.0,0.0,1.2,0.0
TC-JAIPUR-0638,TRAIN,LOC-IN-JAIPUR,Jaipur,Hot Semi-Arid / Composite,26.9124,75.7873,430.0,4,high,work,14.98,4.5,3.33,2.8,1.35,30.0,180.0,ASM-WALL-LADAKH-INS-MOD,ASM-ROOF-LADAKH-INS-MOD,ASM-FLOOR-WARM-TILED,0.314,0.25,2.1,3.8,19.469,7.035,28.538,5.848,21.503,229.404,38.456,9.006,True,90.58,OPTIMAL,0.09,0.7125,0.1075,5.6,43.7,0.7883333333333333,4.0,14.98,4.5,3.33,2.8,1.35,1.815,30.0,180.0,3.8,0.0,0.14285714285714288,392.5,0.314,153.0,0.25,150.0,2.1,2.0,0.0,1.2,0.0
TC-JAIPUR-0639,TRAIN,LOC-IN-JAIPUR,Jaipur,Hot Semi-Arid / Composite,26.9124,75.7873,430.0,8,low,residential,14.98,4.5,3.33,2.8,1.35,30.0,180.0,ASM-WALL-LADAKH-INS-MOD,ASM-ROOF-WARM-SLAB,ASM-FLOOR-LADAKH-TRAD,0.314,3.476,0.85,3.8,20.959,7.064,30.932,7.339,23.869,279.819,55.9,2.698,True,65.35,ACCEPTABLE,0.09,0.7125,0.1075,5.6,43.7,0.7883333333333333,8.0,14.98,4.5,3.33,2.8,1.35,1.815,30.0,180.0,3.8,0.0,0.14285714285714288,392.5,0.314,162.5,3.476,250.0,0.85,0.5,0.0,1.2,0.0
TC-JAIPUR-0640,TRAIN,LOC-IN-JAIPUR,Jaipur,Hot Semi-Arid / Composite,26.9124,75.7873,430.0,1,medium,emergency,14.98,4.5,3.33,2.8,1.35,30.0,180.0,ASM-WALL-LADAKH-LIGHT-INS,ASM-ROOF-LADAKH-TRAD,ASM-FLOOR-LADAKH-INS-SLAB,0.284,0.247,0.444,3.8,26.536,7.043,52.994,12.915,45.95,234.08,20.647,8.886,True,53.2,SUB_OPTIMAL,0.09,0.7125,0.1075,5.6,43.7,0.7883333333333333,1.0,14.98,4.5,3.33,2.8,1.35,1.815,30.0,180.0,3.8,0.0,0.14285714285714288,152.0,0.284,300.0,0.247,180.0,0.444,1.0,0.0,1.2,0.0
TC-JAIPUR-0641,TRAIN,LOC-IN-JAIPUR,Jaipur,Hot Semi-Arid / Composite,26.9124,75.7873,430.0,2,high,work,14.98,4.5,3.33,2.8,1.35,30.0,180.0,ASM-WALL-LADAKH-LIGHT-INS,ASM-ROOF-LADAKH-INS-MOD,ASM-FLOOR-WARM-TILED,0.284,0.25,2.1,3.8,21.893,7.068,39.601,8.272,32.533,171.062,33.049,11.602,True,60.45,ACCEPTABLE,0.09,0.7125,0.1075,5.6,43.7,0.7883333333333333,2.0,14.98,4.5,3.33,2.8,1.35,1.815,30.0,180.0,3.8,0.0,0.14285714285714288,152.0,0.284,153.0,0.25,150.0,2.1,2.0,0.0,1.2,0.0
TC-JAIPUR-0642,TRAIN,LOC-IN-JAIPUR,Jaipur,Hot Semi-Arid / Composite,26.9124,75.7873,430.0,4,low,residential,14.98,4.5,3.33,2.8,1.35,30.0,180.0,ASM-WALL-LADAKH-LIGHT-INS,ASM-ROOF-WARM-SLAB,ASM-FLOOR-LADAKH-TRAD,0.284,3.476,0.85,3.8,23.905,7.098,40.905,10.284,33.807,221.477,53.286,3.544,True,37.49,SUB_OPTIMAL,0.09,0.7125,0.1075,5.6,43.7,0.7883333333333333,4.0,14.98,4.5,3.33,2.8,1.35,1.815,30.0,180.0,3.8,0.0,0.14285714285714288,152.0,0.284,162.5,3.476,250.0,0.85,0.5,0.0,1.2,0.0
TC-JAIPUR-0643,TRAIN,LOC-IN-JAIPUR,Jaipur,Hot Semi-Arid / Composite,26.9124,75.7873,430.0,8,medium,emergency,14.98,4.5,3.33,2.8,1.35,30.0,180.0,ASM-WALL-SHIMLA-COLD,ASM-ROOF-LADAKH-TRAD,ASM-FLOOR-LADAKH-INS-SLAB,0.347,0.247,0.444,3.8,19.779,7.057,28.714,6.158,21.657,263.251,41.386,4.737,True,93.33,OPTIMAL,0.09,0.7125,0.1075,5.6,43.7,0.7883333333333333,8.0,14.98,4.5,3.33,2.8,1.35,1.815,30.0,180.0,3.8,0.0,0.14285714285714288,410.0,0.347,300.0,0.247,180.0,0.444,1.0,0.0,1.2,0.0
TC-JAIPUR-0644,TRAIN,LOC-IN-JAIPUR,Jaipur,Hot Semi-Arid / Composite,26.9124,75.7873,430.0,1,high,work,14.98,4.5,3.33,2.8,1.35,30.0,180.0,ASM-WALL-SHIMLA-COLD,ASM-ROOF-LADAKH-INS-MOD,ASM-FLOOR-WARM-TILED,0.347,0.25,2.1,3.8,16.728,7.007,23.67,3.107,16.663,200.233,40.659,6.715,True,91.41,OPTIMAL,0.09,0.7125,0.1075,5.6,43.7,0.7883333333333333,1.0,14.98,4.5,3.33,2.8,1.35,1.815,30.0,180.0,3.8,0.0,0.14285714285714288,410.0,0.347,153.0,0.25,150.0,2.1,2.0,0.0,1.2,0.0
TC-JAIPUR-0645,TRAIN,LOC-IN-JAIPUR,Jaipur,Hot Semi-Arid / Composite,26.9124,75.7873,430.0,2,low,residential,14.98,4.5,3.33,2.8,1.35,30.0,180.0,ASM-WALL-SHIMLA-COLD,ASM-ROOF-WARM-SLAB,ASM-FLOOR-LADAKH-TRAD,0.347,3.476,0.85,3.8,17.84,7.013,25.565,4.219,18.552,250.648,52.588,1.888,True,71.06,ACCEPTABLE,0.09,0.7125,0.1075,5.6,43.7,0.7883333333333333,2.0,14.98,4.5,3.33,2.8,1.35,1.815,30.0,180.0,3.8,0.0,0.14285714285714288,410.0,0.347,162.5,3.476,250.0,0.85,0.5,0.0,1.2,0.0
TC-JAIPUR-0646,TRAIN,LOC-IN-JAIPUR,Jaipur,Hot Semi-Arid / Composite,26.9124,75.7873,430.0,4,medium,emergency,14.98,4.5,3.33,2.8,1.35,30.0,270.0,ASM-WALL-LADAKH-TRAD,ASM-ROOF-LADAKH-TRAD,ASM-FLOOR-LADAKH-INS-SLAB,1.591,0.247,0.444,3.8,20.222,7.032,29.593,6.601,22.561,252.312,18.682,5.014,True,82.25,OPTIMAL,0.09,0.7125,0.1075,5.6,43.7,0.7883333333333333,4.0,14.98,4.5,3.33,2.8,1.35,1.815,30.0,270.0,3.8,0.0,0.19305019305019305,465.0,1.591,300.0,0.247,180.0,0.444,1.0,0.0,1.2,0.0
TC-JAIPUR-0647,TRAIN,LOC-IN-JAIPUR,Jaipur,Hot Semi-Arid / Composite,26.9124,75.7873,430.0,8,high,work,14.98,4.5,3.33,2.8,1.35,30.0,270.0,ASM-WALL-LADAKH-TRAD,ASM-ROOF-LADAKH-INS-MOD,ASM-FLOOR-WARM-TILED,1.591,0.25,2.1,3.8,17.856,7.061,25.322,4.235,18.261,189.294,26.762,7.539,True,82.08,OPTIMAL,0.09,0.7125,0.1075,5.6,43.7,0.7883333333333333,8.0,14.98,4.5,3.33,2.8,1.35,1.815,30.0,270.0,3.8,0.0,0.19305019305019305,465.0,1.591,153.0,0.25,150.0,2.1,2.0,0.0,1.2,0.0
TC-JAIPUR-0648,TRAIN,LOC-IN-JAIPUR,Jaipur,Hot Semi-Arid / Composite,26.9124,75.7873,430.0,1,low,residential,14.98,4.5,3.33,2.8,1.35,30.0,270.0,ASM-WALL-LADAKH-TRAD,ASM-ROOF-WARM-SLAB,ASM-FLOOR-LADAKH-TRAD,1.591,3.476,0.85,3.8,18.261,7.007,26.309,4.64,19.302,239.709,35.403,1.985,True,71.22,ACCEPTABLE,0.09,0.7125,0.1075,5.6,43.7,0.7883333333333333,1.0,14.98,4.5,3.33,2.8,1.35,1.815,30.0,270.0,3.8,0.0,0.19305019305019305,465.0,1.591,162.5,3.476,250.0,0.85,0.5,0.0,1.2,0.0
TC-JAIPUR-0649,TRAIN,LOC-IN-JAIPUR,Jaipur,Hot Semi-Arid / Composite,26.9124,75.7873,430.0,2,medium,emergency,14.98,4.5,3.33,2.8,1.35,30.0,270.0,ASM-WALL-LADAKH-IMP-TRAD,ASM-ROOF-LADAKH-TRAD,ASM-FLOOR-LADAKH-INS-SLAB,0.452,0.247,0.444,3.8,21.716,7.021,32.688,8.095,25.668,252.312,26.861,5.85,True,84.6,OPTIMAL,0.09,0.7125,0.1075,5.6,43.7,0.7883333333333333,2.0,14.98,4.5,3.33,2.8,1.35,1.815,30.0,270.0,3.8,0.0,0.19305019305019305,345.0,0.452,300.0,0.247,180.0,0.444,1.0,0.0,1.2,0.0
TC-JAIPUR-0650,TRAIN,LOC-IN-JAIPUR,Jaipur,Hot Semi-Arid / Composite,26.9124,75.7873,430.0,4,high,work,14.98,4.5,3.33,2.8,1.35,30.0,270.0,ASM-WALL-LADAKH-IMP-TRAD,ASM-ROOF-LADAKH-INS-MOD,ASM-FLOOR-WARM-TILED,0.452,0.25,2.1,3.8,18.707,7.039,27.259,5.086,20.219,189.294,32.575,8.18,True,90.62,OPTIMAL,0.09,0.7125,0.1075,5.6,43.7,0.7883333333333333,4.0,14.98,4.5,3.33,2.8,1.35,1.815,30.0,270.0,3.8,0.0,0.19305019305019305,345.0,0.452,153.0,0.25,150.0,2.1,2.0,0.0,1.2,0.0
TC-JAIPUR-0651,TRAIN,LOC-IN-JAIPUR,Jaipur,Hot Semi-Arid / Composite,26.9124,75.7873,430.0,8,low,residential,14.98,4.5,3.33,2.8,1.35,30.0,270.0,ASM-WALL-LADAKH-IMP-TRAD,ASM-ROOF-WARM-SLAB,ASM-FLOOR-LADAKH-TRAD,0.452,3.476,0.85,3.8,20.331,7.071,29.876,6.71,22.805,239.709,48.885,2.498,True,67.47,ACCEPTABLE,0.09,0.7125,0.1075,5.6,43.7,0.7883333333333333,8.0,14.98,4.5,3.33,2.8,1.35,1.815,30.0,270.0,3.8,0.0,0.19305019305019305,345.0,0.452,162.5,3.476,250.0,0.85,0.5,0.0,1.2,0.0
TC-JAIPUR-0652,TRAIN,LOC-IN-JAIPUR,Jaipur,Hot Semi-Arid / Composite,26.9124,75.7873,430.0,1,medium,emergency,14.98,4.5,3.33,2.8,1.35,30.0,270.0,ASM-WALL-LADAKH-INS-MOD,ASM-ROOF-LADAKH-TRAD,ASM-FLOOR-LADAKH-INS-SLAB,0.314,0.247,0.444,3.8,20.323,7.009,30.111,6.702,23.102,241.373,25.997,5.032,True,90.79,OPTIMAL,0.09,0.7125,0.1075,5.6,43.7,0.7883333333333333,1.0,14.98,4.5,3.33,2.8,1.35,1.815,30.0,270.0,3.8,0.0,0.19305019305019305,392.5,0.314,300.0,0.247,180.0,0.444,1.0,0.0,1.2,0.0
TC-JAIPUR-0653,TRAIN,LOC-IN-JAIPUR,Jaipur,Hot Semi-Arid / Composite,26.9124,75.7873,430.0,2,high,work,14.98,4.5,3.33,2.8,1.35,30.0,270.0,ASM-WALL-LADAKH-INS-MOD,ASM-ROOF-LADAKH-INS-MOD,ASM-FLOOR-WARM-TILED,0.314,0.25,2.1,3.8,17.507,7.018,25.111,3.887,18.094,178.355,30.784,7.209,True,91.65,OPTIMAL,0.09,0.7125,0.1075,5.6,43.7,0.7883333333333333,2.0,14.98,4.5,3.33,2.8,1.35,1.815,30.0,270.0,3.8,0.0,0.19305019305019305,392.5,0.314,153.0,0.25,150.0,2.1,2.0,0.0,1.2,0.0
TC-JAIPUR-0654,TRAIN,LOC-IN-JAIPUR,Jaipur,Hot Semi-Arid / Composite,26.9124,75.7873,430.0,4,low,residential,14.98,4.5,3.33,2.8,1.35,30.0,270.0,ASM-WALL-LADAKH-INS-MOD,ASM-ROOF-WARM-SLAB,ASM-FLOOR-LADAKH-TRAD,0.314,3.476,0.85,3.8,18.892,7.032,27.426,5.271,20.394,228.769,43.802,2.114,True,71.22,ACCEPTABLE,0.09,0.7125,0.1075,5.6,43.7,0.7883333333333333,4.0,14.98,4.5,3.33,2.8,1.35,1.815,30.0,270.0,3.8,0.0,0.19305019305019305,392.5,0.314,162.5,3.476,250.0,0.85,0.5,0.0,1.2,0.0
TC-JAIPUR-0655,TRAIN,LOC-IN-JAIPUR,Jaipur,Hot Semi-Arid / Composite,26.9124,75.7873,430.0,8,medium,emergency,14.98,4.5,3.33,2.8,1.35,30.0,270.0,ASM-WALL-LADAKH-LIGHT-INS,ASM-ROOF-LADAKH-TRAD,ASM-FLOOR-LADAKH-INS-SLAB,0.284,0.247,0.444,3.8,25.983,7.347,49.321,12.362,41.974,197.617,19.554,8.416,True,53.2,SUB_OPTIMAL,0.09,0.7125,0.1075,5.6,43.7,0.7883333333333333,8.0,14.98,4.5,3.33,2.8,1.35,1.815,30.0,270.0,3.8,0.0,0.19305019305019305,152.0,0.284,300.0,0.247,180.0,0.444,1.0,0.0,1.2,0.0
TC-JAIPUR-0656,TRAIN,LOC-IN-JAIPUR,Jaipur,Hot Semi-Arid / Composite,26.9124,75.7873,430.0,1,high,work,14.98,4.5,3.33,2.8,1.35,30.0,270.0,ASM-WALL-LADAKH-LIGHT-INS,ASM-ROOF-LADAKH-INS-MOD,ASM-FLOOR-WARM-TILED,0.284,0.25,2.1,3.8,19.993,7.034,34.992,6.372,27.958,134.598,26.375,9.259,True,69.67,ACCEPTABLE,0.09,0.7125,0.1075,5.6,43.7,0.7883333333333333,1.0,14.98,4.5,3.33,2.8,1.35,1.815,30.0,270.0,3.8,0.0,0.19305019305019305,152.0,0.284,153.0,0.25,150.0,2.1,2.0,0.0,1.2,0.0
TC-JAIPUR-0657,TRAIN,LOC-IN-JAIPUR,Jaipur,Hot Semi-Arid / Composite,26.9124,75.7873,430.0,2,low,residential,14.98,4.5,3.33,2.8,1.35,30.0,270.0,ASM-WALL-LADAKH-LIGHT-INS,ASM-ROOF-WARM-SLAB,ASM-FLOOR-LADAKH-TRAD,0.284,3.476,0.85,3.8,21.938,7.049,36.765,8.317,29.716,185.013,43.81,2.914,True,45.77,SUB_OPTIMAL,0.09,0.7125,0.1075,5.6,43.7,0.7883333333333333,2.0,14.98,4.5,3.33,2.8,1.35,1.815,30.0,270.0,3.8,0.0,0.19305019305019305,152.0,0.284,162.5,3.476,250.0,0.85,0.5,0.0,1.2,0.0
TC-JAIPUR-0658,TRAIN,LOC-IN-JAIPUR,Jaipur,Hot Semi-Arid / Composite,26.9124,75.7873,430.0,4,medium,emergency,14.98,4.5,3.33,2.8,1.35,30.0,270.0,ASM-WALL-SHIMLA-COLD,ASM-ROOF-LADAKH-TRAD,ASM-FLOOR-LADAKH-INS-SLAB,0.347,0.247,0.444,3.8,18.005,7.028,25.748,4.385,18.72,219.495,33.607,3.846,True,94.76,OPTIMAL,0.09,0.7125,0.1075,5.6,43.7,0.7883333333333333,4.0,14.98,4.5,3.33,2.8,1.35,1.815,30.0,270.0,3.8,0.0,0.19305019305019305,410.0,0.347,300.0,0.247,180.0,0.444,1.0,0.0,1.2,0.0
TC-JAIPUR-0659,TRAIN,LOC-IN-JAIPUR,Jaipur,Hot Semi-Arid / Composite,26.9124,75.7873,430.0,8,high,work,14.98,4.5,3.33,2.8,1.35,30.0,270.0,ASM-WALL-SHIMLA-COLD,ASM-ROOF-LADAKH-INS-MOD,ASM-FLOOR-WARM-TILED,0.347,0.25,2.1,3.8,16.11,7.054,22.338,2.489,15.284,156.477,38.395,6.341,True,91.41,OPTIMAL,0.09,0.7125,0.1075,5.6,43.7,0.7883333333333333,8.0,14.98,4.5,3.33,2.8,1.35,1.815,30.0,270.0,3.8,0.0,0.19305019305019305,410.0,0.347,153.0,0.25,150.0,2.1,2.0,0.0,1.2,0.0
TC-JAIPUR-0660,TRAIN,LOC-IN-JAIPUR,Jaipur,Hot Semi-Arid / Composite,26.9124,75.7873,430.0,1,low,residential,14.98,4.5,3.33,2.8,1.35,30.0,270.0,ASM-WALL-SHIMLA-COLD,ASM-ROOF-WARM-SLAB,ASM-FLOOR-LADAKH-TRAD,0.347,3.476,0.85,3.8,16.541,7.006,23.311,2.92,16.305,206.891,46.042,1.653,True,71.06,ACCEPTABLE,0.09,0.7125,0.1075,5.6,43.7,0.7883333333333333,1.0,14.98,4.5,3.33,2.8,1.35,1.815,30.0,270.0,3.8,0.0,0.19305019305019305,410.0,0.347,162.5,3.476,250.0,0.85,0.5,0.0,1.2,0.0
TC-JAIPUR-0661,TRAIN,LOC-IN-JAIPUR,Jaipur,Hot Semi-Arid / Composite,26.9124,75.7873,430.0,2,medium,emergency,24.0,6.0,4.0,2.8,1.5,30.0,0.0,ASM-WALL-LADAKH-TRAD,ASM-ROOF-LADAKH-TRAD,ASM-FLOOR-LADAKH-INS-SLAB,1.591,0.247,0.444,4.88,18.509,7.012,26.728,4.888,19.716,280.936,19.9,6.531,True,84.98,OPTIMAL,0.09,0.7125,0.1075,5.6,43.7,0.7883333333333333,2.0,24.0,6.0,4.0,2.8,1.5,1.603,30.0,0.0,4.88,0.0,0.17142857142857146,465.0,1.591,300.0,0.247,180.0,0.444,1.0,0.0,1.2,0.0
TC-JAIPUR-0662,TRAIN,LOC-IN-JAIPUR,Jaipur,Hot Semi-Arid / Composite,26.9124,75.7873,430.0,4,high,work,24.0,6.0,4.0,2.8,1.5,30.0,0.0,ASM-WALL-LADAKH-TRAD,ASM-ROOF-LADAKH-INS-MOD,ASM-FLOOR-WARM-TILED,1.591,0.25,2.1,4.88,15.562,7.023,21.561,1.941,14.538,180.006,31.083,9.683,True,81.63,OPTIMAL,0.09,0.7125,0.1075,5.6,43.7,0.7883333333333333,4.0,24.0,6.0,4.0,2.8,1.5,1.603,30.0,0.0,4.88,0.0,0.17142857142857146,465.0,1.591,153.0,0.25,150.0,2.1,2.0,0.0,1.2,0.0
TC-JAIPUR-0663,TRAIN,LOC-IN-JAIPUR,Jaipur,Hot Semi-Arid / Composite,26.9124,75.7873,430.0,8,low,residential,24.0,6.0,4.0,2.8,1.5,30.0,0.0,ASM-WALL-LADAKH-TRAD,ASM-ROOF-WARM-SLAB,ASM-FLOOR-LADAKH-TRAD,1.591,3.476,0.85,4.88,17.279,7.042,24.403,3.658,17.361,260.75,46.924,2.847,True,70.77,ACCEPTABLE,0.09,0.7125,0.1075,5.6,43.7,0.7883333333333333,8.0,24.0,6.0,4.0,2.8,1.5,1.603,30.0,0.0,4.88,0.0,0.17142857142857146,465.0,1.591,162.5,3.476,250.0,0.85,0.5,0.0,1.2,0.0
TC-JAIPUR-0664,TRAIN,LOC-IN-JAIPUR,Jaipur,Hot Semi-Arid / Composite,26.9124,75.7873,430.0,1,medium,emergency,24.0,6.0,4.0,2.8,1.5,30.0,0.0,ASM-WALL-LADAKH-IMP-TRAD,ASM-ROOF-LADAKH-TRAD,ASM-FLOOR-LADAKH-INS-SLAB,0.452,0.247,0.444,4.88,19.888,7.008,29.528,6.267,22.52,280.936,28.36,7.59,True,90.47,OPTIMAL,0.09,0.7125,0.1075,5.6,43.7,0.7883333333333333,1.0,24.0,6.0,4.0,2.8,1.5,1.603,30.0,0.0,4.88,0.0,0.17142857142857146,345.0,0.452,300.0,0.247,180.0,0.444,1.0,0.0,1.2,0.0
TC-JAIPUR-0665,TRAIN,LOC-IN-JAIPUR,Jaipur,Hot Semi-Arid / Composite,26.9124,75.7873,430.0,2,high,work,24.0,6.0,4.0,2.8,1.5,30.0,0.0,ASM-WALL-LADAKH-IMP-TRAD,ASM-ROOF-LADAKH-INS-MOD,ASM-FLOOR-WARM-TILED,0.452,0.25,2.1,4.88,16.396,7.015,23.258,2.775,16.243,180.006,36.337,10.221,True,90.17,OPTIMAL,0.09,0.7125,0.1075,5.6,43.7,0.7883333333333333,2.0,24.0,6.0,4.0,2.8,1.5,1.603,30.0,0.0,4.88,0.0,0.17142857142857146,345.0,0.452,153.0,0.25,150.0,2.1,2.0,0.0,1.2,0.0
TC-JAIPUR-0666,TRAIN,LOC-IN-JAIPUR,Jaipur,Hot Semi-Arid / Composite,26.9124,75.7873,430.0,4,low,residential,24.0,6.0,4.0,2.8,1.5,30.0,0.0,ASM-WALL-LADAKH-IMP-TRAD,ASM-ROOF-WARM-SLAB,ASM-FLOOR-LADAKH-TRAD,0.452,3.476,0.85,4.88,18.07,7.026,26.11,4.449,19.084,260.75,54.607,3.058,True,69.83,ACCEPTABLE,0.09,0.7125,0.1075,5.6,43.7,0.7883333333333333,4.0,24.0,6.0,4.0,2.8,1.5,1.603,30.0,0.0,4.88,0.0,0.17142857142857146,345.0,0.452,162.5,3.476,250.0,0.85,0.5,0.0,1.2,0.0
TC-JAIPUR-0667,TRAIN,LOC-IN-JAIPUR,Jaipur,Hot Semi-Arid / Composite,26.9124,75.7873,430.0,8,medium,emergency,24.0,6.0,4.0,2.8,1.5,30.0,0.0,ASM-WALL-LADAKH-INS-MOD,ASM-ROOF-LADAKH-TRAD,ASM-FLOOR-LADAKH-INS-SLAB,0.314,0.247,0.444,4.88,19.548,7.057,28.49,5.927,21.434,271.627,30.602,7.294,True,93.58,OPTIMAL,0.09,0.7125,0.1075,5.6,43.7,0.7883333333333333,8.0,24.0,6.0,4.0,2.8,1.5,1.603,30.0,0.0,4.88,0.0,0.17142857142857146,392.5,0.314,300.0,0.247,180.0,0.444,1.0,0.0,1.2,0.0
TC-JAIPUR-0668,TRAIN,LOC-IN-JAIPUR,Jaipur,Hot Semi-Arid / Composite,26.9124,75.7873,430.0,1,high,work,24.0,6.0,4.0,2.8,1.5,30.0,0.0,ASM-WALL-LADAKH-INS-MOD,ASM-ROOF-LADAKH-INS-MOD,ASM-FLOOR-WARM-TILED,0.314,0.25,2.1,4.88,15.635,7.007,21.847,2.014,14.84,170.697,36.309,9.594,True,91.2,OPTIMAL,0.09,0.7125,0.1075,5.6,43.7,0.7883333333333333,1.0,24.0,6.0,4.0,2.8,1.5,1.603,30.0,0.0,4.88,0.0,0.17142857142857146,392.5,0.314,153.0,0.25,150.0,2.1,2.0,0.0,1.2,0.0
TC-JAIPUR-0669,TRAIN,LOC-IN-JAIPUR,Jaipur,Hot Semi-Arid / Composite,26.9124,75.7873,430.0,2,low,residential,24.0,6.0,4.0,2.8,1.5,30.0,0.0,ASM-WALL-LADAKH-INS-MOD,ASM-ROOF-WARM-SLAB,ASM-FLOOR-LADAKH-TRAD,0.314,3.476,0.85,4.88,17.19,7.012,24.536,3.569,17.524,251.441,52.584,2.8,True,70.5,ACCEPTABLE,0.09,0.7125,0.1075,5.6,43.7,0.7883333333333333,2.0,24.0,6.0,4.0,2.8,1.5,1.603,30.0,0.0,4.88,0.0,0.17142857142857146,392.5,0.314,162.5,3.476,250.0,0.85,0.5,0.0,1.2,0.0
TC-JAIPUR-0670,TRAIN,LOC-IN-JAIPUR,Jaipur,Hot Semi-Arid / Composite,26.9124,75.7873,430.0,4,medium,emergency,24.0,6.0,4.0,2.8,1.5,30.0,0.0,ASM-WALL-LADAKH-LIGHT-INS,ASM-ROOF-LADAKH-TRAD,ASM-FLOOR-LADAKH-INS-SLAB,0.284,0.247,0.444,4.88,23.519,7.121,43.929,9.898,36.808,234.392,21.078,10.926,True,61.88,ACCEPTABLE,0.09,0.7125,0.1075,5.6,43.7,0.7883333333333333,4.0,24.0,6.0,4.0,2.8,1.5,1.603,30.0,0.0,4.88,0.0,0.17142857142857146,152.0,0.284,300.0,0.247,180.0,0.444,1.0,0.0,1.2,0.0
TC-JAIPUR-0671,TRAIN,LOC-IN-JAIPUR,Jaipur,Hot Semi-Arid / Composite,26.9124,75.7873,430.0,8,high,work,24.0,6.0,4.0,2.8,1.5,30.0,0.0,ASM-WALL-LADAKH-LIGHT-INS,ASM-ROOF-LADAKH-INS-MOD,ASM-FLOOR-WARM-TILED,0.284,0.25,2.1,4.88,18.774,7.185,30.548,5.153,23.363,133.462,32.446,12.238,True,78.0,ACCEPTABLE,0.09,0.7125,0.1075,5.6,43.7,0.7883333333333333,8.0,24.0,6.0,4.0,2.8,1.5,1.603,30.0,0.0,4.88,0.0,0.17142857142857146,152.0,0.284,153.0,0.25,150.0,2.1,2.0,0.0,1.2,0.0
TC-JAIPUR-0672,TRAIN,LOC-IN-JAIPUR,Jaipur,Hot Semi-Arid / Composite,26.9124,75.7873,430.0,1,low,residential,24.0,6.0,4.0,2.8,1.5,30.0,0.0,ASM-WALL-LADAKH-LIGHT-INS,ASM-ROOF-WARM-SLAB,ASM-FLOOR-LADAKH-TRAD,0.284,3.476,0.85,4.88,20.043,7.016,32.528,6.422,25.511,214.206,53.572,3.761,True,53.73,SUB_OPTIMAL,0.09,0.7125,0.1075,5.6,43.7,0.7883333333333333,1.0,24.0,6.0,4.0,2.8,1.5,1.603,30.0,0.0,4.88,0.0,0.17142857142857146,152.0,0.284,162.5,3.476,250.0,0.85,0.5,0.0,1.2,0.0
TC-JAIPUR-0673,TRAIN,LOC-IN-JAIPUR,Jaipur,Hot Semi-Arid / Composite,26.9124,75.7873,430.0,2,medium,emergency,24.0,6.0,4.0,2.8,1.5,30.0,0.0,ASM-WALL-SHIMLA-COLD,ASM-ROOF-LADAKH-TRAD,ASM-FLOOR-LADAKH-INS-SLAB,0.347,0.247,0.444,4.88,16.925,7.011,23.967,3.304,16.956,253.01,38.691,5.495,True,94.31,OPTIMAL,0.09,0.7125,0.1075,5.6,43.7,0.7883333333333333,2.0,24.0,6.0,4.0,2.8,1.5,1.603,30.0,0.0,4.88,0.0,0.17142857142857146,410.0,0.347,300.0,0.247,180.0,0.444,1.0,0.0,1.2,0.0
TC-JAIPUR-0674,TRAIN,LOC-IN-JAIPUR,Jaipur,Hot Semi-Arid / Composite,26.9124,75.7873,430.0,4,high,work,24.0,6.0,4.0,2.8,1.5,30.0,0.0,ASM-WALL-SHIMLA-COLD,ASM-ROOF-LADAKH-INS-MOD,ASM-FLOOR-WARM-TILED,0.347,0.25,2.1,4.88,14.478,7.021,19.701,0.857,12.68,152.079,46.067,8.847,True,90.96,OPTIMAL,0.09,0.7125,0.1075,5.6,43.7,0.7883333333333333,4.0,24.0,6.0,4.0,2.8,1.5,1.603,30.0,0.0,4.88,0.0,0.17142857142857146,410.0,0.347,153.0,0.25,150.0,2.1,2.0,0.0,1.2,0.0
TC-JAIPUR-0675,TRAIN,LOC-IN-JAIPUR,Jaipur,Hot Semi-Arid / Composite,26.9124,75.7873,430.0,8,low,residential,24.0,6.0,4.0,2.8,1.5,30.0,0.0,ASM-WALL-SHIMLA-COLD,ASM-ROOF-WARM-SLAB,ASM-FLOOR-LADAKH-TRAD,0.347,3.476,0.85,4.88,16.058,7.038,22.326,2.437,15.288,232.824,61.851,2.528,True,69.86,ACCEPTABLE,0.09,0.7125,0.1075,5.6,43.7,0.7883333333333333,8.0,24.0,6.0,4.0,2.8,1.5,1.603,30.0,0.0,4.88,0.0,0.17142857142857146,410.0,0.347,162.5,3.476,250.0,0.85,0.5,0.0,1.2,0.0
TC-JAIPUR-0676,TRAIN,LOC-IN-JAIPUR,Jaipur,Hot Semi-Arid / Composite,26.9124,75.7873,430.0,1,medium,emergency,24.0,6.0,4.0,2.8,1.5,30.0,90.0,ASM-WALL-LADAKH-TRAD,ASM-ROOF-LADAKH-TRAD,ASM-FLOOR-LADAKH-INS-SLAB,1.591,0.247,0.444,4.88,20.315,7.006,29.954,6.694,22.948,350.754,24.68,8.099,True,81.07,OPTIMAL,0.09,0.7125,0.1075,5.6,43.7,0.7883333333333333,1.0,24.0,6.0,4.0,2.8,1.5,1.603,30.0,90.0,4.88,0.0,0.2571428571428572,465.0,1.591,300.0,0.247,180.0,0.444,1.0,0.0,1.2,0.0
TC-JAIPUR-0677,TRAIN,LOC-IN-JAIPUR,Jaipur,Hot Semi-Arid / Composite,26.9124,75.7873,430.0,2,high,work,24.0,6.0,4.0,2.8,1.5,30.0,90.0,ASM-WALL-LADAKH-TRAD,ASM-ROOF-LADAKH-INS-MOD,ASM-FLOOR-WARM-TILED,1.591,0.25,2.1,4.88,17.101,7.012,24.32,3.481,17.309,249.823,35.778,11.145,True,81.63,OPTIMAL,0.09,0.7125,0.1075,5.6,43.7,0.7883333333333333,2.0,24.0,6.0,4.0,2.8,1.5,1.603,30.0,90.0,4.88,0.0,0.2571428571428572,465.0,1.591,153.0,0.25,150.0,2.1,2.0,0.0,1.2,0.0
TC-JAIPUR-0678,TRAIN,LOC-IN-JAIPUR,Jaipur,Hot Semi-Arid / Composite,26.9124,75.7873,430.0,4,low,residential,24.0,6.0,4.0,2.8,1.5,30.0,90.0,ASM-WALL-LADAKH-TRAD,ASM-ROOF-WARM-SLAB,ASM-FLOOR-LADAKH-TRAD,1.591,3.476,0.85,4.88,18.582,7.021,26.828,4.961,19.807,330.567,54.097,3.282,True,70.77,ACCEPTABLE,0.09,0.7125,0.1075,5.6,43.7,0.7883333333333333,4.0,24.0,6.0,4.0,2.8,1.5,1.603,30.0,90.0,4.88,0.0,0.2571428571428572,465.0,1.591,162.5,3.476,250.0,0.85,0.5,0.0,1.2,0.0
TC-JAIPUR-0679,TRAIN,LOC-IN-JAIPUR,Jaipur,Hot Semi-Arid / Composite,26.9124,75.7873,430.0,8,medium,emergency,24.0,6.0,4.0,2.8,1.5,30.0,90.0,ASM-WALL-LADAKH-IMP-TRAD,ASM-ROOF-LADAKH-TRAD,ASM-FLOOR-LADAKH-INS-SLAB,0.452,0.247,0.444,4.88,22.635,7.064,34.17,9.014,27.106,350.754,38.318,10.255,True,81.18,OPTIMAL,0.09,0.7125,0.1075,5.6,43.7,0.7883333333333333,8.0,24.0,6.0,4.0,2.8,1.5,1.603,30.0,90.0,4.88,0.0,0.2571428571428572,345.0,0.452,300.0,0.247,180.0,0.444,1.0,0.0,1.2,0.0
TC-JAIPUR-0680,TRAIN,LOC-IN-JAIPUR,Jaipur,Hot Semi-Arid / Composite,26.9124,75.7873,430.0,1,high,work,24.0,6.0,4.0,2.8,1.5,30.0,90.0,ASM-WALL-LADAKH-IMP-TRAD,ASM-ROOF-LADAKH-INS-MOD,ASM-FLOOR-WARM-TILED,0.452,0.25,2.1,4.88,18.156,7.007,26.522,4.535,19.515,249.823,43.776,12.314,True,90.17,OPTIMAL,0.09,0.7125,0.1075,5.6,43.7,0.7883333333333333,1.0,24.0,6.0,4.0,2.8,1.5,1.603,30.0,90.0,4.88,0.0,0.2571428571428572,345.0,0.452,153.0,0.25,150.0,2.1,2.0,0.0,1.2,0.0
TC-JAIPUR-0681,TRAIN,LOC-IN-JAIPUR,Jaipur,Hot Semi-Arid / Composite,26.9124,75.7873,430.0,2,low,residential,24.0,6.0,4.0,2.8,1.5,30.0,90.0,ASM-WALL-LADAKH-IMP-TRAD,ASM-ROOF-WARM-SLAB,ASM-FLOOR-LADAKH-TRAD,0.452,3.476,0.85,4.88,19.641,7.013,29.031,6.021,22.018,330.567,65.743,3.681,True,67.77,ACCEPTABLE,0.09,0.7125,0.1075,5.6,43.7,0.7883333333333333,2.0,24.0,6.0,4.0,2.8,1.5,1.603,30.0,90.0,4.88,0.0,0.2571428571428572,345.0,0.452,162.5,3.476,250.0,0.85,0.5,0.0,1.2,0.0
TC-JAIPUR-0682,TRAIN,LOC-IN-JAIPUR,Jaipur,Hot Semi-Arid / Composite,26.9124,75.7873,430.0,4,medium,emergency,24.0,6.0,4.0,2.8,1.5,30.0,90.0,ASM-WALL-LADAKH-INS-MOD,ASM-ROOF-LADAKH-TRAD,ASM-FLOOR-LADAKH-INS-SLAB,0.314,0.247,0.444,4.88,21.02,7.028,31.306,7.4,24.277,336.79,36.528,8.707,True,87.95,OPTIMAL,0.09,0.7125,0.1075,5.6,43.7,0.7883333333333333,4.0,24.0,6.0,4.0,2.8,1.5,1.603,30.0,90.0,4.88,0.0,0.2571428571428572,392.5,0.314,300.0,0.247,180.0,0.444,1.0,0.0,1.2,0.0
TC-JAIPUR-0683,TRAIN,LOC-IN-JAIPUR,Jaipur,Hot Semi-Arid / Composite,26.9124,75.7873,430.0,8,high,work,24.0,6.0,4.0,2.8,1.5,30.0,90.0,ASM-WALL-LADAKH-INS-MOD,ASM-ROOF-LADAKH-INS-MOD,ASM-FLOOR-WARM-TILED,0.314,0.25,2.1,4.88,17.837,7.053,25.547,4.216,18.495,235.86,44.943,11.876,True,91.2,OPTIMAL,0.09,0.7125,0.1075,5.6,43.7,0.7883333333333333,8.0,24.0,6.0,4.0,2.8,1.5,1.603,30.0,90.0,4.88,0.0,0.2571428571428572,392.5,0.314,153.0,0.25,150.0,2.1,2.0,0.0,1.2,0.0
TC-JAIPUR-0684,TRAIN,LOC-IN-JAIPUR,Jaipur,Hot Semi-Arid / Composite,26.9124,75.7873,430.0,1,low,residential,24.0,6.0,4.0,2.8,1.5,30.0,90.0,ASM-WALL-LADAKH-INS-MOD,ASM-ROOF-WARM-SLAB,ASM-FLOOR-LADAKH-TRAD,0.314,3.476,0.85,4.88,18.656,7.006,27.2,5.035,20.194,316.604,61.755,3.289,True,70.5,ACCEPTABLE,0.09,0.7125,0.1075,5.6,43.7,0.7883333333333333,1.0,24.0,6.0,4.0,2.8,1.5,1.603,30.0,90.0,4.88,0.0,0.2571428571428572,392.5,0.314,162.5,3.476,250.0,0.85,0.5,0.0,1.2,0.0
TC-JAIPUR-0685,TRAIN,LOC-IN-JAIPUR,Jaipur,Hot Semi-Arid / Composite,26.9124,75.7873,430.0,2,medium,emergency,24.0,6.0,4.0,2.8,1.5,30.0,90.0,ASM-WALL-LADAKH-LIGHT-INS,ASM-ROOF-LADAKH-TRAD,ASM-FLOOR-LADAKH-INS-SLAB,0.284,0.247,0.444,4.88,25.029,7.061,48.345,11.408,41.284,280.936,24.263,12.577,True,53.73,SUB_OPTIMAL,0.09,0.7125,0.1075,5.6,43.7,0.7883333333333333,2.0,24.0,6.0,4.0,2.8,1.5,1.603,30.0,90.0,4.88,0.0,0.2571428571428572,152.0,0.284,300.0,0.247,180.0,0.444,1.0,0.0,1.2,0.0
TC-JAIPUR-0686,TRAIN,LOC-IN-JAIPUR,Jaipur,Hot Semi-Arid / Composite,26.9124,75.7873,430.0,4,high,work,24.0,6.0,4.0,2.8,1.5,30.0,90.0,ASM-WALL-LADAKH-LIGHT-INS,ASM-ROOF-LADAKH-INS-MOD,ASM-FLOOR-WARM-TILED,0.284,0.25,2.1,4.88,19.902,7.092,34.014,6.281,26.922,180.006,38.53,14.533,True,71.07,ACCEPTABLE,0.09,0.7125,0.1075,5.6,43.7,0.7883333333333333,4.0,24.0,6.0,4.0,2.8,1.5,1.603,30.0,90.0,4.88,0.0,0.2571428571428572,152.0,0.284,153.0,0.25,150.0,2.1,2.0,0.0,1.2,0.0
TC-JAIPUR-0687,TRAIN,LOC-IN-JAIPUR,Jaipur,Hot Semi-Arid / Composite,26.9124,75.7873,430.0,8,low,residential,24.0,6.0,4.0,2.8,1.5,30.0,90.0,ASM-WALL-LADAKH-LIGHT-INS,ASM-ROOF-WARM-SLAB,ASM-FLOOR-LADAKH-TRAD,0.284,3.476,0.85,4.88,22.321,7.131,36.632,8.7,29.502,260.75,68.79,4.829,True,45.52,SUB_OPTIMAL,0.09,0.7125,0.1075,5.6,43.7,0.7883333333333333,8.0,24.0,6.0,4.0,2.8,1.5,1.603,30.0,90.0,4.88,0.0,0.2571428571428572,152.0,0.284,162.5,3.476,250.0,0.85,0.5,0.0,1.2,0.0
TC-JAIPUR-0688,TRAIN,LOC-IN-JAIPUR,Jaipur,Hot Semi-Arid / Composite,26.9124,75.7873,430.0,1,medium,emergency,24.0,6.0,4.0,2.8,1.5,30.0,90.0,ASM-WALL-SHIMLA-COLD,ASM-ROOF-LADAKH-TRAD,ASM-FLOOR-LADAKH-INS-SLAB,0.347,0.247,0.444,4.88,18.174,7.005,26.212,4.553,19.207,308.863,44.157,6.272,True,94.31,OPTIMAL,0.09,0.7125,0.1075,5.6,43.7,0.7883333333333333,1.0,24.0,6.0,4.0,2.8,1.5,1.603,30.0,90.0,4.88,0.0,0.2571428571428572,410.0,0.347,300.0,0.247,180.0,0.444,1.0,0.0,1.2,0.0
TC-JAIPUR-0689,TRAIN,LOC-IN-JAIPUR,Jaipur,Hot Semi-Arid / Composite,26.9124,75.7873,430.0,2,high,work,24.0,6.0,4.0,2.8,1.5,30.0,90.0,ASM-WALL-SHIMLA-COLD,ASM-ROOF-LADAKH-INS-MOD,ASM-FLOOR-WARM-TILED,0.347,0.25,2.1,4.88,15.54,7.01,21.598,1.919,14.587,207.933,50.127,9.627,True,90.96,OPTIMAL,0.09,0.7125,0.1075,5.6,43.7,0.7883333333333333,2.0,24.0,6.0,4.0,2.8,1.5,1.603,30.0,90.0,4.88,0.0,0.2571428571428572,410.0,0.347,153.0,0.25,150.0,2.1,2.0,0.0,1.2,0.0
TC-JAIPUR-0690,TRAIN,LOC-IN-JAIPUR,Jaipur,Hot Semi-Arid / Composite,26.9124,75.7873,430.0,4,low,residential,24.0,6.0,4.0,2.8,1.5,30.0,90.0,ASM-WALL-SHIMLA-COLD,ASM-ROOF-WARM-SLAB,ASM-FLOOR-LADAKH-TRAD,0.347,3.476,0.85,4.88,16.935,7.019,23.95,3.314,16.931,288.677,67.196,2.746,True,69.86,ACCEPTABLE,0.09,0.7125,0.1075,5.6,43.7,0.7883333333333333,4.0,24.0,6.0,4.0,2.8,1.5,1.603,30.0,90.0,4.88,0.0,0.2571428571428572,410.0,0.347,162.5,3.476,250.0,0.85,0.5,0.0,1.2,0.0
TC-JAIPUR-0691,TRAIN,LOC-IN-JAIPUR,Jaipur,Hot Semi-Arid / Composite,26.9124,75.7873,430.0,8,medium,emergency,24.0,6.0,4.0,2.8,1.5,30.0,180.0,ASM-WALL-LADAKH-TRAD,ASM-ROOF-LADAKH-TRAD,ASM-FLOOR-LADAKH-INS-SLAB,1.591,0.247,0.444,4.88,22.79,7.049,34.078,9.169,27.029,420.571,31.954,10.487,True,72.83,ACCEPTABLE,0.09,0.7125,0.1075,5.6,43.7,0.7883333333333333,8.0,24.0,6.0,4.0,2.8,1.5,1.603,30.0,180.0,4.88,0.0,0.17142857142857146,465.0,1.591,300.0,0.247,180.0,0.444,1.0,0.0,1.2,0.0
TC-JAIPUR-0692,TRAIN,LOC-IN-JAIPUR,Jaipur,Hot Semi-Arid / Composite,26.9124,75.7873,430.0,1,high,work,24.0,6.0,4.0,2.8,1.5,30.0,180.0,ASM-WALL-LADAKH-TRAD,ASM-ROOF-LADAKH-INS-MOD,ASM-FLOOR-WARM-TILED,1.591,0.25,2.1,4.88,18.708,7.006,27.216,5.087,20.21,319.641,42.671,13.292,True,81.63,OPTIMAL,0.09,0.7125,0.1075,5.6,43.7,0.7883333333333333,1.0,24.0,6.0,4.0,2.8,1.5,1.603,30.0,180.0,4.88,0.0,0.17142857142857146,465.0,1.591,153.0,0.25,150.0,2.1,2.0,0.0,1.2,0.0
TC-JAIPUR-0693,TRAIN,LOC-IN-JAIPUR,Jaipur,Hot Semi-Arid / Composite,26.9124,75.7873,430.0,2,low,residential,24.0,6.0,4.0,2.8,1.5,30.0,180.0,ASM-WALL-LADAKH-TRAD,ASM-ROOF-WARM-SLAB,ASM-FLOOR-LADAKH-TRAD,1.591,3.476,0.85,4.88,20.022,7.01,29.441,6.401,22.431,400.385,64.354,3.905,True,67.88,ACCEPTABLE,0.09,0.7125,0.1075,5.6,43.7,0.7883333333333333,2.0,24.0,6.0,4.0,2.8,1.5,1.603,30.0,180.0,4.88,0.0,0.17142857142857146,465.0,1.591,162.5,3.476,250.0,0.85,0.5,0.0,1.2,0.0
TC-JAIPUR-0694,TRAIN,LOC-IN-JAIPUR,Jaipur,Hot Semi-Arid / Composite,26.9124,75.7873,430.0,4,medium,emergency,24.0,6.0,4.0,2.8,1.5,30.0,180.0,ASM-WALL-LADAKH-IMP-TRAD,ASM-ROOF-LADAKH-TRAD,ASM-FLOOR-LADAKH-INS-SLAB,0.452,0.247,0.444,4.88,24.305,7.032,37.404,10.684,30.372,420.571,44.69,11.96,True,74.72,ACCEPTABLE,0.09,0.7125,0.1075,5.6,43.7,0.7883333333333333,4.0,24.0,6.0,4.0,2.8,1.5,1.603,30.0,180.0,4.88,0.0,0.17142857142857146,345.0,0.452,300.0,0.247,180.0,0.444,1.0,0.0,1.2,0.0
TC-JAIPUR-0695,TRAIN,LOC-IN-JAIPUR,Jaipur,Hot Semi-Arid / Composite,26.9124,75.7873,430.0,8,high,work,24.0,6.0,4.0,2.8,1.5,30.0,180.0,ASM-WALL-LADAKH-IMP-TRAD,ASM-ROOF-LADAKH-INS-MOD,ASM-FLOOR-WARM-TILED,0.452,0.25,2.1,4.88,20.572,7.059,30.63,6.951,23.571,319.641,58.138,16.354,True,84.91,OPTIMAL,0.09,0.7125,0.1075,5.6,43.7,0.7883333333333333,8.0,24.0,6.0,4.0,2.8,1.5,1.603,30.0,180.0,4.88,0.0,0.17142857142857146,345.0,0.452,153.0,0.25,150.0,2.1,2.0,0.0,1.2,0.0
TC-JAIPUR-0696,TRAIN,LOC-IN-JAIPUR,Jaipur,Hot Semi-Arid / Composite,26.9124,75.7873,430.0,1,low,residential,24.0,6.0,4.0,2.8,1.5,30.0,180.0,ASM-WALL-LADAKH-IMP-TRAD,ASM-ROOF-WARM-SLAB,ASM-FLOOR-LADAKH-TRAD,0.452,3.476,0.85,4.88,21.28,7.006,32.038,7.659,25.031,400.385,79.761,4.466,True,61.76,ACCEPTABLE,0.09,0.7125,0.1075,5.6,43.7,0.7883333333333333,1.0,24.0,6.0,4.0,2.8,1.5,1.603,30.0,180.0,4.88,0.0,0.17142857142857146,345.0,0.452,162.5,3.476,250.0,0.85,0.5,0.0,1.2,0.0
TC-JAIPUR-0697,TRAIN,LOC-IN-JAIPUR,Jaipur,Hot Semi-Arid / Composite,26.9124,75.7873,430.0,2,medium,emergency,24.0,6.0,4.0,2.8,1.5,30.0,180.0,ASM-WALL-LADAKH-INS-MOD,ASM-ROOF-LADAKH-TRAD,ASM-FLOOR-LADAKH-INS-SLAB,0.314,0.247,0.444,4.88,22.659,7.014,34.339,9.039,27.325,401.953,43.375,10.339,True,81.88,OPTIMAL,0.09,0.7125,0.1075,5.6,43.7,0.7883333333333333,2.0,24.0,6.0,4.0,2.8,1.5,1.603,30.0,180.0,4.88,0.0,0.17142857142857146,392.5,0.314,300.0,0.247,180.0,0.444,1.0,0.0,1.2,0.0
TC-JAIPUR-0698,TRAIN,LOC-IN-JAIPUR,Jaipur,Hot Semi-Arid / Composite,26.9124,75.7873,430.0,4,high,work,24.0,6.0,4.0,2.8,1.5,30.0,180.0,ASM-WALL-LADAKH-INS-MOD,ASM-ROOF-LADAKH-INS-MOD,ASM-FLOOR-WARM-TILED,0.314,0.25,2.1,4.88,19.14,7.026,28.071,5.52,21.044,301.023,52.405,13.848,True,91.06,OPTIMAL,0.09,0.7125,0.1075,5.6,43.7,0.7883333333333333,4.0,24.0,6.0,4.0,2.8,1.5,1.603,30.0,180.0,4.88,0.0,0.17142857142857146,392.5,0.314,153.0,0.25,150.0,2.1,2.0,0.0,1.2,0.0
TC-JAIPUR-0699,TRAIN,LOC-IN-JAIPUR,Jaipur,Hot Semi-Arid / Composite,26.9124,75.7873,430.0,8,low,residential,24.0,6.0,4.0,2.8,1.5,30.0,180.0,ASM-WALL-LADAKH-INS-MOD,ASM-ROOF-WARM-SLAB,ASM-FLOOR-LADAKH-TRAD,0.314,3.476,0.85,4.88,20.714,7.047,30.644,7.093,23.596,381.767,78.846,4.199,True,65.21,ACCEPTABLE,0.09,0.7125,0.1075,5.6,43.7,0.7883333333333333,8.0,24.0,6.0,4.0,2.8,1.5,1.603,30.0,180.0,4.88,0.0,0.17142857142857146,392.5,0.314,162.5,3.476,250.0,0.85,0.5,0.0,1.2,0.0
TC-JAIPUR-0700,TRAIN,LOC-IN-JAIPUR,Jaipur,Hot Semi-Arid / Composite,26.9124,75.7873,430.0,1,medium,emergency,24.0,6.0,4.0,2.8,1.5,30.0,180.0,ASM-WALL-LADAKH-LIGHT-INS,ASM-ROOF-LADAKH-TRAD,ASM-FLOOR-LADAKH-INS-SLAB,0.284,0.247,0.444,4.88,26.634,7.03,52.813,13.013,45.783,327.481,27.655,14.336,True,53.73,SUB_OPTIMAL,0.09,0.7125,0.1075,5.6,43.7,0.7883333333333333,1.0,24.0,6.0,4.0,2.8,1.5,1.603,30.0,180.0,4.88,0.0,0.17142857142857146,152.0,0.284,300.0,0.247,180.0,0.444,1.0,0.0,1.2,0.0
TC-JAIPUR-0701,TRAIN,LOC-IN-JAIPUR,Jaipur,Hot Semi-Arid / Composite,26.9124,75.7873,430.0,2,high,work,24.0,6.0,4.0,2.8,1.5,30.0,180.0,ASM-WALL-LADAKH-LIGHT-INS,ASM-ROOF-LADAKH-INS-MOD,ASM-FLOOR-WARM-TILED,0.284,0.25,2.1,4.88,21.243,7.046,37.72,7.622,30.674,226.551,45.859,17.297,True,63.65,ACCEPTABLE,0.09,0.7125,0.1075,5.6,43.7,0.7883333333333333,2.0,24.0,6.0,4.0,2.8,1.5,1.603,30.0,180.0,4.88,0.0,0.17142857142857146,152.0,0.284,153.0,0.25,150.0,2.1,2.0,0.0,1.2,0.0
TC-JAIPUR-0702,TRAIN,LOC-IN-JAIPUR,Jaipur,Hot Semi-Arid / Composite,26.9124,75.7873,430.0,4,low,residential,24.0,6.0,4.0,2.8,1.5,30.0,180.0,ASM-WALL-LADAKH-LIGHT-INS,ASM-ROOF-WARM-SLAB,ASM-FLOOR-LADAKH-TRAD,0.284,3.476,0.85,4.88,23.38,7.065,39.355,9.759,32.29,307.295,77.117,5.414,True,40.08,SUB_OPTIMAL,0.09,0.7125,0.1075,5.6,43.7,0.7883333333333333,4.0,24.0,6.0,4.0,2.8,1.5,1.603,30.0,180.0,4.88,0.0,0.17142857142857146,152.0,0.284,162.5,3.476,250.0,0.85,0.5,0.0,1.2,0.0
TC-JAIPUR-0703,TRAIN,LOC-IN-JAIPUR,Jaipur,Hot Semi-Arid / Composite,26.9124,75.7873,430.0,8,medium,emergency,24.0,6.0,4.0,2.8,1.5,30.0,180.0,ASM-WALL-SHIMLA-COLD,ASM-ROOF-LADAKH-TRAD,ASM-FLOOR-LADAKH-INS-SLAB,0.347,0.247,0.444,4.88,20.018,7.044,29.255,6.397,22.211,364.717,54.859,7.792,True,91.8,OPTIMAL,0.09,0.7125,0.1075,5.6,43.7,0.7883333333333333,8.0,24.0,6.0,4.0,2.8,1.5,1.603,30.0,180.0,4.88,0.0,0.17142857142857146,410.0,0.347,300.0,0.247,180.0,0.444,1.0,0.0,1.2,0.0
TC-JAIPUR-0704,TRAIN,LOC-IN-JAIPUR,Jaipur,Hot Semi-Arid / Composite,26.9124,75.7873,430.0,1,high,work,24.0,6.0,4.0,2.8,1.5,30.0,180.0,ASM-WALL-SHIMLA-COLD,ASM-ROOF-LADAKH-INS-MOD,ASM-FLOOR-WARM-TILED,0.347,0.25,2.1,4.88,16.666,7.005,23.604,3.045,16.599,263.787,55.493,10.657,True,90.96,OPTIMAL,0.09,0.7125,0.1075,5.6,43.7,0.7883333333333333,1.0,24.0,6.0,4.0,2.8,1.5,1.603,30.0,180.0,4.88,0.0,0.17142857142857146,410.0,0.347,153.0,0.25,150.0,2.1,2.0,0.0,1.2,0.0
TC-JAIPUR-0705,TRAIN,LOC-IN-JAIPUR,Jaipur,Hot Semi-Arid / Composite,26.9124,75.7873,430.0,2,low,residential,24.0,6.0,4.0,2.8,1.5,30.0,180.0,ASM-WALL-SHIMLA-COLD,ASM-ROOF-WARM-SLAB,ASM-FLOOR-LADAKH-TRAD,0.347,3.476,0.85,4.88,17.938,7.009,25.787,4.317,18.777,344.531,74.645,3.051,True,69.86,ACCEPTABLE,0.09,0.7125,0.1075,5.6,43.7,0.7883333333333333,2.0,24.0,6.0,4.0,2.8,1.5,1.603,30.0,180.0,4.88,0.0,0.17142857142857146,410.0,0.347,162.5,3.476,250.0,0.85,0.5,0.0,1.2,0.0
TC-JAIPUR-0706,TRAIN,LOC-IN-JAIPUR,Jaipur,Hot Semi-Arid / Composite,26.9124,75.7873,430.0,4,medium,emergency,24.0,6.0,4.0,2.8,1.5,30.0,270.0,ASM-WALL-LADAKH-TRAD,ASM-ROOF-LADAKH-TRAD,ASM-FLOOR-LADAKH-INS-SLAB,1.591,0.247,0.444,4.88,20.574,7.025,30.303,6.953,23.279,350.754,25.418,8.342,True,80.37,OPTIMAL,0.09,0.7125,0.1075,5.6,43.7,0.7883333333333333,4.0,24.0,6.0,4.0,2.8,1.5,1.603,30.0,270.0,4.88,0.0,0.2571428571428572,465.0,1.591,300.0,0.247,180.0,0.444,1.0,0.0,1.2,0.0
TC-JAIPUR-0707,TRAIN,LOC-IN-JAIPUR,Jaipur,Hot Semi-Arid / Composite,26.9124,75.7873,430.0,8,high,work,24.0,6.0,4.0,2.8,1.5,30.0,270.0,ASM-WALL-LADAKH-TRAD,ASM-ROOF-LADAKH-INS-MOD,ASM-FLOOR-WARM-TILED,1.591,0.25,2.1,4.88,17.566,7.046,24.939,3.945,17.893,249.823,37.518,11.687,True,81.63,OPTIMAL,0.09,0.7125,0.1075,5.6,43.7,0.7883333333333333,8.0,24.0,6.0,4.0,2.8,1.5,1.603,30.0,270.0,4.88,0.0,0.2571428571428572,465.0,1.591,153.0,0.25,150.0,2.1,2.0,0.0,1.2,0.0
TC-JAIPUR-0708,TRAIN,LOC-IN-JAIPUR,Jaipur,Hot Semi-Arid / Composite,26.9124,75.7873,430.0,1,low,residential,24.0,6.0,4.0,2.8,1.5,30.0,270.0,ASM-WALL-LADAKH-TRAD,ASM-ROOF-WARM-SLAB,ASM-FLOOR-LADAKH-TRAD,1.591,3.476,0.85,4.88,18.363,7.005,26.534,4.742,19.529,330.567,52.83,3.206,True,70.77,ACCEPTABLE,0.09,0.7125,0.1075,5.6,43.7,0.7883333333333333,1.0,24.0,6.0,4.0,2.8,1.5,1.603,30.0,270.0,4.88,0.0,0.2571428571428572,465.0,1.591,162.5,3.476,250.0,0.85,0.5,0.0,1.2,0.0
TC-JAIPUR-0709,TRAIN,LOC-IN-JAIPUR,Jaipur,Hot Semi-Arid / Composite,26.9124,75.7873,430.0,2,medium,emergency,24.0,6.0,4.0,2.8,1.5,30.0,270.0,ASM-WALL-LADAKH-IMP-TRAD,ASM-ROOF-LADAKH-TRAD,ASM-FLOOR-LADAKH-INS-SLAB,0.452,0.247,0.444,4.88,22.062,7.016,33.425,8.441,26.409,350.754,36.289,9.712,True,82.67,OPTIMAL,0.09,0.7125,0.1075,5.6,43.7,0.7883333333333333,2.0,24.0,6.0,4.0,2.8,1.5,1.603,30.0,270.0,4.88,0.0,0.2571428571428572,345.0,0.452,300.0,0.247,180.0,0.444,1.0,0.0,1.2,0.0
TC-JAIPUR-0710,TRAIN,LOC-IN-JAIPUR,Jaipur,Hot Semi-Arid / Composite,26.9124,75.7873,430.0,4,high,work,24.0,6.0,4.0,2.8,1.5,30.0,270.0,ASM-WALL-LADAKH-IMP-TRAD,ASM-ROOF-LADAKH-INS-MOD,ASM-FLOOR-WARM-TILED,0.452,0.25,2.1,4.88,18.41,7.029,26.851,4.789,19.822,249.823,44.966,12.648,True,90.17,OPTIMAL,0.09,0.7125,0.1075,5.6,43.7,0.7883333333333333,4.0,24.0,6.0,4.0,2.8,1.5,1.603,30.0,270.0,4.88,0.0,0.2571428571428572,345.0,0.452,153.0,0.25,150.0,2.1,2.0,0.0,1.2,0.0
TC-JAIPUR-0711,TRAIN,LOC-IN-JAIPUR,Jaipur,Hot Semi-Arid / Composite,26.9124,75.7873,430.0,8,low,residential,24.0,6.0,4.0,2.8,1.5,30.0,270.0,ASM-WALL-LADAKH-IMP-TRAD,ASM-ROOF-WARM-SLAB,ASM-FLOOR-LADAKH-TRAD,0.452,3.476,0.85,4.88,20.118,7.052,29.654,6.497,22.602,330.567,69.586,3.896,True,66.52,ACCEPTABLE,0.09,0.7125,0.1075,5.6,43.7,0.7883333333333333,8.0,24.0,6.0,4.0,2.8,1.5,1.603,30.0,270.0,4.88,0.0,0.2571428571428572,345.0,0.452,162.5,3.476,250.0,0.85,0.5,0.0,1.2,0.0
TC-JAIPUR-0712,TRAIN,LOC-IN-JAIPUR,Jaipur,Hot Semi-Arid / Composite,26.9124,75.7873,430.0,1,medium,emergency,24.0,6.0,4.0,2.8,1.5,30.0,270.0,ASM-WALL-LADAKH-INS-MOD,ASM-ROOF-LADAKH-TRAD,ASM-FLOOR-LADAKH-INS-SLAB,0.314,0.247,0.444,4.88,20.75,7.007,30.949,7.129,23.942,336.79,35.476,8.456,True,88.66,OPTIMAL,0.09,0.7125,0.1075,5.6,43.7,0.7883333333333333,1.0,24.0,6.0,4.0,2.8,1.5,1.603,30.0,270.0,4.88,0.0,0.2571428571428572,392.5,0.314,300.0,0.247,180.0,0.444,1.0,0.0,1.2,0.0
TC-JAIPUR-0713,TRAIN,LOC-IN-JAIPUR,Jaipur,Hot Semi-Arid / Composite,26.9124,75.7873,430.0,2,high,work,24.0,6.0,4.0,2.8,1.5,30.0,270.0,ASM-WALL-LADAKH-INS-MOD,ASM-ROOF-LADAKH-INS-MOD,ASM-FLOOR-WARM-TILED,0.314,0.25,2.1,4.88,17.354,7.013,24.916,3.733,17.903,235.86,42.85,11.323,True,91.2,OPTIMAL,0.09,0.7125,0.1075,5.6,43.7,0.7883333333333333,2.0,24.0,6.0,4.0,2.8,1.5,1.603,30.0,270.0,4.88,0.0,0.2571428571428572,392.5,0.314,153.0,0.25,150.0,2.1,2.0,0.0,1.2,0.0
TC-JAIPUR-0714,TRAIN,LOC-IN-JAIPUR,Jaipur,Hot Semi-Arid / Composite,26.9124,75.7873,430.0,4,low,residential,24.0,6.0,4.0,2.8,1.5,30.0,270.0,ASM-WALL-LADAKH-INS-MOD,ASM-ROOF-WARM-SLAB,ASM-FLOOR-LADAKH-TRAD,0.314,3.476,0.85,4.88,18.883,7.024,27.5,5.262,20.476,316.604,63.412,3.377,True,70.5,ACCEPTABLE,0.09,0.7125,0.1075,5.6,43.7,0.7883333333333333,4.0,24.0,6.0,4.0,2.8,1.5,1.603,30.0,270.0,4.88,0.0,0.2571428571428572,392.5,0.314,162.5,3.476,250.0,0.85,0.5,0.0,1.2,0.0
TC-JAIPUR-0715,TRAIN,LOC-IN-JAIPUR,Jaipur,Hot Semi-Arid / Composite,26.9124,75.7873,430.0,8,medium,emergency,24.0,6.0,4.0,2.8,1.5,30.0,270.0,ASM-WALL-LADAKH-LIGHT-INS,ASM-ROOF-LADAKH-TRAD,ASM-FLOOR-LADAKH-INS-SLAB,0.284,0.247,0.444,4.88,25.851,7.243,49.197,12.23,41.955,280.936,25.785,13.366,True,53.73,SUB_OPTIMAL,0.09,0.7125,0.1075,5.6,43.7,0.7883333333333333,8.0,24.0,6.0,4.0,2.8,1.5,1.603,30.0,270.0,4.88,0.0,0.2571428571428572,152.0,0.284,300.0,0.247,180.0,0.444,1.0,0.0,1.2,0.0
TC-JAIPUR-0716,TRAIN,LOC-IN-JAIPUR,Jaipur,Hot Semi-Arid / Composite,26.9124,75.7873,430.0,1,high,work,24.0,6.0,4.0,2.8,1.5,30.0,270.0,ASM-WALL-LADAKH-LIGHT-INS,ASM-ROOF-LADAKH-INS-MOD,ASM-FLOOR-WARM-TILED,0.284,0.25,2.1,4.88,19.55,7.023,33.629,5.929,26.606,180.006,37.106,13.996,True,71.84,ACCEPTABLE,0.09,0.7125,0.1075,5.6,43.7,0.7883333333333333,1.0,24.0,6.0,4.0,2.8,1.5,1.603,30.0,270.0,4.88,0.0,0.2571428571428572,152.0,0.284,153.0,0.25,150.0,2.1,2.0,0.0,1.2,0.0
TC-JAIPUR-0717,TRAIN,LOC-IN-JAIPUR,Jaipur,Hot Semi-Arid / Composite,26.9124,75.7873,430.0,2,low,residential,24.0,6.0,4.0,2.8,1.5,30.0,270.0,ASM-WALL-LADAKH-LIGHT-INS,ASM-ROOF-WARM-SLAB,ASM-FLOOR-LADAKH-TRAD,0.284,3.476,0.85,4.88,21.669,7.033,35.889,8.049,28.857,260.75,64.65,4.539,True,47.01,SUB_OPTIMAL,0.09,0.7125,0.1075,5.6,43.7,0.7883333333333333,2.0,24.0,6.0,4.0,2.8,1.5,1.603,30.0,270.0,4.88,0.0,0.2571428571428572,152.0,0.284,162.5,3.476,250.0,0.85,0.5,0.0,1.2,0.0
TC-JAIPUR-0718,TRAIN,LOC-IN-JAIPUR,Jaipur,Hot Semi-Arid / Composite,26.9124,75.7873,430.0,4,medium,emergency,24.0,6.0,4.0,2.8,1.5,30.0,270.0,ASM-WALL-SHIMLA-COLD,ASM-ROOF-LADAKH-TRAD,ASM-FLOOR-LADAKH-INS-SLAB,0.347,0.247,0.444,4.88,18.4,7.022,26.517,4.78,19.495,308.863,45.258,6.428,True,94.31,OPTIMAL,0.09,0.7125,0.1075,5.6,43.7,0.7883333333333333,4.0,24.0,6.0,4.0,2.8,1.5,1.603,30.0,270.0,4.88,0.0,0.2571428571428572,410.0,0.347,300.0,0.247,180.0,0.444,1.0,0.0,1.2,0.0
TC-JAIPUR-0719,TRAIN,LOC-IN-JAIPUR,Jaipur,Hot Semi-Arid / Composite,26.9124,75.7873,430.0,8,high,work,24.0,6.0,4.0,2.8,1.5,30.0,270.0,ASM-WALL-SHIMLA-COLD,ASM-ROOF-LADAKH-INS-MOD,ASM-FLOOR-WARM-TILED,0.347,0.25,2.1,4.88,15.951,7.041,22.149,2.33,15.108,207.933,51.968,9.98,True,90.96,OPTIMAL,0.09,0.7125,0.1075,5.6,43.7,0.7883333333333333,8.0,24.0,6.0,4.0,2.8,1.5,1.603,30.0,270.0,4.88,0.0,0.2571428571428572,410.0,0.347,153.0,0.25,150.0,2.1,2.0,0.0,1.2,0.0
TC-JAIPUR-0720,TRAIN,LOC-IN-JAIPUR,Jaipur,Hot Semi-Arid / Composite,26.9124,75.7873,430.0,1,low,residential,24.0,6.0,4.0,2.8,1.5,30.0,270.0,ASM-WALL-SHIMLA-COLD,ASM-ROOF-WARM-SLAB,ASM-FLOOR-LADAKH-TRAD,0.347,3.476,0.85,4.88,16.74,7.005,23.688,3.119,16.684,288.677,65.94,2.695,True,69.86,ACCEPTABLE,0.09,0.7125,0.1075,5.6,43.7,0.7883333333333333,1.0,24.0,6.0,4.0,2.8,1.5,1.603,30.0,270.0,4.88,0.0,0.2571428571428572,410.0,0.347,162.5,3.476,250.0,0.85,0.5,0.0,1.2,0.0
TC-JAIPUR-0721,TRAIN,LOC-IN-JAIPUR,Jaipur,Hot Semi-Arid / Composite,26.9124,75.7873,430.0,2,medium,emergency,25.0,5.0,5.0,2.8,1.0,0.0,0.0,ASM-WALL-LADAKH-TRAD,ASM-ROOF-LADAKH-TRAD,ASM-FLOOR-LADAKH-INS-SLAB,1.591,0.247,0.444,5.0,18.238,7.012,26.237,4.617,19.224,266.776,19.212,6.607,True,85.28,OPTIMAL,0.09,0.7125,0.1075,5.6,43.7,0.7883333333333333,2.0,25.0,5.0,5.0,2.8,1.0,1.514,0.0,0.0,5.0,0.0,0.21428571428571427,465.0,1.591,300.0,0.247,180.0,0.444,1.0,0.0,1.2,0.0
TC-JAIPUR-0722,TRAIN,LOC-IN-JAIPUR,Jaipur,Hot Semi-Arid / Composite,26.9124,75.7873,430.0,4,high,work,25.0,5.0,5.0,2.8,1.0,0.0,0.0,ASM-WALL-LADAKH-TRAD,ASM-ROOF-LADAKH-INS-MOD,ASM-FLOOR-WARM-TILED,1.591,0.25,2.1,5.0,15.445,7.023,21.351,1.824,14.328,175.726,31.375,10.002,True,81.93,OPTIMAL,0.09,0.7125,0.1075,5.6,43.7,0.7883333333333333,4.0,25.0,5.0,5.0,2.8,1.0,1.514,0.0,0.0,5.0,0.0,0.21428571428571427,465.0,1.591,153.0,0.25,150.0,2.1,2.0,0.0,1.2,0.0
TC-JAIPUR-0723,TRAIN,LOC-IN-JAIPUR,Jaipur,Hot Semi-Arid / Composite,26.9124,75.7873,430.0,8,low,residential,25.0,5.0,5.0,2.8,1.0,0.0,0.0,ASM-WALL-LADAKH-TRAD,ASM-ROOF-WARM-SLAB,ASM-FLOOR-LADAKH-TRAD,1.591,3.476,0.85,5.0,17.132,7.042,24.137,3.511,17.094,248.566,43.522,2.924,True,71.07,ACCEPTABLE,0.09,0.7125,0.1075,5.6,43.7,0.7883333333333333,8.0,25.0,5.0,5.0,2.8,1.0,1.514,0.0,0.0,5.0,0.0,0.21428571428571427,465.0,1.591,162.5,3.476,250.0,0.85,0.5,0.0,1.2,0.0
TC-JAIPUR-0724,TRAIN,LOC-IN-JAIPUR,Jaipur,Hot Semi-Arid / Composite,26.9124,75.7873,430.0,1,medium,emergency,25.0,5.0,5.0,2.8,1.0,0.0,0.0,ASM-WALL-LADAKH-IMP-TRAD,ASM-ROOF-LADAKH-TRAD,ASM-FLOOR-LADAKH-INS-SLAB,0.452,0.247,0.444,5.0,19.619,7.008,29.023,5.999,22.015,266.776,27.313,7.654,True,91.78,OPTIMAL,0.09,0.7125,0.1075,5.6,43.7,0.7883333333333333,1.0,25.0,5.0,5.0,2.8,1.0,1.514,0.0,0.0,5.0,0.0,0.21428571428571427,345.0,0.452,300.0,0.247,180.0,0.444,1.0,0.0,1.2,0.0
TC-JAIPUR-0725,TRAIN,LOC-IN-JAIPUR,Jaipur,Hot Semi-Arid / Composite,26.9124,75.7873,430.0,2,high,work,25.0,5.0,5.0,2.8,1.0,0.0,0.0,ASM-WALL-LADAKH-IMP-TRAD,ASM-ROOF-LADAKH-INS-MOD,ASM-FLOOR-WARM-TILED,0.452,0.25,2.1,5.0,16.274,7.015,23.015,2.654,16.0,175.726,36.534,10.537,True,90.47,OPTIMAL,0.09,0.7125,0.1075,5.6,43.7,0.7883333333333333,2.0,25.0,5.0,5.0,2.8,1.0,1.514,0.0,0.0,5.0,0.0,0.21428571428571427,345.0,0.452,153.0,0.25,150.0,2.1,2.0,0.0,1.2,0.0
TC-JAIPUR-0726,TRAIN,LOC-IN-JAIPUR,Jaipur,Hot Semi-Arid / Composite,26.9124,75.7873,430.0,4,low,residential,25.0,5.0,5.0,2.8,1.0,0.0,0.0,ASM-WALL-LADAKH-IMP-TRAD,ASM-ROOF-WARM-SLAB,ASM-FLOOR-LADAKH-TRAD,0.452,3.476,0.85,5.0,17.937,7.027,25.844,4.316,18.817,248.566,50.89,3.14,True,70.65,ACCEPTABLE,0.09,0.7125,0.1075,5.6,43.7,0.7883333333333333,4.0,25.0,5.0,5.0,2.8,1.0,1.514,0.0,0.0,5.0,0.0,0.21428571428571427,345.0,0.452,162.5,3.476,250.0,0.85,0.5,0.0,1.2,0.0
TC-JAIPUR-0727,TRAIN,LOC-IN-JAIPUR,Jaipur,Hot Semi-Arid / Composite,26.9124,75.7873,430.0,8,medium,emergency,25.0,5.0,5.0,2.8,1.0,0.0,0.0,ASM-WALL-LADAKH-INS-MOD,ASM-ROOF-LADAKH-TRAD,ASM-FLOOR-LADAKH-INS-SLAB,0.314,0.247,0.444,5.0,19.289,7.057,28.005,5.668,20.948,257.489,29.556,7.375,True,94.85,OPTIMAL,0.09,0.7125,0.1075,5.6,43.7,0.7883333333333333,8.0,25.0,5.0,5.0,2.8,1.0,1.514,0.0,0.0,5.0,0.0,0.21428571428571427,392.5,0.314,300.0,0.247,180.0,0.444,1.0,0.0,1.2,0.0
TC-JAIPUR-0728,TRAIN,LOC-IN-JAIPUR,Jaipur,Hot Semi-Arid / Composite,26.9124,75.7873,430.0,1,high,work,25.0,5.0,5.0,2.8,1.0,0.0,0.0,ASM-WALL-LADAKH-INS-MOD,ASM-ROOF-LADAKH-INS-MOD,ASM-FLOOR-WARM-TILED,0.314,0.25,2.1,5.0,15.514,7.007,21.626,1.894,14.619,166.439,36.567,9.918,True,91.5,OPTIMAL,0.09,0.7125,0.1075,5.6,43.7,0.7883333333333333,1.0,25.0,5.0,5.0,2.8,1.0,1.514,0.0,0.0,5.0,0.0,0.21428571428571427,392.5,0.314,153.0,0.25,150.0,2.1,2.0,0.0,1.2,0.0
TC-JAIPUR-0729,TRAIN,LOC-IN-JAIPUR,Jaipur,Hot Semi-Arid / Composite,26.9124,75.7873,430.0,2,low,residential,25.0,5.0,5.0,2.8,1.0,0.0,0.0,ASM-WALL-LADAKH-INS-MOD,ASM-ROOF-WARM-SLAB,ASM-FLOOR-LADAKH-TRAD,0.314,3.476,0.85,5.0,17.036,7.012,24.241,3.416,17.229,239.279,49.088,2.873,True,71.07,ACCEPTABLE,0.09,0.7125,0.1075,5.6,43.7,0.7883333333333333,2.0,25.0,5.0,5.0,2.8,1.0,1.514,0.0,0.0,5.0,0.0,0.21428571428571427,392.5,0.314,162.5,3.476,250.0,0.85,0.5,0.0,1.2,0.0
TC-JAIPUR-0730,TRAIN,LOC-IN-JAIPUR,Jaipur,Hot Semi-Arid / Composite,26.9124,75.7873,430.0,4,medium,emergency,25.0,5.0,5.0,2.8,1.0,0.0,0.0,ASM-WALL-LADAKH-LIGHT-INS,ASM-ROOF-LADAKH-TRAD,ASM-FLOOR-LADAKH-INS-SLAB,0.284,0.247,0.444,5.0,23.27,7.128,43.483,9.65,36.355,220.341,20.407,11.107,True,62.48,ACCEPTABLE,0.09,0.7125,0.1075,5.6,43.7,0.7883333333333333,4.0,25.0,5.0,5.0,2.8,1.0,1.514,0.0,0.0,5.0,0.0,0.21428571428571427,152.0,0.284,300.0,0.247,180.0,0.444,1.0,0.0,1.2,0.0
TC-JAIPUR-0731,TRAIN,LOC-IN-JAIPUR,Jaipur,Hot Semi-Arid / Composite,26.9124,75.7873,430.0,8,high,work,25.0,5.0,5.0,2.8,1.0,0.0,0.0,ASM-WALL-LADAKH-LIGHT-INS,ASM-ROOF-LADAKH-INS-MOD,ASM-FLOOR-WARM-TILED,0.284,0.25,2.1,5.0,18.67,7.18,30.099,5.049,22.918,129.291,32.772,12.597,True,79.21,ACCEPTABLE,0.09,0.7125,0.1075,5.6,43.7,0.7883333333333333,8.0,25.0,5.0,5.0,2.8,1.0,1.514,0.0,0.0,5.0,0.0,0.21428571428571427,152.0,0.284,153.0,0.25,150.0,2.1,2.0,0.0,1.2,0.0
TC-JAIPUR-0732,TRAIN,LOC-IN-JAIPUR,Jaipur,Hot Semi-Arid / Composite,26.9124,75.7873,430.0,1,low,residential,25.0,5.0,5.0,2.8,1.0,0.0,0.0,ASM-WALL-LADAKH-LIGHT-INS,ASM-ROOF-WARM-SLAB,ASM-FLOOR-LADAKH-TRAD,0.284,3.476,0.85,5.0,19.96,7.017,32.361,6.339,25.344,202.131,49.389,3.876,True,54.53,SUB_OPTIMAL,0.09,0.7125,0.1075,5.6,43.7,0.7883333333333333,1.0,25.0,5.0,5.0,2.8,1.0,1.514,0.0,0.0,5.0,0.0,0.21428571428571427,152.0,0.284,162.5,3.476,250.0,0.85,0.5,0.0,1.2,0.0
TC-JAIPUR-0733,TRAIN,LOC-IN-JAIPUR,Jaipur,Hot Semi-Arid / Composite,26.9124,75.7873,430.0,2,medium,emergency,25.0,5.0,5.0,2.8,1.0,0.0,0.0,ASM-WALL-SHIMLA-COLD,ASM-ROOF-LADAKH-TRAD,ASM-FLOOR-LADAKH-INS-SLAB,0.347,0.247,0.444,5.0,16.664,7.011,23.502,3.043,16.491,238.915,37.586,5.582,True,94.61,OPTIMAL,0.09,0.7125,0.1075,5.6,43.7,0.7883333333333333,2.0,25.0,5.0,5.0,2.8,1.0,1.514,0.0,0.0,5.0,0.0,0.21428571428571427,410.0,0.347,300.0,0.247,180.0,0.444,1.0,0.0,1.2,0.0
TC-JAIPUR-0734,TRAIN,LOC-IN-JAIPUR,Jaipur,Hot Semi-Arid / Composite,26.9124,75.7873,430.0,4,high,work,25.0,5.0,5.0,2.8,1.0,0.0,0.0,ASM-WALL-SHIMLA-COLD,ASM-ROOF-LADAKH-INS-MOD,ASM-FLOOR-WARM-TILED,0.347,0.25,2.1,5.0,14.37,7.021,19.51,0.749,12.489,147.865,46.227,9.155,True,91.26,OPTIMAL,0.09,0.7125,0.1075,5.6,43.7,0.7883333333333333,4.0,25.0,5.0,5.0,2.8,1.0,1.514,0.0,0.0,5.0,0.0,0.21428571428571427,410.0,0.347,153.0,0.25,150.0,2.1,2.0,0.0,1.2,0.0
TC-JAIPUR-0735,TRAIN,LOC-IN-JAIPUR,Jaipur,Hot Semi-Arid / Composite,26.9124,75.7873,430.0,8,low,residential,25.0,5.0,5.0,2.8,1.0,0.0,0.0,ASM-WALL-SHIMLA-COLD,ASM-ROOF-WARM-SLAB,ASM-FLOOR-LADAKH-TRAD,0.347,3.476,0.85,5.0,15.899,7.038,22.04,2.278,15.002,220.705,58.675,2.604,True,70.53,ACCEPTABLE,0.09,0.7125,0.1075,5.6,43.7,0.7883333333333333,8.0,25.0,5.0,5.0,2.8,1.0,1.514,0.0,0.0,5.0,0.0,0.21428571428571427,410.0,0.347,162.5,3.476,250.0,0.85,0.5,0.0,1.2,0.0
TC-JAIPUR-0736,TRAIN,LOC-IN-JAIPUR,Jaipur,Hot Semi-Arid / Composite,26.9124,75.7873,430.0,1,medium,emergency,25.0,5.0,5.0,2.8,1.0,0.0,90.0,ASM-WALL-LADAKH-TRAD,ASM-ROOF-LADAKH-TRAD,ASM-FLOOR-LADAKH-INS-SLAB,1.591,0.247,0.444,5.0,20.077,7.006,29.52,6.457,22.514,336.43,23.892,8.216,True,82.24,OPTIMAL,0.09,0.7125,0.1075,5.6,43.7,0.7883333333333333,1.0,25.0,5.0,5.0,2.8,1.0,1.514,0.0,90.0,5.0,0.0,0.21428571428571427,465.0,1.591,300.0,0.247,180.0,0.444,1.0,0.0,1.2,0.0
TC-JAIPUR-0737,TRAIN,LOC-IN-JAIPUR,Jaipur,Hot Semi-Arid / Composite,26.9124,75.7873,430.0,2,high,work,25.0,5.0,5.0,2.8,1.0,0.0,90.0,ASM-WALL-LADAKH-TRAD,ASM-ROOF-LADAKH-INS-MOD,ASM-FLOOR-WARM-TILED,1.591,0.25,2.1,5.0,16.991,7.011,24.109,3.37,17.098,245.38,36.059,11.495,True,81.93,OPTIMAL,0.09,0.7125,0.1075,5.6,43.7,0.7883333333333333,2.0,25.0,5.0,5.0,2.8,1.0,1.514,0.0,90.0,5.0,0.0,0.21428571428571427,465.0,1.591,153.0,0.25,150.0,2.1,2.0,0.0,1.2,0.0
TC-JAIPUR-0738,TRAIN,LOC-IN-JAIPUR,Jaipur,Hot Semi-Arid / Composite,26.9124,75.7873,430.0,4,low,residential,25.0,5.0,5.0,2.8,1.0,0.0,90.0,ASM-WALL-LADAKH-TRAD,ASM-ROOF-WARM-SLAB,ASM-FLOOR-LADAKH-TRAD,1.591,3.476,0.85,5.0,18.47,7.021,26.61,4.849,19.589,318.22,50.355,3.383,True,71.07,ACCEPTABLE,0.09,0.7125,0.1075,5.6,43.7,0.7883333333333333,4.0,25.0,5.0,5.0,2.8,1.0,1.514,0.0,90.0,5.0,0.0,0.21428571428571427,465.0,1.591,162.5,3.476,250.0,0.85,0.5,0.0,1.2,0.0
TC-JAIPUR-0739,TRAIN,LOC-IN-JAIPUR,Jaipur,Hot Semi-Arid / Composite,26.9124,75.7873,430.0,8,medium,emergency,25.0,5.0,5.0,2.8,1.0,0.0,90.0,ASM-WALL-LADAKH-IMP-TRAD,ASM-ROOF-LADAKH-TRAD,ASM-FLOOR-LADAKH-INS-SLAB,0.452,0.247,0.444,5.0,22.428,7.065,33.763,8.807,26.699,336.43,37.354,10.468,True,82.3,OPTIMAL,0.09,0.7125,0.1075,5.6,43.7,0.7883333333333333,8.0,25.0,5.0,5.0,2.8,1.0,1.514,0.0,90.0,5.0,0.0,0.21428571428571427,345.0,0.452,300.0,0.247,180.0,0.444,1.0,0.0,1.2,0.0
TC-JAIPUR-0740,TRAIN,LOC-IN-JAIPUR,Jaipur,Hot Semi-Arid / Composite,26.9124,75.7873,430.0,1,high,work,25.0,5.0,5.0,2.8,1.0,0.0,90.0,ASM-WALL-LADAKH-IMP-TRAD,ASM-ROOF-LADAKH-INS-MOD,ASM-FLOOR-WARM-TILED,0.452,0.25,2.1,5.0,18.045,7.007,26.289,4.424,19.282,245.38,43.951,12.676,True,90.47,OPTIMAL,0.09,0.7125,0.1075,5.6,43.7,0.7883333333333333,1.0,25.0,5.0,5.0,2.8,1.0,1.514,0.0,90.0,5.0,0.0,0.21428571428571427,345.0,0.452,153.0,0.25,150.0,2.1,2.0,0.0,1.2,0.0
TC-JAIPUR-0741,TRAIN,LOC-IN-JAIPUR,Jaipur,Hot Semi-Arid / Composite,26.9124,75.7873,430.0,2,low,residential,25.0,5.0,5.0,2.8,1.0,0.0,90.0,ASM-WALL-LADAKH-IMP-TRAD,ASM-ROOF-WARM-SLAB,ASM-FLOOR-LADAKH-TRAD,0.452,3.476,0.85,5.0,19.557,7.013,28.848,5.936,21.835,318.22,61.561,3.799,True,68.96,ACCEPTABLE,0.09,0.7125,0.1075,5.6,43.7,0.7883333333333333,2.0,25.0,5.0,5.0,2.8,1.0,1.514,0.0,90.0,5.0,0.0,0.21428571428571427,345.0,0.452,162.5,3.476,250.0,0.85,0.5,0.0,1.2,0.0
TC-JAIPUR-0742,TRAIN,LOC-IN-JAIPUR,Jaipur,Hot Semi-Arid / Composite,26.9124,75.7873,430.0,4,medium,emergency,25.0,5.0,5.0,2.8,1.0,0.0,90.0,ASM-WALL-LADAKH-INS-MOD,ASM-ROOF-LADAKH-TRAD,ASM-FLOOR-LADAKH-INS-SLAB,0.314,0.247,0.444,5.0,20.79,7.029,30.871,7.17,23.843,322.499,35.444,8.844,True,89.12,OPTIMAL,0.09,0.7125,0.1075,5.6,43.7,0.7883333333333333,4.0,25.0,5.0,5.0,2.8,1.0,1.514,0.0,90.0,5.0,0.0,0.21428571428571427,392.5,0.314,300.0,0.247,180.0,0.444,1.0,0.0,1.2,0.0
TC-JAIPUR-0743,TRAIN,LOC-IN-JAIPUR,Jaipur,Hot Semi-Arid / Composite,26.9124,75.7873,430.0,8,high,work,25.0,5.0,5.0,2.8,1.0,0.0,90.0,ASM-WALL-LADAKH-INS-MOD,ASM-ROOF-LADAKH-INS-MOD,ASM-FLOOR-WARM-TILED,0.314,0.25,2.1,5.0,17.73,7.053,25.332,4.109,18.279,231.449,45.19,12.257,True,91.5,OPTIMAL,0.09,0.7125,0.1075,5.6,43.7,0.7883333333333333,8.0,25.0,5.0,5.0,2.8,1.0,1.514,0.0,90.0,5.0,0.0,0.21428571428571427,392.5,0.314,153.0,0.25,150.0,2.1,2.0,0.0,1.2,0.0
TC-JAIPUR-0744,TRAIN,LOC-IN-JAIPUR,Jaipur,Hot Semi-Arid / Composite,26.9124,75.7873,430.0,1,low,residential,25.0,5.0,5.0,2.8,1.0,0.0,90.0,ASM-WALL-LADAKH-INS-MOD,ASM-ROOF-WARM-SLAB,ASM-FLOOR-LADAKH-TRAD,0.314,3.476,0.85,5.0,18.545,7.006,26.978,4.924,19.972,304.289,57.843,3.386,True,71.07,ACCEPTABLE,0.09,0.7125,0.1075,5.6,43.7,0.7883333333333333,1.0,25.0,5.0,5.0,2.8,1.0,1.514,0.0,90.0,5.0,0.0,0.21428571428571427,392.5,0.314,162.5,3.476,250.0,0.85,0.5,0.0,1.2,0.0
TC-JAIPUR-0745,TRAIN,LOC-IN-JAIPUR,Jaipur,Hot Semi-Arid / Composite,26.9124,75.7873,430.0,2,medium,emergency,25.0,5.0,5.0,2.8,1.0,0.0,90.0,ASM-WALL-LADAKH-LIGHT-INS,ASM-ROOF-LADAKH-TRAD,ASM-FLOOR-LADAKH-INS-SLAB,0.284,0.247,0.444,5.0,24.827,7.064,48.067,11.206,41.003,266.776,23.657,12.876,True,53.45,SUB_OPTIMAL,0.09,0.7125,0.1075,5.6,43.7,0.7883333333333333,2.0,25.0,5.0,5.0,2.8,1.0,1.514,0.0,90.0,5.0,0.0,0.21428571428571427,152.0,0.284,300.0,0.247,180.0,0.444,1.0,0.0,1.2,0.0
TC-JAIPUR-0746,TRAIN,LOC-IN-JAIPUR,Jaipur,Hot Semi-Arid / Composite,26.9124,75.7873,430.0,4,high,work,25.0,5.0,5.0,2.8,1.0,0.0,90.0,ASM-WALL-LADAKH-LIGHT-INS,ASM-ROOF-LADAKH-INS-MOD,ASM-FLOOR-WARM-TILED,0.284,0.25,2.1,5.0,19.817,7.09,33.47,6.197,26.38,175.726,38.982,14.984,True,72.46,ACCEPTABLE,0.09,0.7125,0.1075,5.6,43.7,0.7883333333333333,4.0,25.0,5.0,5.0,2.8,1.0,1.514,0.0,90.0,5.0,0.0,0.21428571428571427,152.0,0.284,153.0,0.25,150.0,2.1,2.0,0.0,1.2,0.0
TC-JAIPUR-0747,TRAIN,LOC-IN-JAIPUR,Jaipur,Hot Semi-Arid / Composite,26.9124,75.7873,430.0,8,low,residential,25.0,5.0,5.0,2.8,1.0,0.0,90.0,ASM-WALL-LADAKH-LIGHT-INS,ASM-ROOF-WARM-SLAB,ASM-FLOOR-LADAKH-TRAD,0.284,3.476,0.85,5.0,22.339,7.137,36.648,8.718,29.512,248.566,64.196,5.038,True,45.96,SUB_OPTIMAL,0.09,0.7125,0.1075,5.6,43.7,0.7883333333333333,8.0,25.0,5.0,5.0,2.8,1.0,1.514,0.0,90.0,5.0,0.0,0.21428571428571427,152.0,0.284,162.5,3.476,250.0,0.85,0.5,0.0,1.2,0.0
TC-JAIPUR-0748,TRAIN,LOC-IN-JAIPUR,Jaipur,Hot Semi-Arid / Composite,26.9124,75.7873,430.0,1,medium,emergency,25.0,5.0,5.0,2.8,1.0,0.0,90.0,ASM-WALL-SHIMLA-COLD,ASM-ROOF-LADAKH-TRAD,ASM-FLOOR-LADAKH-INS-SLAB,0.347,0.247,0.444,5.0,17.933,7.006,25.777,4.313,18.771,294.638,42.873,6.367,True,94.61,OPTIMAL,0.09,0.7125,0.1075,5.6,43.7,0.7883333333333333,1.0,25.0,5.0,5.0,2.8,1.0,1.514,0.0,90.0,5.0,0.0,0.21428571428571427,410.0,0.347,300.0,0.247,180.0,0.444,1.0,0.0,1.2,0.0
TC-JAIPUR-0749,TRAIN,LOC-IN-JAIPUR,Jaipur,Hot Semi-Arid / Composite,26.9124,75.7873,430.0,2,high,work,25.0,5.0,5.0,2.8,1.0,0.0,90.0,ASM-WALL-SHIMLA-COLD,ASM-ROOF-LADAKH-INS-MOD,ASM-FLOOR-WARM-TILED,0.347,0.25,2.1,5.0,15.436,7.01,21.412,1.815,14.401,203.588,50.269,9.955,True,91.26,OPTIMAL,0.09,0.7125,0.1075,5.6,43.7,0.7883333333333333,2.0,25.0,5.0,5.0,2.8,1.0,1.514,0.0,90.0,5.0,0.0,0.21428571428571427,410.0,0.347,153.0,0.25,150.0,2.1,2.0,0.0,1.2,0.0
TC-JAIPUR-0750,TRAIN,LOC-IN-JAIPUR,Jaipur,Hot Semi-Arid / Composite,26.9124,75.7873,430.0,4,low,residential,25.0,5.0,5.0,2.8,1.0,0.0,90.0,ASM-WALL-SHIMLA-COLD,ASM-ROOF-WARM-SLAB,ASM-FLOOR-LADAKH-TRAD,0.347,3.476,0.85,5.0,16.796,7.019,23.692,3.176,16.673,276.428,63.662,2.825,True,70.53,ACCEPTABLE,0.09,0.7125,0.1075,5.6,43.7,0.7883333333333333,4.0,25.0,5.0,5.0,2.8,1.0,1.514,0.0,90.0,5.0,0.0,0.21428571428571427,410.0,0.347,162.5,3.476,250.0,0.85,0.5,0.0,1.2,0.0
TC-JAIPUR-0751,TRAIN,LOC-IN-JAIPUR,Jaipur,Hot Semi-Arid / Composite,26.9124,75.7873,430.0,8,medium,emergency,25.0,5.0,5.0,2.8,1.0,0.0,180.0,ASM-WALL-LADAKH-TRAD,ASM-ROOF-LADAKH-TRAD,ASM-FLOOR-LADAKH-INS-SLAB,1.591,0.247,0.444,5.0,22.601,7.05,33.721,8.98,26.671,406.083,31.22,10.736,True,73.84,ACCEPTABLE,0.09,0.7125,0.1075,5.6,43.7,0.7883333333333333,8.0,25.0,5.0,5.0,2.8,1.0,1.514,0.0,180.0,5.0,0.0,0.21428571428571427,465.0,1.591,300.0,0.247,180.0,0.444,1.0,0.0,1.2,0.0
TC-JAIPUR-0752,TRAIN,LOC-IN-JAIPUR,Jaipur,Hot Semi-Arid / Composite,26.9124,75.7873,430.0,1,high,work,25.0,5.0,5.0,2.8,1.0,0.0,180.0,ASM-WALL-LADAKH-TRAD,ASM-ROOF-LADAKH-INS-MOD,ASM-FLOOR-WARM-TILED,1.591,0.25,2.1,5.0,18.605,7.006,27.014,4.984,20.008,315.033,42.946,13.69,True,81.93,OPTIMAL,0.09,0.7125,0.1075,5.6,43.7,0.7883333333333333,1.0,25.0,5.0,5.0,2.8,1.0,1.514,0.0,180.0,5.0,0.0,0.21428571428571427,465.0,1.591,153.0,0.25,150.0,2.1,2.0,0.0,1.2,0.0
TC-JAIPUR-0753,TRAIN,LOC-IN-JAIPUR,Jaipur,Hot Semi-Arid / Composite,26.9124,75.7873,430.0,2,low,residential,25.0,5.0,5.0,2.8,1.0,0.0,180.0,ASM-WALL-LADAKH-TRAD,ASM-ROOF-WARM-SLAB,ASM-FLOOR-LADAKH-TRAD,1.591,3.476,0.85,5.0,19.951,7.011,29.29,6.33,22.279,387.873,60.119,4.039,True,68.49,ACCEPTABLE,0.09,0.7125,0.1075,5.6,43.7,0.7883333333333333,2.0,25.0,5.0,5.0,2.8,1.0,1.514,0.0,180.0,5.0,0.0,0.21428571428571427,465.0,1.591,162.5,3.476,250.0,0.85,0.5,0.0,1.2,0.0
TC-JAIPUR-0754,TRAIN,LOC-IN-JAIPUR,Jaipur,Hot Semi-Arid / Composite,26.9124,75.7873,430.0,4,medium,emergency,25.0,5.0,5.0,2.8,1.0,0.0,180.0,ASM-WALL-LADAKH-IMP-TRAD,ASM-ROOF-LADAKH-TRAD,ASM-FLOOR-LADAKH-INS-SLAB,0.452,0.247,0.444,5.0,24.134,7.032,37.06,10.513,30.027,406.083,43.821,12.28,True,75.7,ACCEPTABLE,0.09,0.7125,0.1075,5.6,43.7,0.7883333333333333,4.0,25.0,5.0,5.0,2.8,1.0,1.514,0.0,180.0,5.0,0.0,0.21428571428571427,345.0,0.452,300.0,0.247,180.0,0.444,1.0,0.0,1.2,0.0
TC-JAIPUR-0755,TRAIN,LOC-IN-JAIPUR,Jaipur,Hot Semi-Arid / Composite,26.9124,75.7873,430.0,8,high,work,25.0,5.0,5.0,2.8,1.0,0.0,180.0,ASM-WALL-LADAKH-IMP-TRAD,ASM-ROOF-LADAKH-INS-MOD,ASM-FLOOR-WARM-TILED,0.452,0.25,2.1,5.0,20.478,7.059,30.418,6.857,23.359,315.033,58.487,16.869,True,85.63,OPTIMAL,0.09,0.7125,0.1075,5.6,43.7,0.7883333333333333,8.0,25.0,5.0,5.0,2.8,1.0,1.514,0.0,180.0,5.0,0.0,0.21428571428571427,345.0,0.452,153.0,0.25,150.0,2.1,2.0,0.0,1.2,0.0
TC-JAIPUR-0756,TRAIN,LOC-IN-JAIPUR,Jaipur,Hot Semi-Arid / Composite,26.9124,75.7873,430.0,1,low,residential,25.0,5.0,5.0,2.8,1.0,0.0,180.0,ASM-WALL-LADAKH-IMP-TRAD,ASM-ROOF-WARM-SLAB,ASM-FLOOR-LADAKH-TRAD,0.452,3.476,0.85,5.0,21.247,7.007,31.94,7.626,24.934,387.873,75.179,4.639,True,62.77,ACCEPTABLE,0.09,0.7125,0.1075,5.6,43.7,0.7883333333333333,1.0,25.0,5.0,5.0,2.8,1.0,1.514,0.0,180.0,5.0,0.0,0.21428571428571427,345.0,0.452,162.5,3.476,250.0,0.85,0.5,0.0,1.2,0.0
TC-JAIPUR-0757,TRAIN,LOC-IN-JAIPUR,Jaipur,Hot Semi-Arid / Composite,26.9124,75.7873,430.0,2,medium,emergency,25.0,5.0,5.0,2.8,1.0,0.0,180.0,ASM-WALL-LADAKH-INS-MOD,ASM-ROOF-LADAKH-TRAD,ASM-FLOOR-LADAKH-INS-SLAB,0.314,0.247,0.444,5.0,22.463,7.014,33.961,8.842,26.946,387.509,42.346,10.566,True,82.94,OPTIMAL,0.09,0.7125,0.1075,5.6,43.7,0.7883333333333333,2.0,25.0,5.0,5.0,2.8,1.0,1.514,0.0,180.0,5.0,0.0,0.21428571428571427,392.5,0.314,300.0,0.247,180.0,0.444,1.0,0.0,1.2,0.0
TC-JAIPUR-0758,TRAIN,LOC-IN-JAIPUR,Jaipur,Hot Semi-Arid / Composite,26.9124,75.7873,430.0,4,high,work,25.0,5.0,5.0,2.8,1.0,0.0,180.0,ASM-WALL-LADAKH-INS-MOD,ASM-ROOF-LADAKH-INS-MOD,ASM-FLOOR-WARM-TILED,0.314,0.25,2.1,5.0,19.04,7.026,27.861,5.419,20.835,296.459,52.621,14.273,True,91.5,OPTIMAL,0.09,0.7125,0.1075,5.6,43.7,0.7883333333333333,4.0,25.0,5.0,5.0,2.8,1.0,1.514,0.0,180.0,5.0,0.0,0.21428571428571427,392.5,0.314,153.0,0.25,150.0,2.1,2.0,0.0,1.2,0.0
TC-JAIPUR-0759,TRAIN,LOC-IN-JAIPUR,Jaipur,Hot Semi-Arid / Composite,26.9124,75.7873,430.0,8,low,residential,25.0,5.0,5.0,2.8,1.0,0.0,180.0,ASM-WALL-LADAKH-INS-MOD,ASM-ROOF-WARM-SLAB,ASM-FLOOR-LADAKH-TRAD,0.314,3.476,0.85,5.0,20.664,7.048,30.52,7.044,23.472,369.299,74.37,4.353,True,66.03,ACCEPTABLE,0.09,0.7125,0.1075,5.6,43.7,0.7883333333333333,8.0,25.0,5.0,5.0,2.8,1.0,1.514,0.0,180.0,5.0,0.0,0.21428571428571427,392.5,0.314,162.5,3.476,250.0,0.85,0.5,0.0,1.2,0.0
TC-JAIPUR-0760,TRAIN,LOC-IN-JAIPUR,Jaipur,Hot Semi-Arid / Composite,26.9124,75.7873,430.0,1,medium,emergency,25.0,5.0,5.0,2.8,1.0,0.0,180.0,ASM-WALL-LADAKH-LIGHT-INS,ASM-ROOF-LADAKH-TRAD,ASM-FLOOR-LADAKH-INS-SLAB,0.284,0.247,0.444,5.0,26.48,7.032,52.7,12.859,45.668,313.212,27.128,14.764,True,53.45,SUB_OPTIMAL,0.09,0.7125,0.1075,5.6,43.7,0.7883333333333333,1.0,25.0,5.0,5.0,2.8,1.0,1.514,0.0,180.0,5.0,0.0,0.21428571428571427,152.0,0.284,300.0,0.247,180.0,0.444,1.0,0.0,1.2,0.0
TC-JAIPUR-0761,TRAIN,LOC-IN-JAIPUR,Jaipur,Hot Semi-Arid / Composite,26.9124,75.7873,430.0,2,high,work,25.0,5.0,5.0,2.8,1.0,0.0,180.0,ASM-WALL-LADAKH-LIGHT-INS,ASM-ROOF-LADAKH-INS-MOD,ASM-FLOOR-WARM-TILED,0.284,0.25,2.1,5.0,21.18,7.045,37.169,7.559,30.124,222.162,46.527,17.883,True,65.06,ACCEPTABLE,0.09,0.7125,0.1075,5.6,43.7,0.7883333333333333,2.0,25.0,5.0,5.0,2.8,1.0,1.514,0.0,180.0,5.0,0.0,0.21428571428571427,152.0,0.284,153.0,0.25,150.0,2.1,2.0,0.0,1.2,0.0
TC-JAIPUR-0762,TRAIN,LOC-IN-JAIPUR,Jaipur,Hot Semi-Arid / Composite,26.9124,75.7873,430.0,4,low,residential,25.0,5.0,5.0,2.8,1.0,0.0,180.0,ASM-WALL-LADAKH-LIGHT-INS,ASM-ROOF-WARM-SLAB,ASM-FLOOR-LADAKH-TRAD,0.284,3.476,0.85,5.0,23.442,7.068,39.5,9.821,32.431,295.002,72.277,5.672,True,40.25,SUB_OPTIMAL,0.09,0.7125,0.1075,5.6,43.7,0.7883333333333333,4.0,25.0,5.0,5.0,2.8,1.0,1.514,0.0,180.0,5.0,0.0,0.21428571428571427,152.0,0.284,162.5,3.476,250.0,0.85,0.5,0.0,1.2,0.0
TC-JAIPUR-0763,TRAIN,LOC-IN-JAIPUR,Jaipur,Hot Semi-Arid / Composite,26.9124,75.7873,430.0,8,medium,emergency,25.0,5.0,5.0,2.8,1.0,0.0,180.0,ASM-WALL-SHIMLA-COLD,ASM-ROOF-LADAKH-TRAD,ASM-FLOOR-LADAKH-INS-SLAB,0.347,0.247,0.444,5.0,19.809,7.044,28.869,6.189,21.825,350.36,53.339,7.922,True,92.88,OPTIMAL,0.09,0.7125,0.1075,5.6,43.7,0.7883333333333333,8.0,25.0,5.0,5.0,2.8,1.0,1.514,0.0,180.0,5.0,0.0,0.21428571428571427,410.0,0.347,300.0,0.247,180.0,0.444,1.0,0.0,1.2,0.0
TC-JAIPUR-0764,TRAIN,LOC-IN-JAIPUR,Jaipur,Hot Semi-Arid / Composite,26.9124,75.7873,430.0,1,high,work,25.0,5.0,5.0,2.8,1.0,0.0,180.0,ASM-WALL-SHIMLA-COLD,ASM-ROOF-LADAKH-INS-MOD,ASM-FLOOR-WARM-TILED,0.347,0.25,2.1,5.0,16.567,7.005,23.415,2.946,16.41,259.31,55.56,11.003,True,91.26,OPTIMAL,0.09,0.7125,0.1075,5.6,43.7,0.7883333333333333,1.0,25.0,5.0,5.0,2.8,1.0,1.514,0.0,180.0,5.0,0.0,0.21428571428571427,410.0,0.347,153.0,0.25,150.0,2.1,2.0,0.0,1.2,0.0
TC-JAIPUR-0765,TRAIN,LOC-IN-JAIPUR,Jaipur,Hot Semi-Arid / Composite,26.9124,75.7873,430.0,2,low,residential,25.0,5.0,5.0,2.8,1.0,0.0,180.0,ASM-WALL-SHIMLA-COLD,ASM-ROOF-WARM-SLAB,ASM-FLOOR-LADAKH-TRAD,0.347,3.476,0.85,5.0,17.824,7.01,25.568,4.204,18.558,332.15,70.787,3.141,True,70.53,ACCEPTABLE,0.09,0.7125,0.1075,5.6,43.7,0.7883333333333333,2.0,25.0,5.0,5.0,2.8,1.0,1.514,0.0,180.0,5.0,0.0,0.21428571428571427,410.0,0.347,162.5,3.476,250.0,0.85,0.5,0.0,1.2,0.0
TC-JAIPUR-0766,TRAIN,LOC-IN-JAIPUR,Jaipur,Hot Semi-Arid / Composite,26.9124,75.7873,430.0,4,medium,emergency,25.0,5.0,5.0,2.8,1.0,0.0,270.0,ASM-WALL-LADAKH-TRAD,ASM-ROOF-LADAKH-TRAD,ASM-FLOOR-LADAKH-INS-SLAB,1.591,0.247,0.444,5.0,20.342,7.025,29.877,6.721,22.852,336.43,24.621,8.466,True,81.53,OPTIMAL,0.09,0.7125,0.1075,5.6,43.7,0.7883333333333333,4.0,25.0,5.0,5.0,2.8,1.0,1.514,0.0,270.0,5.0,0.0,0.21428571428571427,465.0,1.591,300.0,0.247,180.0,0.444,1.0,0.0,1.2,0.0
TC-JAIPUR-0767,TRAIN,LOC-IN-JAIPUR,Jaipur,Hot Semi-Arid / Composite,26.9124,75.7873,430.0,8,high,work,25.0,5.0,5.0,2.8,1.0,0.0,270.0,ASM-WALL-LADAKH-TRAD,ASM-ROOF-LADAKH-INS-MOD,ASM-FLOOR-WARM-TILED,1.591,0.25,2.1,5.0,17.458,7.046,24.734,3.838,17.688,245.38,37.804,12.051,True,81.93,OPTIMAL,0.09,0.7125,0.1075,5.6,43.7,0.7883333333333333,8.0,25.0,5.0,5.0,2.8,1.0,1.514,0.0,270.0,5.0,0.0,0.21428571428571427,465.0,1.591,153.0,0.25,150.0,2.1,2.0,0.0,1.2,0.0
TC-JAIPUR-0768,TRAIN,LOC-IN-JAIPUR,Jaipur,Hot Semi-Arid / Composite,26.9124,75.7873,430.0,1,low,residential,25.0,5.0,5.0,2.8,1.0,0.0,270.0,ASM-WALL-LADAKH-TRAD,ASM-ROOF-WARM-SLAB,ASM-FLOOR-LADAKH-TRAD,1.591,3.476,0.85,5.0,18.245,7.005,26.307,4.624,19.302,318.22,49.125,3.301,True,71.07,ACCEPTABLE,0.09,0.7125,0.1075,5.6,43.7,0.7883333333333333,1.0,25.0,5.0,5.0,2.8,1.0,1.514,0.0,270.0,5.0,0.0,0.21428571428571427,465.0,1.591,162.5,3.476,250.0,0.85,0.5,0.0,1.2,0.0
TC-JAIPUR-0769,TRAIN,LOC-IN-JAIPUR,Jaipur,Hot Semi-Arid / Composite,26.9124,75.7873,430.0,2,medium,emergency,25.0,5.0,5.0,2.8,1.0,0.0,270.0,ASM-WALL-LADAKH-IMP-TRAD,ASM-ROOF-LADAKH-TRAD,ASM-FLOOR-LADAKH-INS-SLAB,0.452,0.247,0.444,5.0,21.842,7.016,32.999,8.221,25.983,336.43,35.287,9.888,True,83.82,OPTIMAL,0.09,0.7125,0.1075,5.6,43.7,0.7883333333333333,2.0,25.0,5.0,5.0,2.8,1.0,1.514,0.0,270.0,5.0,0.0,0.21428571428571427,345.0,0.452,300.0,0.247,180.0,0.444,1.0,0.0,1.2,0.0
TC-JAIPUR-0770,TRAIN,LOC-IN-JAIPUR,Jaipur,Hot Semi-Arid / Composite,26.9124,75.7873,430.0,4,high,work,25.0,5.0,5.0,2.8,1.0,0.0,270.0,ASM-WALL-LADAKH-IMP-TRAD,ASM-ROOF-LADAKH-INS-MOD,ASM-FLOOR-WARM-TILED,0.452,0.25,2.1,5.0,18.301,7.029,26.622,4.68,19.592,245.38,45.172,13.028,True,90.47,OPTIMAL,0.09,0.7125,0.1075,5.6,43.7,0.7883333333333333,4.0,25.0,5.0,5.0,2.8,1.0,1.514,0.0,270.0,5.0,0.0,0.21428571428571427,345.0,0.452,153.0,0.25,150.0,2.1,2.0,0.0,1.2,0.0
TC-JAIPUR-0771,TRAIN,LOC-IN-JAIPUR,Jaipur,Hot Semi-Arid / Composite,26.9124,75.7873,430.0,8,low,residential,25.0,5.0,5.0,2.8,1.0,0.0,270.0,ASM-WALL-LADAKH-IMP-TRAD,ASM-ROOF-WARM-SLAB,ASM-FLOOR-LADAKH-TRAD,0.452,3.476,0.85,5.0,20.049,7.053,29.493,6.429,22.44,318.22,65.278,4.028,True,67.66,ACCEPTABLE,0.09,0.7125,0.1075,5.6,43.7,0.7883333333333333,8.0,25.0,5.0,5.0,2.8,1.0,1.514,0.0,270.0,5.0,0.0,0.21428571428571427,345.0,0.452,162.5,3.476,250.0,0.85,0.5,0.0,1.2,0.0
TC-JAIPUR-0772,TRAIN,LOC-IN-JAIPUR,Jaipur,Hot Semi-Arid / Composite,26.9124,75.7873,430.0,1,medium,emergency,25.0,5.0,5.0,2.8,1.0,0.0,270.0,ASM-WALL-LADAKH-INS-MOD,ASM-ROOF-LADAKH-TRAD,ASM-FLOOR-LADAKH-INS-SLAB,0.314,0.247,0.444,5.0,20.514,7.007,30.506,6.893,23.499,322.499,34.373,8.577,True,89.85,OPTIMAL,0.09,0.7125,0.1075,5.6,43.7,0.7883333333333333,1.0,25.0,5.0,5.0,2.8,1.0,1.514,0.0,270.0,5.0,0.0,0.21428571428571427,392.5,0.314,300.0,0.247,180.0,0.444,1.0,0.0,1.2,0.0
TC-JAIPUR-0773,TRAIN,LOC-IN-JAIPUR,Jaipur,Hot Semi-Arid / Composite,26.9124,75.7873,430.0,2,high,work,25.0,5.0,5.0,2.8,1.0,0.0,270.0,ASM-WALL-LADAKH-INS-MOD,ASM-ROOF-LADAKH-INS-MOD,ASM-FLOOR-WARM-TILED,0.314,0.25,2.1,5.0,17.243,7.013,24.695,3.623,17.681,231.449,43.045,11.675,True,91.5,OPTIMAL,0.09,0.7125,0.1075,5.6,43.7,0.7883333333333333,2.0,25.0,5.0,5.0,2.8,1.0,1.514,0.0,270.0,5.0,0.0,0.21428571428571427,392.5,0.314,153.0,0.25,150.0,2.1,2.0,0.0,1.2,0.0
TC-JAIPUR-0774,TRAIN,LOC-IN-JAIPUR,Jaipur,Hot Semi-Arid / Composite,26.9124,75.7873,430.0,4,low,residential,25.0,5.0,5.0,2.8,1.0,0.0,270.0,ASM-WALL-LADAKH-INS-MOD,ASM-ROOF-WARM-SLAB,ASM-FLOOR-LADAKH-TRAD,0.314,3.476,0.85,5.0,18.779,7.024,27.288,5.158,20.264,304.289,59.408,3.478,True,71.07,ACCEPTABLE,0.09,0.7125,0.1075,5.6,43.7,0.7883333333333333,4.0,25.0,5.0,5.0,2.8,1.0,1.514,0.0,270.0,5.0,0.0,0.21428571428571427,392.5,0.314,162.5,3.476,250.0,0.85,0.5,0.0,1.2,0.0
TC-JAIPUR-0775,TRAIN,LOC-IN-JAIPUR,Jaipur,Hot Semi-Arid / Composite,26.9124,75.7873,430.0,8,medium,emergency,25.0,5.0,5.0,2.8,1.0,0.0,270.0,ASM-WALL-LADAKH-LIGHT-INS,ASM-ROOF-LADAKH-TRAD,ASM-FLOOR-LADAKH-INS-SLAB,0.284,0.247,0.444,5.0,25.678,7.255,48.946,12.057,41.691,266.776,25.215,13.724,True,53.45,SUB_OPTIMAL,0.09,0.7125,0.1075,5.6,43.7,0.7883333333333333,8.0,25.0,5.0,5.0,2.8,1.0,1.514,0.0,270.0,5.0,0.0,0.21428571428571427,152.0,0.284,300.0,0.247,180.0,0.444,1.0,0.0,1.2,0.0
TC-JAIPUR-0776,TRAIN,LOC-IN-JAIPUR,Jaipur,Hot Semi-Arid / Composite,26.9124,75.7873,430.0,1,high,work,25.0,5.0,5.0,2.8,1.0,0.0,270.0,ASM-WALL-LADAKH-LIGHT-INS,ASM-ROOF-LADAKH-INS-MOD,ASM-FLOOR-WARM-TILED,0.284,0.25,2.1,5.0,19.46,7.023,33.076,5.839,26.054,175.726,37.555,14.435,True,73.25,ACCEPTABLE,0.09,0.7125,0.1075,5.6,43.7,0.7883333333333333,1.0,25.0,5.0,5.0,2.8,1.0,1.514,0.0,270.0,5.0,0.0,0.21428571428571427,152.0,0.284,153.0,0.25,150.0,2.1,2.0,0.0,1.2,0.0
TC-JAIPUR-0777,TRAIN,LOC-IN-JAIPUR,Jaipur,Hot Semi-Arid / Composite,26.9124,75.7873,430.0,2,low,residential,25.0,5.0,5.0,2.8,1.0,0.0,270.0,ASM-WALL-LADAKH-LIGHT-INS,ASM-ROOF-WARM-SLAB,ASM-FLOOR-LADAKH-TRAD,0.284,3.476,0.85,5.0,21.658,7.034,35.872,8.037,28.838,248.566,60.149,4.72,True,47.51,SUB_OPTIMAL,0.09,0.7125,0.1075,5.6,43.7,0.7883333333333333,2.0,25.0,5.0,5.0,2.8,1.0,1.514,0.0,270.0,5.0,0.0,0.21428571428571427,152.0,0.284,162.5,3.476,250.0,0.85,0.5,0.0,1.2,0.0
TC-JAIPUR-0778,TRAIN,LOC-IN-JAIPUR,Jaipur,Hot Semi-Arid / Composite,26.9124,75.7873,430.0,4,medium,emergency,25.0,5.0,5.0,2.8,1.0,0.0,270.0,ASM-WALL-SHIMLA-COLD,ASM-ROOF-LADAKH-TRAD,ASM-FLOOR-LADAKH-INS-SLAB,0.347,0.247,0.444,5.0,18.165,7.022,26.087,4.544,19.065,294.638,43.938,6.526,True,94.61,OPTIMAL,0.09,0.7125,0.1075,5.6,43.7,0.7883333333333333,4.0,25.0,5.0,5.0,2.8,1.0,1.514,0.0,270.0,5.0,0.0,0.21428571428571427,410.0,0.347,300.0,0.247,180.0,0.444,1.0,0.0,1.2,0.0
TC-JAIPUR-0779,TRAIN,LOC-IN-JAIPUR,Jaipur,Hot Semi-Arid / Composite,26.9124,75.7873,430.0,8,high,work,25.0,5.0,5.0,2.8,1.0,0.0,270.0,ASM-WALL-SHIMLA-COLD,ASM-ROOF-LADAKH-INS-MOD,ASM-FLOOR-WARM-TILED,0.347,0.25,2.1,5.0,15.85,7.041,21.968,2.229,14.927,203.588,52.145,10.327,True,91.26,OPTIMAL,0.09,0.7125,0.1075,5.6,43.7,0.7883333333333333,8.0,25.0,5.0,5.0,2.8,1.0,1.514,0.0,270.0,5.0,0.0,0.21428571428571427,410.0,0.347,153.0,0.25,150.0,2.1,2.0,0.0,1.2,0.0
TC-JAIPUR-0780,TRAIN,LOC-IN-JAIPUR,Jaipur,Hot Semi-Arid / Composite,26.9124,75.7873,430.0,1,low,residential,25.0,5.0,5.0,2.8,1.0,0.0,270.0,ASM-WALL-SHIMLA-COLD,ASM-ROOF-WARM-SLAB,ASM-FLOOR-LADAKH-TRAD,0.347,3.476,0.85,5.0,16.596,7.005,23.421,2.975,16.416,276.428,62.423,2.77,True,70.53,ACCEPTABLE,0.09,0.7125,0.1075,5.6,43.7,0.7883333333333333,1.0,25.0,5.0,5.0,2.8,1.0,1.514,0.0,270.0,5.0,0.0,0.21428571428571427,410.0,0.347,162.5,3.476,250.0,0.85,0.5,0.0,1.2,0.0
TC-JAIPUR-0781,TRAIN,LOC-IN-JAIPUR,Jaipur,Hot Semi-Arid / Composite,26.9124,75.7873,430.0,2,medium,emergency,35.0,7.0,5.0,3.0,1.4,20.0,0.0,ASM-WALL-LADAKH-TRAD,ASM-ROOF-LADAKH-TRAD,ASM-FLOOR-LADAKH-INS-SLAB,1.591,0.247,0.444,6.2,18.567,7.009,26.86,4.946,19.85,369.644,26.03,10.258,True,85.28,OPTIMAL,0.09,0.7125,0.1075,5.6,43.7,0.7883333333333333,2.0,35.0,7.0,5.0,3.0,1.4,1.374,20.0,0.0,6.2,0.0,0.2,465.0,1.591,300.0,0.247,180.0,0.444,1.0,0.0,1.2,0.0
TC-JAIPUR-0782,TRAIN,LOC-IN-JAIPUR,Jaipur,Hot Semi-Arid / Composite,26.9124,75.7873,430.0,4,high,work,35.0,7.0,5.0,3.0,1.4,20.0,0.0,ASM-WALL-LADAKH-TRAD,ASM-ROOF-LADAKH-INS-MOD,ASM-FLOOR-WARM-TILED,1.591,0.25,2.1,6.2,15.433,7.018,21.374,1.813,14.356,233.993,42.446,14.941,True,81.93,OPTIMAL,0.09,0.7125,0.1075,5.6,43.7,0.7883333333333333,4.0,35.0,7.0,5.0,3.0,1.4,1.374,20.0,0.0,6.2,0.0,0.2,465.0,1.591,153.0,0.25,150.0,2.1,2.0,0.0,1.2,0.0
TC-JAIPUR-0783,TRAIN,LOC-IN-JAIPUR,Jaipur,Hot Semi-Arid / Composite,26.9124,75.7873,430.0,8,low,residential,35.0,7.0,5.0,3.0,1.4,20.0,0.0,ASM-WALL-LADAKH-TRAD,ASM-ROOF-WARM-SLAB,ASM-FLOOR-LADAKH-TRAD,1.591,3.476,0.85,6.2,17.157,7.032,24.247,3.536,17.215,342.514,61.691,4.391,True,71.07,ACCEPTABLE,0.09,0.7125,0.1075,5.6,43.7,0.7883333333333333,8.0,35.0,7.0,5.0,3.0,1.4,1.374,20.0,0.0,6.2,0.0,0.2,465.0,1.591,162.5,3.476,250.0,0.85,0.5,0.0,1.2,0.0
TC-JAIPUR-0784,TRAIN,LOC-IN-JAIPUR,Jaipur,Hot Semi-Arid / Composite,26.9124,75.7873,430.0,1,medium,emergency,35.0,7.0,5.0,3.0,1.4,20.0,0.0,ASM-WALL-LADAKH-IMP-TRAD,ASM-ROOF-LADAKH-TRAD,ASM-FLOOR-LADAKH-INS-SLAB,0.452,0.247,0.444,6.2,19.946,7.006,29.67,6.325,22.663,369.644,37.071,11.937,True,90.48,OPTIMAL,0.09,0.7125,0.1075,5.6,43.7,0.7883333333333333,1.0,35.0,7.0,5.0,3.0,1.4,1.374,20.0,0.0,6.2,0.0,0.2,345.0,0.452,300.0,0.247,180.0,0.444,1.0,0.0,1.2,0.0
TC-JAIPUR-0785,TRAIN,LOC-IN-JAIPUR,Jaipur,Hot Semi-Arid / Composite,26.9124,75.7873,430.0,2,high,work,35.0,7.0,5.0,3.0,1.4,20.0,0.0,ASM-WALL-LADAKH-IMP-TRAD,ASM-ROOF-LADAKH-INS-MOD,ASM-FLOOR-WARM-TILED,0.452,0.25,2.1,6.2,16.259,7.011,23.047,2.638,16.036,233.993,49.169,15.734,True,90.47,OPTIMAL,0.09,0.7125,0.1075,5.6,43.7,0.7883333333333333,2.0,35.0,7.0,5.0,3.0,1.4,1.374,20.0,0.0,6.2,0.0,0.2,345.0,0.452,153.0,0.25,150.0,2.1,2.0,0.0,1.2,0.0
TC-JAIPUR-0786,TRAIN,LOC-IN-JAIPUR,Jaipur,Hot Semi-Arid / Composite,26.9124,75.7873,430.0,4,low,residential,35.0,7.0,5.0,3.0,1.4,20.0,0.0,ASM-WALL-LADAKH-IMP-TRAD,ASM-ROOF-WARM-SLAB,ASM-FLOOR-LADAKH-TRAD,0.452,3.476,0.85,6.2,17.988,7.02,26.005,4.367,18.985,342.514,71.879,4.734,True,69.97,ACCEPTABLE,0.09,0.7125,0.1075,5.6,43.7,0.7883333333333333,4.0,35.0,7.0,5.0,3.0,1.4,1.374,20.0,0.0,6.2,0.0,0.2,345.0,0.452,162.5,3.476,250.0,0.85,0.5,0.0,1.2,0.0
TC-JAIPUR-0787,TRAIN,LOC-IN-JAIPUR,Jaipur,Hot Semi-Arid / Composite,26.9124,75.7873,430.0,8,medium,emergency,35.0,7.0,5.0,3.0,1.4,20.0,0.0,ASM-WALL-LADAKH-INS-MOD,ASM-ROOF-LADAKH-TRAD,ASM-FLOOR-LADAKH-INS-SLAB,0.314,0.247,0.444,6.2,19.47,7.044,28.448,5.849,21.404,357.662,39.315,11.287,True,93.96,OPTIMAL,0.09,0.7125,0.1075,5.6,43.7,0.7883333333333333,8.0,35.0,7.0,5.0,3.0,1.4,1.374,20.0,0.0,6.2,0.0,0.2,392.5,0.314,300.0,0.247,180.0,0.444,1.0,0.0,1.2,0.0
TC-JAIPUR-0788,TRAIN,LOC-IN-JAIPUR,Jaipur,Hot Semi-Arid / Composite,26.9124,75.7873,430.0,1,high,work,35.0,7.0,5.0,3.0,1.4,20.0,0.0,ASM-WALL-LADAKH-INS-MOD,ASM-ROOF-LADAKH-INS-MOD,ASM-FLOOR-WARM-TILED,0.314,0.25,2.1,6.2,15.549,7.005,21.715,1.928,14.71,222.011,49.263,14.866,True,91.5,OPTIMAL,0.09,0.7125,0.1075,5.6,43.7,0.7883333333333333,1.0,35.0,7.0,5.0,3.0,1.4,1.374,20.0,0.0,6.2,0.0,0.2,392.5,0.314,153.0,0.25,150.0,2.1,2.0,0.0,1.2,0.0
TC-JAIPUR-0789,TRAIN,LOC-IN-JAIPUR,Jaipur,Hot Semi-Arid / Composite,26.9124,75.7873,430.0,2,low,residential,35.0,7.0,5.0,3.0,1.4,20.0,0.0,ASM-WALL-LADAKH-INS-MOD,ASM-ROOF-WARM-SLAB,ASM-FLOOR-LADAKH-TRAD,0.314,3.476,0.85,6.2,17.164,7.009,24.511,3.543,17.502,330.531,69.541,4.363,True,70.62,ACCEPTABLE,0.09,0.7125,0.1075,5.6,43.7,0.7883333333333333,2.0,35.0,7.0,5.0,3.0,1.4,1.374,20.0,0.0,6.2,0.0,0.2,392.5,0.314,162.5,3.476,250.0,0.85,0.5,0.0,1.2,0.0
TC-JAIPUR-0790,TRAIN,LOC-IN-JAIPUR,Jaipur,Hot Semi-Arid / Composite,26.9124,75.7873,430.0,4,medium,emergency,35.0,7.0,5.0,3.0,1.4,20.0,0.0,ASM-WALL-LADAKH-LIGHT-INS,ASM-ROOF-LADAKH-TRAD,ASM-FLOOR-LADAKH-INS-SLAB,0.284,0.247,0.444,6.2,23.398,7.092,43.822,9.778,36.73,309.733,27.346,16.917,True,62.5,ACCEPTABLE,0.09,0.7125,0.1075,5.6,43.7,0.7883333333333333,4.0,35.0,7.0,5.0,3.0,1.4,1.374,20.0,0.0,6.2,0.0,0.2,152.0,0.284,300.0,0.247,180.0,0.444,1.0,0.0,1.2,0.0
TC-JAIPUR-0791,TRAIN,LOC-IN-JAIPUR,Jaipur,Hot Semi-Arid / Composite,26.9124,75.7873,430.0,8,high,work,35.0,7.0,5.0,3.0,1.4,20.0,0.0,ASM-WALL-LADAKH-LIGHT-INS,ASM-ROOF-LADAKH-INS-MOD,ASM-FLOOR-WARM-TILED,0.284,0.25,2.1,6.2,18.334,7.132,29.671,4.713,22.539,174.082,43.131,18.119,True,80.01,OPTIMAL,0.09,0.7125,0.1075,5.6,43.7,0.7883333333333333,8.0,35.0,7.0,5.0,3.0,1.4,1.374,20.0,0.0,6.2,0.0,0.2,152.0,0.284,153.0,0.25,150.0,2.1,2.0,0.0,1.2,0.0
TC-JAIPUR-0792,TRAIN,LOC-IN-JAIPUR,Jaipur,Hot Semi-Arid / Composite,26.9124,75.7873,430.0,1,low,residential,35.0,7.0,5.0,3.0,1.4,20.0,0.0,ASM-WALL-LADAKH-LIGHT-INS,ASM-ROOF-WARM-SLAB,ASM-FLOOR-LADAKH-TRAD,0.284,3.476,0.85,6.2,19.954,7.012,32.243,6.333,25.231,282.603,70.965,5.814,True,54.67,SUB_OPTIMAL,0.09,0.7125,0.1075,5.6,43.7,0.7883333333333333,1.0,35.0,7.0,5.0,3.0,1.4,1.374,20.0,0.0,6.2,0.0,0.2,152.0,0.284,162.5,3.476,250.0,0.85,0.5,0.0,1.2,0.0
TC-JAIPUR-0793,TRAIN,LOC-IN-JAIPUR,Jaipur,Hot Semi-Arid / Composite,26.9124,75.7873,430.0,2,medium,emergency,35.0,7.0,5.0,3.0,1.4,20.0,0.0,ASM-WALL-SHIMLA-COLD,ASM-ROOF-LADAKH-TRAD,ASM-FLOOR-LADAKH-INS-SLAB,0.347,0.247,0.444,6.2,16.994,7.008,24.114,3.373,17.106,333.697,50.339,8.638,True,94.61,OPTIMAL,0.09,0.7125,0.1075,5.6,43.7,0.7883333333333333,2.0,35.0,7.0,5.0,3.0,1.4,1.374,20.0,0.0,6.2,0.0,0.2,410.0,0.347,300.0,0.247,180.0,0.444,1.0,0.0,1.2,0.0
TC-JAIPUR-0794,TRAIN,LOC-IN-JAIPUR,Jaipur,Hot Semi-Arid / Composite,26.9124,75.7873,430.0,4,high,work,35.0,7.0,5.0,3.0,1.4,20.0,0.0,ASM-WALL-SHIMLA-COLD,ASM-ROOF-LADAKH-INS-MOD,ASM-FLOOR-WARM-TILED,0.347,0.25,2.1,6.2,14.395,7.016,19.588,0.774,12.572,198.046,61.558,13.722,True,91.01,OPTIMAL,0.09,0.7125,0.1075,5.6,43.7,0.7883333333333333,4.0,35.0,7.0,5.0,3.0,1.4,1.374,20.0,0.0,6.2,0.0,0.2,410.0,0.347,153.0,0.25,150.0,2.1,2.0,0.0,1.2,0.0
TC-JAIPUR-0795,TRAIN,LOC-IN-JAIPUR,Jaipur,Hot Semi-Arid / Composite,26.9124,75.7873,430.0,8,low,residential,35.0,7.0,5.0,3.0,1.4,20.0,0.0,ASM-WALL-SHIMLA-COLD,ASM-ROOF-WARM-SLAB,ASM-FLOOR-LADAKH-TRAD,0.347,3.476,0.85,6.2,15.971,7.029,22.224,2.35,15.195,306.567,80.811,3.917,True,70.03,ACCEPTABLE,0.09,0.7125,0.1075,5.6,43.7,0.7883333333333333,8.0,35.0,7.0,5.0,3.0,1.4,1.374,20.0,0.0,6.2,0.0,0.2,410.0,0.347,162.5,3.476,250.0,0.85,0.5,0.0,1.2,0.0
TC-JAIPUR-0796,TRAIN,LOC-IN-JAIPUR,Jaipur,Hot Semi-Arid / Composite,26.9124,75.7873,430.0,1,medium,emergency,35.0,7.0,5.0,3.0,1.4,20.0,90.0,ASM-WALL-LADAKH-TRAD,ASM-ROOF-LADAKH-TRAD,ASM-FLOOR-LADAKH-INS-SLAB,1.591,0.247,0.444,6.2,20.365,7.005,30.07,6.745,23.065,459.51,32.29,12.725,True,81.14,OPTIMAL,0.09,0.7125,0.1075,5.6,43.7,0.7883333333333333,1.0,35.0,7.0,5.0,3.0,1.4,1.374,20.0,90.0,6.2,0.0,0.28,465.0,1.591,300.0,0.247,180.0,0.444,1.0,0.0,1.2,0.0
TC-JAIPUR-0797,TRAIN,LOC-IN-JAIPUR,Jaipur,Hot Semi-Arid / Composite,26.9124,75.7873,430.0,2,high,work,35.0,7.0,5.0,3.0,1.4,20.0,90.0,ASM-WALL-LADAKH-TRAD,ASM-ROOF-LADAKH-INS-MOD,ASM-FLOOR-WARM-TILED,1.591,0.25,2.1,6.2,16.957,7.009,24.095,3.336,17.086,323.859,48.704,17.144,True,81.93,OPTIMAL,0.09,0.7125,0.1075,5.6,43.7,0.7883333333333333,2.0,35.0,7.0,5.0,3.0,1.4,1.374,20.0,90.0,6.2,0.0,0.28,465.0,1.591,153.0,0.25,150.0,2.1,2.0,0.0,1.2,0.0
TC-JAIPUR-0798,TRAIN,LOC-IN-JAIPUR,Jaipur,Hot Semi-Arid / Composite,26.9124,75.7873,430.0,4,low,residential,35.0,7.0,5.0,3.0,1.4,20.0,90.0,ASM-WALL-LADAKH-TRAD,ASM-ROOF-WARM-SLAB,ASM-FLOOR-LADAKH-TRAD,1.591,3.476,0.85,6.2,18.497,7.016,26.715,4.877,19.699,432.38,71.361,5.08,True,71.07,ACCEPTABLE,0.09,0.7125,0.1075,5.6,43.7,0.7883333333333333,4.0,35.0,7.0,5.0,3.0,1.4,1.374,20.0,90.0,6.2,0.0,0.28,465.0,1.591,162.5,3.476,250.0,0.85,0.5,0.0,1.2,0.0
TC-JAIPUR-0799,TRAIN,LOC-IN-JAIPUR,Jaipur,Hot Semi-Arid / Composite,26.9124,75.7873,430.0,8,medium,emergency,35.0,7.0,5.0,3.0,1.4,20.0,90.0,ASM-WALL-LADAKH-IMP-TRAD,ASM-ROOF-LADAKH-TRAD,ASM-FLOOR-LADAKH-INS-SLAB,0.452,0.247,0.444,6.2,22.501,7.049,34.05,8.88,27.001,459.51,49.133,15.821,True,81.72,OPTIMAL,0.09,0.7125,0.1075,5.6,43.7,0.7883333333333333,8.0,35.0,7.0,5.0,3.0,1.4,1.374,20.0,90.0,6.2,0.0,0.28,345.0,0.452,300.0,0.247,180.0,0.444,1.0,0.0,1.2,0.0
TC-JAIPUR-0800,TRAIN,LOC-IN-JAIPUR,Jaipur,Hot Semi-Arid / Composite,26.9124,75.7873,430.0,1,high,work,35.0,7.0,5.0,3.0,1.4,20.0,90.0,ASM-WALL-LADAKH-IMP-TRAD,ASM-ROOF-LADAKH-INS-MOD,ASM-FLOOR-WARM-TILED,0.452,0.25,2.1,6.2,17.975,7.006,26.226,4.354,19.22,323.859,58.819,18.822,True,90.47,OPTIMAL,0.09,0.7125,0.1075,5.6,43.7,0.7883333333333333,1.0,35.0,7.0,5.0,3.0,1.4,1.374,20.0,90.0,6.2,0.0,0.28,345.0,0.452,153.0,0.25,150.0,2.1,2.0,0.0,1.2,0.0
TC-JAIPUR-0801,TRAIN,LOC-IN-JAIPUR,Jaipur,Hot Semi-Arid / Composite,26.9124,75.7873,430.0,2,low,residential,35.0,7.0,5.0,3.0,1.4,20.0,90.0,ASM-WALL-LADAKH-IMP-TRAD,ASM-ROOF-WARM-SLAB,ASM-FLOOR-LADAKH-TRAD,0.452,3.476,0.85,6.2,19.56,7.01,28.909,5.939,21.899,432.38,86.509,5.697,True,68.15,ACCEPTABLE,0.09,0.7125,0.1075,5.6,43.7,0.7883333333333333,2.0,35.0,7.0,5.0,3.0,1.4,1.374,20.0,90.0,6.2,0.0,0.28,345.0,0.452,162.5,3.476,250.0,0.85,0.5,0.0,1.2,0.0
TC-JAIPUR-0802,TRAIN,LOC-IN-JAIPUR,Jaipur,Hot Semi-Arid / Composite,26.9124,75.7873,430.0,4,medium,emergency,35.0,7.0,5.0,3.0,1.4,20.0,90.0,ASM-WALL-LADAKH-INS-MOD,ASM-ROOF-LADAKH-TRAD,ASM-FLOOR-LADAKH-INS-SLAB,0.314,0.247,0.444,6.2,21.0,7.022,31.332,7.379,24.31,441.537,47.262,13.568,True,88.2,OPTIMAL,0.09,0.7125,0.1075,5.6,43.7,0.7883333333333333,4.0,35.0,7.0,5.0,3.0,1.4,1.374,20.0,90.0,6.2,0.0,0.28,392.5,0.314,300.0,0.247,180.0,0.444,1.0,0.0,1.2,0.0
TC-JAIPUR-0803,TRAIN,LOC-IN-JAIPUR,Jaipur,Hot Semi-Arid / Composite,26.9124,75.7873,430.0,8,high,work,35.0,7.0,5.0,3.0,1.4,20.0,90.0,ASM-WALL-LADAKH-INS-MOD,ASM-ROOF-LADAKH-INS-MOD,ASM-FLOOR-WARM-TILED,0.314,0.25,2.1,6.2,17.556,7.04,25.136,3.935,18.096,305.886,59.721,18.021,True,91.5,OPTIMAL,0.09,0.7125,0.1075,5.6,43.7,0.7883333333333333,8.0,35.0,7.0,5.0,3.0,1.4,1.374,20.0,90.0,6.2,0.0,0.28,392.5,0.314,153.0,0.25,150.0,2.1,2.0,0.0,1.2,0.0
TC-JAIPUR-0804,TRAIN,LOC-IN-JAIPUR,Jaipur,Hot Semi-Arid / Composite,26.9124,75.7873,430.0,1,low,residential,35.0,7.0,5.0,3.0,1.4,20.0,90.0,ASM-WALL-LADAKH-INS-MOD,ASM-ROOF-WARM-SLAB,ASM-FLOOR-LADAKH-TRAD,0.314,3.476,0.85,6.2,18.616,7.005,27.142,4.995,20.138,414.407,81.516,5.114,True,70.62,ACCEPTABLE,0.09,0.7125,0.1075,5.6,43.7,0.7883333333333333,1.0,35.0,7.0,5.0,3.0,1.4,1.374,20.0,90.0,6.2,0.0,0.28,392.5,0.314,162.5,3.476,250.0,0.85,0.5,0.0,1.2,0.0
TC-JAIPUR-0805,TRAIN,LOC-IN-JAIPUR,Jaipur,Hot Semi-Arid / Composite,26.9124,75.7873,430.0,2,medium,emergency,35.0,7.0,5.0,3.0,1.4,20.0,90.0,ASM-WALL-LADAKH-LIGHT-INS,ASM-ROOF-LADAKH-TRAD,ASM-FLOOR-LADAKH-INS-SLAB,0.284,0.247,0.444,6.2,24.935,7.046,48.198,11.314,41.152,369.644,31.54,19.511,True,54.15,SUB_OPTIMAL,0.09,0.7125,0.1075,5.6,43.7,0.7883333333333333,2.0,35.0,7.0,5.0,3.0,1.4,1.374,20.0,90.0,6.2,0.0,0.28,152.0,0.284,300.0,0.247,180.0,0.444,1.0,0.0,1.2,0.0
TC-JAIPUR-0806,TRAIN,LOC-IN-JAIPUR,Jaipur,Hot Semi-Arid / Composite,26.9124,75.7873,430.0,4,high,work,35.0,7.0,5.0,3.0,1.4,20.0,90.0,ASM-WALL-LADAKH-LIGHT-INS,ASM-ROOF-LADAKH-INS-MOD,ASM-FLOOR-WARM-TILED,0.284,0.25,2.1,6.2,19.518,7.066,32.957,5.897,25.891,233.993,51.59,21.672,True,73.44,ACCEPTABLE,0.09,0.7125,0.1075,5.6,43.7,0.7883333333333333,4.0,35.0,7.0,5.0,3.0,1.4,1.374,20.0,90.0,6.2,0.0,0.28,152.0,0.284,153.0,0.25,150.0,2.1,2.0,0.0,1.2,0.0
TC-JAIPUR-0807,TRAIN,LOC-IN-JAIPUR,Jaipur,Hot Semi-Arid / Composite,26.9124,75.7873,430.0,8,low,residential,35.0,7.0,5.0,3.0,1.4,20.0,90.0,ASM-WALL-LADAKH-LIGHT-INS,ASM-ROOF-WARM-SLAB,ASM-FLOOR-LADAKH-TRAD,0.284,3.476,0.85,6.2,22.004,7.097,36.031,8.383,28.934,342.514,89.27,7.313,True,47.1,SUB_OPTIMAL,0.09,0.7125,0.1075,5.6,43.7,0.7883333333333333,8.0,35.0,7.0,5.0,3.0,1.4,1.374,20.0,90.0,6.2,0.0,0.28,152.0,0.284,162.5,3.476,250.0,0.85,0.5,0.0,1.2,0.0
TC-JAIPUR-0808,TRAIN,LOC-IN-JAIPUR,Jaipur,Hot Semi-Arid / Composite,26.9124,75.7873,430.0,1,medium,emergency,35.0,7.0,5.0,3.0,1.4,20.0,90.0,ASM-WALL-SHIMLA-COLD,ASM-ROOF-LADAKH-TRAD,ASM-FLOOR-LADAKH-INS-SLAB,0.347,0.247,0.444,6.2,18.244,7.004,26.356,4.623,19.352,405.59,57.498,9.867,True,94.61,OPTIMAL,0.09,0.7125,0.1075,5.6,43.7,0.7883333333333333,1.0,35.0,7.0,5.0,3.0,1.4,1.374,20.0,90.0,6.2,0.0,0.28,410.0,0.347,300.0,0.247,180.0,0.444,1.0,0.0,1.2,0.0
TC-JAIPUR-0809,TRAIN,LOC-IN-JAIPUR,Jaipur,Hot Semi-Arid / Composite,26.9124,75.7873,430.0,2,high,work,35.0,7.0,5.0,3.0,1.4,20.0,90.0,ASM-WALL-SHIMLA-COLD,ASM-ROOF-LADAKH-INS-MOD,ASM-FLOOR-WARM-TILED,0.347,0.25,2.1,6.2,15.456,7.008,21.472,1.835,14.464,269.94,66.915,14.916,True,91.01,OPTIMAL,0.09,0.7125,0.1075,5.6,43.7,0.7883333333333333,2.0,35.0,7.0,5.0,3.0,1.4,1.374,20.0,90.0,6.2,0.0,0.28,410.0,0.347,153.0,0.25,150.0,2.1,2.0,0.0,1.2,0.0
TC-JAIPUR-0810,TRAIN,LOC-IN-JAIPUR,Jaipur,Hot Semi-Arid / Composite,26.9124,75.7873,430.0,4,low,residential,35.0,7.0,5.0,3.0,1.4,20.0,90.0,ASM-WALL-SHIMLA-COLD,ASM-ROOF-WARM-SLAB,ASM-FLOOR-LADAKH-TRAD,0.347,3.476,0.85,6.2,16.889,7.014,23.899,3.268,16.885,378.46,88.1,4.271,True,70.03,ACCEPTABLE,0.09,0.7125,0.1075,5.6,43.7,0.7883333333333333,4.0,35.0,7.0,5.0,3.0,1.4,1.374,20.0,90.0,6.2,0.0,0.28,410.0,0.347,162.5,3.476,250.0,0.85,0.5,0.0,1.2,0.0
TC-JAIPUR-0811,TRAIN,LOC-IN-JAIPUR,Jaipur,Hot Semi-Arid / Composite,26.9124,75.7873,430.0,8,medium,emergency,35.0,7.0,5.0,3.0,1.4,20.0,180.0,ASM-WALL-LADAKH-TRAD,ASM-ROOF-LADAKH-TRAD,ASM-FLOOR-LADAKH-INS-SLAB,1.591,0.247,0.444,6.2,22.673,7.038,33.961,9.052,26.923,549.376,41.129,16.209,True,73.36,ACCEPTABLE,0.09,0.7125,0.1075,5.6,43.7,0.7883333333333333,8.0,35.0,7.0,5.0,3.0,1.4,1.374,20.0,180.0,6.2,0.0,0.2,465.0,1.591,300.0,0.247,180.0,0.444,1.0,0.0,1.2,0.0
TC-JAIPUR-0812,TRAIN,LOC-IN-JAIPUR,Jaipur,Hot Semi-Arid / Composite,26.9124,75.7873,430.0,1,high,work,35.0,7.0,5.0,3.0,1.4,20.0,180.0,ASM-WALL-LADAKH-TRAD,ASM-ROOF-LADAKH-INS-MOD,ASM-FLOOR-WARM-TILED,1.591,0.25,2.1,6.2,18.528,7.004,26.925,4.907,19.92,413.726,57.7,20.31,True,81.93,OPTIMAL,0.09,0.7125,0.1075,5.6,43.7,0.7883333333333333,1.0,35.0,7.0,5.0,3.0,1.4,1.374,20.0,180.0,6.2,0.0,0.2,465.0,1.591,153.0,0.25,150.0,2.1,2.0,0.0,1.2,0.0
TC-JAIPUR-0813,TRAIN,LOC-IN-JAIPUR,Jaipur,Hot Semi-Arid / Composite,26.9124,75.7873,430.0,2,low,residential,35.0,7.0,5.0,3.0,1.4,20.0,180.0,ASM-WALL-LADAKH-TRAD,ASM-ROOF-WARM-SLAB,ASM-FLOOR-LADAKH-TRAD,1.591,3.476,0.85,6.2,19.941,7.008,29.321,6.32,22.313,522.246,84.855,6.04,True,68.43,ACCEPTABLE,0.09,0.7125,0.1075,5.6,43.7,0.7883333333333333,2.0,35.0,7.0,5.0,3.0,1.4,1.374,20.0,180.0,6.2,0.0,0.2,465.0,1.591,162.5,3.476,250.0,0.85,0.5,0.0,1.2,0.0
TC-JAIPUR-0814,TRAIN,LOC-IN-JAIPUR,Jaipur,Hot Semi-Arid / Composite,26.9124,75.7873,430.0,4,medium,emergency,35.0,7.0,5.0,3.0,1.4,20.0,180.0,ASM-WALL-LADAKH-IMP-TRAD,ASM-ROOF-LADAKH-TRAD,ASM-FLOOR-LADAKH-INS-SLAB,0.452,0.247,0.444,6.2,24.227,7.025,37.347,10.607,30.323,549.376,57.665,18.569,True,75.13,ACCEPTABLE,0.09,0.7125,0.1075,5.6,43.7,0.7883333333333333,4.0,35.0,7.0,5.0,3.0,1.4,1.374,20.0,180.0,6.2,0.0,0.2,345.0,0.452,300.0,0.247,180.0,0.444,1.0,0.0,1.2,0.0
TC-JAIPUR-0815,TRAIN,LOC-IN-JAIPUR,Jaipur,Hot Semi-Arid / Composite,26.9124,75.7873,430.0,8,high,work,35.0,7.0,5.0,3.0,1.4,20.0,180.0,ASM-WALL-LADAKH-IMP-TRAD,ASM-ROOF-LADAKH-INS-MOD,ASM-FLOOR-WARM-TILED,0.452,0.25,2.1,6.2,20.18,7.045,30.032,6.559,22.987,413.726,76.18,24.378,True,86.4,OPTIMAL,0.09,0.7125,0.1075,5.6,43.7,0.7883333333333333,8.0,35.0,7.0,5.0,3.0,1.4,1.374,20.0,180.0,6.2,0.0,0.2,345.0,0.452,153.0,0.25,150.0,2.1,2.0,0.0,1.2,0.0
TC-JAIPUR-0816,TRAIN,LOC-IN-JAIPUR,Jaipur,Hot Semi-Arid / Composite,26.9124,75.7873,430.0,1,low,residential,35.0,7.0,5.0,3.0,1.4,20.0,180.0,ASM-WALL-LADAKH-IMP-TRAD,ASM-ROOF-WARM-SLAB,ASM-FLOOR-LADAKH-TRAD,0.452,3.476,0.85,6.2,21.18,7.005,31.874,7.559,24.869,522.246,104.78,6.9,True,62.22,ACCEPTABLE,0.09,0.7125,0.1075,5.6,43.7,0.7883333333333333,1.0,35.0,7.0,5.0,3.0,1.4,1.374,20.0,180.0,6.2,0.0,0.2,345.0,0.452,162.5,3.476,250.0,0.85,0.5,0.0,1.2,0.0
TC-JAIPUR-0817,TRAIN,LOC-IN-JAIPUR,Jaipur,Hot Semi-Arid / Composite,26.9124,75.7873,430.0,2,medium,emergency,35.0,7.0,5.0,3.0,1.4,20.0,180.0,ASM-WALL-LADAKH-INS-MOD,ASM-ROOF-LADAKH-TRAD,ASM-FLOOR-LADAKH-INS-SLAB,0.314,0.247,0.444,6.2,22.653,7.011,34.376,9.032,27.365,525.412,56.228,16.142,True,82.11,OPTIMAL,0.09,0.7125,0.1075,5.6,43.7,0.7883333333333333,2.0,35.0,7.0,5.0,3.0,1.4,1.374,20.0,180.0,6.2,0.0,0.2,392.5,0.314,300.0,0.247,180.0,0.444,1.0,0.0,1.2,0.0
TC-JAIPUR-0818,TRAIN,LOC-IN-JAIPUR,Jaipur,Hot Semi-Arid / Composite,26.9124,75.7873,430.0,4,high,work,35.0,7.0,5.0,3.0,1.4,20.0,180.0,ASM-WALL-LADAKH-INS-MOD,ASM-ROOF-LADAKH-INS-MOD,ASM-FLOOR-WARM-TILED,0.314,0.25,2.1,6.2,18.885,7.02,27.672,5.264,20.652,389.761,69.497,20.971,True,91.5,OPTIMAL,0.09,0.7125,0.1075,5.6,43.7,0.7883333333333333,4.0,35.0,7.0,5.0,3.0,1.4,1.374,20.0,180.0,6.2,0.0,0.2,392.5,0.314,153.0,0.25,150.0,2.1,2.0,0.0,1.2,0.0
TC-JAIPUR-0819,TRAIN,LOC-IN-JAIPUR,Jaipur,Hot Semi-Arid / Composite,26.9124,75.7873,430.0,8,low,residential,35.0,7.0,5.0,3.0,1.4,20.0,180.0,ASM-WALL-LADAKH-INS-MOD,ASM-ROOF-WARM-SLAB,ASM-FLOOR-LADAKH-TRAD,0.314,3.476,0.85,6.2,20.516,7.036,30.364,6.895,23.328,498.282,102.247,6.414,True,65.89,ACCEPTABLE,0.09,0.7125,0.1075,5.6,43.7,0.7883333333333333,8.0,35.0,7.0,5.0,3.0,1.4,1.374,20.0,180.0,6.2,0.0,0.2,392.5,0.314,162.5,3.476,250.0,0.85,0.5,0.0,1.2,0.0
TC-JAIPUR-0820,TRAIN,LOC-IN-JAIPUR,Jaipur,Hot Semi-Arid / Composite,26.9124,75.7873,430.0,1,medium,emergency,35.0,7.0,5.0,3.0,1.4,20.0,180.0,ASM-WALL-LADAKH-LIGHT-INS,ASM-ROOF-LADAKH-TRAD,ASM-FLOOR-LADAKH-INS-SLAB,0.284,0.247,0.444,6.2,26.533,7.023,52.596,12.913,45.573,429.555,35.946,22.237,True,54.15,SUB_OPTIMAL,0.09,0.7125,0.1075,5.6,43.7,0.7883333333333333,1.0,35.0,7.0,5.0,3.0,1.4,1.374,20.0,180.0,6.2,0.0,0.2,152.0,0.284,300.0,0.247,180.0,0.444,1.0,0.0,1.2,0.0
TC-JAIPUR-0821,TRAIN,LOC-IN-JAIPUR,Jaipur,Hot Semi-Arid / Composite,26.9124,75.7873,430.0,2,high,work,35.0,7.0,5.0,3.0,1.4,20.0,180.0,ASM-WALL-LADAKH-LIGHT-INS,ASM-ROOF-LADAKH-INS-MOD,ASM-FLOOR-WARM-TILED,0.284,0.25,2.1,6.2,20.855,7.033,36.51,7.234,29.477,293.904,61.533,25.849,True,66.34,ACCEPTABLE,0.09,0.7125,0.1075,5.6,43.7,0.7883333333333333,2.0,35.0,7.0,5.0,3.0,1.4,1.374,20.0,180.0,6.2,0.0,0.2,152.0,0.284,153.0,0.25,150.0,2.1,2.0,0.0,1.2,0.0
TC-JAIPUR-0822,TRAIN,LOC-IN-JAIPUR,Jaipur,Hot Semi-Arid / Composite,26.9124,75.7873,430.0,4,low,residential,35.0,7.0,5.0,3.0,1.4,20.0,180.0,ASM-WALL-LADAKH-LIGHT-INS,ASM-ROOF-WARM-SLAB,ASM-FLOOR-LADAKH-TRAD,0.284,3.476,0.85,6.2,23.131,7.048,38.748,9.51,31.7,402.424,100.875,8.264,True,41.66,SUB_OPTIMAL,0.09,0.7125,0.1075,5.6,43.7,0.7883333333333333,4.0,35.0,7.0,5.0,3.0,1.4,1.374,20.0,180.0,6.2,0.0,0.2,152.0,0.284,162.5,3.476,250.0,0.85,0.5,0.0,1.2,0.0
TC-JAIPUR-0823,TRAIN,LOC-IN-JAIPUR,Jaipur,Hot Semi-Arid / Composite,26.9124,75.7873,430.0,8,medium,emergency,35.0,7.0,5.0,3.0,1.4,20.0,180.0,ASM-WALL-SHIMLA-COLD,ASM-ROOF-LADAKH-TRAD,ASM-FLOOR-LADAKH-INS-SLAB,0.347,0.247,0.444,6.2,19.949,7.034,29.207,6.329,22.173,477.483,70.324,12.068,True,92.2,OPTIMAL,0.09,0.7125,0.1075,5.6,43.7,0.7883333333333333,8.0,35.0,7.0,5.0,3.0,1.4,1.374,20.0,180.0,6.2,0.0,0.2,410.0,0.347,300.0,0.247,180.0,0.444,1.0,0.0,1.2,0.0
TC-JAIPUR-0824,TRAIN,LOC-IN-JAIPUR,Jaipur,Hot Semi-Arid / Composite,26.9124,75.7873,430.0,1,high,work,35.0,7.0,5.0,3.0,1.4,20.0,180.0,ASM-WALL-SHIMLA-COLD,ASM-ROOF-LADAKH-INS-MOD,ASM-FLOOR-WARM-TILED,0.347,0.25,2.1,6.2,16.564,7.004,23.444,2.944,16.44,341.833,73.868,16.467,True,91.01,OPTIMAL,0.09,0.7125,0.1075,5.6,43.7,0.7883333333333333,1.0,35.0,7.0,5.0,3.0,1.4,1.374,20.0,180.0,6.2,0.0,0.2,410.0,0.347,153.0,0.25,150.0,2.1,2.0,0.0,1.2,0.0
TC-JAIPUR-0825,TRAIN,LOC-IN-JAIPUR,Jaipur,Hot Semi-Arid / Composite,26.9124,75.7873,430.0,2,low,residential,35.0,7.0,5.0,3.0,1.4,20.0,180.0,ASM-WALL-SHIMLA-COLD,ASM-ROOF-WARM-SLAB,ASM-FLOOR-LADAKH-TRAD,0.347,3.476,0.85,6.2,17.903,7.007,25.743,4.282,18.736,450.353,97.924,4.747,True,70.03,ACCEPTABLE,0.09,0.7125,0.1075,5.6,43.7,0.7883333333333333,2.0,35.0,7.0,5.0,3.0,1.4,1.374,20.0,180.0,6.2,0.0,0.2,410.0,0.347,162.5,3.476,250.0,0.85,0.5,0.0,1.2,0.0
TC-JAIPUR-0826,TRAIN,LOC-IN-JAIPUR,Jaipur,Hot Semi-Arid / Composite,26.9124,75.7873,430.0,4,medium,emergency,35.0,7.0,5.0,3.0,1.4,20.0,270.0,ASM-WALL-LADAKH-TRAD,ASM-ROOF-LADAKH-TRAD,ASM-FLOOR-LADAKH-INS-SLAB,1.591,0.247,0.444,6.2,20.564,7.019,30.336,6.943,23.318,459.51,33.026,13.015,True,80.61,OPTIMAL,0.09,0.7125,0.1075,5.6,43.7,0.7883333333333333,4.0,35.0,7.0,5.0,3.0,1.4,1.374,20.0,270.0,6.2,0.0,0.28,465.0,1.591,300.0,0.247,180.0,0.444,1.0,0.0,1.2,0.0
TC-JAIPUR-0827,TRAIN,LOC-IN-JAIPUR,Jaipur,Hot Semi-Arid / Composite,26.9124,75.7873,430.0,8,high,work,35.0,7.0,5.0,3.0,1.4,20.0,270.0,ASM-WALL-LADAKH-TRAD,ASM-ROOF-LADAKH-INS-MOD,ASM-FLOOR-WARM-TILED,1.591,0.25,2.1,6.2,17.306,7.035,24.559,3.685,17.524,323.859,50.445,17.756,True,81.93,OPTIMAL,0.09,0.7125,0.1075,5.6,43.7,0.7883333333333333,8.0,35.0,7.0,5.0,3.0,1.4,1.374,20.0,270.0,6.2,0.0,0.28,465.0,1.591,153.0,0.25,150.0,2.1,2.0,0.0,1.2,0.0
TC-JAIPUR-0828,TRAIN,LOC-IN-JAIPUR,Jaipur,Hot Semi-Arid / Composite,26.9124,75.7873,430.0,1,low,residential,35.0,7.0,5.0,3.0,1.4,20.0,270.0,ASM-WALL-LADAKH-TRAD,ASM-ROOF-WARM-SLAB,ASM-FLOOR-LADAKH-TRAD,1.591,3.476,0.85,6.2,18.331,7.004,26.492,4.71,19.488,432.38,70.077,4.988,True,71.07,ACCEPTABLE,0.09,0.7125,0.1075,5.6,43.7,0.7883333333333333,1.0,35.0,7.0,5.0,3.0,1.4,1.374,20.0,270.0,6.2,0.0,0.28,465.0,1.591,162.5,3.476,250.0,0.85,0.5,0.0,1.2,0.0
TC-JAIPUR-0829,TRAIN,LOC-IN-JAIPUR,Jaipur,Hot Semi-Arid / Composite,26.9124,75.7873,430.0,2,medium,emergency,35.0,7.0,5.0,3.0,1.4,20.0,270.0,ASM-WALL-LADAKH-IMP-TRAD,ASM-ROOF-LADAKH-TRAD,ASM-FLOOR-LADAKH-INS-SLAB,0.452,0.247,0.444,6.2,22.063,7.012,33.481,8.442,26.469,459.51,47.12,15.173,True,82.86,OPTIMAL,0.09,0.7125,0.1075,5.6,43.7,0.7883333333333333,2.0,35.0,7.0,5.0,3.0,1.4,1.374,20.0,270.0,6.2,0.0,0.28,345.0,0.452,300.0,0.247,180.0,0.444,1.0,0.0,1.2,0.0
TC-JAIPUR-0830,TRAIN,LOC-IN-JAIPUR,Jaipur,Hot Semi-Arid / Composite,26.9124,75.7873,430.0,4,high,work,35.0,7.0,5.0,3.0,1.4,20.0,270.0,ASM-WALL-LADAKH-IMP-TRAD,ASM-ROOF-LADAKH-INS-MOD,ASM-FLOOR-WARM-TILED,0.452,0.25,2.1,6.2,18.165,7.022,26.472,4.545,19.449,323.859,60.042,19.214,True,90.47,OPTIMAL,0.09,0.7125,0.1075,5.6,43.7,0.7883333333333333,4.0,35.0,7.0,5.0,3.0,1.4,1.374,20.0,270.0,6.2,0.0,0.28,345.0,0.452,153.0,0.25,150.0,2.1,2.0,0.0,1.2,0.0
TC-JAIPUR-0831,TRAIN,LOC-IN-JAIPUR,Jaipur,Hot Semi-Arid / Composite,26.9124,75.7873,430.0,8,low,residential,35.0,7.0,5.0,3.0,1.4,20.0,270.0,ASM-WALL-LADAKH-IMP-TRAD,ASM-ROOF-WARM-SLAB,ASM-FLOOR-LADAKH-TRAD,0.452,3.476,0.85,6.2,19.922,7.04,29.382,6.301,22.343,432.38,90.257,5.944,True,67.2,ACCEPTABLE,0.09,0.7125,0.1075,5.6,43.7,0.7883333333333333,8.0,35.0,7.0,5.0,3.0,1.4,1.374,20.0,270.0,6.2,0.0,0.28,345.0,0.452,162.5,3.476,250.0,0.85,0.5,0.0,1.2,0.0
TC-JAIPUR-0832,TRAIN,LOC-IN-JAIPUR,Jaipur,Hot Semi-Arid / Composite,26.9124,75.7873,430.0,1,medium,emergency,35.0,7.0,5.0,3.0,1.4,20.0,270.0,ASM-WALL-LADAKH-INS-MOD,ASM-ROOF-LADAKH-TRAD,ASM-FLOOR-LADAKH-INS-SLAB,0.314,0.247,0.444,6.2,20.793,7.005,31.059,7.172,24.054,441.537,46.219,13.269,True,88.74,OPTIMAL,0.09,0.7125,0.1075,5.6,43.7,0.7883333333333333,1.0,35.0,7.0,5.0,3.0,1.4,1.374,20.0,270.0,6.2,0.0,0.28,392.5,0.314,300.0,0.247,180.0,0.444,1.0,0.0,1.2,0.0
TC-JAIPUR-0833,TRAIN,LOC-IN-JAIPUR,Jaipur,Hot Semi-Arid / Composite,26.9124,75.7873,430.0,2,high,work,35.0,7.0,5.0,3.0,1.4,20.0,270.0,ASM-WALL-LADAKH-INS-MOD,ASM-ROOF-LADAKH-INS-MOD,ASM-FLOOR-WARM-TILED,0.314,0.25,2.1,6.2,17.193,7.01,24.663,3.572,17.653,305.886,57.573,17.373,True,91.5,OPTIMAL,0.09,0.7125,0.1075,5.6,43.7,0.7883333333333333,2.0,35.0,7.0,5.0,3.0,1.4,1.374,20.0,270.0,6.2,0.0,0.28,392.5,0.314,153.0,0.25,150.0,2.1,2.0,0.0,1.2,0.0
TC-JAIPUR-0834,TRAIN,LOC-IN-JAIPUR,Jaipur,Hot Semi-Arid / Composite,26.9124,75.7873,430.0,4,low,residential,35.0,7.0,5.0,3.0,1.4,20.0,270.0,ASM-WALL-LADAKH-INS-MOD,ASM-ROOF-WARM-SLAB,ASM-FLOOR-LADAKH-TRAD,0.314,3.476,0.85,6.2,18.788,7.018,27.37,5.167,20.352,414.407,83.153,5.216,True,70.62,ACCEPTABLE,0.09,0.7125,0.1075,5.6,43.7,0.7883333333333333,4.0,35.0,7.0,5.0,3.0,1.4,1.374,20.0,270.0,6.2,0.0,0.28,392.5,0.314,162.5,3.476,250.0,0.85,0.5,0.0,1.2,0.0
TC-JAIPUR-0835,TRAIN,LOC-IN-JAIPUR,Jaipur,Hot Semi-Arid / Composite,26.9124,75.7873,430.0,8,medium,emergency,35.0,7.0,5.0,3.0,1.4,20.0,270.0,ASM-WALL-LADAKH-LIGHT-INS,ASM-ROOF-LADAKH-TRAD,ASM-FLOOR-LADAKH-INS-SLAB,0.284,0.247,0.444,6.2,25.559,7.184,48.846,11.938,41.663,369.644,33.01,20.421,True,54.15,SUB_OPTIMAL,0.09,0.7125,0.1075,5.6,43.7,0.7883333333333333,8.0,35.0,7.0,5.0,3.0,1.4,1.374,20.0,270.0,6.2,0.0,0.28,152.0,0.284,300.0,0.247,180.0,0.444,1.0,0.0,1.2,0.0
TC-JAIPUR-0836,TRAIN,LOC-IN-JAIPUR,Jaipur,Hot Semi-Arid / Composite,26.9124,75.7873,430.0,1,high,work,35.0,7.0,5.0,3.0,1.4,20.0,270.0,ASM-WALL-LADAKH-LIGHT-INS,ASM-ROOF-LADAKH-INS-MOD,ASM-FLOOR-WARM-TILED,0.284,0.25,2.1,6.2,19.257,7.017,32.67,5.636,25.653,233.993,50.158,21.071,True,74.02,ACCEPTABLE,0.09,0.7125,0.1075,5.6,43.7,0.7883333333333333,1.0,35.0,7.0,5.0,3.0,1.4,1.374,20.0,270.0,6.2,0.0,0.28,152.0,0.284,153.0,0.25,150.0,2.1,2.0,0.0,1.2,0.0
TC-JAIPUR-0837,TRAIN,LOC-IN-JAIPUR,Jaipur,Hot Semi-Arid / Composite,26.9124,75.7873,430.0,2,low,residential,35.0,7.0,5.0,3.0,1.4,20.0,270.0,ASM-WALL-LADAKH-LIGHT-INS,ASM-ROOF-WARM-SLAB,ASM-FLOOR-LADAKH-TRAD,0.284,3.476,0.85,6.2,21.512,7.024,35.467,7.892,28.443,342.514,85.188,6.979,True,48.23,SUB_OPTIMAL,0.09,0.7125,0.1075,5.6,43.7,0.7883333333333333,2.0,35.0,7.0,5.0,3.0,1.4,1.374,20.0,270.0,6.2,0.0,0.28,152.0,0.284,162.5,3.476,250.0,0.85,0.5,0.0,1.2,0.0
TC-JAIPUR-0838,TRAIN,LOC-IN-JAIPUR,Jaipur,Hot Semi-Arid / Composite,26.9124,75.7873,430.0,4,medium,emergency,35.0,7.0,5.0,3.0,1.4,20.0,270.0,ASM-WALL-SHIMLA-COLD,ASM-ROOF-LADAKH-TRAD,ASM-FLOOR-LADAKH-INS-SLAB,0.347,0.247,0.444,6.2,18.418,7.017,26.59,4.797,19.573,405.59,58.592,10.054,True,94.61,OPTIMAL,0.09,0.7125,0.1075,5.6,43.7,0.7883333333333333,4.0,35.0,7.0,5.0,3.0,1.4,1.374,20.0,270.0,6.2,0.0,0.28,410.0,0.347,300.0,0.247,180.0,0.444,1.0,0.0,1.2,0.0
TC-JAIPUR-0839,TRAIN,LOC-IN-JAIPUR,Jaipur,Hot Semi-Arid / Composite,26.9124,75.7873,430.0,8,high,work,35.0,7.0,5.0,3.0,1.4,20.0,270.0,ASM-WALL-SHIMLA-COLD,ASM-ROOF-LADAKH-INS-MOD,ASM-FLOOR-WARM-TILED,0.347,0.25,2.1,6.2,15.766,7.032,21.888,2.145,14.856,269.94,68.781,15.332,True,91.01,OPTIMAL,0.09,0.7125,0.1075,5.6,43.7,0.7883333333333333,8.0,35.0,7.0,5.0,3.0,1.4,1.374,20.0,270.0,6.2,0.0,0.28,410.0,0.347,153.0,0.25,150.0,2.1,2.0,0.0,1.2,0.0
TC-JAIPUR-0840,TRAIN,LOC-IN-JAIPUR,Jaipur,Hot Semi-Arid / Composite,26.9124,75.7873,430.0,1,low,residential,35.0,7.0,5.0,3.0,1.4,20.0,270.0,ASM-WALL-SHIMLA-COLD,ASM-ROOF-WARM-SLAB,ASM-FLOOR-LADAKH-TRAD,0.347,3.476,0.85,6.2,16.741,7.004,23.7,3.12,16.697,378.46,86.84,4.21,True,70.03,ACCEPTABLE,0.09,0.7125,0.1075,5.6,43.7,0.7883333333333333,1.0,35.0,7.0,5.0,3.0,1.4,1.374,20.0,270.0,6.2,0.0,0.28,410.0,0.347,162.5,3.476,250.0,0.85,0.5,0.0,1.2,0.0
TC-JAIPUR-0841,TRAIN,LOC-IN-JAIPUR,Jaipur,Hot Semi-Arid / Composite,26.9124,75.7873,430.0,2,medium,emergency,50.0,10.0,5.0,3.0,2.0,25.0,0.0,ASM-WALL-LADAKH-TRAD,ASM-ROOF-LADAKH-TRAD,ASM-FLOOR-LADAKH-INS-SLAB,1.591,0.247,0.444,8.0,19.025,7.007,27.718,5.404,20.71,505.278,35.0,15.464,True,83.48,OPTIMAL,0.09,0.7125,0.1075,5.6,43.7,0.7883333333333333,2.0,50.0,10.0,5.0,3.0,2.0,1.301,25.0,0.0,8.0,0.0,0.2,465.0,1.591,300.0,0.247,180.0,0.444,1.0,0.0,1.2,0.0
TC-JAIPUR-0842,TRAIN,LOC-IN-JAIPUR,Jaipur,Hot Semi-Arid / Composite,26.9124,75.7873,430.0,4,high,work,50.0,10.0,5.0,3.0,2.0,25.0,0.0,ASM-WALL-LADAKH-TRAD,ASM-ROOF-LADAKH-INS-MOD,ASM-FLOOR-WARM-TILED,1.591,0.25,2.1,8.0,15.439,7.014,21.423,1.819,14.409,304.353,57.541,21.274,True,80.13,OPTIMAL,0.09,0.7125,0.1075,5.6,43.7,0.7883333333333333,4.0,50.0,10.0,5.0,3.0,2.0,1.301,25.0,0.0,8.0,0.0,0.2,465.0,1.591,153.0,0.25,150.0,2.1,2.0,0.0,1.2,0.0
TC-JAIPUR-0843,TRAIN,LOC-IN-JAIPUR,Jaipur,Hot Semi-Arid / Composite,26.9124,75.7873,430.0,8,low,residential,50.0,10.0,5.0,3.0,2.0,25.0,0.0,ASM-WALL-LADAKH-TRAD,ASM-ROOF-WARM-SLAB,ASM-FLOOR-LADAKH-TRAD,1.591,3.476,0.85,8.0,17.264,7.025,24.506,3.643,17.481,465.093,87.513,6.336,True,69.27,ACCEPTABLE,0.09,0.7125,0.1075,5.6,43.7,0.7883333333333333,8.0,50.0,10.0,5.0,3.0,2.0,1.301,25.0,0.0,8.0,0.0,0.2,465.0,1.591,162.5,3.476,250.0,0.85,0.5,0.0,1.2,0.0
TC-JAIPUR-0844,TRAIN,LOC-IN-JAIPUR,Jaipur,Hot Semi-Arid / Composite,26.9124,75.7873,430.0,1,medium,emergency,50.0,10.0,5.0,3.0,2.0,25.0,0.0,ASM-WALL-LADAKH-IMP-TRAD,ASM-ROOF-LADAKH-TRAD,ASM-FLOOR-LADAKH-INS-SLAB,0.452,0.247,0.444,8.0,20.386,7.005,30.537,6.765,23.532,505.278,49.554,17.962,True,86.95,OPTIMAL,0.09,0.7125,0.1075,5.6,43.7,0.7883333333333333,1.0,50.0,10.0,5.0,3.0,2.0,1.301,25.0,0.0,8.0,0.0,0.2,345.0,0.452,300.0,0.247,180.0,0.444,1.0,0.0,1.2,0.0
TC-JAIPUR-0845,TRAIN,LOC-IN-JAIPUR,Jaipur,Hot Semi-Arid / Composite,26.9124,75.7873,430.0,2,high,work,50.0,10.0,5.0,3.0,2.0,25.0,0.0,ASM-WALL-LADAKH-IMP-TRAD,ASM-ROOF-LADAKH-INS-MOD,ASM-FLOOR-WARM-TILED,0.452,0.25,2.1,8.0,16.235,7.009,23.064,2.614,16.056,304.353,65.971,22.344,True,87.99,OPTIMAL,0.09,0.7125,0.1075,5.6,43.7,0.7883333333333333,2.0,50.0,10.0,5.0,3.0,2.0,1.301,25.0,0.0,8.0,0.0,0.2,345.0,0.452,153.0,0.25,150.0,2.1,2.0,0.0,1.2,0.0
TC-JAIPUR-0846,TRAIN,LOC-IN-JAIPUR,Jaipur,Hot Semi-Arid / Composite,26.9124,75.7873,430.0,4,low,residential,50.0,10.0,5.0,3.0,2.0,25.0,0.0,ASM-WALL-LADAKH-IMP-TRAD,ASM-ROOF-WARM-SLAB,ASM-FLOOR-LADAKH-TRAD,0.452,3.476,0.85,8.0,18.085,7.015,26.243,4.464,19.228,465.093,101.186,6.835,True,67.39,ACCEPTABLE,0.09,0.7125,0.1075,5.6,43.7,0.7883333333333333,4.0,50.0,10.0,5.0,3.0,2.0,1.301,25.0,0.0,8.0,0.0,0.2,345.0,0.452,162.5,3.476,250.0,0.85,0.5,0.0,1.2,0.0
TC-JAIPUR-0847,TRAIN,LOC-IN-JAIPUR,Jaipur,Hot Semi-Arid / Composite,26.9124,75.7873,430.0,8,medium,emergency,50.0,10.0,5.0,3.0,2.0,25.0,0.0,ASM-WALL-LADAKH-INS-MOD,ASM-ROOF-LADAKH-TRAD,ASM-FLOOR-LADAKH-INS-SLAB,0.314,0.247,0.444,8.0,19.82,7.034,29.184,6.199,22.149,490.346,51.896,16.803,True,90.69,OPTIMAL,0.09,0.7125,0.1075,5.6,43.7,0.7883333333333333,8.0,50.0,10.0,5.0,3.0,2.0,1.301,25.0,0.0,8.0,0.0,0.2,392.5,0.314,300.0,0.247,180.0,0.444,1.0,0.0,1.2,0.0
TC-JAIPUR-0848,TRAIN,LOC-IN-JAIPUR,Jaipur,Hot Semi-Arid / Composite,26.9124,75.7873,430.0,1,high,work,50.0,10.0,5.0,3.0,2.0,25.0,0.0,ASM-WALL-LADAKH-INS-MOD,ASM-ROOF-LADAKH-INS-MOD,ASM-FLOOR-WARM-TILED,0.314,0.25,2.1,8.0,15.579,7.004,21.809,1.958,14.805,289.421,66.073,21.195,True,89.7,OPTIMAL,0.09,0.7125,0.1075,5.6,43.7,0.7883333333333333,1.0,50.0,10.0,5.0,3.0,2.0,1.301,25.0,0.0,8.0,0.0,0.2,392.5,0.314,153.0,0.25,150.0,2.1,2.0,0.0,1.2,0.0
TC-JAIPUR-0849,TRAIN,LOC-IN-JAIPUR,Jaipur,Hot Semi-Arid / Composite,26.9124,75.7873,430.0,2,low,residential,50.0,10.0,5.0,3.0,2.0,25.0,0.0,ASM-WALL-LADAKH-INS-MOD,ASM-ROOF-WARM-SLAB,ASM-FLOOR-LADAKH-TRAD,0.314,3.476,0.85,8.0,17.334,7.007,24.857,3.713,17.85,450.161,97.921,6.333,True,68.01,ACCEPTABLE,0.09,0.7125,0.1075,5.6,43.7,0.7883333333333333,2.0,50.0,10.0,5.0,3.0,2.0,1.301,25.0,0.0,8.0,0.0,0.2,392.5,0.314,162.5,3.476,250.0,0.85,0.5,0.0,1.2,0.0
TC-JAIPUR-0850,TRAIN,LOC-IN-JAIPUR,Jaipur,Hot Semi-Arid / Composite,26.9124,75.7873,430.0,4,medium,emergency,50.0,10.0,5.0,3.0,2.0,25.0,0.0,ASM-WALL-LADAKH-LIGHT-INS,ASM-ROOF-LADAKH-TRAD,ASM-FLOOR-LADAKH-INS-SLAB,0.284,0.247,0.444,8.0,23.66,7.067,44.33,10.039,37.263,430.617,36.235,24.82,True,60.58,ACCEPTABLE,0.09,0.7125,0.1075,5.6,43.7,0.7883333333333333,4.0,50.0,10.0,5.0,3.0,2.0,1.301,25.0,0.0,8.0,0.0,0.2,152.0,0.284,300.0,0.247,180.0,0.444,1.0,0.0,1.2,0.0
TC-JAIPUR-0851,TRAIN,LOC-IN-JAIPUR,Jaipur,Hot Semi-Arid / Composite,26.9124,75.7873,430.0,8,high,work,50.0,10.0,5.0,3.0,2.0,25.0,0.0,ASM-WALL-LADAKH-LIGHT-INS,ASM-ROOF-LADAKH-INS-MOD,ASM-FLOOR-WARM-TILED,0.284,0.25,2.1,8.0,18.027,7.097,29.126,4.406,22.03,229.692,57.264,24.864,True,79.24,ACCEPTABLE,0.09,0.7125,0.1075,5.6,43.7,0.7883333333333333,8.0,50.0,10.0,5.0,3.0,2.0,1.301,25.0,0.0,8.0,0.0,0.2,152.0,0.284,153.0,0.25,150.0,2.1,2.0,0.0,1.2,0.0
TC-JAIPUR-0852,TRAIN,LOC-IN-JAIPUR,Jaipur,Hot Semi-Arid / Composite,26.9124,75.7873,430.0,1,low,residential,50.0,10.0,5.0,3.0,2.0,25.0,0.0,ASM-WALL-LADAKH-LIGHT-INS,ASM-ROOF-WARM-SLAB,ASM-FLOOR-LADAKH-TRAD,0.284,3.476,0.85,8.0,19.947,7.009,32.057,6.326,25.049,390.432,101.351,8.304,True,53.17,SUB_OPTIMAL,0.09,0.7125,0.1075,5.6,43.7,0.7883333333333333,1.0,50.0,10.0,5.0,3.0,2.0,1.301,25.0,0.0,8.0,0.0,0.2,152.0,0.284,162.5,3.476,250.0,0.85,0.5,0.0,1.2,0.0
TC-JAIPUR-0853,TRAIN,LOC-IN-JAIPUR,Jaipur,Hot Semi-Arid / Composite,26.9124,75.7873,430.0,2,medium,emergency,50.0,10.0,5.0,3.0,2.0,25.0,0.0,ASM-WALL-SHIMLA-COLD,ASM-ROOF-LADAKH-TRAD,ASM-FLOOR-LADAKH-INS-SLAB,0.347,0.247,0.444,8.0,17.453,7.007,24.964,3.832,17.958,460.482,66.364,12.928,True,92.81,OPTIMAL,0.09,0.7125,0.1075,5.6,43.7,0.7883333333333333,2.0,50.0,10.0,5.0,3.0,2.0,1.301,25.0,0.0,8.0,0.0,0.2,410.0,0.347,300.0,0.247,180.0,0.444,1.0,0.0,1.2,0.0
TC-JAIPUR-0854,TRAIN,LOC-IN-JAIPUR,Jaipur,Hot Semi-Arid / Composite,26.9124,75.7873,430.0,4,high,work,50.0,10.0,5.0,3.0,2.0,25.0,0.0,ASM-WALL-SHIMLA-COLD,ASM-ROOF-LADAKH-INS-MOD,ASM-FLOOR-WARM-TILED,0.347,0.25,2.1,8.0,14.448,7.012,19.712,0.827,12.7,259.556,81.341,19.649,True,88.73,OPTIMAL,0.09,0.7125,0.1075,5.6,43.7,0.7883333333333333,4.0,50.0,10.0,5.0,3.0,2.0,1.301,25.0,0.0,8.0,0.0,0.2,410.0,0.347,153.0,0.25,150.0,2.1,2.0,0.0,1.2,0.0
TC-JAIPUR-0855,TRAIN,LOC-IN-JAIPUR,Jaipur,Hot Semi-Arid / Composite,26.9124,75.7873,430.0,8,low,residential,50.0,10.0,5.0,3.0,2.0,25.0,0.0,ASM-WALL-SHIMLA-COLD,ASM-ROOF-WARM-SLAB,ASM-FLOOR-LADAKH-TRAD,0.347,3.476,0.85,8.0,16.133,7.022,22.55,2.512,15.527,420.297,110.463,5.65,True,67.64,ACCEPTABLE,0.09,0.7125,0.1075,5.6,43.7,0.7883333333333333,8.0,50.0,10.0,5.0,3.0,2.0,1.301,25.0,0.0,8.0,0.0,0.2,410.0,0.347,162.5,3.476,250.0,0.85,0.5,0.0,1.2,0.0
TC-JAIPUR-0856,TRAIN,LOC-IN-JAIPUR,Jaipur,Hot Semi-Arid / Composite,26.9124,75.7873,430.0,1,medium,emergency,50.0,10.0,5.0,3.0,2.0,25.0,90.0,ASM-WALL-LADAKH-TRAD,ASM-ROOF-LADAKH-TRAD,ASM-FLOOR-LADAKH-INS-SLAB,1.591,0.247,0.444,8.0,20.757,7.004,30.815,7.136,23.812,617.27,43.004,19.001,True,77.85,ACCEPTABLE,0.09,0.7125,0.1075,5.6,43.7,0.7883333333333333,1.0,50.0,10.0,5.0,3.0,2.0,1.301,25.0,90.0,8.0,0.0,0.4,465.0,1.591,300.0,0.247,180.0,0.444,1.0,0.0,1.2,0.0
TC-JAIPUR-0857,TRAIN,LOC-IN-JAIPUR,Jaipur,Hot Semi-Arid / Composite,26.9124,75.7873,430.0,2,high,work,50.0,10.0,5.0,3.0,2.0,25.0,90.0,ASM-WALL-LADAKH-TRAD,ASM-ROOF-LADAKH-INS-MOD,ASM-FLOOR-WARM-TILED,1.591,0.25,2.1,8.0,16.904,7.007,24.051,3.284,17.045,416.345,65.707,24.293,True,80.13,OPTIMAL,0.09,0.7125,0.1075,5.6,43.7,0.7883333333333333,2.0,50.0,10.0,5.0,3.0,2.0,1.301,25.0,90.0,8.0,0.0,0.4,465.0,1.591,153.0,0.25,150.0,2.1,2.0,0.0,1.2,0.0
TC-JAIPUR-0858,TRAIN,LOC-IN-JAIPUR,Jaipur,Hot Semi-Arid / Composite,26.9124,75.7873,430.0,4,low,residential,50.0,10.0,5.0,3.0,2.0,25.0,90.0,ASM-WALL-LADAKH-TRAD,ASM-ROOF-WARM-SLAB,ASM-FLOOR-LADAKH-TRAD,1.591,3.476,0.85,8.0,18.561,7.012,26.883,4.94,19.871,577.085,100.794,7.297,True,69.27,ACCEPTABLE,0.09,0.7125,0.1075,5.6,43.7,0.7883333333333333,4.0,50.0,10.0,5.0,3.0,2.0,1.301,25.0,90.0,8.0,0.0,0.4,465.0,1.591,162.5,3.476,250.0,0.85,0.5,0.0,1.2,0.0
TC-JAIPUR-0859,TRAIN,LOC-IN-JAIPUR,Jaipur,Hot Semi-Arid / Composite,26.9124,75.7873,430.0,8,medium,emergency,50.0,10.0,5.0,3.0,2.0,25.0,90.0,ASM-WALL-LADAKH-IMP-TRAD,ASM-ROOF-LADAKH-TRAD,ASM-FLOOR-LADAKH-INS-SLAB,0.452,0.247,0.444,8.0,22.719,7.038,34.59,9.098,27.552,617.27,63.686,23.084,True,78.84,ACCEPTABLE,0.09,0.7125,0.1075,5.6,43.7,0.7883333333333333,8.0,50.0,10.0,5.0,3.0,2.0,1.301,25.0,90.0,8.0,0.0,0.4,345.0,0.452,300.0,0.247,180.0,0.444,1.0,0.0,1.2,0.0
TC-JAIPUR-0860,TRAIN,LOC-IN-JAIPUR,Jaipur,Hot Semi-Arid / Composite,26.9124,75.7873,430.0,1,high,work,50.0,10.0,5.0,3.0,2.0,25.0,90.0,ASM-WALL-LADAKH-IMP-TRAD,ASM-ROOF-LADAKH-INS-MOD,ASM-FLOOR-WARM-TILED,0.452,0.25,2.1,8.0,17.862,7.004,26.091,4.241,19.086,416.345,78.153,26.47,True,87.99,OPTIMAL,0.09,0.7125,0.1075,5.6,43.7,0.7883333333333333,1.0,50.0,10.0,5.0,3.0,2.0,1.301,25.0,90.0,8.0,0.0,0.4,345.0,0.452,153.0,0.25,150.0,2.1,2.0,0.0,1.2,0.0
TC-JAIPUR-0861,TRAIN,LOC-IN-JAIPUR,Jaipur,Hot Semi-Arid / Composite,26.9124,75.7873,430.0,2,low,residential,50.0,10.0,5.0,3.0,2.0,25.0,90.0,ASM-WALL-LADAKH-IMP-TRAD,ASM-ROOF-WARM-SLAB,ASM-FLOOR-LADAKH-TRAD,0.452,3.476,0.85,8.0,19.571,7.008,28.986,5.95,21.979,577.085,120.541,8.143,True,65.42,ACCEPTABLE,0.09,0.7125,0.1075,5.6,43.7,0.7883333333333333,2.0,50.0,10.0,5.0,3.0,2.0,1.301,25.0,90.0,8.0,0.0,0.4,345.0,0.452,162.5,3.476,250.0,0.85,0.5,0.0,1.2,0.0
TC-JAIPUR-0862,TRAIN,LOC-IN-JAIPUR,Jaipur,Hot Semi-Arid / Composite,26.9124,75.7873,430.0,4,medium,emergency,50.0,10.0,5.0,3.0,2.0,25.0,90.0,ASM-WALL-LADAKH-INS-MOD,ASM-ROOF-LADAKH-TRAD,ASM-FLOOR-LADAKH-INS-SLAB,0.314,0.247,0.444,8.0,21.331,7.017,32.017,7.71,24.999,594.871,61.972,20.066,True,85.03,OPTIMAL,0.09,0.7125,0.1075,5.6,43.7,0.7883333333333333,4.0,50.0,10.0,5.0,3.0,2.0,1.301,25.0,90.0,8.0,0.0,0.4,392.5,0.314,300.0,0.247,180.0,0.444,1.0,0.0,1.2,0.0
TC-JAIPUR-0863,TRAIN,LOC-IN-JAIPUR,Jaipur,Hot Semi-Arid / Composite,26.9124,75.7873,430.0,8,high,work,50.0,10.0,5.0,3.0,2.0,25.0,90.0,ASM-WALL-LADAKH-INS-MOD,ASM-ROOF-LADAKH-INS-MOD,ASM-FLOOR-WARM-TILED,0.314,0.25,2.1,8.0,17.396,7.031,24.952,3.775,17.921,393.946,78.703,25.247,True,89.7,OPTIMAL,0.09,0.7125,0.1075,5.6,43.7,0.7883333333333333,8.0,50.0,10.0,5.0,3.0,2.0,1.301,25.0,90.0,8.0,0.0,0.4,392.5,0.314,153.0,0.25,150.0,2.1,2.0,0.0,1.2,0.0
TC-JAIPUR-0864,TRAIN,LOC-IN-JAIPUR,Jaipur,Hot Semi-Arid / Composite,26.9124,75.7873,430.0,1,low,residential,50.0,10.0,5.0,3.0,2.0,25.0,90.0,ASM-WALL-LADAKH-INS-MOD,ASM-ROOF-WARM-SLAB,ASM-FLOOR-LADAKH-TRAD,0.314,3.476,0.85,8.0,18.7,7.003,27.338,5.08,20.335,554.686,113.905,7.366,True,68.01,ACCEPTABLE,0.09,0.7125,0.1075,5.6,43.7,0.7883333333333333,1.0,50.0,10.0,5.0,3.0,2.0,1.301,25.0,90.0,8.0,0.0,0.4,392.5,0.314,162.5,3.476,250.0,0.85,0.5,0.0,1.2,0.0
TC-JAIPUR-0865,TRAIN,LOC-IN-JAIPUR,Jaipur,Hot Semi-Arid / Composite,26.9124,75.7873,430.0,2,medium,emergency,50.0,10.0,5.0,3.0,2.0,25.0,90.0,ASM-WALL-LADAKH-LIGHT-INS,ASM-ROOF-LADAKH-TRAD,ASM-FLOOR-LADAKH-INS-SLAB,0.284,0.247,0.444,8.0,25.131,7.033,48.412,11.51,41.379,505.278,41.397,28.356,True,53.24,SUB_OPTIMAL,0.09,0.7125,0.1075,5.6,43.7,0.7883333333333333,2.0,50.0,10.0,5.0,3.0,2.0,1.301,25.0,90.0,8.0,0.0,0.4,152.0,0.284,300.0,0.247,180.0,0.444,1.0,0.0,1.2,0.0
TC-JAIPUR-0866,TRAIN,LOC-IN-JAIPUR,Jaipur,Hot Semi-Arid / Composite,26.9124,75.7873,430.0,4,high,work,50.0,10.0,5.0,3.0,2.0,25.0,90.0,ASM-WALL-LADAKH-LIGHT-INS,ASM-ROOF-LADAKH-INS-MOD,ASM-FLOOR-WARM-TILED,0.284,0.25,2.1,8.0,19.186,7.048,32.165,5.565,25.117,304.353,68.339,29.673,True,73.16,ACCEPTABLE,0.09,0.7125,0.1075,5.6,43.7,0.7883333333333333,4.0,50.0,10.0,5.0,3.0,2.0,1.301,25.0,90.0,8.0,0.0,0.4,152.0,0.284,153.0,0.25,150.0,2.1,2.0,0.0,1.2,0.0
TC-JAIPUR-0867,TRAIN,LOC-IN-JAIPUR,Jaipur,Hot Semi-Arid / Composite,26.9124,75.7873,430.0,8,low,residential,50.0,10.0,5.0,3.0,2.0,25.0,90.0,ASM-WALL-LADAKH-LIGHT-INS,ASM-ROOF-WARM-SLAB,ASM-FLOOR-LADAKH-TRAD,0.284,3.476,0.85,8.0,21.713,7.068,35.369,8.092,28.3,465.093,123.988,10.158,True,46.55,SUB_OPTIMAL,0.09,0.7125,0.1075,5.6,43.7,0.7883333333333333,8.0,50.0,10.0,5.0,3.0,2.0,1.301,25.0,90.0,8.0,0.0,0.4,152.0,0.284,162.5,3.476,250.0,0.85,0.5,0.0,1.2,0.0
TC-JAIPUR-0868,TRAIN,LOC-IN-JAIPUR,Jaipur,Hot Semi-Arid / Composite,26.9124,75.7873,430.0,1,medium,emergency,50.0,10.0,5.0,3.0,2.0,25.0,90.0,ASM-WALL-SHIMLA-COLD,ASM-ROOF-LADAKH-TRAD,ASM-FLOOR-LADAKH-INS-SLAB,0.347,0.247,0.444,8.0,18.666,7.003,27.143,5.046,20.139,550.075,75.834,14.773,True,92.81,OPTIMAL,0.09,0.7125,0.1075,5.6,43.7,0.7883333333333333,1.0,50.0,10.0,5.0,3.0,2.0,1.301,25.0,90.0,8.0,0.0,0.4,410.0,0.347,300.0,0.247,180.0,0.444,1.0,0.0,1.2,0.0
TC-JAIPUR-0869,TRAIN,LOC-IN-JAIPUR,Jaipur,Hot Semi-Arid / Composite,26.9124,75.7873,430.0,2,high,work,50.0,10.0,5.0,3.0,2.0,25.0,90.0,ASM-WALL-SHIMLA-COLD,ASM-ROOF-LADAKH-INS-MOD,ASM-FLOOR-WARM-TILED,0.347,0.25,2.1,8.0,15.479,7.006,21.539,1.858,14.533,349.15,88.089,21.279,True,88.73,OPTIMAL,0.09,0.7125,0.1075,5.6,43.7,0.7883333333333333,2.0,50.0,10.0,5.0,3.0,2.0,1.301,25.0,90.0,8.0,0.0,0.4,410.0,0.347,153.0,0.25,150.0,2.1,2.0,0.0,1.2,0.0
TC-JAIPUR-0870,TRAIN,LOC-IN-JAIPUR,Jaipur,Hot Semi-Arid / Composite,26.9124,75.7873,430.0,4,low,residential,50.0,10.0,5.0,3.0,2.0,25.0,90.0,ASM-WALL-SHIMLA-COLD,ASM-ROOF-WARM-SLAB,ASM-FLOOR-LADAKH-TRAD,0.347,3.476,0.85,8.0,17.036,7.011,24.202,3.415,17.191,509.89,120.771,6.177,True,67.64,ACCEPTABLE,0.09,0.7125,0.1075,5.6,43.7,0.7883333333333333,4.0,50.0,10.0,5.0,3.0,2.0,1.301,25.0,90.0,8.0,0.0,0.4,410.0,0.347,162.5,3.476,250.0,0.85,0.5,0.0,1.2,0.0
TC-JAIPUR-0871,TRAIN,LOC-IN-JAIPUR,Jaipur,Hot Semi-Arid / Composite,26.9124,75.7873,430.0,8,medium,emergency,50.0,10.0,5.0,3.0,2.0,25.0,180.0,ASM-WALL-LADAKH-TRAD,ASM-ROOF-LADAKH-TRAD,ASM-FLOOR-LADAKH-INS-SLAB,1.591,0.247,0.444,8.0,22.878,7.03,34.429,9.257,27.4,729.261,53.445,23.614,True,70.62,ACCEPTABLE,0.09,0.7125,0.1075,5.6,43.7,0.7883333333333333,8.0,50.0,10.0,5.0,3.0,2.0,1.301,25.0,180.0,8.0,0.0,0.2,465.0,1.591,300.0,0.247,180.0,0.444,1.0,0.0,1.2,0.0
TC-JAIPUR-0872,TRAIN,LOC-IN-JAIPUR,Jaipur,Hot Semi-Arid / Composite,26.9124,75.7873,430.0,1,high,work,50.0,10.0,5.0,3.0,2.0,25.0,180.0,ASM-WALL-LADAKH-TRAD,ASM-ROOF-LADAKH-INS-MOD,ASM-FLOOR-WARM-TILED,1.591,0.25,2.1,8.0,18.404,7.003,26.76,4.783,19.757,528.336,77.217,28.549,True,80.13,OPTIMAL,0.09,0.7125,0.1075,5.6,43.7,0.7883333333333333,1.0,50.0,10.0,5.0,3.0,2.0,1.301,25.0,180.0,8.0,0.0,0.2,465.0,1.591,153.0,0.25,150.0,2.1,2.0,0.0,1.2,0.0
TC-JAIPUR-0873,TRAIN,LOC-IN-JAIPUR,Jaipur,Hot Semi-Arid / Composite,26.9124,75.7873,430.0,2,low,residential,50.0,10.0,5.0,3.0,2.0,25.0,180.0,ASM-WALL-LADAKH-TRAD,ASM-ROOF-WARM-SLAB,ASM-FLOOR-LADAKH-TRAD,1.591,3.476,0.85,8.0,19.934,7.006,29.361,6.313,22.355,689.076,118.799,8.601,True,66.55,ACCEPTABLE,0.09,0.7125,0.1075,5.6,43.7,0.7883333333333333,2.0,50.0,10.0,5.0,3.0,2.0,1.301,25.0,180.0,8.0,0.0,0.2,465.0,1.591,162.5,3.476,250.0,0.85,0.5,0.0,1.2,0.0
TC-JAIPUR-0874,TRAIN,LOC-IN-JAIPUR,Jaipur,Hot Semi-Arid / Composite,26.9124,75.7873,430.0,4,medium,emergency,50.0,10.0,5.0,3.0,2.0,25.0,180.0,ASM-WALL-LADAKH-IMP-TRAD,ASM-ROOF-LADAKH-TRAD,ASM-FLOOR-LADAKH-INS-SLAB,0.452,0.247,0.444,8.0,24.415,7.019,37.813,10.794,30.794,729.261,74.386,26.963,True,72.4,ACCEPTABLE,0.09,0.7125,0.1075,5.6,43.7,0.7883333333333333,4.0,50.0,10.0,5.0,3.0,2.0,1.301,25.0,180.0,8.0,0.0,0.2,345.0,0.452,300.0,0.247,180.0,0.444,1.0,0.0,1.2,0.0
TC-JAIPUR-0875,TRAIN,LOC-IN-JAIPUR,Jaipur,Hot Semi-Arid / Composite,26.9124,75.7873,430.0,8,high,work,50.0,10.0,5.0,3.0,2.0,25.0,180.0,ASM-WALL-LADAKH-IMP-TRAD,ASM-ROOF-LADAKH-INS-MOD,ASM-FLOOR-WARM-TILED,0.452,0.25,2.1,8.0,19.858,7.035,29.586,6.237,22.551,528.336,98.675,33.42,True,84.81,OPTIMAL,0.09,0.7125,0.1075,5.6,43.7,0.7883333333333333,8.0,50.0,10.0,5.0,3.0,2.0,1.301,25.0,180.0,8.0,0.0,0.2,345.0,0.452,153.0,0.25,150.0,2.1,2.0,0.0,1.2,0.0
TC-JAIPUR-0876,TRAIN,LOC-IN-JAIPUR,Jaipur,Hot Semi-Arid / Composite,26.9124,75.7873,430.0,1,low,residential,50.0,10.0,5.0,3.0,2.0,25.0,180.0,ASM-WALL-LADAKH-IMP-TRAD,ASM-ROOF-WARM-SLAB,ASM-FLOOR-LADAKH-TRAD,0.452,3.476,0.85,8.0,21.091,7.004,31.772,7.47,24.769,689.076,144.326,9.75,True,59.85,SUB_OPTIMAL,0.09,0.7125,0.1075,5.6,43.7,0.7883333333333333,1.0,50.0,10.0,5.0,3.0,2.0,1.301,25.0,180.0,8.0,0.0,0.2,345.0,0.452,162.5,3.476,250.0,0.85,0.5,0.0,1.2,0.0
TC-JAIPUR-0877,TRAIN,LOC-IN-JAIPUR,Jaipur,Hot Semi-Arid / Composite,26.9124,75.7873,430.0,2,medium,emergency,50.0,10.0,5.0,3.0,2.0,25.0,180.0,ASM-WALL-LADAKH-INS-MOD,ASM-ROOF-LADAKH-TRAD,ASM-FLOOR-LADAKH-INS-SLAB,0.314,0.247,0.444,8.0,22.934,7.009,34.968,9.313,27.959,699.397,73.116,23.674,True,79.12,ACCEPTABLE,0.09,0.7125,0.1075,5.6,43.7,0.7883333333333333,2.0,50.0,10.0,5.0,3.0,2.0,1.301,25.0,180.0,8.0,0.0,0.2,392.5,0.314,300.0,0.247,180.0,0.444,1.0,0.0,1.2,0.0
TC-JAIPUR-0878,TRAIN,LOC-IN-JAIPUR,Jaipur,Hot Semi-Arid / Composite,26.9124,75.7873,430.0,4,high,work,50.0,10.0,5.0,3.0,2.0,25.0,180.0,ASM-WALL-LADAKH-INS-MOD,ASM-ROOF-LADAKH-INS-MOD,ASM-FLOOR-WARM-TILED,0.314,0.25,2.1,8.0,18.698,7.016,27.423,5.077,20.407,498.472,91.146,29.239,True,89.7,OPTIMAL,0.09,0.7125,0.1075,5.6,43.7,0.7883333333333333,4.0,50.0,10.0,5.0,3.0,2.0,1.301,25.0,180.0,8.0,0.0,0.2,392.5,0.314,153.0,0.25,150.0,2.1,2.0,0.0,1.2,0.0
TC-JAIPUR-0879,TRAIN,LOC-IN-JAIPUR,Jaipur,Hot Semi-Arid / Composite,26.9124,75.7873,430.0,8,low,residential,50.0,10.0,5.0,3.0,2.0,25.0,180.0,ASM-WALL-LADAKH-INS-MOD,ASM-ROOF-WARM-SLAB,ASM-FLOOR-LADAKH-TRAD,0.314,3.476,0.85,8.0,20.403,7.028,30.259,6.782,23.231,659.212,139.67,9.033,True,63.49,ACCEPTABLE,0.09,0.7125,0.1075,5.6,43.7,0.7883333333333333,8.0,50.0,10.0,5.0,3.0,2.0,1.301,25.0,180.0,8.0,0.0,0.2,392.5,0.314,162.5,3.476,250.0,0.85,0.5,0.0,1.2,0.0
TC-JAIPUR-0880,TRAIN,LOC-IN-JAIPUR,Jaipur,Hot Semi-Arid / Composite,26.9124,75.7873,430.0,1,medium,emergency,50.0,10.0,5.0,3.0,2.0,25.0,180.0,ASM-WALL-LADAKH-LIGHT-INS,ASM-ROOF-LADAKH-TRAD,ASM-FLOOR-LADAKH-INS-SLAB,0.284,0.247,0.444,8.0,26.644,7.017,52.502,13.023,45.485,579.939,46.751,32.023,True,53.24,SUB_OPTIMAL,0.09,0.7125,0.1075,5.6,43.7,0.7883333333333333,1.0,50.0,10.0,5.0,3.0,2.0,1.301,25.0,180.0,8.0,0.0,0.2,152.0,0.284,300.0,0.247,180.0,0.444,1.0,0.0,1.2,0.0
TC-JAIPUR-0881,TRAIN,LOC-IN-JAIPUR,Jaipur,Hot Semi-Arid / Composite,26.9124,75.7873,430.0,2,high,work,50.0,10.0,5.0,3.0,2.0,25.0,180.0,ASM-WALL-LADAKH-LIGHT-INS,ASM-ROOF-LADAKH-INS-MOD,ASM-FLOOR-WARM-TILED,0.284,0.25,2.1,8.0,20.456,7.024,35.466,6.835,28.442,379.014,81.112,35.219,True,66.56,ACCEPTABLE,0.09,0.7125,0.1075,5.6,43.7,0.7883333333333333,2.0,50.0,10.0,5.0,3.0,2.0,1.301,25.0,180.0,8.0,0.0,0.2,152.0,0.284,153.0,0.25,150.0,2.1,2.0,0.0,1.2,0.0
TC-JAIPUR-0882,TRAIN,LOC-IN-JAIPUR,Jaipur,Hot Semi-Arid / Composite,26.9124,75.7873,430.0,4,low,residential,50.0,10.0,5.0,3.0,2.0,25.0,180.0,ASM-WALL-LADAKH-LIGHT-INS,ASM-ROOF-WARM-SLAB,ASM-FLOOR-LADAKH-TRAD,0.284,3.476,0.85,8.0,22.804,7.034,37.891,9.183,30.857,539.754,139.542,11.433,True,41.5,SUB_OPTIMAL,0.09,0.7125,0.1075,5.6,43.7,0.7883333333333333,4.0,50.0,10.0,5.0,3.0,2.0,1.301,25.0,180.0,8.0,0.0,0.2,152.0,0.284,162.5,3.476,250.0,0.85,0.5,0.0,1.2,0.0
TC-JAIPUR-0883,TRAIN,LOC-IN-JAIPUR,Jaipur,Hot Semi-Arid / Composite,26.9124,75.7873,430.0,8,medium,emergency,50.0,10.0,5.0,3.0,2.0,25.0,180.0,ASM-WALL-SHIMLA-COLD,ASM-ROOF-LADAKH-TRAD,ASM-FLOOR-LADAKH-INS-SLAB,0.347,0.247,0.444,8.0,20.23,7.027,29.788,6.609,22.761,639.668,91.368,17.799,True,89.24,OPTIMAL,0.09,0.7125,0.1075,5.6,43.7,0.7883333333333333,8.0,50.0,10.0,5.0,3.0,2.0,1.301,25.0,180.0,8.0,0.0,0.2,410.0,0.347,300.0,0.247,180.0,0.444,1.0,0.0,1.2,0.0
TC-JAIPUR-0884,TRAIN,LOC-IN-JAIPUR,Jaipur,Hot Semi-Arid / Composite,26.9124,75.7873,430.0,1,high,work,50.0,10.0,5.0,3.0,2.0,25.0,180.0,ASM-WALL-SHIMLA-COLD,ASM-ROOF-LADAKH-INS-MOD,ASM-FLOOR-WARM-TILED,0.347,0.25,2.1,8.0,16.545,7.003,23.447,2.924,16.444,438.743,96.941,23.417,True,88.73,OPTIMAL,0.09,0.7125,0.1075,5.6,43.7,0.7883333333333333,1.0,50.0,10.0,5.0,3.0,2.0,1.301,25.0,180.0,8.0,0.0,0.2,410.0,0.347,153.0,0.25,150.0,2.1,2.0,0.0,1.2,0.0
TC-JAIPUR-0885,TRAIN,LOC-IN-JAIPUR,Jaipur,Hot Semi-Arid / Composite,26.9124,75.7873,430.0,2,low,residential,50.0,10.0,5.0,3.0,2.0,25.0,180.0,ASM-WALL-SHIMLA-COLD,ASM-ROOF-WARM-SLAB,ASM-FLOOR-LADAKH-TRAD,0.347,3.476,0.85,8.0,18.011,7.006,25.972,4.39,18.966,599.483,133.935,6.85,True,67.64,ACCEPTABLE,0.09,0.7125,0.1075,5.6,43.7,0.7883333333333333,2.0,50.0,10.0,5.0,3.0,2.0,1.301,25.0,180.0,8.0,0.0,0.2,410.0,0.347,162.5,3.476,250.0,0.85,0.5,0.0,1.2,0.0
TC-JAIPUR-0886,TRAIN,LOC-IN-JAIPUR,Jaipur,Hot Semi-Arid / Composite,26.9124,75.7873,430.0,4,medium,emergency,50.0,10.0,5.0,3.0,2.0,25.0,270.0,ASM-WALL-LADAKH-TRAD,ASM-ROOF-LADAKH-TRAD,ASM-FLOOR-LADAKH-INS-SLAB,1.591,0.247,0.444,8.0,20.91,7.015,31.019,7.289,24.005,617.27,43.723,19.318,True,77.44,ACCEPTABLE,0.09,0.7125,0.1075,5.6,43.7,0.7883333333333333,4.0,50.0,10.0,5.0,3.0,2.0,1.301,25.0,270.0,8.0,0.0,0.4,465.0,1.591,300.0,0.247,180.0,0.444,1.0,0.0,1.2,0.0
TC-JAIPUR-0887,TRAIN,LOC-IN-JAIPUR,Jaipur,Hot Semi-Arid / Composite,26.9124,75.7873,430.0,8,high,work,50.0,10.0,5.0,3.0,2.0,25.0,270.0,ASM-WALL-LADAKH-TRAD,ASM-ROOF-LADAKH-INS-MOD,ASM-FLOOR-WARM-TILED,1.591,0.25,2.1,8.0,17.17,7.027,24.403,3.549,17.376,416.345,67.452,24.938,True,80.13,OPTIMAL,0.09,0.7125,0.1075,5.6,43.7,0.7883333333333333,8.0,50.0,10.0,5.0,3.0,2.0,1.301,25.0,270.0,8.0,0.0,0.4,465.0,1.591,153.0,0.25,150.0,2.1,2.0,0.0,1.2,0.0
TC-JAIPUR-0888,TRAIN,LOC-IN-JAIPUR,Jaipur,Hot Semi-Arid / Composite,26.9124,75.7873,430.0,1,low,residential,50.0,10.0,5.0,3.0,2.0,25.0,270.0,ASM-WALL-LADAKH-TRAD,ASM-ROOF-WARM-SLAB,ASM-FLOOR-LADAKH-TRAD,1.591,3.476,0.85,8.0,18.436,7.003,26.715,4.815,19.712,577.085,99.383,7.195,True,69.27,ACCEPTABLE,0.09,0.7125,0.1075,5.6,43.7,0.7883333333333333,1.0,50.0,10.0,5.0,3.0,2.0,1.301,25.0,270.0,8.0,0.0,0.4,465.0,1.591,162.5,3.476,250.0,0.85,0.5,0.0,1.2,0.0
TC-JAIPUR-0889,TRAIN,LOC-IN-JAIPUR,Jaipur,Hot Semi-Arid / Composite,26.9124,75.7873,430.0,2,medium,emergency,50.0,10.0,5.0,3.0,2.0,25.0,270.0,ASM-WALL-LADAKH-IMP-TRAD,ASM-ROOF-LADAKH-TRAD,ASM-FLOOR-LADAKH-INS-SLAB,0.452,0.247,0.444,8.0,22.384,7.01,34.158,8.764,27.148,617.27,61.738,22.378,True,79.71,ACCEPTABLE,0.09,0.7125,0.1075,5.6,43.7,0.7883333333333333,2.0,50.0,10.0,5.0,3.0,2.0,1.301,25.0,270.0,8.0,0.0,0.4,345.0,0.452,300.0,0.247,180.0,0.444,1.0,0.0,1.2,0.0
TC-JAIPUR-0890,TRAIN,LOC-IN-JAIPUR,Jaipur,Hot Semi-Arid / Composite,26.9124,75.7873,430.0,4,high,work,50.0,10.0,5.0,3.0,2.0,25.0,270.0,ASM-WALL-LADAKH-IMP-TRAD,ASM-ROOF-LADAKH-INS-MOD,ASM-FLOOR-WARM-TILED,0.452,0.25,2.1,8.0,18.007,7.017,26.276,4.386,19.258,416.345,79.397,26.891,True,87.99,OPTIMAL,0.09,0.7125,0.1075,5.6,43.7,0.7883333333333333,4.0,50.0,10.0,5.0,3.0,2.0,1.301,25.0,270.0,8.0,0.0,0.4,345.0,0.452,153.0,0.25,150.0,2.1,2.0,0.0,1.2,0.0
TC-JAIPUR-0891,TRAIN,LOC-IN-JAIPUR,Jaipur,Hot Semi-Arid / Composite,26.9124,75.7873,430.0,8,low,residential,50.0,10.0,5.0,3.0,2.0,25.0,270.0,ASM-WALL-LADAKH-IMP-TRAD,ASM-ROOF-WARM-SLAB,ASM-FLOOR-LADAKH-TRAD,0.452,3.476,0.85,8.0,19.842,7.03,29.339,6.221,22.309,577.085,124.314,8.398,True,64.71,ACCEPTABLE,0.09,0.7125,0.1075,5.6,43.7,0.7883333333333333,8.0,50.0,10.0,5.0,3.0,2.0,1.301,25.0,270.0,8.0,0.0,0.4,345.0,0.452,162.5,3.476,250.0,0.85,0.5,0.0,1.2,0.0
TC-JAIPUR-0892,TRAIN,LOC-IN-JAIPUR,Jaipur,Hot Semi-Arid / Composite,26.9124,75.7873,430.0,1,medium,emergency,50.0,10.0,5.0,3.0,2.0,25.0,270.0,ASM-WALL-LADAKH-INS-MOD,ASM-ROOF-LADAKH-TRAD,ASM-FLOOR-LADAKH-INS-SLAB,0.314,0.247,0.444,8.0,21.172,7.004,31.809,7.552,24.804,594.871,60.961,19.739,True,85.44,OPTIMAL,0.09,0.7125,0.1075,5.6,43.7,0.7883333333333333,1.0,50.0,10.0,5.0,3.0,2.0,1.301,25.0,270.0,8.0,0.0,0.4,392.5,0.314,300.0,0.247,180.0,0.444,1.0,0.0,1.2,0.0
TC-JAIPUR-0893,TRAIN,LOC-IN-JAIPUR,Jaipur,Hot Semi-Arid / Composite,26.9124,75.7873,430.0,2,high,work,50.0,10.0,5.0,3.0,2.0,25.0,270.0,ASM-WALL-LADAKH-INS-MOD,ASM-ROOF-LADAKH-INS-MOD,ASM-FLOOR-WARM-TILED,0.314,0.25,2.1,8.0,17.121,7.008,24.595,3.5,17.587,393.946,76.523,24.548,True,89.7,OPTIMAL,0.09,0.7125,0.1075,5.6,43.7,0.7883333333333333,2.0,50.0,10.0,5.0,3.0,2.0,1.301,25.0,270.0,8.0,0.0,0.4,392.5,0.314,153.0,0.25,150.0,2.1,2.0,0.0,1.2,0.0
TC-JAIPUR-0894,TRAIN,LOC-IN-JAIPUR,Jaipur,Hot Semi-Arid / Composite,26.9124,75.7873,430.0,4,low,residential,50.0,10.0,5.0,3.0,2.0,25.0,270.0,ASM-WALL-LADAKH-INS-MOD,ASM-ROOF-WARM-SLAB,ASM-FLOOR-LADAKH-TRAD,0.314,3.476,0.85,8.0,18.83,7.014,27.509,5.209,20.495,554.686,115.646,7.479,True,68.01,ACCEPTABLE,0.09,0.7125,0.1075,5.6,43.7,0.7883333333333333,4.0,50.0,10.0,5.0,3.0,2.0,1.301,25.0,270.0,8.0,0.0,0.4,392.5,0.314,162.5,3.476,250.0,0.85,0.5,0.0,1.2,0.0
TC-JAIPUR-0895,TRAIN,LOC-IN-JAIPUR,Jaipur,Hot Semi-Arid / Composite,26.9124,75.7873,430.0,8,medium,emergency,50.0,10.0,5.0,3.0,2.0,25.0,270.0,ASM-WALL-LADAKH-LIGHT-INS,ASM-ROOF-LADAKH-TRAD,ASM-FLOOR-LADAKH-INS-SLAB,0.284,0.247,0.444,8.0,25.597,7.134,48.9,11.976,41.766,505.278,42.789,29.31,True,53.24,SUB_OPTIMAL,0.09,0.7125,0.1075,5.6,43.7,0.7883333333333333,8.0,50.0,10.0,5.0,3.0,2.0,1.301,25.0,270.0,8.0,0.0,0.4,152.0,0.284,300.0,0.247,180.0,0.444,1.0,0.0,1.2,0.0
TC-JAIPUR-0896,TRAIN,LOC-IN-JAIPUR,Jaipur,Hot Semi-Arid / Composite,26.9124,75.7873,430.0,1,high,work,50.0,10.0,5.0,3.0,2.0,25.0,270.0,ASM-WALL-LADAKH-LIGHT-INS,ASM-ROOF-LADAKH-INS-MOD,ASM-FLOOR-WARM-TILED,0.284,0.25,2.1,8.0,18.993,7.012,31.952,5.372,24.94,304.353,66.871,29.036,True,73.59,ACCEPTABLE,0.09,0.7125,0.1075,5.6,43.7,0.7883333333333333,1.0,50.0,10.0,5.0,3.0,2.0,1.301,25.0,270.0,8.0,0.0,0.4,152.0,0.284,153.0,0.25,150.0,2.1,2.0,0.0,1.2,0.0
TC-JAIPUR-0897,TRAIN,LOC-IN-JAIPUR,Jaipur,Hot Semi-Arid / Composite,26.9124,75.7873,430.0,2,low,residential,50.0,10.0,5.0,3.0,2.0,25.0,270.0,ASM-WALL-LADAKH-LIGHT-INS,ASM-ROOF-WARM-SLAB,ASM-FLOOR-LADAKH-TRAD,0.284,3.476,0.85,8.0,21.354,7.017,34.953,7.733,27.936,465.093,119.736,9.81,True,47.37,SUB_OPTIMAL,0.09,0.7125,0.1075,5.6,43.7,0.7883333333333333,2.0,50.0,10.0,5.0,3.0,2.0,1.301,25.0,270.0,8.0,0.0,0.4,152.0,0.284,162.5,3.476,250.0,0.85,0.5,0.0,1.2,0.0
TC-JAIPUR-0898,TRAIN,LOC-IN-JAIPUR,Jaipur,Hot Semi-Arid / Composite,26.9124,75.7873,430.0,4,medium,emergency,50.0,10.0,5.0,3.0,2.0,25.0,270.0,ASM-WALL-SHIMLA-COLD,ASM-ROOF-LADAKH-TRAD,ASM-FLOOR-LADAKH-INS-SLAB,0.347,0.247,0.444,8.0,18.801,7.013,27.322,5.18,20.309,550.075,77.049,15.01,True,92.81,OPTIMAL,0.09,0.7125,0.1075,5.6,43.7,0.7883333333333333,4.0,50.0,10.0,5.0,3.0,2.0,1.301,25.0,270.0,8.0,0.0,0.4,410.0,0.347,300.0,0.247,180.0,0.444,1.0,0.0,1.2,0.0
TC-JAIPUR-0899,TRAIN,LOC-IN-JAIPUR,Jaipur,Hot Semi-Arid / Composite,26.9124,75.7873,430.0,8,high,work,50.0,10.0,5.0,3.0,2.0,25.0,270.0,ASM-WALL-SHIMLA-COLD,ASM-ROOF-LADAKH-INS-MOD,ASM-FLOOR-WARM-TILED,0.347,0.25,2.1,8.0,15.717,7.025,21.855,2.096,14.831,349.15,89.961,21.731,True,88.73,OPTIMAL,0.09,0.7125,0.1075,5.6,43.7,0.7883333333333333,8.0,50.0,10.0,5.0,3.0,2.0,1.301,25.0,270.0,8.0,0.0,0.4,410.0,0.347,153.0,0.25,150.0,2.1,2.0,0.0,1.2,0.0
TC-JAIPUR-0900,TRAIN,LOC-IN-JAIPUR,Jaipur,Hot Semi-Arid / Composite,26.9124,75.7873,430.0,1,low,residential,50.0,10.0,5.0,3.0,2.0,25.0,270.0,ASM-WALL-SHIMLA-COLD,ASM-ROOF-WARM-SLAB,ASM-FLOOR-LADAKH-TRAD,0.347,3.476,0.85,8.0,16.923,7.003,24.052,3.302,17.049,509.89,119.482,6.111,True,67.64,ACCEPTABLE,0.09,0.7125,0.1075,5.6,43.7,0.7883333333333333,1.0,50.0,10.0,5.0,3.0,2.0,1.301,25.0,270.0,8.0,0.0,0.4,410.0,0.347,162.5,3.476,250.0,0.85,0.5,0.0,1.2,0.0
TC-KARUR-0901,TRAIN,LOC-IN-KARUR,Karur,Warm-Humid / Tropical,10.957,78.0811,100.0,2,medium,emergency,14.98,4.5,3.33,2.8,1.35,30.0,0.0,ASM-WALL-LADAKH-TRAD,ASM-ROOF-LADAKH-TRAD,ASM-FLOOR-LADAKH-INS-SLAB,1.591,0.247,0.444,3.8,33.796,20.416,42.341,9.451,21.925,301.444,25.156,6.751,True,56.75,SUB_OPTIMAL,0.0,0.9125,0.025,18.3,41.1,0.8391666666666666,2.0,14.98,4.5,3.33,2.8,1.35,1.815,30.0,0.0,3.8,0.0,0.14285714285714288,465.0,1.591,300.0,0.247,180.0,0.444,1.0,0.0,1.4,0.0
TC-KARUR-0902,TRAIN,LOC-IN-KARUR,Karur,Warm-Humid / Tropical,10.957,78.0811,100.0,4,high,work,14.98,4.5,3.33,2.8,1.35,30.0,0.0,ASM-WALL-LADAKH-TRAD,ASM-ROOF-LADAKH-INS-MOD,ASM-FLOOR-WARM-TILED,1.591,0.25,2.1,3.8,30.048,20.43,35.969,5.702,15.538,205.316,31.331,8.826,True,66.14,ACCEPTABLE,0.0,0.9125,0.025,18.3,41.1,0.8391666666666666,4.0,14.98,4.5,3.33,2.8,1.35,1.815,30.0,0.0,3.8,0.0,0.14285714285714288,465.0,1.591,153.0,0.25,150.0,2.1,2.0,0.0,1.4,0.0
TC-KARUR-0903,TRAIN,LOC-IN-KARUR,Karur,Warm-Humid / Tropical,10.957,78.0811,100.0,8,low,residential,14.98,4.5,3.33,2.8,1.35,30.0,0.0,ASM-WALL-LADAKH-TRAD,ASM-ROOF-WARM-SLAB,ASM-FLOOR-LADAKH-TRAD,1.591,3.476,0.85,3.8,32.374,20.456,39.755,8.028,19.299,282.218,52.003,2.915,True,47.71,SUB_OPTIMAL,0.0,0.9125,0.025,18.3,41.1,0.8391666666666666,8.0,14.98,4.5,3.33,2.8,1.35,1.815,30.0,0.0,3.8,0.0,0.14285714285714288,465.0,1.591,162.5,3.476,250.0,0.85,0.5,0.0,1.4,0.0
TC-KARUR-0904,TRAIN,LOC-IN-KARUR,Karur,Warm-Humid / Tropical,10.957,78.0811,100.0,1,medium,emergency,14.98,4.5,3.33,2.8,1.35,30.0,0.0,ASM-WALL-LADAKH-IMP-TRAD,ASM-ROOF-LADAKH-TRAD,ASM-FLOOR-LADAKH-INS-SLAB,0.452,0.247,0.444,3.8,35.16,20.41,45.011,10.814,24.6,301.444,34.924,7.606,True,59.95,SUB_OPTIMAL,0.0,0.9125,0.025,18.3,41.1,0.8391666666666666,1.0,14.98,4.5,3.33,2.8,1.35,1.815,30.0,0.0,3.8,0.0,0.14285714285714288,345.0,0.452,300.0,0.247,180.0,0.444,1.0,0.0,1.4,0.0
TC-KARUR-0905,TRAIN,LOC-IN-KARUR,Karur,Warm-Humid / Tropical,10.957,78.0811,100.0,2,high,work,14.98,4.5,3.33,2.8,1.35,30.0,0.0,ASM-WALL-LADAKH-IMP-TRAD,ASM-ROOF-LADAKH-INS-MOD,ASM-FLOOR-WARM-TILED,0.452,0.25,2.1,3.8,30.816,20.42,37.52,6.47,17.1,205.316,38.285,9.613,True,71.58,ACCEPTABLE,0.0,0.9125,0.025,18.3,41.1,0.8391666666666666,2.0,14.98,4.5,3.33,2.8,1.35,1.815,30.0,0.0,3.8,0.0,0.14285714285714288,345.0,0.452,153.0,0.25,150.0,2.1,2.0,0.0,1.4,0.0
TC-KARUR-0906,TRAIN,LOC-IN-KARUR,Karur,Warm-Humid / Tropical,10.957,78.0811,100.0,4,low,residential,14.98,4.5,3.33,2.8,1.35,30.0,0.0,ASM-WALL-LADAKH-IMP-TRAD,ASM-ROOF-WARM-SLAB,ASM-FLOOR-LADAKH-TRAD,0.452,3.476,0.85,3.8,33.12,20.435,41.331,8.774,20.895,282.218,61.418,3.138,True,44.56,SUB_OPTIMAL,0.0,0.9125,0.025,18.3,41.1,0.8391666666666666,4.0,14.98,4.5,3.33,2.8,1.35,1.815,30.0,0.0,3.8,0.0,0.14285714285714288,345.0,0.452,162.5,3.476,250.0,0.85,0.5,0.0,1.4,0.0
TC-KARUR-0907,TRAIN,LOC-IN-KARUR,Karur,Warm-Humid / Tropical,10.957,78.0811,100.0,8,medium,emergency,14.98,4.5,3.33,2.8,1.35,30.0,0.0,ASM-WALL-LADAKH-INS-MOD,ASM-ROOF-LADAKH-TRAD,ASM-FLOOR-LADAKH-INS-SLAB,0.314,0.247,0.444,3.8,34.767,20.474,43.876,10.421,23.402,290.32,37.873,7.33,True,63.26,ACCEPTABLE,0.0,0.9125,0.025,18.3,41.1,0.8391666666666666,8.0,14.98,4.5,3.33,2.8,1.35,1.815,30.0,0.0,3.8,0.0,0.14285714285714288,392.5,0.314,300.0,0.247,180.0,0.444,1.0,0.0,1.4,0.0
TC-KARUR-0908,TRAIN,LOC-IN-KARUR,Karur,Warm-Humid / Tropical,10.957,78.0811,100.0,1,high,work,14.98,4.5,3.33,2.8,1.35,30.0,0.0,ASM-WALL-LADAKH-INS-MOD,ASM-ROOF-LADAKH-INS-MOD,ASM-FLOOR-WARM-TILED,0.314,0.25,2.1,3.8,29.848,20.409,35.821,5.502,15.412,194.192,36.259,8.491,True,76.01,ACCEPTABLE,0.0,0.9125,0.025,18.3,41.1,0.8391666666666666,1.0,14.98,4.5,3.33,2.8,1.35,1.815,30.0,0.0,3.8,0.0,0.14285714285714288,392.5,0.314,153.0,0.25,150.0,2.1,2.0,0.0,1.4,0.0
TC-KARUR-0909,TRAIN,LOC-IN-KARUR,Karur,Warm-Humid / Tropical,10.957,78.0811,100.0,2,low,residential,14.98,4.5,3.33,2.8,1.35,30.0,0.0,ASM-WALL-LADAKH-INS-MOD,ASM-ROOF-WARM-SLAB,ASM-FLOOR-LADAKH-TRAD,0.314,3.476,0.85,3.8,31.98,20.416,39.387,7.634,18.971,271.094,57.702,2.785,True,48.44,SUB_OPTIMAL,0.0,0.9125,0.025,18.3,41.1,0.8391666666666666,2.0,14.98,4.5,3.33,2.8,1.35,1.815,30.0,0.0,3.8,0.0,0.14285714285714288,392.5,0.314,162.5,3.476,250.0,0.85,0.5,0.0,1.4,0.0
TC-KARUR-0910,TRAIN,LOC-IN-KARUR,Karur,Warm-Humid / Tropical,10.957,78.0811,100.0,4,medium,emergency,14.98,4.5,3.33,2.8,1.35,30.0,0.0,ASM-WALL-LADAKH-LIGHT-INS,ASM-ROOF-LADAKH-TRAD,ASM-FLOOR-LADAKH-INS-SLAB,0.284,0.247,0.444,3.8,37.717,20.573,60.606,13.371,40.032,245.822,21.471,9.241,True,53.2,SUB_OPTIMAL,0.0,0.9125,0.025,18.3,41.1,0.8391666666666666,4.0,14.98,4.5,3.33,2.8,1.35,1.815,30.0,0.0,3.8,0.0,0.14285714285714288,152.0,0.284,300.0,0.247,180.0,0.444,1.0,0.0,1.4,0.0
TC-KARUR-0911,TRAIN,LOC-IN-KARUR,Karur,Warm-Humid / Tropical,10.957,78.0811,100.0,8,high,work,14.98,4.5,3.33,2.8,1.35,30.0,0.0,ASM-WALL-LADAKH-LIGHT-INS,ASM-ROOF-LADAKH-INS-MOD,ASM-FLOOR-WARM-TILED,0.284,0.25,2.1,3.8,32.432,20.671,45.238,8.086,24.567,149.694,32.121,11.276,True,49.17,SUB_OPTIMAL,0.0,0.9125,0.025,18.3,41.1,0.8391666666666666,8.0,14.98,4.5,3.33,2.8,1.35,1.815,30.0,0.0,3.8,0.0,0.14285714285714288,152.0,0.284,153.0,0.25,150.0,2.1,2.0,0.0,1.4,0.0
TC-KARUR-0912,TRAIN,LOC-IN-KARUR,Karur,Warm-Humid / Tropical,10.957,78.0811,100.0,1,low,residential,14.98,4.5,3.33,2.8,1.35,30.0,0.0,ASM-WALL-LADAKH-LIGHT-INS,ASM-ROOF-WARM-SLAB,ASM-FLOOR-LADAKH-TRAD,0.284,3.476,0.85,3.8,34.334,20.425,47.875,9.988,27.45,226.597,52.545,3.495,True,23.55,SUB_OPTIMAL,0.0,0.9125,0.025,18.3,41.1,0.8391666666666666,1.0,14.98,4.5,3.33,2.8,1.35,1.815,30.0,0.0,3.8,0.0,0.14285714285714288,152.0,0.284,162.5,3.476,250.0,0.85,0.5,0.0,1.4,0.0
TC-KARUR-0913,TRAIN,LOC-IN-KARUR,Karur,Warm-Humid / Tropical,10.957,78.0811,100.0,2,medium,emergency,14.98,4.5,3.33,2.8,1.35,30.0,0.0,ASM-WALL-SHIMLA-COLD,ASM-ROOF-LADAKH-TRAD,ASM-FLOOR-LADAKH-INS-SLAB,0.347,0.247,0.444,3.8,31.426,20.414,38.364,7.08,17.95,268.071,45.883,5.251,True,74.03,ACCEPTABLE,0.0,0.9125,0.025,18.3,41.1,0.8391666666666666,2.0,14.98,4.5,3.33,2.8,1.35,1.815,30.0,0.0,3.8,0.0,0.14285714285714288,410.0,0.347,300.0,0.247,180.0,0.444,1.0,0.0,1.4,0.0
TC-KARUR-0914,TRAIN,LOC-IN-KARUR,Karur,Warm-Humid / Tropical,10.957,78.0811,100.0,4,high,work,14.98,4.5,3.33,2.8,1.35,30.0,0.0,ASM-WALL-SHIMLA-COLD,ASM-ROOF-LADAKH-INS-MOD,ASM-FLOOR-WARM-TILED,0.347,0.25,2.1,3.8,28.302,20.427,33.027,3.956,12.599,171.943,41.315,6.823,True,81.35,OPTIMAL,0.0,0.9125,0.025,18.3,41.1,0.8391666666666666,4.0,14.98,4.5,3.33,2.8,1.35,1.815,30.0,0.0,3.8,0.0,0.14285714285714288,410.0,0.347,153.0,0.25,150.0,2.1,2.0,0.0,1.4,0.0
TC-KARUR-0915,TRAIN,LOC-IN-KARUR,Karur,Warm-Humid / Tropical,10.957,78.0811,100.0,8,low,residential,14.98,4.5,3.33,2.8,1.35,30.0,0.0,ASM-WALL-SHIMLA-COLD,ASM-ROOF-WARM-SLAB,ASM-FLOOR-LADAKH-TRAD,0.347,3.476,0.85,3.8,30.438,20.451,36.521,6.093,16.071,248.845,64.739,2.324,True,54.02,SUB_OPTIMAL,0.0,0.9125,0.025,18.3,41.1,0.8391666666666666,8.0,14.98,4.5,3.33,2.8,1.35,1.815,30.0,0.0,3.8,0.0,0.14285714285714288,410.0,0.347,162.5,3.476,250.0,0.85,0.5,0.0,1.4,0.0
TC-KARUR-0916,TRAIN,LOC-IN-KARUR,Karur,Warm-Humid / Tropical,10.957,78.0811,100.0,1,medium,emergency,14.98,4.5,3.33,2.8,1.35,30.0,90.0,ASM-WALL-LADAKH-TRAD,ASM-ROOF-LADAKH-TRAD,ASM-FLOOR-LADAKH-INS-SLAB,1.591,0.247,0.444,3.8,36.556,20.408,47.048,12.211,26.64,384.876,31.803,8.535,True,47.34,SUB_OPTIMAL,0.0,0.9125,0.025,18.3,41.1,0.8391666666666666,1.0,14.98,4.5,3.33,2.8,1.35,1.815,30.0,90.0,3.8,0.0,0.19305019305019305,465.0,1.591,300.0,0.247,180.0,0.444,1.0,0.0,1.4,0.0
TC-KARUR-0917,TRAIN,LOC-IN-KARUR,Karur,Warm-Humid / Tropical,10.957,78.0811,100.0,2,high,work,14.98,4.5,3.33,2.8,1.35,30.0,90.0,ASM-WALL-LADAKH-TRAD,ASM-ROOF-LADAKH-INS-MOD,ASM-FLOOR-WARM-TILED,1.591,0.25,2.1,3.8,32.491,20.415,40.191,8.145,19.776,288.749,41.937,11.814,True,57.7,SUB_OPTIMAL,0.0,0.9125,0.025,18.3,41.1,0.8391666666666666,2.0,14.98,4.5,3.33,2.8,1.35,1.815,30.0,90.0,3.8,0.0,0.19305019305019305,465.0,1.591,153.0,0.25,150.0,2.1,2.0,0.0,1.4,0.0
TC-KARUR-0918,TRAIN,LOC-IN-KARUR,Karur,Warm-Humid / Tropical,10.957,78.0811,100.0,4,low,residential,14.98,4.5,3.33,2.8,1.35,30.0,90.0,ASM-WALL-LADAKH-TRAD,ASM-ROOF-WARM-SLAB,ASM-FLOOR-LADAKH-TRAD,1.591,3.476,0.85,3.8,34.503,20.428,43.492,10.157,23.064,365.651,64.176,3.598,True,40.23,SUB_OPTIMAL,0.0,0.9125,0.025,18.3,41.1,0.8391666666666666,4.0,14.98,4.5,3.33,2.8,1.35,1.815,30.0,90.0,3.8,0.0,0.19305019305019305,465.0,1.591,162.5,3.476,250.0,0.85,0.5,0.0,1.4,0.0
TC-KARUR-0919,TRAIN,LOC-IN-KARUR,Karur,Warm-Humid / Tropical,10.957,78.0811,100.0,8,medium,emergency,14.98,4.5,3.33,2.8,1.35,30.0,90.0,ASM-WALL-LADAKH-IMP-TRAD,ASM-ROOF-LADAKH-TRAD,ASM-FLOOR-LADAKH-INS-SLAB,0.452,0.247,0.444,3.8,39.115,20.484,51.503,14.769,31.019,384.876,46.714,10.174,True,53.97,SUB_OPTIMAL,0.0,0.9125,0.025,18.3,41.1,0.8391666666666666,8.0,14.98,4.5,3.33,2.8,1.35,1.815,30.0,90.0,3.8,0.0,0.19305019305019305,345.0,0.452,300.0,0.247,180.0,0.444,1.0,0.0,1.4,0.0
TC-KARUR-0920,TRAIN,LOC-IN-KARUR,Karur,Warm-Humid / Tropical,10.957,78.0811,100.0,1,high,work,14.98,4.5,3.33,2.8,1.35,30.0,90.0,ASM-WALL-LADAKH-IMP-TRAD,ASM-ROOF-LADAKH-INS-MOD,ASM-FLOOR-WARM-TILED,0.452,0.25,2.1,3.8,33.571,20.41,42.373,9.226,21.963,288.749,52.269,13.125,True,61.87,ACCEPTABLE,0.0,0.9125,0.025,18.3,41.1,0.8391666666666666,1.0,14.98,4.5,3.33,2.8,1.35,1.815,30.0,90.0,3.8,0.0,0.19305019305019305,345.0,0.452,153.0,0.25,150.0,2.1,2.0,0.0,1.4,0.0
TC-KARUR-0921,TRAIN,LOC-IN-KARUR,Karur,Warm-Humid / Tropical,10.957,78.0811,100.0,2,low,residential,14.98,4.5,3.33,2.8,1.35,30.0,90.0,ASM-WALL-LADAKH-IMP-TRAD,ASM-ROOF-WARM-SLAB,ASM-FLOOR-LADAKH-TRAD,0.452,3.476,0.85,3.8,35.625,20.418,45.75,11.279,25.332,365.651,77.386,3.954,True,35.72,SUB_OPTIMAL,0.0,0.9125,0.025,18.3,41.1,0.8391666666666666,2.0,14.98,4.5,3.33,2.8,1.35,1.815,30.0,90.0,3.8,0.0,0.19305019305019305,345.0,0.452,162.5,3.476,250.0,0.85,0.5,0.0,1.4,0.0
TC-KARUR-0922,TRAIN,LOC-IN-KARUR,Karur,Warm-Humid / Tropical,10.957,78.0811,100.0,4,medium,emergency,14.98,4.5,3.33,2.8,1.35,30.0,90.0,ASM-WALL-LADAKH-INS-MOD,ASM-ROOF-LADAKH-TRAD,ASM-FLOOR-LADAKH-INS-SLAB,0.314,0.247,0.444,3.8,37.082,20.437,48.037,12.737,27.6,368.19,45.779,8.86,True,55.01,SUB_OPTIMAL,0.0,0.9125,0.025,18.3,41.1,0.8391666666666666,4.0,14.98,4.5,3.33,2.8,1.35,1.815,30.0,90.0,3.8,0.0,0.19305019305019305,392.5,0.314,300.0,0.247,180.0,0.444,1.0,0.0,1.4,0.0
TC-KARUR-0923,TRAIN,LOC-IN-KARUR,Karur,Warm-Humid / Tropical,10.957,78.0811,100.0,8,high,work,14.98,4.5,3.33,2.8,1.35,30.0,90.0,ASM-WALL-LADAKH-INS-MOD,ASM-ROOF-LADAKH-INS-MOD,ASM-FLOOR-WARM-TILED,0.314,0.25,2.1,3.8,33.126,20.47,41.165,8.78,20.695,272.062,53.544,12.539,True,65.32,ACCEPTABLE,0.0,0.9125,0.025,18.3,41.1,0.8391666666666666,8.0,14.98,4.5,3.33,2.8,1.35,1.815,30.0,90.0,3.8,0.0,0.19305019305019305,392.5,0.314,153.0,0.25,150.0,2.1,2.0,0.0,1.4,0.0
TC-KARUR-0924,TRAIN,LOC-IN-KARUR,Karur,Warm-Humid / Tropical,10.957,78.0811,100.0,1,low,residential,14.98,4.5,3.33,2.8,1.35,30.0,90.0,ASM-WALL-LADAKH-INS-MOD,ASM-ROOF-WARM-SLAB,ASM-FLOOR-LADAKH-TRAD,0.314,3.476,0.85,3.8,34.304,20.408,43.408,9.958,23.0,348.964,73.063,3.526,True,40.4,SUB_OPTIMAL,0.0,0.9125,0.025,18.3,41.1,0.8391666666666666,1.0,14.98,4.5,3.33,2.8,1.35,1.815,30.0,90.0,3.8,0.0,0.19305019305019305,392.5,0.314,162.5,3.476,250.0,0.85,0.5,0.0,1.4,0.0
TC-KARUR-0925,TRAIN,LOC-IN-KARUR,Karur,Warm-Humid / Tropical,10.957,78.0811,100.0,2,medium,emergency,14.98,4.5,3.33,2.8,1.35,30.0,90.0,ASM-WALL-LADAKH-LIGHT-INS,ASM-ROOF-LADAKH-TRAD,ASM-FLOOR-LADAKH-INS-SLAB,0.284,0.247,0.444,3.8,39.935,20.487,67.291,15.589,46.805,301.444,25.029,10.772,True,53.2,SUB_OPTIMAL,0.0,0.9125,0.025,18.3,41.1,0.8391666666666666,2.0,14.98,4.5,3.33,2.8,1.35,1.815,30.0,90.0,3.8,0.0,0.19305019305019305,152.0,0.284,300.0,0.247,180.0,0.444,1.0,0.0,1.4,0.0
TC-KARUR-0926,TRAIN,LOC-IN-KARUR,Karur,Warm-Humid / Tropical,10.957,78.0811,100.0,4,high,work,14.98,4.5,3.33,2.8,1.35,30.0,90.0,ASM-WALL-LADAKH-LIGHT-INS,ASM-ROOF-LADAKH-INS-MOD,ASM-FLOOR-WARM-TILED,0.284,0.25,2.1,3.8,34.25,20.535,50.747,9.904,30.212,205.316,39.322,13.805,True,43.65,SUB_OPTIMAL,0.0,0.9125,0.025,18.3,41.1,0.8391666666666666,4.0,14.98,4.5,3.33,2.8,1.35,1.815,30.0,90.0,3.8,0.0,0.19305019305019305,152.0,0.284,153.0,0.25,150.0,2.1,2.0,0.0,1.4,0.0
TC-KARUR-0927,TRAIN,LOC-IN-KARUR,Karur,Warm-Humid / Tropical,10.957,78.0811,100.0,8,low,residential,14.98,4.5,3.33,2.8,1.35,30.0,90.0,ASM-WALL-LADAKH-LIGHT-INS,ASM-ROOF-WARM-SLAB,ASM-FLOOR-LADAKH-TRAD,0.284,3.476,0.85,3.8,37.649,20.596,54.006,13.303,33.41,282.218,69.021,4.591,True,23.3,SUB_OPTIMAL,0.0,0.9125,0.025,18.3,41.1,0.8391666666666666,8.0,14.98,4.5,3.33,2.8,1.35,1.815,30.0,90.0,3.8,0.0,0.19305019305019305,152.0,0.284,162.5,3.476,250.0,0.85,0.5,0.0,1.4,0.0
TC-KARUR-0928,TRAIN,LOC-IN-KARUR,Karur,Warm-Humid / Tropical,10.957,78.0811,100.0,1,medium,emergency,14.98,4.5,3.33,2.8,1.35,30.0,90.0,ASM-WALL-SHIMLA-COLD,ASM-ROOF-LADAKH-TRAD,ASM-FLOOR-LADAKH-INS-SLAB,0.347,0.247,0.444,3.8,33.351,20.407,41.659,9.005,21.252,334.817,56.473,6.464,True,67.45,ACCEPTABLE,0.0,0.9125,0.025,18.3,41.1,0.8391666666666666,1.0,14.98,4.5,3.33,2.8,1.35,1.815,30.0,90.0,3.8,0.0,0.19305019305019305,410.0,0.347,300.0,0.247,180.0,0.444,1.0,0.0,1.4,0.0
TC-KARUR-0929,TRAIN,LOC-IN-KARUR,Karur,Warm-Humid / Tropical,10.957,78.0811,100.0,2,high,work,14.98,4.5,3.33,2.8,1.35,30.0,90.0,ASM-WALL-SHIMLA-COLD,ASM-ROOF-LADAKH-INS-MOD,ASM-FLOOR-WARM-TILED,0.347,0.25,2.1,3.8,29.998,20.414,35.977,5.652,15.564,238.689,52.983,8.75,True,75.45,ACCEPTABLE,0.0,0.9125,0.025,18.3,41.1,0.8391666666666666,2.0,14.98,4.5,3.33,2.8,1.35,1.815,30.0,90.0,3.8,0.0,0.19305019305019305,410.0,0.347,153.0,0.25,150.0,2.1,2.0,0.0,1.4,0.0
TC-KARUR-0930,TRAIN,LOC-IN-KARUR,Karur,Warm-Humid / Tropical,10.957,78.0811,100.0,4,low,residential,14.98,4.5,3.33,2.8,1.35,30.0,90.0,ASM-WALL-SHIMLA-COLD,ASM-ROOF-WARM-SLAB,ASM-FLOOR-LADAKH-TRAD,0.347,3.476,0.85,3.8,31.89,20.425,39.103,7.544,18.678,315.591,77.048,2.765,True,48.86,SUB_OPTIMAL,0.0,0.9125,0.025,18.3,41.1,0.8391666666666666,4.0,14.98,4.5,3.33,2.8,1.35,1.815,30.0,90.0,3.8,0.0,0.19305019305019305,410.0,0.347,162.5,3.476,250.0,0.85,0.5,0.0,1.4,0.0
TC-KARUR-0931,TRAIN,LOC-IN-KARUR,Karur,Warm-Humid / Tropical,10.957,78.0811,100.0,8,medium,emergency,14.98,4.5,3.33,2.8,1.35,30.0,180.0,ASM-WALL-LADAKH-TRAD,ASM-ROOF-LADAKH-TRAD,ASM-FLOOR-LADAKH-INS-SLAB,1.591,0.247,0.444,3.8,40.133,20.464,52.837,15.787,32.373,468.309,40.455,10.857,True,45.43,SUB_OPTIMAL,0.0,0.9125,0.025,18.3,41.1,0.8391666666666666,8.0,14.98,4.5,3.33,2.8,1.35,1.815,30.0,180.0,3.8,0.0,0.14285714285714288,465.0,1.591,300.0,0.247,180.0,0.444,1.0,0.0,1.4,0.0
TC-KARUR-0932,TRAIN,LOC-IN-KARUR,Karur,Warm-Humid / Tropical,10.957,78.0811,100.0,1,high,work,14.98,4.5,3.33,2.8,1.35,30.0,180.0,ASM-WALL-LADAKH-TRAD,ASM-ROOF-LADAKH-INS-MOD,ASM-FLOOR-WARM-TILED,1.591,0.25,2.1,3.8,35.006,20.408,44.505,10.66,24.097,372.181,53.357,15.031,True,49.07,SUB_OPTIMAL,0.0,0.9125,0.025,18.3,41.1,0.8391666666666666,1.0,14.98,4.5,3.33,2.8,1.35,1.815,30.0,180.0,3.8,0.0,0.14285714285714288,465.0,1.591,153.0,0.25,150.0,2.1,2.0,0.0,1.4,0.0
TC-KARUR-0933,TRAIN,LOC-IN-KARUR,Karur,Warm-Humid / Tropical,10.957,78.0811,100.0,2,low,residential,14.98,4.5,3.33,2.8,1.35,30.0,180.0,ASM-WALL-LADAKH-TRAD,ASM-ROOF-WARM-SLAB,ASM-FLOOR-LADAKH-TRAD,1.591,3.476,0.85,3.8,36.799,20.414,47.45,12.453,27.036,449.083,77.517,4.345,True,32.32,SUB_OPTIMAL,0.0,0.9125,0.025,18.3,41.1,0.8391666666666666,2.0,14.98,4.5,3.33,2.8,1.35,1.815,30.0,180.0,3.8,0.0,0.14285714285714288,465.0,1.591,162.5,3.476,250.0,0.85,0.5,0.0,1.4,0.0
TC-KARUR-0934,TRAIN,LOC-IN-KARUR,Karur,Warm-Humid / Tropical,10.957,78.0811,100.0,4,medium,emergency,14.98,4.5,3.33,2.8,1.35,30.0,180.0,ASM-WALL-LADAKH-IMP-TRAD,ASM-ROOF-LADAKH-TRAD,ASM-FLOOR-LADAKH-INS-SLAB,0.452,0.247,0.444,3.8,41.7,20.442,56.22,17.354,35.778,468.309,54.702,11.914,True,53.97,SUB_OPTIMAL,0.0,0.9125,0.025,18.3,41.1,0.8391666666666666,4.0,14.98,4.5,3.33,2.8,1.35,1.815,30.0,180.0,3.8,0.0,0.14285714285714288,345.0,0.452,300.0,0.247,180.0,0.444,1.0,0.0,1.4,0.0
TC-KARUR-0935,TRAIN,LOC-IN-KARUR,Karur,Warm-Humid / Tropical,10.957,78.0811,100.0,8,high,work,14.98,4.5,3.33,2.8,1.35,30.0,180.0,ASM-WALL-LADAKH-IMP-TRAD,ASM-ROOF-LADAKH-INS-MOD,ASM-FLOOR-WARM-TILED,0.452,0.25,2.1,3.8,37.148,20.478,48.269,12.802,27.791,372.181,70.687,17.75,True,50.62,SUB_OPTIMAL,0.0,0.9125,0.025,18.3,41.1,0.8391666666666666,8.0,14.98,4.5,3.33,2.8,1.35,1.815,30.0,180.0,3.8,0.0,0.14285714285714288,345.0,0.452,153.0,0.25,150.0,2.1,2.0,0.0,1.4,0.0
TC-KARUR-0936,TRAIN,LOC-IN-KARUR,Karur,Warm-Humid / Tropical,10.957,78.0811,100.0,1,low,residential,14.98,4.5,3.33,2.8,1.35,30.0,180.0,ASM-WALL-LADAKH-IMP-TRAD,ASM-ROOF-WARM-SLAB,ASM-FLOOR-LADAKH-TRAD,0.452,3.476,0.85,3.8,38.201,20.409,50.255,13.855,29.846,449.083,93.908,4.799,True,31.22,SUB_OPTIMAL,0.0,0.9125,0.025,18.3,41.1,0.8391666666666666,1.0,14.98,4.5,3.33,2.8,1.35,1.815,30.0,180.0,3.8,0.0,0.14285714285714288,345.0,0.452,162.5,3.476,250.0,0.85,0.5,0.0,1.4,0.0
TC-KARUR-0937,TRAIN,LOC-IN-KARUR,Karur,Warm-Humid / Tropical,10.957,78.0811,100.0,2,medium,emergency,14.98,4.5,3.33,2.8,1.35,30.0,180.0,ASM-WALL-LADAKH-INS-MOD,ASM-ROOF-LADAKH-TRAD,ASM-FLOOR-LADAKH-INS-SLAB,0.314,0.247,0.444,3.8,39.59,20.419,52.445,15.244,32.026,446.06,54.311,10.511,True,55.01,SUB_OPTIMAL,0.0,0.9125,0.025,18.3,41.1,0.8391666666666666,2.0,14.98,4.5,3.33,2.8,1.35,1.815,30.0,180.0,3.8,0.0,0.14285714285714288,392.5,0.314,300.0,0.247,180.0,0.444,1.0,0.0,1.4,0.0
TC-KARUR-0938,TRAIN,LOC-IN-KARUR,Karur,Warm-Humid / Tropical,10.957,78.0811,100.0,4,high,work,14.98,4.5,3.33,2.8,1.35,30.0,180.0,ASM-WALL-LADAKH-INS-MOD,ASM-ROOF-LADAKH-INS-MOD,ASM-FLOOR-WARM-TILED,0.314,0.25,2.1,3.8,35.229,20.435,44.976,10.883,24.541,349.932,65.275,15.286,True,57.7,SUB_OPTIMAL,0.0,0.9125,0.025,18.3,41.1,0.8391666666666666,4.0,14.98,4.5,3.33,2.8,1.35,1.815,30.0,180.0,3.8,0.0,0.14285714285714288,392.5,0.314,153.0,0.25,150.0,2.1,2.0,0.0,1.4,0.0
TC-KARUR-0939,TRAIN,LOC-IN-KARUR,Karur,Warm-Humid / Tropical,10.957,78.0811,100.0,8,low,residential,14.98,4.5,3.33,2.8,1.35,30.0,180.0,ASM-WALL-LADAKH-INS-MOD,ASM-ROOF-WARM-SLAB,ASM-FLOOR-LADAKH-TRAD,0.314,3.476,0.85,3.8,37.382,20.464,48.411,13.036,27.947,426.835,93.716,4.523,True,31.22,SUB_OPTIMAL,0.0,0.9125,0.025,18.3,41.1,0.8391666666666666,8.0,14.98,4.5,3.33,2.8,1.35,1.815,30.0,180.0,3.8,0.0,0.14285714285714288,392.5,0.314,162.5,3.476,250.0,0.85,0.5,0.0,1.4,0.0
TC-KARUR-0940,TRAIN,LOC-IN-KARUR,Karur,Warm-Humid / Tropical,10.957,78.0811,100.0,1,medium,emergency,14.98,4.5,3.33,2.8,1.35,30.0,180.0,ASM-WALL-LADAKH-LIGHT-INS,ASM-ROOF-LADAKH-TRAD,ASM-FLOOR-LADAKH-INS-SLAB,0.284,0.247,0.444,3.8,42.232,20.443,73.955,17.886,53.511,357.066,28.709,12.356,True,53.2,SUB_OPTIMAL,0.0,0.9125,0.025,18.3,41.1,0.8391666666666666,1.0,14.98,4.5,3.33,2.8,1.35,1.815,30.0,180.0,3.8,0.0,0.14285714285714288,152.0,0.284,300.0,0.247,180.0,0.444,1.0,0.0,1.4,0.0
TC-KARUR-0941,TRAIN,LOC-IN-KARUR,Karur,Warm-Humid / Tropical,10.957,78.0811,100.0,2,high,work,14.98,4.5,3.33,2.8,1.35,30.0,180.0,ASM-WALL-LADAKH-LIGHT-INS,ASM-ROOF-LADAKH-INS-MOD,ASM-FLOOR-WARM-TILED,0.284,0.25,2.1,3.8,36.313,20.468,56.429,11.967,35.961,260.938,47.385,16.635,True,43.65,SUB_OPTIMAL,0.0,0.9125,0.025,18.3,41.1,0.8391666666666666,2.0,14.98,4.5,3.33,2.8,1.35,1.815,30.0,180.0,3.8,0.0,0.14285714285714288,152.0,0.284,153.0,0.25,150.0,2.1,2.0,0.0,1.4,0.0
TC-KARUR-0942,TRAIN,LOC-IN-KARUR,Karur,Warm-Humid / Tropical,10.957,78.0811,100.0,4,low,residential,14.98,4.5,3.33,2.8,1.35,30.0,180.0,ASM-WALL-LADAKH-LIGHT-INS,ASM-ROOF-WARM-SLAB,ASM-FLOOR-LADAKH-TRAD,0.284,3.476,0.85,3.8,39.35,20.498,58.603,15.004,38.104,337.84,77.877,5.18,True,23.3,SUB_OPTIMAL,0.0,0.9125,0.025,18.3,41.1,0.8391666666666666,4.0,14.98,4.5,3.33,2.8,1.35,1.815,30.0,180.0,3.8,0.0,0.14285714285714288,152.0,0.284,162.5,3.476,250.0,0.85,0.5,0.0,1.4,0.0
TC-KARUR-0943,TRAIN,LOC-IN-KARUR,Karur,Warm-Humid / Tropical,10.957,78.0811,100.0,8,medium,emergency,14.98,4.5,3.33,2.8,1.35,30.0,180.0,ASM-WALL-SHIMLA-COLD,ASM-ROOF-LADAKH-TRAD,ASM-FLOOR-LADAKH-INS-SLAB,0.347,0.247,0.444,3.8,36.016,20.457,45.937,11.67,25.48,401.563,71.292,8.16,True,58.89,SUB_OPTIMAL,0.0,0.9125,0.025,18.3,41.1,0.8391666666666666,8.0,14.98,4.5,3.33,2.8,1.35,1.815,30.0,180.0,3.8,0.0,0.14285714285714288,410.0,0.347,300.0,0.247,180.0,0.444,1.0,0.0,1.4,0.0
TC-KARUR-0944,TRAIN,LOC-IN-KARUR,Karur,Warm-Humid / Tropical,10.957,78.0811,100.0,1,high,work,14.98,4.5,3.33,2.8,1.35,30.0,180.0,ASM-WALL-SHIMLA-COLD,ASM-ROOF-LADAKH-INS-MOD,ASM-FLOOR-WARM-TILED,0.347,0.25,2.1,3.8,31.771,20.407,39.028,7.425,18.621,305.435,65.995,10.899,True,69.35,ACCEPTABLE,0.0,0.9125,0.025,18.3,41.1,0.8391666666666666,1.0,14.98,4.5,3.33,2.8,1.35,1.815,30.0,180.0,3.8,0.0,0.14285714285714288,410.0,0.347,153.0,0.25,150.0,2.1,2.0,0.0,1.4,0.0
TC-KARUR-0945,TRAIN,LOC-IN-KARUR,Karur,Warm-Humid / Tropical,10.957,78.0811,100.0,2,low,residential,14.98,4.5,3.33,2.8,1.35,30.0,180.0,ASM-WALL-SHIMLA-COLD,ASM-ROOF-WARM-SLAB,ASM-FLOOR-LADAKH-TRAD,0.347,3.476,0.85,3.8,33.501,20.413,41.896,9.155,21.484,382.337,91.32,3.278,True,43.27,SUB_OPTIMAL,0.0,0.9125,0.025,18.3,41.1,0.8391666666666666,2.0,14.98,4.5,3.33,2.8,1.35,1.815,30.0,180.0,3.8,0.0,0.14285714285714288,410.0,0.347,162.5,3.476,250.0,0.85,0.5,0.0,1.4,0.0
TC-KARUR-0946,TRAIN,LOC-IN-KARUR,Karur,Warm-Humid / Tropical,10.957,78.0811,100.0,4,medium,emergency,14.98,4.5,3.33,2.8,1.35,30.0,270.0,ASM-WALL-LADAKH-TRAD,ASM-ROOF-LADAKH-TRAD,ASM-FLOOR-LADAKH-INS-SLAB,1.591,0.247,0.444,3.8,36.881,20.432,47.481,12.535,27.049,384.876,32.559,8.738,True,46.47,SUB_OPTIMAL,0.0,0.9125,0.025,18.3,41.1,0.8391666666666666,4.0,14.98,4.5,3.33,2.8,1.35,1.815,30.0,270.0,3.8,0.0,0.19305019305019305,465.0,1.591,300.0,0.247,180.0,0.444,1.0,0.0,1.4,0.0
TC-KARUR-0947,TRAIN,LOC-IN-KARUR,Karur,Warm-Humid / Tropical,10.957,78.0811,100.0,8,high,work,14.98,4.5,3.33,2.8,1.35,30.0,270.0,ASM-WALL-LADAKH-TRAD,ASM-ROOF-LADAKH-INS-MOD,ASM-FLOOR-WARM-TILED,1.591,0.25,2.1,3.8,33.089,20.461,40.985,8.743,20.524,288.749,44.536,12.546,True,56.11,SUB_OPTIMAL,0.0,0.9125,0.025,18.3,41.1,0.8391666666666666,8.0,14.98,4.5,3.33,2.8,1.35,1.815,30.0,270.0,3.8,0.0,0.19305019305019305,465.0,1.591,153.0,0.25,150.0,2.1,2.0,0.0,1.4,0.0
TC-KARUR-0948,TRAIN,LOC-IN-KARUR,Karur,Warm-Humid / Tropical,10.957,78.0811,100.0,1,low,residential,14.98,4.5,3.33,2.8,1.35,30.0,270.0,ASM-WALL-LADAKH-TRAD,ASM-ROOF-WARM-SLAB,ASM-FLOOR-LADAKH-TRAD,1.591,3.476,0.85,3.8,34.218,20.407,43.112,9.873,22.705,365.651,62.622,3.51,True,40.99,SUB_OPTIMAL,0.0,0.9125,0.025,18.3,41.1,0.8391666666666666,1.0,14.98,4.5,3.33,2.8,1.35,1.815,30.0,270.0,3.8,0.0,0.19305019305019305,465.0,1.591,162.5,3.476,250.0,0.85,0.5,0.0,1.4,0.0
TC-KARUR-0949,TRAIN,LOC-IN-KARUR,Karur,Warm-Humid / Tropical,10.957,78.0811,100.0,2,medium,emergency,14.98,4.5,3.33,2.8,1.35,30.0,270.0,ASM-WALL-LADAKH-IMP-TRAD,ASM-ROOF-LADAKH-TRAD,ASM-FLOOR-LADAKH-INS-SLAB,0.452,0.247,0.444,3.8,38.402,20.421,50.586,14.056,30.165,384.876,44.644,9.723,True,53.97,SUB_OPTIMAL,0.0,0.9125,0.025,18.3,41.1,0.8391666666666666,2.0,14.98,4.5,3.33,2.8,1.35,1.815,30.0,270.0,3.8,0.0,0.19305019305019305,345.0,0.452,300.0,0.247,180.0,0.444,1.0,0.0,1.4,0.0
TC-KARUR-0950,TRAIN,LOC-IN-KARUR,Karur,Warm-Humid / Tropical,10.957,78.0811,100.0,4,high,work,14.98,4.5,3.33,2.8,1.35,30.0,270.0,ASM-WALL-LADAKH-IMP-TRAD,ASM-ROOF-LADAKH-INS-MOD,ASM-FLOOR-WARM-TILED,0.452,0.25,2.1,3.8,33.899,20.439,42.793,9.553,22.354,288.749,53.887,13.531,True,61.03,ACCEPTABLE,0.0,0.9125,0.025,18.3,41.1,0.8391666666666666,4.0,14.98,4.5,3.33,2.8,1.35,1.815,30.0,270.0,3.8,0.0,0.19305019305019305,345.0,0.452,153.0,0.25,150.0,2.1,2.0,0.0,1.4,0.0
TC-KARUR-0951,TRAIN,LOC-IN-KARUR,Karur,Warm-Humid / Tropical,10.957,78.0811,100.0,8,low,residential,14.98,4.5,3.33,2.8,1.35,30.0,270.0,ASM-WALL-LADAKH-IMP-TRAD,ASM-ROOF-WARM-SLAB,ASM-FLOOR-LADAKH-TRAD,0.452,3.476,0.85,3.8,36.244,20.471,46.552,11.898,26.081,365.651,81.151,4.147,True,34.11,SUB_OPTIMAL,0.0,0.9125,0.025,18.3,41.1,0.8391666666666666,8.0,14.98,4.5,3.33,2.8,1.35,1.815,30.0,270.0,3.8,0.0,0.19305019305019305,345.0,0.452,162.5,3.476,250.0,0.85,0.5,0.0,1.4,0.0
TC-KARUR-0952,TRAIN,LOC-IN-KARUR,Karur,Warm-Humid / Tropical,10.957,78.0811,100.0,1,medium,emergency,14.98,4.5,3.33,2.8,1.35,30.0,270.0,ASM-WALL-LADAKH-INS-MOD,ASM-ROOF-LADAKH-TRAD,ASM-FLOOR-LADAKH-INS-SLAB,0.314,0.247,0.444,3.8,36.744,20.409,47.595,12.398,27.186,368.19,44.689,8.649,True,55.82,SUB_OPTIMAL,0.0,0.9125,0.025,18.3,41.1,0.8391666666666666,1.0,14.98,4.5,3.33,2.8,1.35,1.815,30.0,270.0,3.8,0.0,0.19305019305019305,392.5,0.314,300.0,0.247,180.0,0.444,1.0,0.0,1.4,0.0
TC-KARUR-0953,TRAIN,LOC-IN-KARUR,Karur,Warm-Humid / Tropical,10.957,78.0811,100.0,2,high,work,14.98,4.5,3.33,2.8,1.35,30.0,270.0,ASM-WALL-LADAKH-INS-MOD,ASM-ROOF-LADAKH-INS-MOD,ASM-FLOOR-WARM-TILED,0.314,0.25,2.1,3.8,32.504,20.418,40.357,8.158,19.939,272.062,50.314,11.783,True,66.94,ACCEPTABLE,0.0,0.9125,0.025,18.3,41.1,0.8391666666666666,2.0,14.98,4.5,3.33,2.8,1.35,1.815,30.0,270.0,3.8,0.0,0.19305019305019305,392.5,0.314,153.0,0.25,150.0,2.1,2.0,0.0,1.4,0.0
TC-KARUR-0954,TRAIN,LOC-IN-KARUR,Karur,Warm-Humid / Tropical,10.957,78.0811,100.0,4,low,residential,14.98,4.5,3.33,2.8,1.35,30.0,270.0,ASM-WALL-LADAKH-INS-MOD,ASM-ROOF-WARM-SLAB,ASM-FLOOR-LADAKH-TRAD,0.314,3.476,0.85,3.8,34.599,20.432,43.795,10.253,23.363,348.964,74.966,3.618,True,39.63,SUB_OPTIMAL,0.0,0.9125,0.025,18.3,41.1,0.8391666666666666,4.0,14.98,4.5,3.33,2.8,1.35,1.815,30.0,270.0,3.8,0.0,0.19305019305019305,392.5,0.314,162.5,3.476,250.0,0.85,0.5,0.0,1.4,0.0
TC-KARUR-0955,TRAIN,LOC-IN-KARUR,Karur,Warm-Humid / Tropical,10.957,78.0811,100.0,8,medium,emergency,14.98,4.5,3.33,2.8,1.35,30.0,270.0,ASM-WALL-LADAKH-LIGHT-INS,ASM-ROOF-LADAKH-TRAD,ASM-FLOOR-LADAKH-INS-SLAB,0.284,0.247,0.444,3.8,40.948,20.747,68.241,16.602,47.494,301.444,26.536,11.421,True,53.2,SUB_OPTIMAL,0.0,0.9125,0.025,18.3,41.1,0.8391666666666666,8.0,14.98,4.5,3.33,2.8,1.35,1.815,30.0,270.0,3.8,0.0,0.19305019305019305,152.0,0.284,300.0,0.247,180.0,0.444,1.0,0.0,1.4,0.0
TC-KARUR-0956,TRAIN,LOC-IN-KARUR,Karur,Warm-Humid / Tropical,10.957,78.0811,100.0,1,high,work,14.98,4.5,3.33,2.8,1.35,30.0,270.0,ASM-WALL-LADAKH-LIGHT-INS,ASM-ROOF-LADAKH-INS-MOD,ASM-FLOOR-WARM-TILED,0.284,0.25,2.1,3.8,33.795,20.434,50.308,9.449,29.874,205.316,37.74,13.249,True,43.65,SUB_OPTIMAL,0.0,0.9125,0.025,18.3,41.1,0.8391666666666666,1.0,14.98,4.5,3.33,2.8,1.35,1.815,30.0,270.0,3.8,0.0,0.19305019305019305,152.0,0.284,153.0,0.25,150.0,2.1,2.0,0.0,1.4,0.0
TC-KARUR-0957,TRAIN,LOC-IN-KARUR,Karur,Warm-Humid / Tropical,10.957,78.0811,100.0,2,low,residential,14.98,4.5,3.33,2.8,1.35,30.0,270.0,ASM-WALL-LADAKH-LIGHT-INS,ASM-ROOF-WARM-SLAB,ASM-FLOOR-LADAKH-TRAD,0.284,3.476,0.85,3.8,36.802,20.449,53.212,12.456,32.763,282.218,64.999,4.324,True,23.3,SUB_OPTIMAL,0.0,0.9125,0.025,18.3,41.1,0.8391666666666666,2.0,14.98,4.5,3.33,2.8,1.35,1.815,30.0,270.0,3.8,0.0,0.19305019305019305,152.0,0.284,162.5,3.476,250.0,0.85,0.5,0.0,1.4,0.0
TC-KARUR-0958,TRAIN,LOC-IN-KARUR,Karur,Warm-Humid / Tropical,10.957,78.0811,100.0,4,medium,emergency,14.98,4.5,3.33,2.8,1.35,30.0,270.0,ASM-WALL-SHIMLA-COLD,ASM-ROOF-LADAKH-TRAD,ASM-FLOOR-LADAKH-INS-SLAB,0.347,0.247,0.444,3.8,33.637,20.428,42.04,9.291,21.612,334.817,58.004,6.639,True,66.68,ACCEPTABLE,0.0,0.9125,0.025,18.3,41.1,0.8391666666666666,4.0,14.98,4.5,3.33,2.8,1.35,1.815,30.0,270.0,3.8,0.0,0.19305019305019305,410.0,0.347,300.0,0.247,180.0,0.444,1.0,0.0,1.4,0.0
TC-KARUR-0959,TRAIN,LOC-IN-KARUR,Karur,Warm-Humid / Tropical,10.957,78.0811,100.0,8,high,work,14.98,4.5,3.33,2.8,1.35,30.0,270.0,ASM-WALL-SHIMLA-COLD,ASM-ROOF-LADAKH-INS-MOD,ASM-FLOOR-WARM-TILED,0.347,0.25,2.1,3.8,30.529,20.454,36.681,6.183,16.227,238.689,56.714,9.366,True,74.04,ACCEPTABLE,0.0,0.9125,0.025,18.3,41.1,0.8391666666666666,8.0,14.98,4.5,3.33,2.8,1.35,1.815,30.0,270.0,3.8,0.0,0.19305019305019305,410.0,0.347,153.0,0.25,150.0,2.1,2.0,0.0,1.4,0.0
TC-KARUR-0960,TRAIN,LOC-IN-KARUR,Karur,Warm-Humid / Tropical,10.957,78.0811,100.0,1,low,residential,14.98,4.5,3.33,2.8,1.35,30.0,270.0,ASM-WALL-SHIMLA-COLD,ASM-ROOF-WARM-SLAB,ASM-FLOOR-LADAKH-TRAD,0.347,3.476,0.85,3.8,31.636,20.406,38.765,7.29,18.358,315.591,74.934,2.69,True,49.53,SUB_OPTIMAL,0.0,0.9125,0.025,18.3,41.1,0.8391666666666666,1.0,14.98,4.5,3.33,2.8,1.35,1.815,30.0,270.0,3.8,0.0,0.19305019305019305,410.0,0.347,162.5,3.476,250.0,0.85,0.5,0.0,1.4,0.0
TC-KARUR-0961,TRAIN,LOC-IN-KARUR,Karur,Warm-Humid / Tropical,10.957,78.0811,100.0,2,medium,emergency,24.0,6.0,4.0,2.8,1.5,30.0,0.0,ASM-WALL-LADAKH-TRAD,ASM-ROOF-LADAKH-TRAD,ASM-FLOOR-LADAKH-INS-SLAB,1.591,0.247,0.444,4.88,34.44,20.412,43.484,10.094,23.071,428.54,34.93,11.464,True,54.01,SUB_OPTIMAL,0.0,0.9125,0.025,18.3,41.1,0.8391666666666666,2.0,24.0,6.0,4.0,2.8,1.5,1.603,30.0,0.0,4.88,0.0,0.17142857142857146,465.0,1.591,300.0,0.247,180.0,0.444,1.0,0.0,1.4,0.0
TC-KARUR-0962,TRAIN,LOC-IN-KARUR,Karur,Warm-Humid / Tropical,10.957,78.0811,100.0,4,high,work,24.0,6.0,4.0,2.8,1.5,30.0,0.0,ASM-WALL-LADAKH-TRAD,ASM-ROOF-LADAKH-INS-MOD,ASM-FLOOR-WARM-TILED,1.591,0.25,2.1,4.88,29.884,20.423,35.749,5.538,15.326,274.581,44.228,13.777,True,66.13,ACCEPTABLE,0.0,0.9125,0.025,18.3,41.1,0.8391666666666666,4.0,24.0,6.0,4.0,2.8,1.5,1.603,30.0,0.0,4.88,0.0,0.17142857142857146,465.0,1.591,153.0,0.25,150.0,2.1,2.0,0.0,1.4,0.0
TC-KARUR-0963,TRAIN,LOC-IN-KARUR,Karur,Warm-Humid / Tropical,10.957,78.0811,100.0,8,low,residential,24.0,6.0,4.0,2.8,1.5,30.0,0.0,ASM-WALL-LADAKH-TRAD,ASM-ROOF-WARM-SLAB,ASM-FLOOR-LADAKH-TRAD,1.591,3.476,0.85,4.88,32.437,20.442,39.955,8.091,19.513,397.748,77.412,4.697,True,46.86,SUB_OPTIMAL,0.0,0.9125,0.025,18.3,41.1,0.8391666666666666,8.0,24.0,6.0,4.0,2.8,1.5,1.603,30.0,0.0,4.88,0.0,0.17142857142857146,465.0,1.591,162.5,3.476,250.0,0.85,0.5,0.0,1.4,0.0
TC-KARUR-0964,TRAIN,LOC-IN-KARUR,Karur,Warm-Humid / Tropical,10.957,78.0811,100.0,1,medium,emergency,24.0,6.0,4.0,2.8,1.5,30.0,0.0,ASM-WALL-LADAKH-IMP-TRAD,ASM-ROOF-LADAKH-TRAD,ASM-FLOOR-LADAKH-INS-SLAB,0.452,0.247,0.444,4.88,35.787,20.408,46.189,11.442,25.781,428.54,47.965,12.837,True,57.15,SUB_OPTIMAL,0.0,0.9125,0.025,18.3,41.1,0.8391666666666666,1.0,24.0,6.0,4.0,2.8,1.5,1.603,30.0,0.0,4.88,0.0,0.17142857142857146,345.0,0.452,300.0,0.247,180.0,0.444,1.0,0.0,1.4,0.0
TC-KARUR-0965,TRAIN,LOC-IN-KARUR,Karur,Warm-Humid / Tropical,10.957,78.0811,100.0,2,high,work,24.0,6.0,4.0,2.8,1.5,30.0,0.0,ASM-WALL-LADAKH-IMP-TRAD,ASM-ROOF-LADAKH-INS-MOD,ASM-FLOOR-WARM-TILED,0.452,0.25,2.1,4.88,30.61,20.415,37.241,6.264,16.827,274.581,53.174,14.957,True,71.68,ACCEPTABLE,0.0,0.9125,0.025,18.3,41.1,0.8391666666666666,2.0,24.0,6.0,4.0,2.8,1.5,1.603,30.0,0.0,4.88,0.0,0.17142857142857146,345.0,0.452,153.0,0.25,150.0,2.1,2.0,0.0,1.4,0.0
TC-KARUR-0966,TRAIN,LOC-IN-KARUR,Karur,Warm-Humid / Tropical,10.957,78.0811,100.0,4,low,residential,24.0,6.0,4.0,2.8,1.5,30.0,0.0,ASM-WALL-LADAKH-IMP-TRAD,ASM-ROOF-WARM-SLAB,ASM-FLOOR-LADAKH-TRAD,0.452,3.476,0.85,4.88,33.198,20.426,41.552,8.852,21.126,397.748,90.45,5.064,True,42.73,SUB_OPTIMAL,0.0,0.9125,0.025,18.3,41.1,0.8391666666666666,4.0,24.0,6.0,4.0,2.8,1.5,1.603,30.0,0.0,4.88,0.0,0.17142857142857146,345.0,0.452,162.5,3.476,250.0,0.85,0.5,0.0,1.4,0.0
TC-KARUR-0967,TRAIN,LOC-IN-KARUR,Karur,Warm-Humid / Tropical,10.957,78.0811,100.0,8,medium,emergency,24.0,6.0,4.0,2.8,1.5,30.0,0.0,ASM-WALL-LADAKH-INS-MOD,ASM-ROOF-LADAKH-TRAD,ASM-FLOOR-LADAKH-INS-SLAB,0.314,0.247,0.444,4.88,35.228,20.457,44.813,10.883,24.356,414.34,51.311,12.231,True,60.93,ACCEPTABLE,0.0,0.9125,0.025,18.3,41.1,0.8391666666666666,8.0,24.0,6.0,4.0,2.8,1.5,1.603,30.0,0.0,4.88,0.0,0.17142857142857146,392.5,0.314,300.0,0.247,180.0,0.444,1.0,0.0,1.4,0.0
TC-KARUR-0968,TRAIN,LOC-IN-KARUR,Karur,Warm-Humid / Tropical,10.957,78.0811,100.0,1,high,work,24.0,6.0,4.0,2.8,1.5,30.0,0.0,ASM-WALL-LADAKH-INS-MOD,ASM-ROOF-LADAKH-INS-MOD,ASM-FLOOR-WARM-TILED,0.314,0.25,2.1,4.88,29.744,20.407,35.69,5.398,15.284,260.381,50.533,13.353,True,75.82,ACCEPTABLE,0.0,0.9125,0.025,18.3,41.1,0.8391666666666666,1.0,24.0,6.0,4.0,2.8,1.5,1.603,30.0,0.0,4.88,0.0,0.17142857142857146,392.5,0.314,153.0,0.25,150.0,2.1,2.0,0.0,1.4,0.0
TC-KARUR-0969,TRAIN,LOC-IN-KARUR,Karur,Warm-Humid / Tropical,10.957,78.0811,100.0,2,low,residential,24.0,6.0,4.0,2.8,1.5,30.0,0.0,ASM-WALL-LADAKH-INS-MOD,ASM-ROOF-WARM-SLAB,ASM-FLOOR-LADAKH-TRAD,0.314,3.476,0.85,4.88,32.184,20.412,39.789,7.839,19.377,383.548,85.655,4.562,True,46.92,SUB_OPTIMAL,0.0,0.9125,0.025,18.3,41.1,0.8391666666666666,2.0,24.0,6.0,4.0,2.8,1.5,1.603,30.0,0.0,4.88,0.0,0.17142857142857146,392.5,0.314,162.5,3.476,250.0,0.85,0.5,0.0,1.4,0.0
TC-KARUR-0970,TRAIN,LOC-IN-KARUR,Karur,Warm-Humid / Tropical,10.957,78.0811,100.0,4,medium,emergency,24.0,6.0,4.0,2.8,1.5,30.0,0.0,ASM-WALL-LADAKH-LIGHT-INS,ASM-ROOF-LADAKH-TRAD,ASM-FLOOR-LADAKH-INS-SLAB,0.284,0.247,0.444,4.88,38.154,20.521,61.568,13.808,41.047,357.541,29.505,15.295,True,53.73,SUB_OPTIMAL,0.0,0.9125,0.025,18.3,41.1,0.8391666666666666,4.0,24.0,6.0,4.0,2.8,1.5,1.603,30.0,0.0,4.88,0.0,0.17142857142857146,152.0,0.284,300.0,0.247,180.0,0.444,1.0,0.0,1.4,0.0
TC-KARUR-0971,TRAIN,LOC-IN-KARUR,Karur,Warm-Humid / Tropical,10.957,78.0811,100.0,8,high,work,24.0,6.0,4.0,2.8,1.5,30.0,0.0,ASM-WALL-LADAKH-LIGHT-INS,ASM-ROOF-LADAKH-INS-MOD,ASM-FLOOR-WARM-TILED,0.284,0.25,2.1,4.88,31.809,20.585,43.886,7.463,23.302,203.582,44.517,16.791,True,51.32,SUB_OPTIMAL,0.0,0.9125,0.025,18.3,41.1,0.8391666666666666,8.0,24.0,6.0,4.0,2.8,1.5,1.603,30.0,0.0,4.88,0.0,0.17142857142857146,152.0,0.284,153.0,0.25,150.0,2.1,2.0,0.0,1.4,0.0
TC-KARUR-0972,TRAIN,LOC-IN-KARUR,Karur,Warm-Humid / Tropical,10.957,78.0811,100.0,1,low,residential,24.0,6.0,4.0,2.8,1.5,30.0,0.0,ASM-WALL-LADAKH-LIGHT-INS,ASM-ROOF-WARM-SLAB,ASM-FLOOR-LADAKH-TRAD,0.284,3.476,0.85,4.88,34.401,20.416,47.298,10.055,26.882,326.749,80.342,5.64,True,24.19,SUB_OPTIMAL,0.0,0.9125,0.025,18.3,41.1,0.8391666666666666,1.0,24.0,6.0,4.0,2.8,1.5,1.603,30.0,0.0,4.88,0.0,0.17142857142857146,152.0,0.284,162.5,3.476,250.0,0.85,0.5,0.0,1.4,0.0
TC-KARUR-0973,TRAIN,LOC-IN-KARUR,Karur,Warm-Humid / Tropical,10.957,78.0811,100.0,2,medium,emergency,24.0,6.0,4.0,2.8,1.5,30.0,0.0,ASM-WALL-SHIMLA-COLD,ASM-ROOF-LADAKH-TRAD,ASM-FLOOR-LADAKH-INS-SLAB,0.347,0.247,0.444,4.88,32.093,20.411,39.533,7.747,19.122,385.94,63.765,9.057,True,71.24,ACCEPTABLE,0.0,0.9125,0.025,18.3,41.1,0.8391666666666666,2.0,24.0,6.0,4.0,2.8,1.5,1.603,30.0,0.0,4.88,0.0,0.17142857142857146,410.0,0.347,300.0,0.247,180.0,0.444,1.0,0.0,1.4,0.0
TC-KARUR-0974,TRAIN,LOC-IN-KARUR,Karur,Warm-Humid / Tropical,10.957,78.0811,100.0,4,high,work,24.0,6.0,4.0,2.8,1.5,30.0,0.0,ASM-WALL-SHIMLA-COLD,ASM-ROOF-LADAKH-INS-MOD,ASM-FLOOR-WARM-TILED,0.347,0.25,2.1,4.88,28.256,20.421,32.992,3.91,12.571,231.982,56.202,10.793,True,80.97,OPTIMAL,0.0,0.9125,0.025,18.3,41.1,0.8391666666666666,4.0,24.0,6.0,4.0,2.8,1.5,1.603,30.0,0.0,4.88,0.0,0.17142857142857146,410.0,0.347,153.0,0.25,150.0,2.1,2.0,0.0,1.4,0.0
TC-KARUR-0975,TRAIN,LOC-IN-KARUR,Karur,Warm-Humid / Tropical,10.957,78.0811,100.0,8,low,residential,24.0,6.0,4.0,2.8,1.5,30.0,0.0,ASM-WALL-SHIMLA-COLD,ASM-ROOF-WARM-SLAB,ASM-FLOOR-LADAKH-TRAD,0.347,3.476,0.85,4.88,30.618,20.438,36.903,6.272,16.465,355.149,92.942,3.798,True,52.05,SUB_OPTIMAL,0.0,0.9125,0.025,18.3,41.1,0.8391666666666666,8.0,24.0,6.0,4.0,2.8,1.5,1.603,30.0,0.0,4.88,0.0,0.17142857142857146,410.0,0.347,162.5,3.476,250.0,0.85,0.5,0.0,1.4,0.0
TC-KARUR-0976,TRAIN,LOC-IN-KARUR,Karur,Warm-Humid / Tropical,10.957,78.0811,100.0,1,medium,emergency,24.0,6.0,4.0,2.8,1.5,30.0,90.0,ASM-WALL-LADAKH-TRAD,ASM-ROOF-LADAKH-TRAD,ASM-FLOOR-LADAKH-INS-SLAB,1.591,0.247,0.444,4.88,37.08,20.406,47.996,12.734,27.59,535.039,43.321,14.217,True,44.99,SUB_OPTIMAL,0.0,0.9125,0.025,18.3,41.1,0.8391666666666666,1.0,24.0,6.0,4.0,2.8,1.5,1.603,30.0,90.0,4.88,0.0,0.2571428571428572,465.0,1.591,300.0,0.247,180.0,0.444,1.0,0.0,1.4,0.0
TC-KARUR-0977,TRAIN,LOC-IN-KARUR,Karur,Warm-Humid / Tropical,10.957,78.0811,100.0,2,high,work,24.0,6.0,4.0,2.8,1.5,30.0,90.0,ASM-WALL-LADAKH-TRAD,ASM-ROOF-LADAKH-INS-MOD,ASM-FLOOR-WARM-TILED,1.591,0.25,2.1,4.88,32.208,20.412,39.77,7.862,19.359,381.08,58.828,18.325,True,58.09,SUB_OPTIMAL,0.0,0.9125,0.025,18.3,41.1,0.8391666666666666,2.0,24.0,6.0,4.0,2.8,1.5,1.603,30.0,90.0,4.88,0.0,0.2571428571428572,465.0,1.591,153.0,0.25,150.0,2.1,2.0,0.0,1.4,0.0
TC-KARUR-0978,TRAIN,LOC-IN-KARUR,Karur,Warm-Humid / Tropical,10.957,78.0811,100.0,4,low,residential,24.0,6.0,4.0,2.8,1.5,30.0,90.0,ASM-WALL-LADAKH-TRAD,ASM-ROOF-WARM-SLAB,ASM-FLOOR-LADAKH-TRAD,1.591,3.476,0.85,4.88,34.487,20.421,43.536,10.141,23.116,504.247,94.785,5.751,True,39.7,SUB_OPTIMAL,0.0,0.9125,0.025,18.3,41.1,0.8391666666666666,4.0,24.0,6.0,4.0,2.8,1.5,1.603,30.0,90.0,4.88,0.0,0.2571428571428572,465.0,1.591,162.5,3.476,250.0,0.85,0.5,0.0,1.4,0.0
TC-KARUR-0979,TRAIN,LOC-IN-KARUR,Karur,Warm-Humid / Tropical,10.957,78.0811,100.0,8,medium,emergency,24.0,6.0,4.0,2.8,1.5,30.0,90.0,ASM-WALL-LADAKH-IMP-TRAD,ASM-ROOF-LADAKH-TRAD,ASM-FLOOR-LADAKH-INS-SLAB,0.452,0.247,0.444,4.88,39.344,20.464,52.109,14.998,31.645,535.039,61.856,16.554,True,53.52,SUB_OPTIMAL,0.0,0.9125,0.025,18.3,41.1,0.8391666666666666,8.0,24.0,6.0,4.0,2.8,1.5,1.603,30.0,90.0,4.88,0.0,0.2571428571428572,345.0,0.452,300.0,0.247,180.0,0.444,1.0,0.0,1.4,0.0
TC-KARUR-0980,TRAIN,LOC-IN-KARUR,Karur,Warm-Humid / Tropical,10.957,78.0811,100.0,1,high,work,24.0,6.0,4.0,2.8,1.5,30.0,90.0,ASM-WALL-LADAKH-IMP-TRAD,ASM-ROOF-LADAKH-INS-MOD,ASM-FLOOR-WARM-TILED,0.452,0.25,2.1,4.88,33.19,20.407,41.802,8.844,21.395,381.08,71.863,20.214,True,62.56,ACCEPTABLE,0.0,0.9125,0.025,18.3,41.1,0.8391666666666666,1.0,24.0,6.0,4.0,2.8,1.5,1.603,30.0,90.0,4.88,0.0,0.2571428571428572,345.0,0.452,153.0,0.25,150.0,2.1,2.0,0.0,1.4,0.0
TC-KARUR-0981,TRAIN,LOC-IN-KARUR,Karur,Warm-Humid / Tropical,10.957,78.0811,100.0,2,low,residential,24.0,6.0,4.0,2.8,1.5,30.0,90.0,ASM-WALL-LADAKH-IMP-TRAD,ASM-ROOF-WARM-SLAB,ASM-FLOOR-LADAKH-TRAD,0.452,3.476,0.85,4.88,35.546,20.413,45.69,11.2,25.277,504.247,112.367,6.292,True,34.45,SUB_OPTIMAL,0.0,0.9125,0.025,18.3,41.1,0.8391666666666666,2.0,24.0,6.0,4.0,2.8,1.5,1.603,30.0,90.0,4.88,0.0,0.2571428571428572,345.0,0.452,162.5,3.476,250.0,0.85,0.5,0.0,1.4,0.0
TC-KARUR-0982,TRAIN,LOC-IN-KARUR,Karur,Warm-Humid / Tropical,10.957,78.0811,100.0,4,medium,emergency,24.0,6.0,4.0,2.8,1.5,30.0,90.0,ASM-WALL-LADAKH-INS-MOD,ASM-ROOF-LADAKH-TRAD,ASM-FLOOR-LADAKH-INS-SLAB,0.314,0.247,0.444,4.88,37.51,20.428,48.893,13.165,28.464,513.739,61.419,14.64,True,54.56,SUB_OPTIMAL,0.0,0.9125,0.025,18.3,41.1,0.8391666666666666,4.0,24.0,6.0,4.0,2.8,1.5,1.603,30.0,90.0,4.88,0.0,0.2571428571428572,392.5,0.314,300.0,0.247,180.0,0.444,1.0,0.0,1.4,0.0
TC-KARUR-0983,TRAIN,LOC-IN-KARUR,Karur,Warm-Humid / Tropical,10.957,78.0811,100.0,8,high,work,24.0,6.0,4.0,2.8,1.5,30.0,90.0,ASM-WALL-LADAKH-INS-MOD,ASM-ROOF-LADAKH-INS-MOD,ASM-FLOOR-WARM-TILED,0.314,0.25,2.1,4.88,32.654,20.453,40.499,8.308,20.046,359.78,72.331,19.113,True,66.21,ACCEPTABLE,0.0,0.9125,0.025,18.3,41.1,0.8391666666666666,8.0,24.0,6.0,4.0,2.8,1.5,1.603,30.0,90.0,4.88,0.0,0.2571428571428572,392.5,0.314,153.0,0.25,150.0,2.1,2.0,0.0,1.4,0.0
TC-KARUR-0984,TRAIN,LOC-IN-KARUR,Karur,Warm-Humid / Tropical,10.957,78.0811,100.0,1,low,residential,24.0,6.0,4.0,2.8,1.5,30.0,90.0,ASM-WALL-LADAKH-INS-MOD,ASM-ROOF-WARM-SLAB,ASM-FLOOR-LADAKH-TRAD,0.314,3.476,0.85,4.88,34.352,20.406,43.544,10.006,23.138,482.947,106.495,5.672,True,39.41,SUB_OPTIMAL,0.0,0.9125,0.025,18.3,41.1,0.8391666666666666,1.0,24.0,6.0,4.0,2.8,1.5,1.603,30.0,90.0,4.88,0.0,0.2571428571428572,392.5,0.314,162.5,3.476,250.0,0.85,0.5,0.0,1.4,0.0
TC-KARUR-0985,TRAIN,LOC-IN-KARUR,Karur,Warm-Humid / Tropical,10.957,78.0811,100.0,2,medium,emergency,24.0,6.0,4.0,2.8,1.5,30.0,90.0,ASM-WALL-LADAKH-LIGHT-INS,ASM-ROOF-LADAKH-TRAD,ASM-FLOOR-LADAKH-INS-SLAB,0.284,0.247,0.444,4.88,40.269,20.461,67.626,15.923,47.165,428.54,33.995,17.622,True,53.73,SUB_OPTIMAL,0.0,0.9125,0.025,18.3,41.1,0.8391666666666666,2.0,24.0,6.0,4.0,2.8,1.5,1.603,30.0,90.0,4.88,0.0,0.2571428571428572,152.0,0.284,300.0,0.247,180.0,0.444,1.0,0.0,1.4,0.0
TC-KARUR-0986,TRAIN,LOC-IN-KARUR,Karur,Warm-Humid / Tropical,10.957,78.0811,100.0,4,high,work,24.0,6.0,4.0,2.8,1.5,30.0,90.0,ASM-WALL-LADAKH-LIGHT-INS,ASM-ROOF-LADAKH-INS-MOD,ASM-FLOOR-WARM-TILED,0.284,0.25,2.1,4.88,33.591,20.492,48.942,9.245,28.449,274.581,54.91,20.711,True,43.09,SUB_OPTIMAL,0.0,0.9125,0.025,18.3,41.1,0.8391666666666666,4.0,24.0,6.0,4.0,2.8,1.5,1.603,30.0,90.0,4.88,0.0,0.2571428571428572,152.0,0.284,153.0,0.25,150.0,2.1,2.0,0.0,1.4,0.0
TC-KARUR-0987,TRAIN,LOC-IN-KARUR,Karur,Warm-Humid / Tropical,10.957,78.0811,100.0,8,low,residential,24.0,6.0,4.0,2.8,1.5,30.0,90.0,ASM-WALL-LADAKH-LIGHT-INS,ASM-ROOF-WARM-SLAB,ASM-FLOOR-LADAKH-TRAD,0.284,3.476,0.85,4.88,37.195,20.531,52.502,12.849,31.972,397.748,101.385,7.117,True,22.79,SUB_OPTIMAL,0.0,0.9125,0.025,18.3,41.1,0.8391666666666666,8.0,24.0,6.0,4.0,2.8,1.5,1.603,30.0,90.0,4.88,0.0,0.2571428571428572,152.0,0.284,162.5,3.476,250.0,0.85,0.5,0.0,1.4,0.0
TC-KARUR-0988,TRAIN,LOC-IN-KARUR,Karur,Warm-Humid / Tropical,10.957,78.0811,100.0,1,medium,emergency,24.0,6.0,4.0,2.8,1.5,30.0,90.0,ASM-WALL-SHIMLA-COLD,ASM-ROOF-LADAKH-TRAD,ASM-FLOOR-LADAKH-INS-SLAB,0.347,0.247,0.444,4.88,33.95,20.405,42.717,9.605,22.312,471.139,77.155,10.958,True,64.88,ACCEPTABLE,0.0,0.9125,0.025,18.3,41.1,0.8391666666666666,1.0,24.0,6.0,4.0,2.8,1.5,1.603,30.0,90.0,4.88,0.0,0.2571428571428572,410.0,0.347,300.0,0.247,180.0,0.444,1.0,0.0,1.4,0.0
TC-KARUR-0989,TRAIN,LOC-IN-KARUR,Karur,Warm-Humid / Tropical,10.957,78.0811,100.0,2,high,work,24.0,6.0,4.0,2.8,1.5,30.0,90.0,ASM-WALL-SHIMLA-COLD,ASM-ROOF-LADAKH-INS-MOD,ASM-FLOOR-WARM-TILED,0.347,0.25,2.1,4.88,29.89,20.41,35.832,5.544,15.422,317.181,71.677,13.765,True,75.29,ACCEPTABLE,0.0,0.9125,0.025,18.3,41.1,0.8391666666666666,2.0,24.0,6.0,4.0,2.8,1.5,1.603,30.0,90.0,4.88,0.0,0.2571428571428572,410.0,0.347,153.0,0.25,150.0,2.1,2.0,0.0,1.4,0.0
TC-KARUR-0990,TRAIN,LOC-IN-KARUR,Karur,Warm-Humid / Tropical,10.957,78.0811,100.0,4,low,residential,24.0,6.0,4.0,2.8,1.5,30.0,90.0,ASM-WALL-SHIMLA-COLD,ASM-ROOF-WARM-SLAB,ASM-FLOOR-LADAKH-TRAD,0.347,3.476,0.85,4.88,32.043,20.419,39.417,7.697,18.998,440.348,110.102,4.5,True,47.02,SUB_OPTIMAL,0.0,0.9125,0.025,18.3,41.1,0.8391666666666666,4.0,24.0,6.0,4.0,2.8,1.5,1.603,30.0,90.0,4.88,0.0,0.2571428571428572,410.0,0.347,162.5,3.476,250.0,0.85,0.5,0.0,1.4,0.0
TC-KARUR-0991,TRAIN,LOC-IN-KARUR,Karur,Warm-Humid / Tropical,10.957,78.0811,100.0,8,medium,emergency,24.0,6.0,4.0,2.8,1.5,30.0,180.0,ASM-WALL-LADAKH-TRAD,ASM-ROOF-LADAKH-TRAD,ASM-FLOOR-LADAKH-INS-SLAB,1.591,0.247,0.444,4.88,40.32,20.449,53.297,15.974,32.848,641.538,53.601,17.591,True,44.98,SUB_OPTIMAL,0.0,0.9125,0.025,18.3,41.1,0.8391666666666666,8.0,24.0,6.0,4.0,2.8,1.5,1.603,30.0,180.0,4.88,0.0,0.17142857142857146,465.0,1.591,300.0,0.247,180.0,0.444,1.0,0.0,1.4,0.0
TC-KARUR-0992,TRAIN,LOC-IN-KARUR,Karur,Warm-Humid / Tropical,10.957,78.0811,100.0,1,high,work,24.0,6.0,4.0,2.8,1.5,30.0,180.0,ASM-WALL-LADAKH-TRAD,ASM-ROOF-LADAKH-INS-MOD,ASM-FLOOR-WARM-TILED,1.591,0.25,2.1,4.88,34.58,20.406,43.851,10.234,23.445,487.579,74.401,23.176,True,49.93,SUB_OPTIMAL,0.0,0.9125,0.025,18.3,41.1,0.8391666666666666,1.0,24.0,6.0,4.0,2.8,1.5,1.603,30.0,180.0,4.88,0.0,0.17142857142857146,465.0,1.591,153.0,0.25,150.0,2.1,2.0,0.0,1.4,0.0
TC-KARUR-0993,TRAIN,LOC-IN-KARUR,Karur,Warm-Humid / Tropical,10.957,78.0811,100.0,2,low,residential,24.0,6.0,4.0,2.8,1.5,30.0,180.0,ASM-WALL-LADAKH-TRAD,ASM-ROOF-WARM-SLAB,ASM-FLOOR-LADAKH-TRAD,1.591,3.476,0.85,4.88,36.656,20.41,47.272,12.31,26.862,610.746,113.454,6.884,True,32.22,SUB_OPTIMAL,0.0,0.9125,0.025,18.3,41.1,0.8391666666666666,2.0,24.0,6.0,4.0,2.8,1.5,1.603,30.0,180.0,4.88,0.0,0.17142857142857146,465.0,1.591,162.5,3.476,250.0,0.85,0.5,0.0,1.4,0.0
TC-KARUR-0994,TRAIN,LOC-IN-KARUR,Karur,Warm-Humid / Tropical,10.957,78.0811,100.0,4,medium,emergency,24.0,6.0,4.0,2.8,1.5,30.0,180.0,ASM-WALL-LADAKH-IMP-TRAD,ASM-ROOF-LADAKH-TRAD,ASM-FLOOR-LADAKH-INS-SLAB,0.452,0.247,0.444,4.88,41.876,20.432,56.708,17.53,36.276,641.538,72.034,19.278,True,53.52,SUB_OPTIMAL,0.0,0.9125,0.025,18.3,41.1,0.8391666666666666,4.0,24.0,6.0,4.0,2.8,1.5,1.603,30.0,180.0,4.88,0.0,0.17142857142857146,345.0,0.452,300.0,0.247,180.0,0.444,1.0,0.0,1.4,0.0
TC-KARUR-0995,TRAIN,LOC-IN-KARUR,Karur,Warm-Humid / Tropical,10.957,78.0811,100.0,8,high,work,24.0,6.0,4.0,2.8,1.5,30.0,180.0,ASM-WALL-LADAKH-IMP-TRAD,ASM-ROOF-LADAKH-INS-MOD,ASM-FLOOR-WARM-TILED,0.452,0.25,2.1,4.88,36.362,20.459,47.11,12.016,26.651,487.579,95.249,26.793,True,51.95,SUB_OPTIMAL,0.0,0.9125,0.025,18.3,41.1,0.8391666666666666,8.0,24.0,6.0,4.0,2.8,1.5,1.603,30.0,180.0,4.88,0.0,0.17142857142857146,345.0,0.452,153.0,0.25,150.0,2.1,2.0,0.0,1.4,0.0
TC-KARUR-0996,TRAIN,LOC-IN-KARUR,Karur,Warm-Humid / Tropical,10.957,78.0811,100.0,1,low,residential,24.0,6.0,4.0,2.8,1.5,30.0,180.0,ASM-WALL-LADAKH-IMP-TRAD,ASM-ROOF-WARM-SLAB,ASM-FLOOR-LADAKH-TRAD,0.452,3.476,0.85,4.88,37.94,20.406,49.883,13.594,29.476,610.746,134.799,7.548,True,29.83,SUB_OPTIMAL,0.0,0.9125,0.025,18.3,41.1,0.8391666666666666,1.0,24.0,6.0,4.0,2.8,1.5,1.603,30.0,180.0,4.88,0.0,0.17142857142857146,345.0,0.452,162.5,3.476,250.0,0.85,0.5,0.0,1.4,0.0
TC-KARUR-0997,TRAIN,LOC-IN-KARUR,Karur,Warm-Humid / Tropical,10.957,78.0811,100.0,2,medium,emergency,24.0,6.0,4.0,2.8,1.5,30.0,180.0,ASM-WALL-LADAKH-INS-MOD,ASM-ROOF-LADAKH-TRAD,ASM-FLOOR-LADAKH-INS-SLAB,0.314,0.247,0.444,4.88,39.927,20.414,53.143,15.582,32.729,613.138,72.163,17.201,True,54.56,SUB_OPTIMAL,0.0,0.9125,0.025,18.3,41.1,0.8391666666666666,2.0,24.0,6.0,4.0,2.8,1.5,1.603,30.0,180.0,4.88,0.0,0.17142857142857146,392.5,0.314,300.0,0.247,180.0,0.444,1.0,0.0,1.4,0.0
TC-KARUR-0998,TRAIN,LOC-IN-KARUR,Karur,Warm-Humid / Tropical,10.957,78.0811,100.0,4,high,work,24.0,6.0,4.0,2.8,1.5,30.0,180.0,ASM-WALL-LADAKH-INS-MOD,ASM-ROOF-LADAKH-INS-MOD,ASM-FLOOR-WARM-TILED,0.314,0.25,2.1,4.88,34.699,20.426,44.185,10.353,23.758,459.179,88.443,23.371,True,58.84,SUB_OPTIMAL,0.0,0.9125,0.025,18.3,41.1,0.8391666666666666,4.0,24.0,6.0,4.0,2.8,1.5,1.603,30.0,180.0,4.88,0.0,0.17142857142857146,392.5,0.314,153.0,0.25,150.0,2.1,2.0,0.0,1.4,0.0
TC-KARUR-0999,TRAIN,LOC-IN-KARUR,Karur,Warm-Humid / Tropical,10.957,78.0811,100.0,8,low,residential,24.0,6.0,4.0,2.8,1.5,30.0,180.0,ASM-WALL-LADAKH-INS-MOD,ASM-ROOF-WARM-SLAB,ASM-FLOOR-LADAKH-TRAD,0.314,3.476,0.85,4.88,37.063,20.447,48.004,12.717,27.556,582.346,132.943,7.08,True,30.5,SUB_OPTIMAL,0.0,0.9125,0.025,18.3,41.1,0.8391666666666666,8.0,24.0,6.0,4.0,2.8,1.5,1.603,30.0,180.0,4.88,0.0,0.17142857142857146,392.5,0.314,162.5,3.476,250.0,0.85,0.5,0.0,1.4,0.0
TC-KARUR-1000,TRAIN,LOC-IN-KARUR,Karur,Warm-Humid / Tropical,10.957,78.0811,100.0,1,medium,emergency,24.0,6.0,4.0,2.8,1.5,30.0,180.0,ASM-WALL-LADAKH-LIGHT-INS,ASM-ROOF-LADAKH-TRAD,ASM-FLOOR-LADAKH-INS-SLAB,0.284,0.247,0.444,4.88,42.428,20.43,73.745,18.082,53.315,499.539,38.589,20.003,True,53.73,SUB_OPTIMAL,0.0,0.9125,0.025,18.3,41.1,0.8391666666666666,1.0,24.0,6.0,4.0,2.8,1.5,1.603,30.0,180.0,4.88,0.0,0.17142857142857146,152.0,0.284,300.0,0.247,180.0,0.444,1.0,0.0,1.4,0.0
TC-KARUR-1001,TRAIN,LOC-IN-KARUR,Karur,Warm-Humid / Tropical,10.957,78.0811,100.0,2,high,work,24.0,6.0,4.0,2.8,1.5,30.0,180.0,ASM-WALL-LADAKH-LIGHT-INS,ASM-ROOF-LADAKH-INS-MOD,ASM-FLOOR-WARM-TILED,0.284,0.25,2.1,4.88,35.54,20.446,54.112,11.194,33.666,345.581,66.235,24.982,True,43.09,SUB_OPTIMAL,0.0,0.9125,0.025,18.3,41.1,0.8391666666666666,2.0,24.0,6.0,4.0,2.8,1.5,1.603,30.0,180.0,4.88,0.0,0.17142857142857146,152.0,0.284,153.0,0.25,150.0,2.1,2.0,0.0,1.4,0.0
TC-KARUR-1002,TRAIN,LOC-IN-KARUR,Karur,Warm-Humid / Tropical,10.957,78.0811,100.0,4,low,residential,24.0,6.0,4.0,2.8,1.5,30.0,180.0,ASM-WALL-LADAKH-LIGHT-INS,ASM-ROOF-WARM-SLAB,ASM-FLOOR-LADAKH-TRAD,0.284,3.476,0.85,4.88,38.852,20.465,56.64,14.506,36.175,468.747,114.397,8.031,True,22.79,SUB_OPTIMAL,0.0,0.9125,0.025,18.3,41.1,0.8391666666666666,4.0,24.0,6.0,4.0,2.8,1.5,1.603,30.0,180.0,4.88,0.0,0.17142857142857146,152.0,0.284,162.5,3.476,250.0,0.85,0.5,0.0,1.4,0.0
TC-KARUR-1003,TRAIN,LOC-IN-KARUR,Karur,Warm-Humid / Tropical,10.957,78.0811,100.0,8,medium,emergency,24.0,6.0,4.0,2.8,1.5,30.0,180.0,ASM-WALL-SHIMLA-COLD,ASM-ROOF-LADAKH-TRAD,ASM-FLOOR-LADAKH-INS-SLAB,0.347,0.247,0.444,4.88,36.36,20.444,46.629,12.014,26.186,556.339,94.598,13.436,True,57.05,SUB_OPTIMAL,0.0,0.9125,0.025,18.3,41.1,0.8391666666666666,8.0,24.0,6.0,4.0,2.8,1.5,1.603,30.0,180.0,4.88,0.0,0.17142857142857146,410.0,0.347,300.0,0.247,180.0,0.444,1.0,0.0,1.4,0.0
TC-KARUR-1004,TRAIN,LOC-IN-KARUR,Karur,Warm-Humid / Tropical,10.957,78.0811,100.0,1,high,work,24.0,6.0,4.0,2.8,1.5,30.0,180.0,ASM-WALL-SHIMLA-COLD,ASM-ROOF-LADAKH-INS-MOD,ASM-FLOOR-WARM-TILED,0.347,0.25,2.1,4.88,31.578,20.405,38.743,7.232,18.337,402.38,88.73,17.04,True,69.47,ACCEPTABLE,0.0,0.9125,0.025,18.3,41.1,0.8391666666666666,1.0,24.0,6.0,4.0,2.8,1.5,1.603,30.0,180.0,4.88,0.0,0.17142857142857146,410.0,0.347,153.0,0.25,150.0,2.1,2.0,0.0,1.4,0.0
TC-KARUR-1005,TRAIN,LOC-IN-KARUR,Karur,Warm-Humid / Tropical,10.957,78.0811,100.0,2,low,residential,24.0,6.0,4.0,2.8,1.5,30.0,180.0,ASM-WALL-SHIMLA-COLD,ASM-ROOF-WARM-SLAB,ASM-FLOOR-LADAKH-TRAD,0.347,3.476,0.85,4.88,33.584,20.409,42.083,9.238,21.673,525.547,129.415,5.289,True,41.69,SUB_OPTIMAL,0.0,0.9125,0.025,18.3,41.1,0.8391666666666666,2.0,24.0,6.0,4.0,2.8,1.5,1.603,30.0,180.0,4.88,0.0,0.17142857142857146,410.0,0.347,162.5,3.476,250.0,0.85,0.5,0.0,1.4,0.0
TC-KARUR-1006,TRAIN,LOC-IN-KARUR,Karur,Warm-Humid / Tropical,10.957,78.0811,100.0,4,medium,emergency,24.0,6.0,4.0,2.8,1.5,30.0,270.0,ASM-WALL-LADAKH-TRAD,ASM-ROOF-LADAKH-TRAD,ASM-FLOOR-LADAKH-INS-SLAB,1.591,0.247,0.444,4.88,37.321,20.425,48.317,12.975,27.892,535.039,44.058,14.459,True,44.98,SUB_OPTIMAL,0.0,0.9125,0.025,18.3,41.1,0.8391666666666666,4.0,24.0,6.0,4.0,2.8,1.5,1.603,30.0,270.0,4.88,0.0,0.2571428571428572,465.0,1.591,300.0,0.247,180.0,0.444,1.0,0.0,1.4,0.0
TC-KARUR-1007,TRAIN,LOC-IN-KARUR,Karur,Warm-Humid / Tropical,10.957,78.0811,100.0,8,high,work,24.0,6.0,4.0,2.8,1.5,30.0,270.0,ASM-WALL-LADAKH-TRAD,ASM-ROOF-LADAKH-INS-MOD,ASM-FLOOR-WARM-TILED,1.591,0.25,2.1,4.88,32.647,20.446,40.35,8.302,19.903,381.08,61.586,19.184,True,56.93,SUB_OPTIMAL,0.0,0.9125,0.025,18.3,41.1,0.8391666666666666,8.0,24.0,6.0,4.0,2.8,1.5,1.603,30.0,270.0,4.88,0.0,0.2571428571428572,465.0,1.591,153.0,0.25,150.0,2.1,2.0,0.0,1.4,0.0
TC-KARUR-1008,TRAIN,LOC-IN-KARUR,Karur,Warm-Humid / Tropical,10.957,78.0811,100.0,1,low,residential,24.0,6.0,4.0,2.8,1.5,30.0,270.0,ASM-WALL-LADAKH-TRAD,ASM-ROOF-WARM-SLAB,ASM-FLOOR-LADAKH-TRAD,1.591,3.476,0.85,4.88,34.28,20.405,43.262,9.935,22.856,504.247,93.114,5.65,True,40.24,SUB_OPTIMAL,0.0,0.9125,0.025,18.3,41.1,0.8391666666666666,1.0,24.0,6.0,4.0,2.8,1.5,1.603,30.0,270.0,4.88,0.0,0.2571428571428572,465.0,1.591,162.5,3.476,250.0,0.85,0.5,0.0,1.4,0.0
TC-KARUR-1009,TRAIN,LOC-IN-KARUR,Karur,Warm-Humid / Tropical,10.957,78.0811,100.0,2,medium,emergency,24.0,6.0,4.0,2.8,1.5,30.0,270.0,ASM-WALL-LADAKH-IMP-TRAD,ASM-ROOF-LADAKH-TRAD,ASM-FLOOR-LADAKH-INS-SLAB,0.452,0.247,0.444,4.88,38.816,20.416,51.434,14.47,31.018,535.039,59.857,16.019,True,53.52,SUB_OPTIMAL,0.0,0.9125,0.025,18.3,41.1,0.8391666666666666,2.0,24.0,6.0,4.0,2.8,1.5,1.603,30.0,270.0,4.88,0.0,0.2571428571428572,345.0,0.452,300.0,0.247,180.0,0.444,1.0,0.0,1.4,0.0
TC-KARUR-1010,TRAIN,LOC-IN-KARUR,Karur,Warm-Humid / Tropical,10.957,78.0811,100.0,4,high,work,24.0,6.0,4.0,2.8,1.5,30.0,270.0,ASM-WALL-LADAKH-IMP-TRAD,ASM-ROOF-LADAKH-INS-MOD,ASM-FLOOR-WARM-TILED,0.452,0.25,2.1,4.88,33.429,20.429,42.107,9.083,21.677,381.08,73.546,20.688,True,61.96,ACCEPTABLE,0.0,0.9125,0.025,18.3,41.1,0.8391666666666666,4.0,24.0,6.0,4.0,2.8,1.5,1.603,30.0,270.0,4.88,0.0,0.2571428571428572,345.0,0.452,153.0,0.25,150.0,2.1,2.0,0.0,1.4,0.0
TC-KARUR-1011,TRAIN,LOC-IN-KARUR,Karur,Warm-Humid / Tropical,10.957,78.0811,100.0,8,low,residential,24.0,6.0,4.0,2.8,1.5,30.0,270.0,ASM-WALL-LADAKH-IMP-TRAD,ASM-ROOF-WARM-SLAB,ASM-FLOOR-LADAKH-TRAD,0.452,3.476,0.85,4.88,35.993,20.452,46.268,11.647,25.816,504.247,116.34,6.514,True,33.3,SUB_OPTIMAL,0.0,0.9125,0.025,18.3,41.1,0.8391666666666666,8.0,24.0,6.0,4.0,2.8,1.5,1.603,30.0,270.0,4.88,0.0,0.2571428571428572,345.0,0.452,162.5,3.476,250.0,0.85,0.5,0.0,1.4,0.0
TC-KARUR-1012,TRAIN,LOC-IN-KARUR,Karur,Warm-Humid / Tropical,10.957,78.0811,100.0,1,medium,emergency,24.0,6.0,4.0,2.8,1.5,30.0,270.0,ASM-WALL-LADAKH-INS-MOD,ASM-ROOF-LADAKH-TRAD,ASM-FLOOR-LADAKH-INS-SLAB,0.314,0.247,0.444,4.88,37.259,20.407,48.566,12.913,28.159,513.739,60.369,14.39,True,54.56,SUB_OPTIMAL,0.0,0.9125,0.025,18.3,41.1,0.8391666666666666,1.0,24.0,6.0,4.0,2.8,1.5,1.603,30.0,270.0,4.88,0.0,0.2571428571428572,392.5,0.314,300.0,0.247,180.0,0.444,1.0,0.0,1.4,0.0
TC-KARUR-1013,TRAIN,LOC-IN-KARUR,Karur,Warm-Humid / Tropical,10.957,78.0811,100.0,2,high,work,24.0,6.0,4.0,2.8,1.5,30.0,270.0,ASM-WALL-LADAKH-INS-MOD,ASM-ROOF-LADAKH-INS-MOD,ASM-FLOOR-WARM-TILED,0.314,0.25,2.1,4.88,32.199,20.413,39.911,7.853,19.497,359.78,68.984,18.229,True,67.38,ACCEPTABLE,0.0,0.9125,0.025,18.3,41.1,0.8391666666666666,2.0,24.0,6.0,4.0,2.8,1.5,1.603,30.0,270.0,4.88,0.0,0.2571428571428572,392.5,0.314,153.0,0.25,150.0,2.1,2.0,0.0,1.4,0.0
TC-KARUR-1014,TRAIN,LOC-IN-KARUR,Karur,Warm-Humid / Tropical,10.957,78.0811,100.0,4,low,residential,24.0,6.0,4.0,2.8,1.5,30.0,270.0,ASM-WALL-LADAKH-INS-MOD,ASM-ROOF-WARM-SLAB,ASM-FLOOR-LADAKH-TRAD,0.314,3.476,0.85,4.88,34.566,20.424,43.823,10.22,23.4,482.947,108.5,5.778,True,38.85,SUB_OPTIMAL,0.0,0.9125,0.025,18.3,41.1,0.8391666666666666,4.0,24.0,6.0,4.0,2.8,1.5,1.603,30.0,270.0,4.88,0.0,0.2571428571428572,392.5,0.314,162.5,3.476,250.0,0.85,0.5,0.0,1.4,0.0
TC-KARUR-1015,TRAIN,LOC-IN-KARUR,Karur,Warm-Humid / Tropical,10.957,78.0811,100.0,8,medium,emergency,24.0,6.0,4.0,2.8,1.5,30.0,270.0,ASM-WALL-LADAKH-LIGHT-INS,ASM-ROOF-LADAKH-TRAD,ASM-FLOOR-LADAKH-INS-SLAB,0.284,0.247,0.444,4.88,40.999,20.643,68.312,16.653,47.669,428.54,35.439,18.371,True,53.73,SUB_OPTIMAL,0.0,0.9125,0.025,18.3,41.1,0.8391666666666666,8.0,24.0,6.0,4.0,2.8,1.5,1.603,30.0,270.0,4.88,0.0,0.2571428571428572,152.0,0.284,300.0,0.247,180.0,0.444,1.0,0.0,1.4,0.0
TC-KARUR-1016,TRAIN,LOC-IN-KARUR,Karur,Warm-Humid / Tropical,10.957,78.0811,100.0,1,high,work,24.0,6.0,4.0,2.8,1.5,30.0,270.0,ASM-WALL-LADAKH-LIGHT-INS,ASM-ROOF-LADAKH-INS-MOD,ASM-FLOOR-WARM-TILED,0.284,0.25,2.1,4.88,33.268,20.423,48.63,8.922,28.207,274.581,53.237,20.08,True,43.09,SUB_OPTIMAL,0.0,0.9125,0.025,18.3,41.1,0.8391666666666666,1.0,24.0,6.0,4.0,2.8,1.5,1.603,30.0,270.0,4.88,0.0,0.2571428571428572,152.0,0.284,153.0,0.25,150.0,2.1,2.0,0.0,1.4,0.0
TC-KARUR-1017,TRAIN,LOC-IN-KARUR,Karur,Warm-Humid / Tropical,10.957,78.0811,100.0,2,low,residential,24.0,6.0,4.0,2.8,1.5,30.0,270.0,ASM-WALL-LADAKH-LIGHT-INS,ASM-ROOF-WARM-SLAB,ASM-FLOOR-LADAKH-TRAD,0.284,3.476,0.85,4.88,36.599,20.433,51.95,12.254,31.518,397.748,97.091,6.816,True,22.79,SUB_OPTIMAL,0.0,0.9125,0.025,18.3,41.1,0.8391666666666666,2.0,24.0,6.0,4.0,2.8,1.5,1.603,30.0,270.0,4.88,0.0,0.2571428571428572,152.0,0.284,162.5,3.476,250.0,0.85,0.5,0.0,1.4,0.0
TC-KARUR-1018,TRAIN,LOC-IN-KARUR,Karur,Warm-Humid / Tropical,10.957,78.0811,100.0,4,medium,emergency,24.0,6.0,4.0,2.8,1.5,30.0,270.0,ASM-WALL-SHIMLA-COLD,ASM-ROOF-LADAKH-TRAD,ASM-FLOOR-LADAKH-INS-SLAB,0.347,0.247,0.444,4.88,34.165,20.422,43.002,9.819,22.58,471.139,78.634,11.168,True,64.31,ACCEPTABLE,0.0,0.9125,0.025,18.3,41.1,0.8391666666666666,4.0,24.0,6.0,4.0,2.8,1.5,1.603,30.0,270.0,4.88,0.0,0.2571428571428572,410.0,0.347,300.0,0.247,180.0,0.444,1.0,0.0,1.4,0.0
TC-KARUR-1019,TRAIN,LOC-IN-KARUR,Karur,Warm-Humid / Tropical,10.957,78.0811,100.0,8,high,work,24.0,6.0,4.0,2.8,1.5,30.0,270.0,ASM-WALL-SHIMLA-COLD,ASM-ROOF-LADAKH-INS-MOD,ASM-FLOOR-WARM-TILED,0.347,0.25,2.1,4.88,30.282,20.441,36.35,5.936,15.908,317.181,75.465,14.493,True,74.26,ACCEPTABLE,0.0,0.9125,0.025,18.3,41.1,0.8391666666666666,8.0,24.0,6.0,4.0,2.8,1.5,1.603,30.0,270.0,4.88,0.0,0.2571428571428572,410.0,0.347,153.0,0.25,150.0,2.1,2.0,0.0,1.4,0.0
TC-KARUR-1020,TRAIN,LOC-IN-KARUR,Karur,Warm-Humid / Tropical,10.957,78.0811,100.0,1,low,residential,24.0,6.0,4.0,2.8,1.5,30.0,270.0,ASM-WALL-SHIMLA-COLD,ASM-ROOF-WARM-SLAB,ASM-FLOOR-LADAKH-TRAD,0.347,3.476,0.85,4.88,31.857,20.405,39.17,7.511,18.765,440.348,107.925,4.411,True,47.52,SUB_OPTIMAL,0.0,0.9125,0.025,18.3,41.1,0.8391666666666666,1.0,24.0,6.0,4.0,2.8,1.5,1.603,30.0,270.0,4.88,0.0,0.2571428571428572,410.0,0.347,162.5,3.476,250.0,0.85,0.5,0.0,1.4,0.0
TC-KARUR-1021,TRAIN,LOC-IN-KARUR,Karur,Warm-Humid / Tropical,10.957,78.0811,100.0,2,medium,emergency,25.0,5.0,5.0,2.8,1.0,0.0,0.0,ASM-WALL-LADAKH-TRAD,ASM-ROOF-LADAKH-TRAD,ASM-FLOOR-LADAKH-INS-SLAB,1.591,0.247,0.444,5.0,34.087,20.412,42.873,9.741,22.46,406.94,33.643,11.569,True,55.54,SUB_OPTIMAL,0.0,0.9125,0.025,18.3,41.1,0.8391666666666666,2.0,25.0,5.0,5.0,2.8,1.0,1.514,0.0,0.0,5.0,0.0,0.21428571428571427,465.0,1.591,300.0,0.247,180.0,0.444,1.0,0.0,1.4,0.0
TC-KARUR-1022,TRAIN,LOC-IN-KARUR,Karur,Warm-Humid / Tropical,10.957,78.0811,100.0,4,high,work,25.0,5.0,5.0,2.8,1.0,0.0,0.0,ASM-WALL-LADAKH-TRAD,ASM-ROOF-LADAKH-INS-MOD,ASM-FLOOR-WARM-TILED,1.591,0.25,2.1,5.0,29.757,20.423,35.525,5.411,15.102,268.053,44.302,14.122,True,66.88,ACCEPTABLE,0.0,0.9125,0.025,18.3,41.1,0.8391666666666666,4.0,25.0,5.0,5.0,2.8,1.0,1.514,0.0,0.0,5.0,0.0,0.21428571428571427,465.0,1.591,153.0,0.25,150.0,2.1,2.0,0.0,1.4,0.0
TC-KARUR-1023,TRAIN,LOC-IN-KARUR,Karur,Warm-Humid / Tropical,10.957,78.0811,100.0,8,low,residential,25.0,5.0,5.0,2.8,1.0,0.0,0.0,ASM-WALL-LADAKH-TRAD,ASM-ROOF-WARM-SLAB,ASM-FLOOR-LADAKH-TRAD,1.591,3.476,0.85,5.0,32.267,20.442,39.65,7.921,19.207,379.163,71.557,4.808,True,47.77,SUB_OPTIMAL,0.0,0.9125,0.025,18.3,41.1,0.8391666666666666,8.0,25.0,5.0,5.0,2.8,1.0,1.514,0.0,0.0,5.0,0.0,0.21428571428571427,465.0,1.591,162.5,3.476,250.0,0.85,0.5,0.0,1.4,0.0
TC-KARUR-1024,TRAIN,LOC-IN-KARUR,Karur,Warm-Humid / Tropical,10.957,78.0811,100.0,1,medium,emergency,25.0,5.0,5.0,2.8,1.0,0.0,0.0,ASM-WALL-LADAKH-IMP-TRAD,ASM-ROOF-LADAKH-TRAD,ASM-FLOOR-LADAKH-INS-SLAB,0.452,0.247,0.444,5.0,35.441,20.408,45.56,11.095,25.152,406.94,46.372,12.995,True,58.7,SUB_OPTIMAL,0.0,0.9125,0.025,18.3,41.1,0.8391666666666666,1.0,25.0,5.0,5.0,2.8,1.0,1.514,0.0,0.0,5.0,0.0,0.21428571428571427,345.0,0.452,300.0,0.247,180.0,0.444,1.0,0.0,1.4,0.0
TC-KARUR-1025,TRAIN,LOC-IN-KARUR,Karur,Warm-Humid / Tropical,10.957,78.0811,100.0,2,high,work,25.0,5.0,5.0,2.8,1.0,0.0,0.0,ASM-WALL-LADAKH-IMP-TRAD,ASM-ROOF-LADAKH-INS-MOD,ASM-FLOOR-WARM-TILED,0.452,0.25,2.1,5.0,30.485,20.415,36.997,6.139,16.582,268.053,53.211,15.347,True,72.47,ACCEPTABLE,0.0,0.9125,0.025,18.3,41.1,0.8391666666666666,2.0,25.0,5.0,5.0,2.8,1.0,1.514,0.0,0.0,5.0,0.0,0.21428571428571427,345.0,0.452,153.0,0.25,150.0,2.1,2.0,0.0,1.4,0.0
TC-KARUR-1026,TRAIN,LOC-IN-KARUR,Karur,Warm-Humid / Tropical,10.957,78.0811,100.0,4,low,residential,25.0,5.0,5.0,2.8,1.0,0.0,0.0,ASM-WALL-LADAKH-IMP-TRAD,ASM-ROOF-WARM-SLAB,ASM-FLOOR-LADAKH-TRAD,0.452,3.476,0.85,5.0,33.045,20.427,41.26,8.699,20.833,379.163,84.222,5.197,True,44.13,SUB_OPTIMAL,0.0,0.9125,0.025,18.3,41.1,0.8391666666666666,4.0,25.0,5.0,5.0,2.8,1.0,1.514,0.0,0.0,5.0,0.0,0.21428571428571427,345.0,0.452,162.5,3.476,250.0,0.85,0.5,0.0,1.4,0.0
TC-KARUR-1027,TRAIN,LOC-IN-KARUR,Karur,Warm-Humid / Tropical,10.957,78.0811,100.0,8,medium,emergency,25.0,5.0,5.0,2.8,1.0,0.0,0.0,ASM-WALL-LADAKH-INS-MOD,ASM-ROOF-LADAKH-TRAD,ASM-FLOOR-LADAKH-INS-SLAB,0.314,0.247,0.444,5.0,34.886,20.457,44.201,10.54,23.743,392.774,49.565,12.367,True,62.46,ACCEPTABLE,0.0,0.9125,0.025,18.3,41.1,0.8391666666666666,8.0,25.0,5.0,5.0,2.8,1.0,1.514,0.0,0.0,5.0,0.0,0.21428571428571427,392.5,0.314,300.0,0.247,180.0,0.444,1.0,0.0,1.4,0.0
TC-KARUR-1028,TRAIN,LOC-IN-KARUR,Karur,Warm-Humid / Tropical,10.957,78.0811,100.0,1,high,work,25.0,5.0,5.0,2.8,1.0,0.0,0.0,ASM-WALL-LADAKH-INS-MOD,ASM-ROOF-LADAKH-INS-MOD,ASM-FLOOR-WARM-TILED,0.314,0.25,2.1,5.0,29.616,20.407,35.453,5.27,15.046,253.886,50.456,13.685,True,76.6,ACCEPTABLE,0.0,0.9125,0.025,18.3,41.1,0.8391666666666666,1.0,25.0,5.0,5.0,2.8,1.0,1.514,0.0,0.0,5.0,0.0,0.21428571428571427,392.5,0.314,153.0,0.25,150.0,2.1,2.0,0.0,1.4,0.0
TC-KARUR-1029,TRAIN,LOC-IN-KARUR,Karur,Warm-Humid / Tropical,10.957,78.0811,100.0,2,low,residential,25.0,5.0,5.0,2.8,1.0,0.0,0.0,ASM-WALL-LADAKH-INS-MOD,ASM-ROOF-WARM-SLAB,ASM-FLOOR-LADAKH-TRAD,0.314,3.476,0.85,5.0,32.006,20.412,39.462,7.66,19.05,364.996,79.592,4.659,True,48.14,SUB_OPTIMAL,0.0,0.9125,0.025,18.3,41.1,0.8391666666666666,2.0,25.0,5.0,5.0,2.8,1.0,1.514,0.0,0.0,5.0,0.0,0.21428571428571427,392.5,0.314,162.5,3.476,250.0,0.85,0.5,0.0,1.4,0.0
TC-KARUR-1030,TRAIN,LOC-IN-KARUR,Karur,Warm-Humid / Tropical,10.957,78.0811,100.0,4,medium,emergency,25.0,5.0,5.0,2.8,1.0,0.0,0.0,ASM-WALL-LADAKH-LIGHT-INS,ASM-ROOF-LADAKH-TRAD,ASM-FLOOR-LADAKH-INS-SLAB,0.284,0.247,0.444,5.0,37.802,20.528,60.895,13.457,40.367,336.108,28.537,15.532,True,53.45,SUB_OPTIMAL,0.0,0.9125,0.025,18.3,41.1,0.8391666666666666,4.0,25.0,5.0,5.0,2.8,1.0,1.514,0.0,0.0,5.0,0.0,0.21428571428571427,152.0,0.284,300.0,0.247,180.0,0.444,1.0,0.0,1.4,0.0
TC-KARUR-1031,TRAIN,LOC-IN-KARUR,Karur,Warm-Humid / Tropical,10.957,78.0811,100.0,8,high,work,25.0,5.0,5.0,2.8,1.0,0.0,0.0,ASM-WALL-LADAKH-LIGHT-INS,ASM-ROOF-LADAKH-INS-MOD,ASM-FLOOR-WARM-TILED,0.284,0.25,2.1,5.0,31.714,20.58,43.261,7.368,22.68,197.22,45.008,17.3,True,52.88,SUB_OPTIMAL,0.0,0.9125,0.025,18.3,41.1,0.8391666666666666,8.0,25.0,5.0,5.0,2.8,1.0,1.514,0.0,0.0,5.0,0.0,0.21428571428571427,152.0,0.284,153.0,0.25,150.0,2.1,2.0,0.0,1.4,0.0
TC-KARUR-1032,TRAIN,LOC-IN-KARUR,Karur,Warm-Humid / Tropical,10.957,78.0811,100.0,1,low,residential,25.0,5.0,5.0,2.8,1.0,0.0,0.0,ASM-WALL-LADAKH-LIGHT-INS,ASM-ROOF-WARM-SLAB,ASM-FLOOR-LADAKH-TRAD,0.284,3.476,0.85,5.0,34.273,20.417,47.06,9.927,26.643,308.33,73.954,5.804,True,25.13,SUB_OPTIMAL,0.0,0.9125,0.025,18.3,41.1,0.8391666666666666,1.0,25.0,5.0,5.0,2.8,1.0,1.514,0.0,0.0,5.0,0.0,0.21428571428571427,152.0,0.284,162.5,3.476,250.0,0.85,0.5,0.0,1.4,0.0
TC-KARUR-1033,TRAIN,LOC-IN-KARUR,Karur,Warm-Humid / Tropical,10.957,78.0811,100.0,2,medium,emergency,25.0,5.0,5.0,2.8,1.0,0.0,0.0,ASM-WALL-SHIMLA-COLD,ASM-ROOF-LADAKH-TRAD,ASM-FLOOR-LADAKH-INS-SLAB,0.347,0.247,0.444,5.0,31.743,20.411,38.931,7.397,18.52,364.441,61.133,9.08,True,72.75,ACCEPTABLE,0.0,0.9125,0.025,18.3,41.1,0.8391666666666666,2.0,25.0,5.0,5.0,2.8,1.0,1.514,0.0,0.0,5.0,0.0,0.21428571428571427,410.0,0.347,300.0,0.247,180.0,0.444,1.0,0.0,1.4,0.0
TC-KARUR-1034,TRAIN,LOC-IN-KARUR,Karur,Warm-Humid / Tropical,10.957,78.0811,100.0,4,high,work,25.0,5.0,5.0,2.8,1.0,0.0,0.0,ASM-WALL-SHIMLA-COLD,ASM-ROOF-LADAKH-INS-MOD,ASM-FLOOR-WARM-TILED,0.347,0.25,2.1,5.0,28.135,20.421,32.781,3.789,12.361,225.553,55.742,11.039,True,81.69,OPTIMAL,0.0,0.9125,0.025,18.3,41.1,0.8391666666666666,4.0,25.0,5.0,5.0,2.8,1.0,1.514,0.0,0.0,5.0,0.0,0.21428571428571427,410.0,0.347,153.0,0.25,150.0,2.1,2.0,0.0,1.4,0.0
TC-KARUR-1035,TRAIN,LOC-IN-KARUR,Karur,Warm-Humid / Tropical,10.957,78.0811,100.0,8,low,residential,25.0,5.0,5.0,2.8,1.0,0.0,0.0,ASM-WALL-SHIMLA-COLD,ASM-ROOF-WARM-SLAB,ASM-FLOOR-LADAKH-TRAD,0.347,3.476,0.85,5.0,30.421,20.438,36.557,6.075,16.119,336.663,87.096,3.865,True,53.42,SUB_OPTIMAL,0.0,0.9125,0.025,18.3,41.1,0.8391666666666666,8.0,25.0,5.0,5.0,2.8,1.0,1.514,0.0,0.0,5.0,0.0,0.21428571428571427,410.0,0.347,162.5,3.476,250.0,0.85,0.5,0.0,1.4,0.0
TC-KARUR-1036,TRAIN,LOC-IN-KARUR,Karur,Warm-Humid / Tropical,10.957,78.0811,100.0,1,medium,emergency,25.0,5.0,5.0,2.8,1.0,0.0,90.0,ASM-WALL-LADAKH-TRAD,ASM-ROOF-LADAKH-TRAD,ASM-FLOOR-LADAKH-INS-SLAB,1.591,0.247,0.444,5.0,36.783,20.406,47.473,12.437,27.067,513.189,42.127,14.486,True,46.33,SUB_OPTIMAL,0.0,0.9125,0.025,18.3,41.1,0.8391666666666666,1.0,25.0,5.0,5.0,2.8,1.0,1.514,0.0,90.0,5.0,0.0,0.21428571428571427,465.0,1.591,300.0,0.247,180.0,0.444,1.0,0.0,1.4,0.0
TC-KARUR-1037,TRAIN,LOC-IN-KARUR,Karur,Warm-Humid / Tropical,10.957,78.0811,100.0,2,high,work,25.0,5.0,5.0,2.8,1.0,0.0,90.0,ASM-WALL-LADAKH-TRAD,ASM-ROOF-LADAKH-INS-MOD,ASM-FLOOR-WARM-TILED,1.591,0.25,2.1,5.0,32.097,20.411,39.566,7.751,19.154,374.302,59.166,18.861,True,58.79,SUB_OPTIMAL,0.0,0.9125,0.025,18.3,41.1,0.8391666666666666,2.0,25.0,5.0,5.0,2.8,1.0,1.514,0.0,90.0,5.0,0.0,0.21428571428571427,465.0,1.591,153.0,0.25,150.0,2.1,2.0,0.0,1.4,0.0
TC-KARUR-1038,TRAIN,LOC-IN-KARUR,Karur,Warm-Humid / Tropical,10.957,78.0811,100.0,4,low,residential,25.0,5.0,5.0,2.8,1.0,0.0,90.0,ASM-WALL-LADAKH-TRAD,ASM-ROOF-WARM-SLAB,ASM-FLOOR-LADAKH-TRAD,1.591,3.476,0.85,5.0,34.377,20.421,43.327,10.031,22.906,485.412,88.328,5.934,True,40.41,SUB_OPTIMAL,0.0,0.9125,0.025,18.3,41.1,0.8391666666666666,4.0,25.0,5.0,5.0,2.8,1.0,1.514,0.0,90.0,5.0,0.0,0.21428571428571427,465.0,1.591,162.5,3.476,250.0,0.85,0.5,0.0,1.4,0.0
TC-KARUR-1039,TRAIN,LOC-IN-KARUR,Karur,Warm-Humid / Tropical,10.957,78.0811,100.0,8,medium,emergency,25.0,5.0,5.0,2.8,1.0,0.0,90.0,ASM-WALL-LADAKH-IMP-TRAD,ASM-ROOF-LADAKH-TRAD,ASM-FLOOR-LADAKH-INS-SLAB,0.452,0.247,0.444,5.0,39.083,20.465,51.615,14.738,31.15,513.189,60.496,16.953,True,53.82,SUB_OPTIMAL,0.0,0.9125,0.025,18.3,41.1,0.8391666666666666,8.0,25.0,5.0,5.0,2.8,1.0,1.514,0.0,90.0,5.0,0.0,0.21428571428571427,345.0,0.452,300.0,0.247,180.0,0.444,1.0,0.0,1.4,0.0
TC-KARUR-1040,TRAIN,LOC-IN-KARUR,Karur,Warm-Humid / Tropical,10.957,78.0811,100.0,1,high,work,25.0,5.0,5.0,2.8,1.0,0.0,90.0,ASM-WALL-LADAKH-IMP-TRAD,ASM-ROOF-LADAKH-INS-MOD,ASM-FLOOR-WARM-TILED,0.452,0.25,2.1,5.0,33.087,20.407,41.582,8.741,21.175,374.302,72.244,20.836,True,63.3,ACCEPTABLE,0.0,0.9125,0.025,18.3,41.1,0.8391666666666666,1.0,25.0,5.0,5.0,2.8,1.0,1.514,0.0,90.0,5.0,0.0,0.21428571428571427,345.0,0.452,153.0,0.25,150.0,2.1,2.0,0.0,1.4,0.0
TC-KARUR-1041,TRAIN,LOC-IN-KARUR,Karur,Warm-Humid / Tropical,10.957,78.0811,100.0,2,low,residential,25.0,5.0,5.0,2.8,1.0,0.0,90.0,ASM-WALL-LADAKH-IMP-TRAD,ASM-ROOF-WARM-SLAB,ASM-FLOOR-LADAKH-TRAD,0.452,3.476,0.85,5.0,35.469,20.413,45.52,11.123,25.107,485.412,105.536,6.513,True,35.61,SUB_OPTIMAL,0.0,0.9125,0.025,18.3,41.1,0.8391666666666666,2.0,25.0,5.0,5.0,2.8,1.0,1.514,0.0,90.0,5.0,0.0,0.21428571428571427,345.0,0.452,162.5,3.476,250.0,0.85,0.5,0.0,1.4,0.0
TC-KARUR-1042,TRAIN,LOC-IN-KARUR,Karur,Warm-Humid / Tropical,10.957,78.0811,100.0,4,medium,emergency,25.0,5.0,5.0,2.8,1.0,0.0,90.0,ASM-WALL-LADAKH-INS-MOD,ASM-ROOF-LADAKH-TRAD,ASM-FLOOR-LADAKH-INS-SLAB,0.314,0.247,0.444,5.0,37.219,20.429,48.363,12.873,27.934,491.94,59.848,14.933,True,54.86,SUB_OPTIMAL,0.0,0.9125,0.025,18.3,41.1,0.8391666666666666,4.0,25.0,5.0,5.0,2.8,1.0,1.514,0.0,90.0,5.0,0.0,0.21428571428571427,392.5,0.314,300.0,0.247,180.0,0.444,1.0,0.0,1.4,0.0
TC-KARUR-1043,TRAIN,LOC-IN-KARUR,Karur,Warm-Humid / Tropical,10.957,78.0811,100.0,8,high,work,25.0,5.0,5.0,2.8,1.0,0.0,90.0,ASM-WALL-LADAKH-INS-MOD,ASM-ROOF-LADAKH-INS-MOD,ASM-FLOOR-WARM-TILED,0.314,0.25,2.1,5.0,32.549,20.453,40.291,8.203,19.839,353.052,72.624,19.698,True,66.92,ACCEPTABLE,0.0,0.9125,0.025,18.3,41.1,0.8391666666666666,8.0,25.0,5.0,5.0,2.8,1.0,1.514,0.0,90.0,5.0,0.0,0.21428571428571427,392.5,0.314,153.0,0.25,150.0,2.1,2.0,0.0,1.4,0.0
TC-KARUR-1044,TRAIN,LOC-IN-KARUR,Karur,Warm-Humid / Tropical,10.957,78.0811,100.0,1,low,residential,25.0,5.0,5.0,2.8,1.0,0.0,90.0,ASM-WALL-LADAKH-INS-MOD,ASM-ROOF-WARM-SLAB,ASM-FLOOR-LADAKH-TRAD,0.314,3.476,0.85,5.0,34.239,20.406,43.323,9.893,22.917,464.162,99.886,5.847,True,40.42,SUB_OPTIMAL,0.0,0.9125,0.025,18.3,41.1,0.8391666666666666,1.0,25.0,5.0,5.0,2.8,1.0,1.514,0.0,90.0,5.0,0.0,0.21428571428571427,392.5,0.314,162.5,3.476,250.0,0.85,0.5,0.0,1.4,0.0
TC-KARUR-1045,TRAIN,LOC-IN-KARUR,Karur,Warm-Humid / Tropical,10.957,78.0811,100.0,2,medium,emergency,25.0,5.0,5.0,2.8,1.0,0.0,90.0,ASM-WALL-LADAKH-LIGHT-INS,ASM-ROOF-LADAKH-TRAD,ASM-FLOOR-LADAKH-INS-SLAB,0.284,0.247,0.444,5.0,39.986,20.464,67.253,15.64,46.789,406.94,33.138,18.036,True,53.45,SUB_OPTIMAL,0.0,0.9125,0.025,18.3,41.1,0.8391666666666666,2.0,25.0,5.0,5.0,2.8,1.0,1.514,0.0,90.0,5.0,0.0,0.21428571428571427,152.0,0.284,300.0,0.247,180.0,0.444,1.0,0.0,1.4,0.0
TC-KARUR-1046,TRAIN,LOC-IN-KARUR,Karur,Warm-Humid / Tropical,10.957,78.0811,100.0,4,high,work,25.0,5.0,5.0,2.8,1.0,0.0,90.0,ASM-WALL-LADAKH-LIGHT-INS,ASM-ROOF-LADAKH-INS-MOD,ASM-FLOOR-WARM-TILED,0.284,0.25,2.1,5.0,33.53,20.49,48.321,9.184,27.831,268.053,55.768,21.436,True,43.4,SUB_OPTIMAL,0.0,0.9125,0.025,18.3,41.1,0.8391666666666666,4.0,25.0,5.0,5.0,2.8,1.0,1.514,0.0,90.0,5.0,0.0,0.21428571428571427,152.0,0.284,153.0,0.25,150.0,2.1,2.0,0.0,1.4,0.0
TC-KARUR-1047,TRAIN,LOC-IN-KARUR,Karur,Warm-Humid / Tropical,10.957,78.0811,100.0,8,low,residential,25.0,5.0,5.0,2.8,1.0,0.0,90.0,ASM-WALL-LADAKH-LIGHT-INS,ASM-ROOF-WARM-SLAB,ASM-FLOOR-LADAKH-TRAD,0.284,3.476,0.85,5.0,37.189,20.537,52.497,12.843,31.96,379.163,94.412,7.409,True,23.25,SUB_OPTIMAL,0.0,0.9125,0.025,18.3,41.1,0.8391666666666666,8.0,25.0,5.0,5.0,2.8,1.0,1.514,0.0,90.0,5.0,0.0,0.21428571428571427,152.0,0.284,162.5,3.476,250.0,0.85,0.5,0.0,1.4,0.0
TC-KARUR-1048,TRAIN,LOC-IN-KARUR,Karur,Warm-Humid / Tropical,10.957,78.0811,100.0,1,medium,emergency,25.0,5.0,5.0,2.8,1.0,0.0,90.0,ASM-WALL-SHIMLA-COLD,ASM-ROOF-LADAKH-TRAD,ASM-FLOOR-LADAKH-INS-SLAB,0.347,0.247,0.444,5.0,33.635,20.406,42.169,9.289,21.763,449.44,74.613,11.082,True,66.28,ACCEPTABLE,0.0,0.9125,0.025,18.3,41.1,0.8391666666666666,1.0,25.0,5.0,5.0,2.8,1.0,1.514,0.0,90.0,5.0,0.0,0.21428571428571427,410.0,0.347,300.0,0.247,180.0,0.444,1.0,0.0,1.4,0.0
TC-KARUR-1049,TRAIN,LOC-IN-KARUR,Karur,Warm-Humid / Tropical,10.957,78.0811,100.0,2,high,work,25.0,5.0,5.0,2.8,1.0,0.0,90.0,ASM-WALL-SHIMLA-COLD,ASM-ROOF-LADAKH-INS-MOD,ASM-FLOOR-WARM-TILED,0.347,0.25,2.1,5.0,29.778,20.41,35.633,5.432,15.223,310.552,71.391,14.138,True,75.99,ACCEPTABLE,0.0,0.9125,0.025,18.3,41.1,0.8391666666666666,2.0,25.0,5.0,5.0,2.8,1.0,1.514,0.0,90.0,5.0,0.0,0.21428571428571427,410.0,0.347,153.0,0.25,150.0,2.1,2.0,0.0,1.4,0.0
TC-KARUR-1050,TRAIN,LOC-IN-KARUR,Karur,Warm-Humid / Tropical,10.957,78.0811,100.0,4,low,residential,25.0,5.0,5.0,2.8,1.0,0.0,90.0,ASM-WALL-SHIMLA-COLD,ASM-ROOF-WARM-SLAB,ASM-FLOOR-LADAKH-TRAD,0.347,3.476,0.85,5.0,31.883,20.419,39.13,7.537,18.711,421.662,103.847,4.609,True,48.27,SUB_OPTIMAL,0.0,0.9125,0.025,18.3,41.1,0.8391666666666666,4.0,25.0,5.0,5.0,2.8,1.0,1.514,0.0,90.0,5.0,0.0,0.21428571428571427,410.0,0.347,162.5,3.476,250.0,0.85,0.5,0.0,1.4,0.0
TC-KARUR-1051,TRAIN,LOC-IN-KARUR,Karur,Warm-Humid / Tropical,10.957,78.0811,100.0,8,medium,emergency,25.0,5.0,5.0,2.8,1.0,0.0,180.0,ASM-WALL-LADAKH-TRAD,ASM-ROOF-LADAKH-TRAD,ASM-FLOOR-LADAKH-INS-SLAB,1.591,0.247,0.444,5.0,40.093,20.45,52.883,15.747,32.433,619.438,52.568,18.076,True,45.28,SUB_OPTIMAL,0.0,0.9125,0.025,18.3,41.1,0.8391666666666666,8.0,25.0,5.0,5.0,2.8,1.0,1.514,0.0,180.0,5.0,0.0,0.21428571428571427,465.0,1.591,300.0,0.247,180.0,0.444,1.0,0.0,1.4,0.0
TC-KARUR-1052,TRAIN,LOC-IN-KARUR,Karur,Warm-Humid / Tropical,10.957,78.0811,100.0,1,high,work,25.0,5.0,5.0,2.8,1.0,0.0,180.0,ASM-WALL-LADAKH-TRAD,ASM-ROOF-LADAKH-INS-MOD,ASM-FLOOR-WARM-TILED,1.591,0.25,2.1,5.0,34.486,20.406,43.668,10.14,23.262,480.551,75.133,23.951,True,50.59,SUB_OPTIMAL,0.0,0.9125,0.025,18.3,41.1,0.8391666666666666,1.0,25.0,5.0,5.0,2.8,1.0,1.514,0.0,180.0,5.0,0.0,0.21428571428571427,465.0,1.591,153.0,0.25,150.0,2.1,2.0,0.0,1.4,0.0
TC-KARUR-1053,TRAIN,LOC-IN-KARUR,Karur,Warm-Humid / Tropical,10.957,78.0811,100.0,2,low,residential,25.0,5.0,5.0,2.8,1.0,0.0,180.0,ASM-WALL-LADAKH-TRAD,ASM-ROOF-WARM-SLAB,ASM-FLOOR-LADAKH-TRAD,1.591,3.476,0.85,5.0,36.608,20.411,47.163,12.262,26.752,591.661,106.349,7.145,True,32.74,SUB_OPTIMAL,0.0,0.9125,0.025,18.3,41.1,0.8391666666666666,2.0,25.0,5.0,5.0,2.8,1.0,1.514,0.0,180.0,5.0,0.0,0.21428571428571427,465.0,1.591,162.5,3.476,250.0,0.85,0.5,0.0,1.4,0.0
TC-KARUR-1054,TRAIN,LOC-IN-KARUR,Karur,Warm-Humid / Tropical,10.957,78.0811,100.0,4,medium,emergency,25.0,5.0,5.0,2.8,1.0,0.0,180.0,ASM-WALL-LADAKH-IMP-TRAD,ASM-ROOF-LADAKH-TRAD,ASM-FLOOR-LADAKH-INS-SLAB,0.452,0.247,0.444,5.0,41.676,20.432,56.313,17.33,35.88,619.438,70.862,19.858,True,53.82,SUB_OPTIMAL,0.0,0.9125,0.025,18.3,41.1,0.8391666666666666,4.0,25.0,5.0,5.0,2.8,1.0,1.514,0.0,180.0,5.0,0.0,0.21428571428571427,345.0,0.452,300.0,0.247,180.0,0.444,1.0,0.0,1.4,0.0
TC-KARUR-1055,TRAIN,LOC-IN-KARUR,Karur,Warm-Humid / Tropical,10.957,78.0811,100.0,8,high,work,25.0,5.0,5.0,2.8,1.0,0.0,180.0,ASM-WALL-LADAKH-IMP-TRAD,ASM-ROOF-LADAKH-INS-MOD,ASM-FLOOR-WARM-TILED,0.452,0.25,2.1,5.0,36.287,20.459,46.926,11.942,26.467,480.551,96.228,27.754,True,52.62,SUB_OPTIMAL,0.0,0.9125,0.025,18.3,41.1,0.8391666666666666,8.0,25.0,5.0,5.0,2.8,1.0,1.514,0.0,180.0,5.0,0.0,0.21428571428571427,345.0,0.452,153.0,0.25,150.0,2.1,2.0,0.0,1.4,0.0
TC-KARUR-1056,TRAIN,LOC-IN-KARUR,Karur,Warm-Humid / Tropical,10.957,78.0811,100.0,1,low,residential,25.0,5.0,5.0,2.8,1.0,0.0,180.0,ASM-WALL-LADAKH-IMP-TRAD,ASM-ROOF-WARM-SLAB,ASM-FLOOR-LADAKH-TRAD,0.452,3.476,0.85,5.0,37.939,20.407,49.835,13.593,29.429,591.661,127.416,7.863,True,30.65,SUB_OPTIMAL,0.0,0.9125,0.025,18.3,41.1,0.8391666666666666,1.0,25.0,5.0,5.0,2.8,1.0,1.514,0.0,180.0,5.0,0.0,0.21428571428571427,345.0,0.452,162.5,3.476,250.0,0.85,0.5,0.0,1.4,0.0
TC-KARUR-1057,TRAIN,LOC-IN-KARUR,Karur,Warm-Humid / Tropical,10.957,78.0811,100.0,2,medium,emergency,25.0,5.0,5.0,2.8,1.0,0.0,180.0,ASM-WALL-LADAKH-INS-MOD,ASM-ROOF-LADAKH-TRAD,ASM-FLOOR-LADAKH-INS-SLAB,0.314,0.247,0.444,5.0,39.69,20.414,52.699,15.344,32.285,591.105,70.747,17.653,True,54.86,SUB_OPTIMAL,0.0,0.9125,0.025,18.3,41.1,0.8391666666666666,2.0,25.0,5.0,5.0,2.8,1.0,1.514,0.0,180.0,5.0,0.0,0.21428571428571427,392.5,0.314,300.0,0.247,180.0,0.444,1.0,0.0,1.4,0.0
TC-KARUR-1058,TRAIN,LOC-IN-KARUR,Karur,Warm-Humid / Tropical,10.957,78.0811,100.0,4,high,work,25.0,5.0,5.0,2.8,1.0,0.0,180.0,ASM-WALL-LADAKH-INS-MOD,ASM-ROOF-LADAKH-INS-MOD,ASM-FLOOR-WARM-TILED,0.314,0.25,2.1,5.0,34.609,20.426,43.994,10.264,23.568,452.218,89.053,24.154,True,59.52,SUB_OPTIMAL,0.0,0.9125,0.025,18.3,41.1,0.8391666666666666,4.0,25.0,5.0,5.0,2.8,1.0,1.514,0.0,180.0,5.0,0.0,0.21428571428571427,392.5,0.314,153.0,0.25,150.0,2.1,2.0,0.0,1.4,0.0
TC-KARUR-1059,TRAIN,LOC-IN-KARUR,Karur,Warm-Humid / Tropical,10.957,78.0811,100.0,8,low,residential,25.0,5.0,5.0,2.8,1.0,0.0,180.0,ASM-WALL-LADAKH-INS-MOD,ASM-ROOF-WARM-SLAB,ASM-FLOOR-LADAKH-TRAD,0.314,3.476,0.85,5.0,37.033,20.448,47.912,12.687,27.464,563.328,125.722,7.359,True,31.24,SUB_OPTIMAL,0.0,0.9125,0.025,18.3,41.1,0.8391666666666666,8.0,25.0,5.0,5.0,2.8,1.0,1.514,0.0,180.0,5.0,0.0,0.21428571428571427,392.5,0.314,162.5,3.476,250.0,0.85,0.5,0.0,1.4,0.0
TC-KARUR-1060,TRAIN,LOC-IN-KARUR,Karur,Warm-Humid / Tropical,10.957,78.0811,100.0,1,medium,emergency,25.0,5.0,5.0,2.8,1.0,0.0,180.0,ASM-WALL-LADAKH-LIGHT-INS,ASM-ROOF-LADAKH-TRAD,ASM-FLOOR-LADAKH-INS-SLAB,0.284,0.247,0.444,5.0,42.214,20.432,73.606,17.868,53.174,477.773,37.84,20.595,True,53.45,SUB_OPTIMAL,0.0,0.9125,0.025,18.3,41.1,0.8391666666666666,1.0,25.0,5.0,5.0,2.8,1.0,1.514,0.0,180.0,5.0,0.0,0.21428571428571427,152.0,0.284,300.0,0.247,180.0,0.444,1.0,0.0,1.4,0.0
TC-KARUR-1061,TRAIN,LOC-IN-KARUR,Karur,Warm-Humid / Tropical,10.957,78.0811,100.0,2,high,work,25.0,5.0,5.0,2.8,1.0,0.0,180.0,ASM-WALL-LADAKH-LIGHT-INS,ASM-ROOF-LADAKH-INS-MOD,ASM-FLOOR-WARM-TILED,0.284,0.25,2.1,5.0,35.516,20.445,53.506,11.17,33.061,338.885,67.566,25.97,True,43.4,SUB_OPTIMAL,0.0,0.9125,0.025,18.3,41.1,0.8391666666666666,2.0,25.0,5.0,5.0,2.8,1.0,1.514,0.0,180.0,5.0,0.0,0.21428571428571427,152.0,0.284,153.0,0.25,150.0,2.1,2.0,0.0,1.4,0.0
TC-KARUR-1062,TRAIN,LOC-IN-KARUR,Karur,Warm-Humid / Tropical,10.957,78.0811,100.0,4,low,residential,25.0,5.0,5.0,2.8,1.0,0.0,180.0,ASM-WALL-LADAKH-LIGHT-INS,ASM-ROOF-WARM-SLAB,ASM-FLOOR-LADAKH-TRAD,0.284,3.476,0.85,5.0,38.914,20.468,56.816,14.568,36.348,449.995,107.033,8.4,True,23.25,SUB_OPTIMAL,0.0,0.9125,0.025,18.3,41.1,0.8391666666666666,4.0,25.0,5.0,5.0,2.8,1.0,1.514,0.0,180.0,5.0,0.0,0.21428571428571427,152.0,0.284,162.5,3.476,250.0,0.85,0.5,0.0,1.4,0.0
TC-KARUR-1063,TRAIN,LOC-IN-KARUR,Karur,Warm-Humid / Tropical,10.957,78.0811,100.0,8,medium,emergency,25.0,5.0,5.0,2.8,1.0,0.0,180.0,ASM-WALL-SHIMLA-COLD,ASM-ROOF-LADAKH-TRAD,ASM-FLOOR-LADAKH-INS-SLAB,0.347,0.247,0.444,5.0,36.089,20.444,46.151,11.743,25.707,534.439,92.242,13.7,True,58.31,SUB_OPTIMAL,0.0,0.9125,0.025,18.3,41.1,0.8391666666666666,8.0,25.0,5.0,5.0,2.8,1.0,1.514,0.0,180.0,5.0,0.0,0.21428571428571427,410.0,0.347,300.0,0.247,180.0,0.444,1.0,0.0,1.4,0.0
TC-KARUR-1064,TRAIN,LOC-IN-KARUR,Karur,Warm-Humid / Tropical,10.957,78.0811,100.0,1,high,work,25.0,5.0,5.0,2.8,1.0,0.0,180.0,ASM-WALL-SHIMLA-COLD,ASM-ROOF-LADAKH-INS-MOD,ASM-FLOOR-WARM-TILED,0.347,0.25,2.1,5.0,31.476,20.405,38.556,7.13,18.15,395.552,88.648,17.556,True,70.14,ACCEPTABLE,0.0,0.9125,0.025,18.3,41.1,0.8391666666666666,1.0,25.0,5.0,5.0,2.8,1.0,1.514,0.0,180.0,5.0,0.0,0.21428571428571427,410.0,0.347,153.0,0.25,150.0,2.1,2.0,0.0,1.4,0.0
TC-KARUR-1065,TRAIN,LOC-IN-KARUR,Karur,Warm-Humid / Tropical,10.957,78.0811,100.0,2,low,residential,25.0,5.0,5.0,2.8,1.0,0.0,180.0,ASM-WALL-SHIMLA-COLD,ASM-ROOF-WARM-SLAB,ASM-FLOOR-LADAKH-TRAD,0.347,3.476,0.85,5.0,33.463,20.41,41.86,9.117,21.45,506.662,122.748,5.447,True,42.81,SUB_OPTIMAL,0.0,0.9125,0.025,18.3,41.1,0.8391666666666666,2.0,25.0,5.0,5.0,2.8,1.0,1.514,0.0,180.0,5.0,0.0,0.21428571428571427,410.0,0.347,162.5,3.476,250.0,0.85,0.5,0.0,1.4,0.0
TC-KARUR-1066,TRAIN,LOC-IN-KARUR,Karur,Warm-Humid / Tropical,10.957,78.0811,100.0,4,medium,emergency,25.0,5.0,5.0,2.8,1.0,0.0,270.0,ASM-WALL-LADAKH-TRAD,ASM-ROOF-LADAKH-TRAD,ASM-FLOOR-LADAKH-INS-SLAB,1.591,0.247,0.444,5.0,37.03,20.425,47.802,12.684,27.377,513.189,42.877,14.744,True,45.68,SUB_OPTIMAL,0.0,0.9125,0.025,18.3,41.1,0.8391666666666666,4.0,25.0,5.0,5.0,2.8,1.0,1.514,0.0,270.0,5.0,0.0,0.21428571428571427,465.0,1.591,300.0,0.247,180.0,0.444,1.0,0.0,1.4,0.0
TC-KARUR-1067,TRAIN,LOC-IN-KARUR,Karur,Warm-Humid / Tropical,10.957,78.0811,100.0,8,high,work,25.0,5.0,5.0,2.8,1.0,0.0,270.0,ASM-WALL-LADAKH-TRAD,ASM-ROOF-LADAKH-INS-MOD,ASM-FLOOR-WARM-TILED,1.591,0.25,2.1,5.0,32.54,20.446,40.151,8.194,19.705,374.302,62.0,19.764,True,57.62,SUB_OPTIMAL,0.0,0.9125,0.025,18.3,41.1,0.8391666666666666,8.0,25.0,5.0,5.0,2.8,1.0,1.514,0.0,270.0,5.0,0.0,0.21428571428571427,465.0,1.591,153.0,0.25,150.0,2.1,2.0,0.0,1.4,0.0
TC-KARUR-1068,TRAIN,LOC-IN-KARUR,Karur,Warm-Humid / Tropical,10.957,78.0811,100.0,1,low,residential,25.0,5.0,5.0,2.8,1.0,0.0,270.0,ASM-WALL-LADAKH-TRAD,ASM-ROOF-WARM-SLAB,ASM-FLOOR-LADAKH-TRAD,1.591,3.476,0.85,5.0,34.163,20.405,43.043,9.818,22.638,485.412,86.707,5.826,True,40.98,SUB_OPTIMAL,0.0,0.9125,0.025,18.3,41.1,0.8391666666666666,1.0,25.0,5.0,5.0,2.8,1.0,1.514,0.0,270.0,5.0,0.0,0.21428571428571427,465.0,1.591,162.5,3.476,250.0,0.85,0.5,0.0,1.4,0.0
TC-KARUR-1069,TRAIN,LOC-IN-KARUR,Karur,Warm-Humid / Tropical,10.957,78.0811,100.0,2,medium,emergency,25.0,5.0,5.0,2.8,1.0,0.0,270.0,ASM-WALL-LADAKH-IMP-TRAD,ASM-ROOF-LADAKH-TRAD,ASM-FLOOR-LADAKH-INS-SLAB,0.452,0.247,0.444,5.0,38.543,20.416,50.922,14.197,30.506,513.189,58.457,16.381,True,53.82,SUB_OPTIMAL,0.0,0.9125,0.025,18.3,41.1,0.8391666666666666,2.0,25.0,5.0,5.0,2.8,1.0,1.514,0.0,270.0,5.0,0.0,0.21428571428571427,345.0,0.452,300.0,0.247,180.0,0.444,1.0,0.0,1.4,0.0
TC-KARUR-1070,TRAIN,LOC-IN-KARUR,Karur,Warm-Humid / Tropical,10.957,78.0811,100.0,4,high,work,25.0,5.0,5.0,2.8,1.0,0.0,270.0,ASM-WALL-LADAKH-IMP-TRAD,ASM-ROOF-LADAKH-INS-MOD,ASM-FLOOR-WARM-TILED,0.452,0.25,2.1,5.0,33.328,20.429,41.891,8.982,21.461,374.302,73.972,21.335,True,62.69,ACCEPTABLE,0.0,0.9125,0.025,18.3,41.1,0.8391666666666666,4.0,25.0,5.0,5.0,2.8,1.0,1.514,0.0,270.0,5.0,0.0,0.21428571428571427,345.0,0.452,153.0,0.25,150.0,2.1,2.0,0.0,1.4,0.0
TC-KARUR-1071,TRAIN,LOC-IN-KARUR,Karur,Warm-Humid / Tropical,10.957,78.0811,100.0,8,low,residential,25.0,5.0,5.0,2.8,1.0,0.0,270.0,ASM-WALL-LADAKH-IMP-TRAD,ASM-ROOF-WARM-SLAB,ASM-FLOOR-LADAKH-TRAD,0.452,3.476,0.85,5.0,35.931,20.453,46.118,11.585,25.665,485.412,109.42,6.752,True,34.42,SUB_OPTIMAL,0.0,0.9125,0.025,18.3,41.1,0.8391666666666666,8.0,25.0,5.0,5.0,2.8,1.0,1.514,0.0,270.0,5.0,0.0,0.21428571428571427,345.0,0.452,162.5,3.476,250.0,0.85,0.5,0.0,1.4,0.0
TC-KARUR-1072,TRAIN,LOC-IN-KARUR,Karur,Warm-Humid / Tropical,10.957,78.0811,100.0,1,medium,emergency,25.0,5.0,5.0,2.8,1.0,0.0,270.0,ASM-WALL-LADAKH-INS-MOD,ASM-ROOF-LADAKH-TRAD,ASM-FLOOR-LADAKH-INS-SLAB,0.314,0.247,0.444,5.0,36.962,20.407,48.028,12.616,27.621,491.94,58.778,14.666,True,54.86,SUB_OPTIMAL,0.0,0.9125,0.025,18.3,41.1,0.8391666666666666,1.0,25.0,5.0,5.0,2.8,1.0,1.514,0.0,270.0,5.0,0.0,0.21428571428571427,392.5,0.314,300.0,0.247,180.0,0.444,1.0,0.0,1.4,0.0
TC-KARUR-1073,TRAIN,LOC-IN-KARUR,Karur,Warm-Humid / Tropical,10.957,78.0811,100.0,2,high,work,25.0,5.0,5.0,2.8,1.0,0.0,270.0,ASM-WALL-LADAKH-INS-MOD,ASM-ROOF-LADAKH-INS-MOD,ASM-FLOOR-WARM-TILED,0.314,0.25,2.1,5.0,32.089,20.413,39.696,7.743,19.283,353.052,69.192,18.767,True,68.11,ACCEPTABLE,0.0,0.9125,0.025,18.3,41.1,0.8391666666666666,2.0,25.0,5.0,5.0,2.8,1.0,1.514,0.0,270.0,5.0,0.0,0.21428571428571427,392.5,0.314,153.0,0.25,150.0,2.1,2.0,0.0,1.4,0.0
TC-KARUR-1074,TRAIN,LOC-IN-KARUR,Karur,Warm-Humid / Tropical,10.957,78.0811,100.0,4,low,residential,25.0,5.0,5.0,2.8,1.0,0.0,270.0,ASM-WALL-LADAKH-INS-MOD,ASM-ROOF-WARM-SLAB,ASM-FLOOR-LADAKH-TRAD,0.314,3.476,0.85,5.0,34.46,20.424,43.612,10.114,23.188,464.162,101.848,5.962,True,39.84,SUB_OPTIMAL,0.0,0.9125,0.025,18.3,41.1,0.8391666666666666,4.0,25.0,5.0,5.0,2.8,1.0,1.514,0.0,270.0,5.0,0.0,0.21428571428571427,392.5,0.314,162.5,3.476,250.0,0.85,0.5,0.0,1.4,0.0
TC-KARUR-1075,TRAIN,LOC-IN-KARUR,Karur,Warm-Humid / Tropical,10.957,78.0811,100.0,8,medium,emergency,25.0,5.0,5.0,2.8,1.0,0.0,270.0,ASM-WALL-LADAKH-LIGHT-INS,ASM-ROOF-LADAKH-TRAD,ASM-FLOOR-LADAKH-INS-SLAB,0.284,0.247,0.444,5.0,40.743,20.655,67.964,16.397,47.309,406.94,34.622,18.843,True,53.45,SUB_OPTIMAL,0.0,0.9125,0.025,18.3,41.1,0.8391666666666666,8.0,25.0,5.0,5.0,2.8,1.0,1.514,0.0,270.0,5.0,0.0,0.21428571428571427,152.0,0.284,300.0,0.247,180.0,0.444,1.0,0.0,1.4,0.0
TC-KARUR-1076,TRAIN,LOC-IN-KARUR,Karur,Warm-Humid / Tropical,10.957,78.0811,100.0,1,high,work,25.0,5.0,5.0,2.8,1.0,0.0,270.0,ASM-WALL-LADAKH-LIGHT-INS,ASM-ROOF-LADAKH-INS-MOD,ASM-FLOOR-WARM-TILED,0.284,0.25,2.1,5.0,33.202,20.423,48.005,8.856,27.583,268.053,53.997,20.755,True,43.4,SUB_OPTIMAL,0.0,0.9125,0.025,18.3,41.1,0.8391666666666666,1.0,25.0,5.0,5.0,2.8,1.0,1.514,0.0,270.0,5.0,0.0,0.21428571428571427,152.0,0.284,153.0,0.25,150.0,2.1,2.0,0.0,1.4,0.0
TC-KARUR-1077,TRAIN,LOC-IN-KARUR,Karur,Warm-Humid / Tropical,10.957,78.0811,100.0,2,low,residential,25.0,5.0,5.0,2.8,1.0,0.0,270.0,ASM-WALL-LADAKH-LIGHT-INS,ASM-ROOF-WARM-SLAB,ASM-FLOOR-LADAKH-TRAD,0.284,3.476,0.85,5.0,36.566,20.434,51.92,12.221,31.485,379.163,90.229,7.081,True,23.25,SUB_OPTIMAL,0.0,0.9125,0.025,18.3,41.1,0.8391666666666666,2.0,25.0,5.0,5.0,2.8,1.0,1.514,0.0,270.0,5.0,0.0,0.21428571428571427,152.0,0.284,162.5,3.476,250.0,0.85,0.5,0.0,1.4,0.0
TC-KARUR-1078,TRAIN,LOC-IN-KARUR,Karur,Warm-Humid / Tropical,10.957,78.0811,100.0,4,medium,emergency,25.0,5.0,5.0,2.8,1.0,0.0,270.0,ASM-WALL-SHIMLA-COLD,ASM-ROOF-LADAKH-TRAD,ASM-FLOOR-LADAKH-INS-SLAB,0.347,0.247,0.444,5.0,33.853,20.422,42.459,9.507,22.037,449.44,76.116,11.305,True,65.69,ACCEPTABLE,0.0,0.9125,0.025,18.3,41.1,0.8391666666666666,4.0,25.0,5.0,5.0,2.8,1.0,1.514,0.0,270.0,5.0,0.0,0.21428571428571427,410.0,0.347,300.0,0.247,180.0,0.444,1.0,0.0,1.4,0.0
TC-KARUR-1079,TRAIN,LOC-IN-KARUR,Karur,Warm-Humid / Tropical,10.957,78.0811,100.0,8,high,work,25.0,5.0,5.0,2.8,1.0,0.0,270.0,ASM-WALL-SHIMLA-COLD,ASM-ROOF-LADAKH-INS-MOD,ASM-FLOOR-WARM-TILED,0.347,0.25,2.1,5.0,30.174,20.441,36.155,5.828,15.714,310.552,75.25,14.903,True,74.94,ACCEPTABLE,0.0,0.9125,0.025,18.3,41.1,0.8391666666666666,8.0,25.0,5.0,5.0,2.8,1.0,1.514,0.0,270.0,5.0,0.0,0.21428571428571427,410.0,0.347,153.0,0.25,150.0,2.1,2.0,0.0,1.4,0.0
TC-KARUR-1080,TRAIN,LOC-IN-KARUR,Karur,Warm-Humid / Tropical,10.957,78.0811,100.0,1,low,residential,25.0,5.0,5.0,2.8,1.0,0.0,270.0,ASM-WALL-SHIMLA-COLD,ASM-ROOF-WARM-SLAB,ASM-FLOOR-LADAKH-TRAD,0.347,3.476,0.85,5.0,31.692,20.405,38.876,7.346,18.471,421.662,101.699,4.513,True,48.78,SUB_OPTIMAL,0.0,0.9125,0.025,18.3,41.1,0.8391666666666666,1.0,25.0,5.0,5.0,2.8,1.0,1.514,0.0,270.0,5.0,0.0,0.21428571428571427,410.0,0.347,162.5,3.476,250.0,0.85,0.5,0.0,1.4,0.0
TC-KARUR-1081,TRAIN,LOC-IN-KARUR,Karur,Warm-Humid / Tropical,10.957,78.0811,100.0,2,medium,emergency,35.0,7.0,5.0,3.0,1.4,20.0,0.0,ASM-WALL-LADAKH-TRAD,ASM-ROOF-LADAKH-TRAD,ASM-FLOOR-LADAKH-INS-SLAB,1.591,0.247,0.444,6.2,34.505,20.409,43.622,10.159,23.213,563.854,45.708,18.013,True,54.04,SUB_OPTIMAL,0.0,0.9125,0.025,18.3,41.1,0.8391666666666666,2.0,35.0,7.0,5.0,3.0,1.4,1.374,20.0,0.0,6.2,0.0,0.2,465.0,1.591,300.0,0.247,180.0,0.444,1.0,0.0,1.4,0.0
TC-KARUR-1082,TRAIN,LOC-IN-KARUR,Karur,Warm-Humid / Tropical,10.957,78.0811,100.0,4,high,work,35.0,7.0,5.0,3.0,1.4,20.0,0.0,ASM-WALL-LADAKH-TRAD,ASM-ROOF-LADAKH-INS-MOD,ASM-FLOOR-WARM-TILED,1.591,0.25,2.1,6.2,29.691,20.418,35.456,5.345,15.039,356.932,59.475,20.935,True,67.01,ACCEPTABLE,0.0,0.9125,0.025,18.3,41.1,0.8391666666666666,4.0,35.0,7.0,5.0,3.0,1.4,1.374,20.0,0.0,6.2,0.0,0.2,465.0,1.591,153.0,0.25,150.0,2.1,2.0,0.0,1.4,0.0
TC-KARUR-1083,TRAIN,LOC-IN-KARUR,Karur,Warm-Humid / Tropical,10.957,78.0811,100.0,8,low,residential,35.0,7.0,5.0,3.0,1.4,20.0,0.0,ASM-WALL-LADAKH-TRAD,ASM-ROOF-WARM-SLAB,ASM-FLOOR-LADAKH-TRAD,1.591,3.476,0.85,6.2,32.313,20.432,39.798,7.968,19.366,522.47,101.769,7.244,True,47.47,SUB_OPTIMAL,0.0,0.9125,0.025,18.3,41.1,0.8391666666666666,8.0,35.0,7.0,5.0,3.0,1.4,1.374,20.0,0.0,6.2,0.0,0.2,465.0,1.591,162.5,3.476,250.0,0.85,0.5,0.0,1.4,0.0
TC-KARUR-1084,TRAIN,LOC-IN-KARUR,Karur,Warm-Humid / Tropical,10.957,78.0811,100.0,1,medium,emergency,35.0,7.0,5.0,3.0,1.4,20.0,0.0,ASM-WALL-LADAKH-IMP-TRAD,ASM-ROOF-LADAKH-TRAD,ASM-FLOOR-LADAKH-INS-SLAB,0.452,0.247,0.444,6.2,35.848,20.406,46.333,11.502,25.927,563.854,62.589,20.154,True,57.16,SUB_OPTIMAL,0.0,0.9125,0.025,18.3,41.1,0.8391666666666666,1.0,35.0,7.0,5.0,3.0,1.4,1.374,20.0,0.0,6.2,0.0,0.2,345.0,0.452,300.0,0.247,180.0,0.444,1.0,0.0,1.4,0.0
TC-KARUR-1085,TRAIN,LOC-IN-KARUR,Karur,Warm-Humid / Tropical,10.957,78.0811,100.0,2,high,work,35.0,7.0,5.0,3.0,1.4,20.0,0.0,ASM-WALL-LADAKH-IMP-TRAD,ASM-ROOF-LADAKH-INS-MOD,ASM-FLOOR-WARM-TILED,0.452,0.25,2.1,6.2,30.406,20.411,36.919,6.06,16.508,356.932,71.047,22.735,True,72.63,ACCEPTABLE,0.0,0.9125,0.025,18.3,41.1,0.8391666666666666,2.0,35.0,7.0,5.0,3.0,1.4,1.374,20.0,0.0,6.2,0.0,0.2,345.0,0.452,153.0,0.25,150.0,2.1,2.0,0.0,1.4,0.0
TC-KARUR-1086,TRAIN,LOC-IN-KARUR,Karur,Warm-Humid / Tropical,10.957,78.0811,100.0,4,low,residential,35.0,7.0,5.0,3.0,1.4,20.0,0.0,ASM-WALL-LADAKH-IMP-TRAD,ASM-ROOF-WARM-SLAB,ASM-FLOOR-LADAKH-TRAD,0.452,3.476,0.85,6.2,33.111,20.42,41.439,8.765,21.019,522.47,119.145,7.846,True,43.09,SUB_OPTIMAL,0.0,0.9125,0.025,18.3,41.1,0.8391666666666666,4.0,35.0,7.0,5.0,3.0,1.4,1.374,20.0,0.0,6.2,0.0,0.2,345.0,0.452,162.5,3.476,250.0,0.85,0.5,0.0,1.4,0.0
TC-KARUR-1087,TRAIN,LOC-IN-KARUR,Karur,Warm-Humid / Tropical,10.957,78.0811,100.0,8,medium,emergency,35.0,7.0,5.0,3.0,1.4,20.0,0.0,ASM-WALL-LADAKH-INS-MOD,ASM-ROOF-LADAKH-TRAD,ASM-FLOOR-LADAKH-INS-SLAB,0.314,0.247,0.444,6.2,35.167,20.444,44.795,10.822,24.351,545.576,66.256,19.021,True,61.27,ACCEPTABLE,0.0,0.9125,0.025,18.3,41.1,0.8391666666666666,8.0,35.0,7.0,5.0,3.0,1.4,1.374,20.0,0.0,6.2,0.0,0.2,392.5,0.314,300.0,0.247,180.0,0.444,1.0,0.0,1.4,0.0
TC-KARUR-1088,TRAIN,LOC-IN-KARUR,Karur,Warm-Humid / Tropical,10.957,78.0811,100.0,1,high,work,35.0,7.0,5.0,3.0,1.4,20.0,0.0,ASM-WALL-LADAKH-INS-MOD,ASM-ROOF-LADAKH-INS-MOD,ASM-FLOOR-WARM-TILED,0.314,0.25,2.1,6.2,29.596,20.405,35.454,5.25,15.049,338.655,67.631,20.408,True,76.59,ACCEPTABLE,0.0,0.9125,0.025,18.3,41.1,0.8391666666666666,1.0,35.0,7.0,5.0,3.0,1.4,1.374,20.0,0.0,6.2,0.0,0.2,392.5,0.314,153.0,0.25,150.0,2.1,2.0,0.0,1.4,0.0
TC-KARUR-1089,TRAIN,LOC-IN-KARUR,Karur,Warm-Humid / Tropical,10.957,78.0811,100.0,2,low,residential,35.0,7.0,5.0,3.0,1.4,20.0,0.0,ASM-WALL-LADAKH-INS-MOD,ASM-ROOF-WARM-SLAB,ASM-FLOOR-LADAKH-TRAD,0.314,3.476,0.85,6.2,32.155,20.409,39.757,7.809,19.348,504.192,113.248,7.104,True,47.1,SUB_OPTIMAL,0.0,0.9125,0.025,18.3,41.1,0.8391666666666666,2.0,35.0,7.0,5.0,3.0,1.4,1.374,20.0,0.0,6.2,0.0,0.2,392.5,0.314,162.5,3.476,250.0,0.85,0.5,0.0,1.4,0.0
TC-KARUR-1090,TRAIN,LOC-IN-KARUR,Karur,Warm-Humid / Tropical,10.957,78.0811,100.0,4,medium,emergency,35.0,7.0,5.0,3.0,1.4,20.0,0.0,ASM-WALL-LADAKH-LIGHT-INS,ASM-ROOF-LADAKH-TRAD,ASM-FLOOR-LADAKH-INS-SLAB,0.284,0.247,0.444,6.2,38.066,20.492,61.523,13.72,41.031,472.466,38.418,23.766,True,54.15,SUB_OPTIMAL,0.0,0.9125,0.025,18.3,41.1,0.8391666666666666,4.0,35.0,7.0,5.0,3.0,1.4,1.374,20.0,0.0,6.2,0.0,0.2,152.0,0.284,300.0,0.247,180.0,0.444,1.0,0.0,1.4,0.0
TC-KARUR-1091,TRAIN,LOC-IN-KARUR,Karur,Warm-Humid / Tropical,10.957,78.0811,100.0,8,high,work,35.0,7.0,5.0,3.0,1.4,20.0,0.0,ASM-WALL-LADAKH-LIGHT-INS,ASM-ROOF-LADAKH-INS-MOD,ASM-FLOOR-WARM-TILED,0.284,0.25,2.1,6.2,31.366,20.532,42.817,7.02,22.284,265.545,59.176,24.859,True,53.72,SUB_OPTIMAL,0.0,0.9125,0.025,18.3,41.1,0.8391666666666666,8.0,35.0,7.0,5.0,3.0,1.4,1.374,20.0,0.0,6.2,0.0,0.2,152.0,0.284,153.0,0.25,150.0,2.1,2.0,0.0,1.4,0.0
TC-KARUR-1092,TRAIN,LOC-IN-KARUR,Karur,Warm-Humid / Tropical,10.957,78.0811,100.0,1,low,residential,35.0,7.0,5.0,3.0,1.4,20.0,0.0,ASM-WALL-LADAKH-LIGHT-INS,ASM-ROOF-WARM-SLAB,ASM-FLOOR-LADAKH-TRAD,0.284,3.476,0.85,6.2,34.333,20.412,46.889,9.987,26.477,431.082,106.938,8.76,True,25.38,SUB_OPTIMAL,0.0,0.9125,0.025,18.3,41.1,0.8391666666666666,1.0,35.0,7.0,5.0,3.0,1.4,1.374,20.0,0.0,6.2,0.0,0.2,152.0,0.284,162.5,3.476,250.0,0.85,0.5,0.0,1.4,0.0
TC-KARUR-1093,TRAIN,LOC-IN-KARUR,Karur,Warm-Humid / Tropical,10.957,78.0811,100.0,2,medium,emergency,35.0,7.0,5.0,3.0,1.4,20.0,0.0,ASM-WALL-SHIMLA-COLD,ASM-ROOF-LADAKH-TRAD,ASM-FLOOR-LADAKH-INS-SLAB,0.347,0.247,0.444,6.2,32.18,20.408,39.703,7.834,19.295,509.021,83.266,14.289,True,71.2,ACCEPTABLE,0.0,0.9125,0.025,18.3,41.1,0.8391666666666666,2.0,35.0,7.0,5.0,3.0,1.4,1.374,20.0,0.0,6.2,0.0,0.2,410.0,0.347,300.0,0.247,180.0,0.444,1.0,0.0,1.4,0.0
TC-KARUR-1094,TRAIN,LOC-IN-KARUR,Karur,Warm-Humid / Tropical,10.957,78.0811,100.0,4,high,work,35.0,7.0,5.0,3.0,1.4,20.0,0.0,ASM-WALL-SHIMLA-COLD,ASM-ROOF-LADAKH-INS-MOD,ASM-FLOOR-WARM-TILED,0.347,0.25,2.1,6.2,28.13,20.416,32.806,3.784,12.39,302.1,73.959,16.487,True,81.39,OPTIMAL,0.0,0.9125,0.025,18.3,41.1,0.8391666666666666,4.0,35.0,7.0,5.0,3.0,1.4,1.374,20.0,0.0,6.2,0.0,0.2,410.0,0.347,153.0,0.25,150.0,2.1,2.0,0.0,1.4,0.0
TC-KARUR-1095,TRAIN,LOC-IN-KARUR,Karur,Warm-Humid / Tropical,10.957,78.0811,100.0,8,low,residential,35.0,7.0,5.0,3.0,1.4,20.0,0.0,ASM-WALL-SHIMLA-COLD,ASM-ROOF-WARM-SLAB,ASM-FLOOR-LADAKH-TRAD,0.347,3.476,0.85,6.2,30.54,20.429,36.816,6.194,16.387,467.637,121.219,5.876,True,52.4,SUB_OPTIMAL,0.0,0.9125,0.025,18.3,41.1,0.8391666666666666,8.0,35.0,7.0,5.0,3.0,1.4,1.374,20.0,0.0,6.2,0.0,0.2,410.0,0.347,162.5,3.476,250.0,0.85,0.5,0.0,1.4,0.0
TC-KARUR-1096,TRAIN,LOC-IN-KARUR,Karur,Warm-Humid / Tropical,10.957,78.0811,100.0,1,medium,emergency,35.0,7.0,5.0,3.0,1.4,20.0,90.0,ASM-WALL-LADAKH-TRAD,ASM-ROOF-LADAKH-TRAD,ASM-FLOOR-LADAKH-INS-SLAB,1.591,0.247,0.444,6.2,37.123,20.405,48.097,12.777,27.692,700.936,56.549,22.286,True,45.28,SUB_OPTIMAL,0.0,0.9125,0.025,18.3,41.1,0.8391666666666666,1.0,35.0,7.0,5.0,3.0,1.4,1.374,20.0,90.0,6.2,0.0,0.28,465.0,1.591,300.0,0.247,180.0,0.444,1.0,0.0,1.4,0.0
TC-KARUR-1097,TRAIN,LOC-IN-KARUR,Karur,Warm-Humid / Tropical,10.957,78.0811,100.0,2,high,work,35.0,7.0,5.0,3.0,1.4,20.0,90.0,ASM-WALL-LADAKH-TRAD,ASM-ROOF-LADAKH-INS-MOD,ASM-FLOOR-WARM-TILED,1.591,0.25,2.1,6.2,31.974,20.409,39.4,7.628,18.991,494.014,79.2,27.878,True,59.13,SUB_OPTIMAL,0.0,0.9125,0.025,18.3,41.1,0.8391666666666666,2.0,35.0,7.0,5.0,3.0,1.4,1.374,20.0,90.0,6.2,0.0,0.28,465.0,1.591,153.0,0.25,150.0,2.1,2.0,0.0,1.4,0.0
TC-KARUR-1098,TRAIN,LOC-IN-KARUR,Karur,Warm-Humid / Tropical,10.957,78.0811,100.0,4,low,residential,35.0,7.0,5.0,3.0,1.4,20.0,90.0,ASM-WALL-LADAKH-TRAD,ASM-ROOF-WARM-SLAB,ASM-FLOOR-LADAKH-TRAD,1.591,3.476,0.85,6.2,34.384,20.416,43.392,10.038,22.976,659.552,125.099,8.905,True,40.28,SUB_OPTIMAL,0.0,0.9125,0.025,18.3,41.1,0.8391666666666666,4.0,35.0,7.0,5.0,3.0,1.4,1.374,20.0,90.0,6.2,0.0,0.28,465.0,1.591,162.5,3.476,250.0,0.85,0.5,0.0,1.4,0.0
TC-KARUR-1099,TRAIN,LOC-IN-KARUR,Karur,Warm-Humid / Tropical,10.957,78.0811,100.0,8,medium,emergency,35.0,7.0,5.0,3.0,1.4,20.0,90.0,ASM-WALL-LADAKH-IMP-TRAD,ASM-ROOF-LADAKH-TRAD,ASM-FLOOR-LADAKH-INS-SLAB,0.452,0.247,0.444,6.2,39.209,20.449,51.99,14.863,31.54,700.936,79.675,25.656,True,53.82,SUB_OPTIMAL,0.0,0.9125,0.025,18.3,41.1,0.8391666666666666,8.0,35.0,7.0,5.0,3.0,1.4,1.374,20.0,90.0,6.2,0.0,0.28,345.0,0.452,300.0,0.247,180.0,0.444,1.0,0.0,1.4,0.0
TC-KARUR-1100,TRAIN,LOC-IN-KARUR,Karur,Warm-Humid / Tropical,10.957,78.0811,100.0,1,high,work,35.0,7.0,5.0,3.0,1.4,20.0,90.0,ASM-WALL-LADAKH-IMP-TRAD,ASM-ROOF-LADAKH-INS-MOD,ASM-FLOOR-WARM-TILED,0.452,0.25,2.1,6.2,32.915,20.406,41.354,8.569,20.948,494.014,95.887,30.684,True,63.76,ACCEPTABLE,0.0,0.9125,0.025,18.3,41.1,0.8391666666666666,1.0,35.0,7.0,5.0,3.0,1.4,1.374,20.0,90.0,6.2,0.0,0.28,345.0,0.452,153.0,0.25,150.0,2.1,2.0,0.0,1.4,0.0
TC-KARUR-1101,VAL,LOC-IN-KARUR,Karur,Warm-Humid / Tropical,10.957,78.0811,100.0,2,low,residential,35.0,7.0,5.0,3.0,1.4,20.0,90.0,ASM-WALL-LADAKH-IMP-TRAD,ASM-ROOF-WARM-SLAB,ASM-FLOOR-LADAKH-TRAD,0.452,3.476,0.85,6.2,35.442,20.41,45.532,11.096,25.122,659.552,148.001,9.747,True,34.9,SUB_OPTIMAL,0.0,0.9125,0.025,18.3,41.1,0.8391666666666666,2.0,35.0,7.0,5.0,3.0,1.4,1.374,20.0,90.0,6.2,0.0,0.28,345.0,0.452,162.5,3.476,250.0,0.85,0.5,0.0,1.4,0.0
TC-KARUR-1102,VAL,LOC-IN-KARUR,Karur,Warm-Humid / Tropical,10.957,78.0811,100.0,4,medium,emergency,35.0,7.0,5.0,3.0,1.4,20.0,90.0,ASM-WALL-LADAKH-INS-MOD,ASM-ROOF-LADAKH-TRAD,ASM-FLOOR-LADAKH-INS-SLAB,0.314,0.247,0.444,6.2,37.488,20.422,48.915,13.142,28.493,673.519,79.566,22.842,True,54.86,SUB_OPTIMAL,0.0,0.9125,0.025,18.3,41.1,0.8391666666666666,4.0,35.0,7.0,5.0,3.0,1.4,1.374,20.0,90.0,6.2,0.0,0.28,392.5,0.314,300.0,0.247,180.0,0.444,1.0,0.0,1.4,0.0
TC-KARUR-1103,VAL,LOC-IN-KARUR,Karur,Warm-Humid / Tropical,10.957,78.0811,100.0,8,high,work,35.0,7.0,5.0,3.0,1.4,20.0,90.0,ASM-WALL-LADAKH-INS-MOD,ASM-ROOF-LADAKH-INS-MOD,ASM-FLOOR-WARM-TILED,0.314,0.25,2.1,6.2,32.296,20.44,39.963,7.95,19.523,466.598,95.226,28.735,True,67.58,ACCEPTABLE,0.0,0.9125,0.025,18.3,41.1,0.8391666666666666,8.0,35.0,7.0,5.0,3.0,1.4,1.374,20.0,90.0,6.2,0.0,0.28,392.5,0.314,153.0,0.25,150.0,2.1,2.0,0.0,1.4,0.0
TC-KARUR-1104,VAL,LOC-IN-KARUR,Karur,Warm-Humid / Tropical,10.957,78.0811,100.0,1,low,residential,35.0,7.0,5.0,3.0,1.4,20.0,90.0,ASM-WALL-LADAKH-INS-MOD,ASM-ROOF-WARM-SLAB,ASM-FLOOR-LADAKH-TRAD,0.314,3.476,0.85,6.2,34.293,20.405,43.456,9.947,23.052,632.135,140.499,8.814,True,39.71,SUB_OPTIMAL,0.0,0.9125,0.025,18.3,41.1,0.8391666666666666,1.0,35.0,7.0,5.0,3.0,1.4,1.374,20.0,90.0,6.2,0.0,0.28,392.5,0.314,162.5,3.476,250.0,0.85,0.5,0.0,1.4,0.0
TC-KARUR-1105,VAL,LOC-IN-KARUR,Karur,Warm-Humid / Tropical,10.957,78.0811,100.0,2,medium,emergency,35.0,7.0,5.0,3.0,1.4,20.0,90.0,ASM-WALL-LADAKH-LIGHT-INS,ASM-ROOF-LADAKH-TRAD,ASM-FLOOR-LADAKH-INS-SLAB,0.284,0.247,0.444,6.2,40.188,20.446,67.481,15.842,47.035,563.854,44.299,27.404,True,54.15,SUB_OPTIMAL,0.0,0.9125,0.025,18.3,41.1,0.8391666666666666,2.0,35.0,7.0,5.0,3.0,1.4,1.374,20.0,90.0,6.2,0.0,0.28,152.0,0.284,300.0,0.247,180.0,0.444,1.0,0.0,1.4,0.0
TC-KARUR-1106,VAL,LOC-IN-KARUR,Karur,Warm-Humid / Tropical,10.957,78.0811,100.0,4,high,work,35.0,7.0,5.0,3.0,1.4,20.0,90.0,ASM-WALL-LADAKH-LIGHT-INS,ASM-ROOF-LADAKH-INS-MOD,ASM-FLOOR-WARM-TILED,0.284,0.25,2.1,6.2,33.176,20.466,47.693,8.83,27.226,356.932,73.759,30.985,True,43.97,SUB_OPTIMAL,0.0,0.9125,0.025,18.3,41.1,0.8391666666666666,4.0,35.0,7.0,5.0,3.0,1.4,1.374,20.0,90.0,6.2,0.0,0.28,152.0,0.284,153.0,0.25,150.0,2.1,2.0,0.0,1.4,0.0
TC-KARUR-1107,VAL,LOC-IN-KARUR,Karur,Warm-Humid / Tropical,10.957,78.0811,100.0,8,low,residential,35.0,7.0,5.0,3.0,1.4,20.0,90.0,ASM-WALL-LADAKH-LIGHT-INS,ASM-ROOF-WARM-SLAB,ASM-FLOOR-LADAKH-TRAD,0.284,3.476,0.85,6.2,36.905,20.497,51.795,12.559,31.299,522.47,132.862,10.884,True,23.16,SUB_OPTIMAL,0.0,0.9125,0.025,18.3,41.1,0.8391666666666666,8.0,35.0,7.0,5.0,3.0,1.4,1.374,20.0,90.0,6.2,0.0,0.28,152.0,0.284,162.5,3.476,250.0,0.85,0.5,0.0,1.4,0.0
TC-KARUR-1108,VAL,LOC-IN-KARUR,Karur,Warm-Humid / Tropical,10.957,78.0811,100.0,1,medium,emergency,35.0,7.0,5.0,3.0,1.4,20.0,90.0,ASM-WALL-SHIMLA-COLD,ASM-ROOF-LADAKH-TRAD,ASM-FLOOR-LADAKH-INS-SLAB,0.347,0.247,0.444,6.2,34.029,20.404,42.87,9.683,22.466,618.687,100.491,17.244,True,64.87,ACCEPTABLE,0.0,0.9125,0.025,18.3,41.1,0.8391666666666666,1.0,35.0,7.0,5.0,3.0,1.4,1.374,20.0,90.0,6.2,0.0,0.28,410.0,0.347,300.0,0.247,180.0,0.444,1.0,0.0,1.4,0.0
TC-KARUR-1109,VAL,LOC-IN-KARUR,Karur,Warm-Humid / Tropical,10.957,78.0811,100.0,2,high,work,35.0,7.0,5.0,3.0,1.4,20.0,90.0,ASM-WALL-SHIMLA-COLD,ASM-ROOF-LADAKH-INS-MOD,ASM-FLOOR-WARM-TILED,0.347,0.25,2.1,6.2,29.746,20.408,35.608,5.4,15.2,411.765,94.489,21.063,True,75.79,ACCEPTABLE,0.0,0.9125,0.025,18.3,41.1,0.8391666666666666,2.0,35.0,7.0,5.0,3.0,1.4,1.374,20.0,90.0,6.2,0.0,0.28,410.0,0.347,153.0,0.25,150.0,2.1,2.0,0.0,1.4,0.0
TC-KARUR-1110,VAL,LOC-IN-KARUR,Karur,Warm-Humid / Tropical,10.957,78.0811,100.0,4,low,residential,35.0,7.0,5.0,3.0,1.4,20.0,90.0,ASM-WALL-SHIMLA-COLD,ASM-ROOF-WARM-SLAB,ASM-FLOOR-LADAKH-TRAD,0.347,3.476,0.85,6.2,31.994,20.414,39.359,7.648,18.945,577.302,144.248,6.993,True,47.32,SUB_OPTIMAL,0.0,0.9125,0.025,18.3,41.1,0.8391666666666666,4.0,35.0,7.0,5.0,3.0,1.4,1.374,20.0,90.0,6.2,0.0,0.28,410.0,0.347,162.5,3.476,250.0,0.85,0.5,0.0,1.4,0.0
TC-KARUR-1111,VAL,LOC-IN-KARUR,Karur,Warm-Humid / Tropical,10.957,78.0811,100.0,8,medium,emergency,35.0,7.0,5.0,3.0,1.4,20.0,180.0,ASM-WALL-LADAKH-TRAD,ASM-ROOF-LADAKH-TRAD,ASM-FLOOR-LADAKH-INS-SLAB,1.591,0.247,0.444,6.2,40.193,20.438,53.162,15.847,32.724,838.018,69.24,27.287,True,45.28,SUB_OPTIMAL,0.0,0.9125,0.025,18.3,41.1,0.8391666666666666,8.0,35.0,7.0,5.0,3.0,1.4,1.374,20.0,180.0,6.2,0.0,0.2,465.0,1.591,300.0,0.247,180.0,0.444,1.0,0.0,1.4,0.0
TC-KARUR-1112,VAL,LOC-IN-KARUR,Karur,Warm-Humid / Tropical,10.957,78.0811,100.0,1,high,work,35.0,7.0,5.0,3.0,1.4,20.0,180.0,ASM-WALL-LADAKH-TRAD,ASM-ROOF-LADAKH-INS-MOD,ASM-FLOOR-WARM-TILED,1.591,0.25,2.1,6.2,34.288,20.404,43.381,9.942,22.976,631.096,100.185,35.264,True,51.17,SUB_OPTIMAL,0.0,0.9125,0.025,18.3,41.1,0.8391666666666666,1.0,35.0,7.0,5.0,3.0,1.4,1.374,20.0,180.0,6.2,0.0,0.2,465.0,1.591,153.0,0.25,150.0,2.1,2.0,0.0,1.4,0.0
TC-KARUR-1113,VAL,LOC-IN-KARUR,Karur,Warm-Humid / Tropical,10.957,78.0811,100.0,2,low,residential,35.0,7.0,5.0,3.0,1.4,20.0,180.0,ASM-WALL-LADAKH-TRAD,ASM-ROOF-WARM-SLAB,ASM-FLOOR-LADAKH-TRAD,1.591,3.476,0.85,6.2,36.54,20.408,47.096,12.194,26.688,796.634,149.786,10.662,True,32.88,SUB_OPTIMAL,0.0,0.9125,0.025,18.3,41.1,0.8391666666666666,2.0,35.0,7.0,5.0,3.0,1.4,1.374,20.0,180.0,6.2,0.0,0.2,465.0,1.591,162.5,3.476,250.0,0.85,0.5,0.0,1.4,0.0
TC-KARUR-1114,VAL,LOC-IN-KARUR,Karur,Warm-Humid / Tropical,10.957,78.0811,100.0,4,medium,emergency,35.0,7.0,5.0,3.0,1.4,20.0,180.0,ASM-WALL-LADAKH-IMP-TRAD,ASM-ROOF-LADAKH-TRAD,ASM-FLOOR-LADAKH-INS-SLAB,0.452,0.247,0.444,6.2,41.777,20.425,56.622,17.431,36.197,838.018,93.055,29.964,True,53.82,SUB_OPTIMAL,0.0,0.9125,0.025,18.3,41.1,0.8391666666666666,4.0,35.0,7.0,5.0,3.0,1.4,1.374,20.0,180.0,6.2,0.0,0.2,345.0,0.452,300.0,0.247,180.0,0.444,1.0,0.0,1.4,0.0
TC-KARUR-1115,VAL,LOC-IN-KARUR,Karur,Warm-Humid / Tropical,10.957,78.0811,100.0,8,high,work,35.0,7.0,5.0,3.0,1.4,20.0,180.0,ASM-WALL-LADAKH-IMP-TRAD,ASM-ROOF-LADAKH-INS-MOD,ASM-FLOOR-WARM-TILED,0.452,0.25,2.1,6.2,35.863,20.445,46.34,11.517,25.895,631.096,125.783,40.251,True,53.79,SUB_OPTIMAL,0.0,0.9125,0.025,18.3,41.1,0.8391666666666666,8.0,35.0,7.0,5.0,3.0,1.4,1.374,20.0,180.0,6.2,0.0,0.2,345.0,0.452,153.0,0.25,150.0,2.1,2.0,0.0,1.4,0.0
TC-KARUR-1116,VAL,LOC-IN-KARUR,Karur,Warm-Humid / Tropical,10.957,78.0811,100.0,1,low,residential,35.0,7.0,5.0,3.0,1.4,20.0,180.0,ASM-WALL-LADAKH-IMP-TRAD,ASM-ROOF-WARM-SLAB,ASM-FLOOR-LADAKH-TRAD,0.452,3.476,0.85,6.2,37.801,20.405,49.658,13.455,29.253,796.634,177.359,11.68,True,29.97,SUB_OPTIMAL,0.0,0.9125,0.025,18.3,41.1,0.8391666666666666,1.0,35.0,7.0,5.0,3.0,1.4,1.374,20.0,180.0,6.2,0.0,0.2,345.0,0.452,162.5,3.476,250.0,0.85,0.5,0.0,1.4,0.0
TC-KARUR-1117,VAL,LOC-IN-KARUR,Karur,Warm-Humid / Tropical,10.957,78.0811,100.0,2,medium,emergency,35.0,7.0,5.0,3.0,1.4,20.0,180.0,ASM-WALL-LADAKH-INS-MOD,ASM-ROOF-LADAKH-TRAD,ASM-FLOOR-LADAKH-INS-SLAB,0.314,0.247,0.444,6.2,39.903,20.411,53.153,15.558,32.743,801.463,93.498,26.842,True,54.86,SUB_OPTIMAL,0.0,0.9125,0.025,18.3,41.1,0.8391666666666666,2.0,35.0,7.0,5.0,3.0,1.4,1.374,20.0,180.0,6.2,0.0,0.2,392.5,0.314,300.0,0.247,180.0,0.444,1.0,0.0,1.4,0.0
TC-KARUR-1118,VAL,LOC-IN-KARUR,Karur,Warm-Humid / Tropical,10.957,78.0811,100.0,4,high,work,35.0,7.0,5.0,3.0,1.4,20.0,180.0,ASM-WALL-LADAKH-INS-MOD,ASM-ROOF-LADAKH-INS-MOD,ASM-FLOOR-WARM-TILED,0.314,0.25,2.1,6.2,34.341,20.42,43.623,9.995,23.203,594.541,117.154,35.352,True,60.26,ACCEPTABLE,0.0,0.9125,0.025,18.3,41.1,0.8391666666666666,4.0,35.0,7.0,5.0,3.0,1.4,1.374,20.0,180.0,6.2,0.0,0.2,392.5,0.314,153.0,0.25,150.0,2.1,2.0,0.0,1.4,0.0
TC-KARUR-1119,VAL,LOC-IN-KARUR,Karur,Warm-Humid / Tropical,10.957,78.0811,100.0,8,low,residential,35.0,7.0,5.0,3.0,1.4,20.0,180.0,ASM-WALL-LADAKH-INS-MOD,ASM-ROOF-WARM-SLAB,ASM-FLOOR-LADAKH-TRAD,0.314,3.476,0.85,6.2,36.84,20.436,47.685,12.495,27.249,760.078,173.519,10.885,True,31.25,SUB_OPTIMAL,0.0,0.9125,0.025,18.3,41.1,0.8391666666666666,8.0,35.0,7.0,5.0,3.0,1.4,1.374,20.0,180.0,6.2,0.0,0.2,392.5,0.314,162.5,3.476,250.0,0.85,0.5,0.0,1.4,0.0
TC-KARUR-1120,VAL,LOC-IN-KARUR,Karur,Warm-Humid / Tropical,10.957,78.0811,100.0,1,medium,emergency,35.0,7.0,5.0,3.0,1.4,20.0,180.0,ASM-WALL-LADAKH-LIGHT-INS,ASM-ROOF-LADAKH-TRAD,ASM-FLOOR-LADAKH-INS-SLAB,0.284,0.247,0.444,6.2,42.329,20.423,73.489,17.983,53.066,655.242,50.255,31.089,True,54.15,SUB_OPTIMAL,0.0,0.9125,0.025,18.3,41.1,0.8391666666666666,1.0,35.0,7.0,5.0,3.0,1.4,1.374,20.0,180.0,6.2,0.0,0.2,152.0,0.284,300.0,0.247,180.0,0.444,1.0,0.0,1.4,0.0
TC-KARUR-1121,VAL,LOC-IN-KARUR,Karur,Warm-Humid / Tropical,10.957,78.0811,100.0,2,high,work,35.0,7.0,5.0,3.0,1.4,20.0,180.0,ASM-WALL-LADAKH-LIGHT-INS,ASM-ROOF-LADAKH-INS-MOD,ASM-FLOOR-WARM-TILED,0.284,0.25,2.1,6.2,35.101,20.433,52.644,10.755,32.211,448.32,89.418,37.563,True,43.36,SUB_OPTIMAL,0.0,0.9125,0.025,18.3,41.1,0.8391666666666666,2.0,35.0,7.0,5.0,3.0,1.4,1.374,20.0,180.0,6.2,0.0,0.2,152.0,0.284,153.0,0.25,150.0,2.1,2.0,0.0,1.4,0.0
TC-KARUR-1122,VAL,LOC-IN-KARUR,Karur,Warm-Humid / Tropical,10.957,78.0811,100.0,4,low,residential,35.0,7.0,5.0,3.0,1.4,20.0,180.0,ASM-WALL-LADAKH-LIGHT-INS,ASM-ROOF-WARM-SLAB,ASM-FLOOR-LADAKH-TRAD,0.284,3.476,0.85,6.2,38.61,20.448,55.836,14.264,35.388,613.858,150.721,12.347,True,23.16,SUB_OPTIMAL,0.0,0.9125,0.025,18.3,41.1,0.8391666666666666,4.0,35.0,7.0,5.0,3.0,1.4,1.374,20.0,180.0,6.2,0.0,0.2,152.0,0.284,162.5,3.476,250.0,0.85,0.5,0.0,1.4,0.0
TC-KARUR-1123,VAL,LOC-IN-KARUR,Karur,Warm-Humid / Tropical,10.957,78.0811,100.0,8,medium,emergency,35.0,7.0,5.0,3.0,1.4,20.0,180.0,ASM-WALL-SHIMLA-COLD,ASM-ROOF-LADAKH-TRAD,ASM-FLOOR-LADAKH-INS-SLAB,0.347,0.247,0.444,6.2,36.298,20.434,46.589,11.952,26.155,728.352,121.792,20.9,True,57.44,SUB_OPTIMAL,0.0,0.9125,0.025,18.3,41.1,0.8391666666666666,8.0,35.0,7.0,5.0,3.0,1.4,1.374,20.0,180.0,6.2,0.0,0.2,410.0,0.347,300.0,0.247,180.0,0.444,1.0,0.0,1.4,0.0
TC-KARUR-1124,VAL,LOC-IN-KARUR,Karur,Warm-Humid / Tropical,10.957,78.0811,100.0,1,high,work,35.0,7.0,5.0,3.0,1.4,20.0,180.0,ASM-WALL-SHIMLA-COLD,ASM-ROOF-LADAKH-INS-MOD,ASM-FLOOR-WARM-TILED,0.347,0.25,2.1,6.2,31.401,20.404,38.459,7.055,18.055,521.431,116.917,26.063,True,70.09,ACCEPTABLE,0.0,0.9125,0.025,18.3,41.1,0.8391666666666666,1.0,35.0,7.0,5.0,3.0,1.4,1.374,20.0,180.0,6.2,0.0,0.2,410.0,0.347,153.0,0.25,150.0,2.1,2.0,0.0,1.4,0.0
TC-KARUR-1125,VAL,LOC-IN-KARUR,Karur,Warm-Humid / Tropical,10.957,78.0811,100.0,2,low,residential,35.0,7.0,5.0,3.0,1.4,20.0,180.0,ASM-WALL-SHIMLA-COLD,ASM-ROOF-WARM-SLAB,ASM-FLOOR-LADAKH-TRAD,0.347,3.476,0.85,6.2,33.534,20.407,42.014,9.188,21.607,686.968,169.661,8.224,True,42.01,SUB_OPTIMAL,0.0,0.9125,0.025,18.3,41.1,0.8391666666666666,2.0,35.0,7.0,5.0,3.0,1.4,1.374,20.0,180.0,6.2,0.0,0.2,410.0,0.347,162.5,3.476,250.0,0.85,0.5,0.0,1.4,0.0
TC-KARUR-1126,VAL,LOC-IN-KARUR,Karur,Warm-Humid / Tropical,10.957,78.0811,100.0,4,medium,emergency,35.0,7.0,5.0,3.0,1.4,20.0,270.0,ASM-WALL-LADAKH-TRAD,ASM-ROOF-LADAKH-TRAD,ASM-FLOOR-LADAKH-INS-SLAB,1.591,0.247,0.444,6.2,37.308,20.419,48.342,12.962,27.923,700.936,57.283,22.575,True,45.28,SUB_OPTIMAL,0.0,0.9125,0.025,18.3,41.1,0.8391666666666666,4.0,35.0,7.0,5.0,3.0,1.4,1.374,20.0,270.0,6.2,0.0,0.28,465.0,1.591,300.0,0.247,180.0,0.444,1.0,0.0,1.4,0.0
TC-KARUR-1127,VAL,LOC-IN-KARUR,Karur,Warm-Humid / Tropical,10.957,78.0811,100.0,8,high,work,35.0,7.0,5.0,3.0,1.4,20.0,270.0,ASM-WALL-LADAKH-TRAD,ASM-ROOF-LADAKH-INS-MOD,ASM-FLOOR-WARM-TILED,1.591,0.25,2.1,6.2,32.305,20.435,39.835,7.959,19.4,494.014,82.07,28.888,True,58.25,SUB_OPTIMAL,0.0,0.9125,0.025,18.3,41.1,0.8391666666666666,8.0,35.0,7.0,5.0,3.0,1.4,1.374,20.0,270.0,6.2,0.0,0.28,465.0,1.591,153.0,0.25,150.0,2.1,2.0,0.0,1.4,0.0
TC-KARUR-1128,VAL,LOC-IN-KARUR,Karur,Warm-Humid / Tropical,10.957,78.0811,100.0,1,low,residential,35.0,7.0,5.0,3.0,1.4,20.0,270.0,ASM-WALL-LADAKH-TRAD,ASM-ROOF-WARM-SLAB,ASM-FLOOR-LADAKH-TRAD,1.591,3.476,0.85,6.2,34.226,20.404,43.182,9.88,22.778,659.552,123.404,8.784,True,40.7,SUB_OPTIMAL,0.0,0.9125,0.025,18.3,41.1,0.8391666666666666,1.0,35.0,7.0,5.0,3.0,1.4,1.374,20.0,270.0,6.2,0.0,0.28,465.0,1.591,162.5,3.476,250.0,0.85,0.5,0.0,1.4,0.0
TC-KARUR-1129,VAL,LOC-IN-KARUR,Karur,Warm-Humid / Tropical,10.957,78.0811,100.0,2,medium,emergency,35.0,7.0,5.0,3.0,1.4,20.0,270.0,ASM-WALL-LADAKH-IMP-TRAD,ASM-ROOF-LADAKH-TRAD,ASM-FLOOR-LADAKH-INS-SLAB,0.452,0.247,0.444,6.2,38.806,20.412,51.475,14.46,31.062,700.936,77.691,25.017,True,53.82,SUB_OPTIMAL,0.0,0.9125,0.025,18.3,41.1,0.8391666666666666,2.0,35.0,7.0,5.0,3.0,1.4,1.374,20.0,270.0,6.2,0.0,0.28,345.0,0.452,300.0,0.247,180.0,0.444,1.0,0.0,1.4,0.0
TC-KARUR-1130,VAL,LOC-IN-KARUR,Karur,Warm-Humid / Tropical,10.957,78.0811,100.0,4,high,work,35.0,7.0,5.0,3.0,1.4,20.0,270.0,ASM-WALL-LADAKH-IMP-TRAD,ASM-ROOF-LADAKH-INS-MOD,ASM-FLOOR-WARM-TILED,0.452,0.25,2.1,6.2,33.094,20.422,41.582,8.749,21.16,494.014,97.622,31.239,True,63.3,ACCEPTABLE,0.0,0.9125,0.025,18.3,41.1,0.8391666666666666,4.0,35.0,7.0,5.0,3.0,1.4,1.374,20.0,270.0,6.2,0.0,0.28,345.0,0.452,153.0,0.25,150.0,2.1,2.0,0.0,1.4,0.0
TC-KARUR-1131,VAL,LOC-IN-KARUR,Karur,Warm-Humid / Tropical,10.957,78.0811,100.0,8,low,residential,35.0,7.0,5.0,3.0,1.4,20.0,270.0,ASM-WALL-LADAKH-IMP-TRAD,ASM-ROOF-WARM-SLAB,ASM-FLOOR-LADAKH-TRAD,0.452,3.476,0.85,6.2,35.782,20.44,45.971,11.436,25.531,659.552,152.015,10.011,True,34.03,SUB_OPTIMAL,0.0,0.9125,0.025,18.3,41.1,0.8391666666666666,8.0,35.0,7.0,5.0,3.0,1.4,1.374,20.0,270.0,6.2,0.0,0.28,345.0,0.452,162.5,3.476,250.0,0.85,0.5,0.0,1.4,0.0
TC-KARUR-1132,VAL,LOC-IN-KARUR,Karur,Warm-Humid / Tropical,10.957,78.0811,100.0,1,medium,emergency,35.0,7.0,5.0,3.0,1.4,20.0,270.0,ASM-WALL-LADAKH-INS-MOD,ASM-ROOF-LADAKH-TRAD,ASM-FLOOR-LADAKH-INS-SLAB,0.314,0.247,0.444,6.2,37.296,20.405,48.666,12.95,28.261,673.519,78.523,22.543,True,54.86,SUB_OPTIMAL,0.0,0.9125,0.025,18.3,41.1,0.8391666666666666,1.0,35.0,7.0,5.0,3.0,1.4,1.374,20.0,270.0,6.2,0.0,0.28,392.5,0.314,300.0,0.247,180.0,0.444,1.0,0.0,1.4,0.0
TC-KARUR-1133,VAL,LOC-IN-KARUR,Karur,Warm-Humid / Tropical,10.957,78.0811,100.0,2,high,work,35.0,7.0,5.0,3.0,1.4,20.0,270.0,ASM-WALL-LADAKH-INS-MOD,ASM-ROOF-LADAKH-INS-MOD,ASM-FLOOR-WARM-TILED,0.314,0.25,2.1,6.2,31.954,20.41,39.522,7.608,19.112,466.598,91.782,27.696,True,68.46,ACCEPTABLE,0.0,0.9125,0.025,18.3,41.1,0.8391666666666666,2.0,35.0,7.0,5.0,3.0,1.4,1.374,20.0,270.0,6.2,0.0,0.28,392.5,0.314,153.0,0.25,150.0,2.1,2.0,0.0,1.4,0.0
TC-KARUR-1134,VAL,LOC-IN-KARUR,Karur,Warm-Humid / Tropical,10.957,78.0811,100.0,4,low,residential,35.0,7.0,5.0,3.0,1.4,20.0,270.0,ASM-WALL-LADAKH-INS-MOD,ASM-ROOF-WARM-SLAB,ASM-FLOOR-LADAKH-TRAD,0.314,3.476,0.85,6.2,34.456,20.418,43.669,10.11,23.251,632.135,142.524,8.941,True,39.28,SUB_OPTIMAL,0.0,0.9125,0.025,18.3,41.1,0.8391666666666666,4.0,35.0,7.0,5.0,3.0,1.4,1.374,20.0,270.0,6.2,0.0,0.28,392.5,0.314,162.5,3.476,250.0,0.85,0.5,0.0,1.4,0.0
TC-KARUR-1135,VAL,LOC-IN-KARUR,Karur,Warm-Humid / Tropical,10.957,78.0811,100.0,8,medium,emergency,35.0,7.0,5.0,3.0,1.4,20.0,270.0,ASM-WALL-LADAKH-LIGHT-INS,ASM-ROOF-LADAKH-TRAD,ASM-FLOOR-LADAKH-INS-SLAB,0.284,0.247,0.444,6.2,40.743,20.584,68.003,16.397,47.419,563.854,45.733,28.291,True,54.15,SUB_OPTIMAL,0.0,0.9125,0.025,18.3,41.1,0.8391666666666666,8.0,35.0,7.0,5.0,3.0,1.4,1.374,20.0,270.0,6.2,0.0,0.28,152.0,0.284,300.0,0.247,180.0,0.444,1.0,0.0,1.4,0.0
TC-KARUR-1136,VAL,LOC-IN-KARUR,Karur,Warm-Humid / Tropical,10.957,78.0811,100.0,1,high,work,35.0,7.0,5.0,3.0,1.4,20.0,270.0,ASM-WALL-LADAKH-LIGHT-INS,ASM-ROOF-LADAKH-INS-MOD,ASM-FLOOR-WARM-TILED,0.284,0.25,2.1,6.2,32.936,20.417,47.461,8.59,27.045,356.932,71.998,30.245,True,44.43,SUB_OPTIMAL,0.0,0.9125,0.025,18.3,41.1,0.8391666666666666,1.0,35.0,7.0,5.0,3.0,1.4,1.374,20.0,270.0,6.2,0.0,0.28,152.0,0.284,153.0,0.25,150.0,2.1,2.0,0.0,1.4,0.0
TC-KARUR-1137,VAL,LOC-IN-KARUR,Karur,Warm-Humid / Tropical,10.957,78.0811,100.0,2,low,residential,35.0,7.0,5.0,3.0,1.4,20.0,270.0,ASM-WALL-LADAKH-LIGHT-INS,ASM-ROOF-WARM-SLAB,ASM-FLOOR-LADAKH-TRAD,0.284,3.476,0.85,6.2,36.455,20.424,51.351,12.109,30.927,522.47,128.521,10.529,True,23.16,SUB_OPTIMAL,0.0,0.9125,0.025,18.3,41.1,0.8391666666666666,2.0,35.0,7.0,5.0,3.0,1.4,1.374,20.0,270.0,6.2,0.0,0.28,152.0,0.284,162.5,3.476,250.0,0.85,0.5,0.0,1.4,0.0
TC-KARUR-1138,VAL,LOC-IN-KARUR,Karur,Warm-Humid / Tropical,10.957,78.0811,100.0,4,medium,emergency,35.0,7.0,5.0,3.0,1.4,20.0,270.0,ASM-WALL-SHIMLA-COLD,ASM-ROOF-LADAKH-TRAD,ASM-FLOOR-LADAKH-INS-SLAB,0.347,0.247,0.444,6.2,34.194,20.417,43.088,9.848,22.671,618.687,101.957,17.496,True,64.44,ACCEPTABLE,0.0,0.9125,0.025,18.3,41.1,0.8391666666666666,4.0,35.0,7.0,5.0,3.0,1.4,1.374,20.0,270.0,6.2,0.0,0.28,410.0,0.347,300.0,0.247,180.0,0.444,1.0,0.0,1.4,0.0
TC-KARUR-1139,VAL,LOC-IN-KARUR,Karur,Warm-Humid / Tropical,10.957,78.0811,100.0,8,high,work,35.0,7.0,5.0,3.0,1.4,20.0,270.0,ASM-WALL-SHIMLA-COLD,ASM-ROOF-LADAKH-INS-MOD,ASM-FLOOR-WARM-TILED,0.347,0.25,2.1,6.2,30.043,20.432,35.998,5.697,15.566,411.765,98.337,21.921,True,75.01,ACCEPTABLE,0.0,0.9125,0.025,18.3,41.1,0.8391666666666666,8.0,35.0,7.0,5.0,3.0,1.4,1.374,20.0,270.0,6.2,0.0,0.28,410.0,0.347,153.0,0.25,150.0,2.1,2.0,0.0,1.4,0.0
TC-KARUR-1140,VAL,LOC-IN-KARUR,Karur,Warm-Humid / Tropical,10.957,78.0811,100.0,1,low,residential,35.0,7.0,5.0,3.0,1.4,20.0,270.0,ASM-WALL-SHIMLA-COLD,ASM-ROOF-WARM-SLAB,ASM-FLOOR-LADAKH-TRAD,0.347,3.476,0.85,6.2,31.852,20.404,39.171,7.506,18.767,577.302,142.061,6.887,True,47.7,SUB_OPTIMAL,0.0,0.9125,0.025,18.3,41.1,0.8391666666666666,1.0,35.0,7.0,5.0,3.0,1.4,1.374,20.0,270.0,6.2,0.0,0.28,410.0,0.347,162.5,3.476,250.0,0.85,0.5,0.0,1.4,0.0
TC-KARUR-1141,VAL,LOC-IN-KARUR,Karur,Warm-Humid / Tropical,10.957,78.0811,100.0,2,medium,emergency,50.0,10.0,5.0,3.0,2.0,25.0,0.0,ASM-WALL-LADAKH-TRAD,ASM-ROOF-LADAKH-TRAD,ASM-FLOOR-LADAKH-INS-SLAB,1.591,0.247,0.444,8.0,35.078,20.407,44.648,10.732,24.24,770.75,61.193,27.037,True,50.19,SUB_OPTIMAL,0.0,0.9125,0.025,18.3,41.1,0.8391666666666666,2.0,50.0,10.0,5.0,3.0,2.0,1.301,25.0,0.0,8.0,0.0,0.2,465.0,1.591,300.0,0.247,180.0,0.444,1.0,0.0,1.4,0.0
TC-KARUR-1142,VAL,LOC-IN-KARUR,Karur,Warm-Humid / Tropical,10.957,78.0811,100.0,4,high,work,50.0,10.0,5.0,3.0,2.0,25.0,0.0,ASM-WALL-LADAKH-TRAD,ASM-ROOF-LADAKH-INS-MOD,ASM-FLOOR-WARM-TILED,1.591,0.25,2.1,8.0,29.623,20.414,35.382,5.277,14.969,464.26,79.855,29.524,True,65.36,ACCEPTABLE,0.0,0.9125,0.025,18.3,41.1,0.8391666666666666,4.0,50.0,10.0,5.0,3.0,2.0,1.301,25.0,0.0,8.0,0.0,0.2,465.0,1.591,153.0,0.25,150.0,2.1,2.0,0.0,1.4,0.0
TC-KARUR-1143,VAL,LOC-IN-KARUR,Karur,Warm-Humid / Tropical,10.957,78.0811,100.0,8,low,residential,50.0,10.0,5.0,3.0,2.0,25.0,0.0,ASM-WALL-LADAKH-TRAD,ASM-ROOF-WARM-SLAB,ASM-FLOOR-LADAKH-TRAD,1.591,3.476,0.85,8.0,32.442,20.425,40.077,8.096,19.652,709.452,144.916,10.492,True,45.12,SUB_OPTIMAL,0.0,0.9125,0.025,18.3,41.1,0.8391666666666666,8.0,50.0,10.0,5.0,3.0,2.0,1.301,25.0,0.0,8.0,0.0,0.2,465.0,1.591,162.5,3.476,250.0,0.85,0.5,0.0,1.4,0.0
TC-KARUR-1144,VAL,LOC-IN-KARUR,Karur,Warm-Humid / Tropical,10.957,78.0811,100.0,1,medium,emergency,50.0,10.0,5.0,3.0,2.0,25.0,0.0,ASM-WALL-LADAKH-IMP-TRAD,ASM-ROOF-LADAKH-TRAD,ASM-FLOOR-LADAKH-INS-SLAB,0.452,0.247,0.444,8.0,36.393,20.405,47.371,12.047,26.966,770.75,82.923,30.057,True,53.28,SUB_OPTIMAL,0.0,0.9125,0.025,18.3,41.1,0.8391666666666666,1.0,50.0,10.0,5.0,3.0,2.0,1.301,25.0,0.0,8.0,0.0,0.2,345.0,0.452,300.0,0.247,180.0,0.444,1.0,0.0,1.4,0.0
TC-KARUR-1145,VAL,LOC-IN-KARUR,Karur,Warm-Humid / Tropical,10.957,78.0811,100.0,2,high,work,50.0,10.0,5.0,3.0,2.0,25.0,0.0,ASM-WALL-LADAKH-IMP-TRAD,ASM-ROOF-LADAKH-INS-MOD,ASM-FLOOR-WARM-TILED,0.452,0.25,2.1,8.0,30.301,20.409,36.797,5.955,16.388,464.26,94.31,31.942,True,70.39,ACCEPTABLE,0.0,0.9125,0.025,18.3,41.1,0.8391666666666666,2.0,50.0,10.0,5.0,3.0,2.0,1.301,25.0,0.0,8.0,0.0,0.2,345.0,0.452,153.0,0.25,150.0,2.1,2.0,0.0,1.4,0.0
TC-KARUR-1146,VAL,LOC-IN-KARUR,Karur,Warm-Humid / Tropical,10.957,78.0811,100.0,4,low,residential,50.0,10.0,5.0,3.0,2.0,25.0,0.0,ASM-WALL-LADAKH-IMP-TRAD,ASM-ROOF-WARM-SLAB,ASM-FLOOR-LADAKH-TRAD,0.452,3.476,0.85,8.0,33.225,20.415,41.698,8.879,21.283,709.452,167.754,11.332,True,39.99,SUB_OPTIMAL,0.0,0.9125,0.025,18.3,41.1,0.8391666666666666,4.0,50.0,10.0,5.0,3.0,2.0,1.301,25.0,0.0,8.0,0.0,0.2,345.0,0.452,162.5,3.476,250.0,0.85,0.5,0.0,1.4,0.0
TC-KARUR-1147,VAL,LOC-IN-KARUR,Karur,Warm-Humid / Tropical,10.957,78.0811,100.0,8,medium,emergency,50.0,10.0,5.0,3.0,2.0,25.0,0.0,ASM-WALL-LADAKH-INS-MOD,ASM-ROOF-LADAKH-TRAD,ASM-FLOOR-LADAKH-INS-SLAB,0.314,0.247,0.444,8.0,35.642,20.434,45.722,11.296,25.288,747.973,87.367,28.289,True,57.62,SUB_OPTIMAL,0.0,0.9125,0.025,18.3,41.1,0.8391666666666666,8.0,50.0,10.0,5.0,3.0,2.0,1.301,25.0,0.0,8.0,0.0,0.2,392.5,0.314,300.0,0.247,180.0,0.444,1.0,0.0,1.4,0.0
TC-KARUR-1148,VAL,LOC-IN-KARUR,Karur,Warm-Humid / Tropical,10.957,78.0811,100.0,1,high,work,50.0,10.0,5.0,3.0,2.0,25.0,0.0,ASM-WALL-LADAKH-INS-MOD,ASM-ROOF-LADAKH-INS-MOD,ASM-FLOOR-WARM-TILED,0.314,0.25,2.1,8.0,29.556,20.404,35.425,5.21,15.021,441.482,90.028,28.88,True,74.86,ACCEPTABLE,0.0,0.9125,0.025,18.3,41.1,0.8391666666666666,1.0,50.0,10.0,5.0,3.0,2.0,1.301,25.0,0.0,8.0,0.0,0.2,392.5,0.314,153.0,0.25,150.0,2.1,2.0,0.0,1.4,0.0
TC-KARUR-1149,VAL,LOC-IN-KARUR,Karur,Warm-Humid / Tropical,10.957,78.0811,100.0,2,low,residential,50.0,10.0,5.0,3.0,2.0,25.0,0.0,ASM-WALL-LADAKH-INS-MOD,ASM-ROOF-WARM-SLAB,ASM-FLOOR-LADAKH-TRAD,0.314,3.476,0.85,8.0,32.351,20.407,40.135,8.005,19.728,686.675,160.272,10.365,True,43.74,SUB_OPTIMAL,0.0,0.9125,0.025,18.3,41.1,0.8391666666666666,2.0,50.0,10.0,5.0,3.0,2.0,1.301,25.0,0.0,8.0,0.0,0.2,392.5,0.314,162.5,3.476,250.0,0.85,0.5,0.0,1.4,0.0
TC-KARUR-1150,VAL,LOC-IN-KARUR,Karur,Warm-Humid / Tropical,10.957,78.0811,100.0,4,medium,emergency,50.0,10.0,5.0,3.0,2.0,25.0,0.0,ASM-WALL-LADAKH-LIGHT-INS,ASM-ROOF-LADAKH-TRAD,ASM-FLOOR-LADAKH-INS-SLAB,0.284,0.247,0.444,8.0,38.492,20.467,62.378,14.146,41.911,656.863,51.109,35.009,True,53.24,SUB_OPTIMAL,0.0,0.9125,0.025,18.3,41.1,0.8391666666666666,4.0,50.0,10.0,5.0,3.0,2.0,1.301,25.0,0.0,8.0,0.0,0.2,152.0,0.284,300.0,0.247,180.0,0.444,1.0,0.0,1.4,0.0
TC-KARUR-1151,VAL,LOC-IN-KARUR,Karur,Warm-Humid / Tropical,10.957,78.0811,100.0,8,high,work,50.0,10.0,5.0,3.0,2.0,25.0,0.0,ASM-WALL-LADAKH-LIGHT-INS,ASM-ROOF-LADAKH-INS-MOD,ASM-FLOOR-WARM-TILED,0.284,0.25,2.1,8.0,31.046,20.497,42.165,6.701,21.669,350.372,78.574,34.117,True,53.16,SUB_OPTIMAL,0.0,0.9125,0.025,18.3,41.1,0.8391666666666666,8.0,50.0,10.0,5.0,3.0,2.0,1.301,25.0,0.0,8.0,0.0,0.2,152.0,0.284,153.0,0.25,150.0,2.1,2.0,0.0,1.4,0.0
TC-KARUR-1152,VAL,LOC-IN-KARUR,Karur,Warm-Humid / Tropical,10.957,78.0811,100.0,1,low,residential,50.0,10.0,5.0,3.0,2.0,25.0,0.0,ASM-WALL-LADAKH-LIGHT-INS,ASM-ROOF-WARM-SLAB,ASM-FLOOR-LADAKH-TRAD,0.284,3.476,0.85,8.0,34.409,20.409,46.731,10.063,26.322,595.564,153.948,12.613,True,23.82,SUB_OPTIMAL,0.0,0.9125,0.025,18.3,41.1,0.8391666666666666,1.0,50.0,10.0,5.0,3.0,2.0,1.301,25.0,0.0,8.0,0.0,0.2,152.0,0.284,162.5,3.476,250.0,0.85,0.5,0.0,1.4,0.0
TC-KARUR-1153,VAL,LOC-IN-KARUR,Karur,Warm-Humid / Tropical,10.957,78.0811,100.0,2,medium,emergency,50.0,10.0,5.0,3.0,2.0,25.0,0.0,ASM-WALL-SHIMLA-COLD,ASM-ROOF-LADAKH-TRAD,ASM-FLOOR-LADAKH-INS-SLAB,0.347,0.247,0.444,8.0,32.78,20.407,40.759,8.434,20.353,702.418,111.735,21.767,True,67.29,ACCEPTABLE,0.0,0.9125,0.025,18.3,41.1,0.8391666666666666,2.0,50.0,10.0,5.0,3.0,2.0,1.301,25.0,0.0,8.0,0.0,0.2,410.0,0.347,300.0,0.247,180.0,0.444,1.0,0.0,1.4,0.0
TC-KARUR-1154,VAL,LOC-IN-KARUR,Karur,Warm-Humid / Tropical,10.957,78.0811,100.0,4,high,work,50.0,10.0,5.0,3.0,2.0,25.0,0.0,ASM-WALL-SHIMLA-COLD,ASM-ROOF-LADAKH-INS-MOD,ASM-FLOOR-WARM-TILED,0.347,0.25,2.1,8.0,28.144,20.412,32.859,3.798,12.446,395.927,97.297,23.503,True,79.01,ACCEPTABLE,0.0,0.9125,0.025,18.3,41.1,0.8391666666666666,4.0,50.0,10.0,5.0,3.0,2.0,1.301,25.0,0.0,8.0,0.0,0.2,410.0,0.347,153.0,0.25,150.0,2.1,2.0,0.0,1.4,0.0
TC-KARUR-1155,VAL,LOC-IN-KARUR,Karur,Warm-Humid / Tropical,10.957,78.0811,100.0,8,low,residential,50.0,10.0,5.0,3.0,2.0,25.0,0.0,ASM-WALL-SHIMLA-COLD,ASM-ROOF-WARM-SLAB,ASM-FLOOR-LADAKH-TRAD,0.347,3.476,0.85,8.0,30.756,20.422,37.233,6.411,16.811,641.12,168.427,8.614,True,49.18,SUB_OPTIMAL,0.0,0.9125,0.025,18.3,41.1,0.8391666666666666,8.0,50.0,10.0,5.0,3.0,2.0,1.301,25.0,0.0,8.0,0.0,0.2,410.0,0.347,162.5,3.476,250.0,0.85,0.5,0.0,1.4,0.0
TC-KARUR-1156,VAL,LOC-IN-KARUR,Karur,Warm-Humid / Tropical,10.957,78.0811,100.0,1,medium,emergency,50.0,10.0,5.0,3.0,2.0,25.0,90.0,ASM-WALL-LADAKH-TRAD,ASM-ROOF-LADAKH-TRAD,ASM-FLOOR-LADAKH-INS-SLAB,1.591,0.247,0.444,8.0,37.585,20.404,48.943,13.239,28.539,941.582,74.493,32.913,True,43.48,SUB_OPTIMAL,0.0,0.9125,0.025,18.3,41.1,0.8391666666666666,1.0,50.0,10.0,5.0,3.0,2.0,1.301,25.0,90.0,8.0,0.0,0.4,465.0,1.591,300.0,0.247,180.0,0.444,1.0,0.0,1.4,0.0
TC-KARUR-1157,VAL,LOC-IN-KARUR,Karur,Warm-Humid / Tropical,10.957,78.0811,100.0,2,high,work,50.0,10.0,5.0,3.0,2.0,25.0,90.0,ASM-WALL-LADAKH-TRAD,ASM-ROOF-LADAKH-INS-MOD,ASM-FLOOR-WARM-TILED,1.591,0.25,2.1,8.0,31.804,20.407,39.158,7.458,18.751,635.091,105.512,39.01,True,57.81,SUB_OPTIMAL,0.0,0.9125,0.025,18.3,41.1,0.8391666666666666,2.0,50.0,10.0,5.0,3.0,2.0,1.301,25.0,90.0,8.0,0.0,0.4,465.0,1.591,153.0,0.25,150.0,2.1,2.0,0.0,1.4,0.0
TC-KARUR-1158,VAL,LOC-IN-KARUR,Karur,Warm-Humid / Tropical,10.957,78.0811,100.0,4,low,residential,50.0,10.0,5.0,3.0,2.0,25.0,90.0,ASM-WALL-LADAKH-TRAD,ASM-ROOF-WARM-SLAB,ASM-FLOOR-LADAKH-TRAD,1.591,3.476,0.85,8.0,34.419,20.412,43.504,10.073,23.092,880.284,176.159,12.754,True,38.26,SUB_OPTIMAL,0.0,0.9125,0.025,18.3,41.1,0.8391666666666666,4.0,50.0,10.0,5.0,3.0,2.0,1.301,25.0,90.0,8.0,0.0,0.4,465.0,1.591,162.5,3.476,250.0,0.85,0.5,0.0,1.4,0.0
TC-KARUR-1159,VAL,LOC-IN-KARUR,Karur,Warm-Humid / Tropical,10.957,78.0811,100.0,8,medium,emergency,50.0,10.0,5.0,3.0,2.0,25.0,90.0,ASM-WALL-LADAKH-IMP-TRAD,ASM-ROOF-LADAKH-TRAD,ASM-FLOOR-LADAKH-INS-SLAB,0.452,0.247,0.444,8.0,39.49,20.438,52.639,15.144,32.201,941.582,103.013,37.34,True,52.02,SUB_OPTIMAL,0.0,0.9125,0.025,18.3,41.1,0.8391666666666666,8.0,50.0,10.0,5.0,3.0,2.0,1.301,25.0,90.0,8.0,0.0,0.4,345.0,0.452,300.0,0.247,180.0,0.444,1.0,0.0,1.4,0.0
TC-KARUR-1160,VAL,LOC-IN-KARUR,Karur,Warm-Humid / Tropical,10.957,78.0811,100.0,1,high,work,50.0,10.0,5.0,3.0,2.0,25.0,90.0,ASM-WALL-LADAKH-IMP-TRAD,ASM-ROOF-LADAKH-INS-MOD,ASM-FLOOR-WARM-TILED,0.452,0.25,2.1,8.0,32.673,20.404,41.008,8.327,20.604,635.091,126.023,42.683,True,61.97,ACCEPTABLE,0.0,0.9125,0.025,18.3,41.1,0.8391666666666666,1.0,50.0,10.0,5.0,3.0,2.0,1.301,25.0,90.0,8.0,0.0,0.4,345.0,0.452,153.0,0.25,150.0,2.1,2.0,0.0,1.4,0.0
TC-KARUR-1161,VAL,LOC-IN-KARUR,Karur,Warm-Humid / Tropical,10.957,78.0811,100.0,2,low,residential,50.0,10.0,5.0,3.0,2.0,25.0,90.0,ASM-WALL-LADAKH-IMP-TRAD,ASM-ROOF-WARM-SLAB,ASM-FLOOR-LADAKH-TRAD,0.452,3.476,0.85,8.0,35.415,20.408,45.548,11.07,25.14,880.284,205.633,13.891,True,32.29,SUB_OPTIMAL,0.0,0.9125,0.025,18.3,41.1,0.8391666666666666,2.0,50.0,10.0,5.0,3.0,2.0,1.301,25.0,90.0,8.0,0.0,0.4,345.0,0.452,162.5,3.476,250.0,0.85,0.5,0.0,1.4,0.0
TC-KARUR-1162,VAL,LOC-IN-KARUR,Karur,Warm-Humid / Tropical,10.957,78.0811,100.0,4,medium,emergency,50.0,10.0,5.0,3.0,2.0,25.0,90.0,ASM-WALL-LADAKH-INS-MOD,ASM-ROOF-LADAKH-TRAD,ASM-FLOOR-LADAKH-INS-SLAB,0.314,0.247,0.444,8.0,37.896,20.417,49.722,13.55,29.304,907.416,103.718,33.583,True,53.06,SUB_OPTIMAL,0.0,0.9125,0.025,18.3,41.1,0.8391666666666666,4.0,50.0,10.0,5.0,3.0,2.0,1.301,25.0,90.0,8.0,0.0,0.4,392.5,0.314,300.0,0.247,180.0,0.444,1.0,0.0,1.4,0.0
TC-KARUR-1163,VAL,LOC-IN-KARUR,Karur,Warm-Humid / Tropical,10.957,78.0811,100.0,8,high,work,50.0,10.0,5.0,3.0,2.0,25.0,90.0,ASM-WALL-LADAKH-INS-MOD,ASM-ROOF-LADAKH-INS-MOD,ASM-FLOOR-WARM-TILED,0.314,0.25,2.1,8.0,32.03,20.431,39.601,7.684,19.17,600.925,124.106,39.812,True,66.5,ACCEPTABLE,0.0,0.9125,0.025,18.3,41.1,0.8391666666666666,8.0,50.0,10.0,5.0,3.0,2.0,1.301,25.0,90.0,8.0,0.0,0.4,392.5,0.314,153.0,0.25,150.0,2.1,2.0,0.0,1.4,0.0
TC-KARUR-1164,VAL,LOC-IN-KARUR,Karur,Warm-Humid / Tropical,10.957,78.0811,100.0,1,low,residential,50.0,10.0,5.0,3.0,2.0,25.0,90.0,ASM-WALL-LADAKH-INS-MOD,ASM-ROOF-WARM-SLAB,ASM-FLOOR-LADAKH-TRAD,0.314,3.476,0.85,8.0,34.357,20.403,43.613,10.011,23.21,846.118,195.819,12.664,True,36.78,SUB_OPTIMAL,0.0,0.9125,0.025,18.3,41.1,0.8391666666666666,1.0,50.0,10.0,5.0,3.0,2.0,1.301,25.0,90.0,8.0,0.0,0.4,392.5,0.314,162.5,3.476,250.0,0.85,0.5,0.0,1.4,0.0
TC-KARUR-1165,VAL,LOC-IN-KARUR,Karur,Warm-Humid / Tropical,10.957,78.0811,100.0,2,medium,emergency,50.0,10.0,5.0,3.0,2.0,25.0,90.0,ASM-WALL-LADAKH-LIGHT-INS,ASM-ROOF-LADAKH-TRAD,ASM-FLOOR-LADAKH-INS-SLAB,0.284,0.247,0.444,8.0,40.504,20.433,67.802,16.158,47.368,770.75,58.282,39.921,True,53.24,SUB_OPTIMAL,0.0,0.9125,0.025,18.3,41.1,0.8391666666666666,2.0,50.0,10.0,5.0,3.0,2.0,1.301,25.0,90.0,8.0,0.0,0.4,152.0,0.284,300.0,0.247,180.0,0.444,1.0,0.0,1.4,0.0
TC-KARUR-1166,VAL,LOC-IN-KARUR,Karur,Warm-Humid / Tropical,10.957,78.0811,100.0,4,high,work,50.0,10.0,5.0,3.0,2.0,25.0,90.0,ASM-WALL-LADAKH-LIGHT-INS,ASM-ROOF-LADAKH-INS-MOD,ASM-FLOOR-WARM-TILED,0.284,0.25,2.1,8.0,32.783,20.448,46.709,8.437,26.261,464.26,97.636,42.394,True,44.07,SUB_OPTIMAL,0.0,0.9125,0.025,18.3,41.1,0.8391666666666666,4.0,50.0,10.0,5.0,3.0,2.0,1.301,25.0,90.0,8.0,0.0,0.4,152.0,0.284,153.0,0.25,150.0,2.1,2.0,0.0,1.4,0.0
TC-KARUR-1167,VAL,LOC-IN-KARUR,Karur,Warm-Humid / Tropical,10.957,78.0811,100.0,8,low,residential,50.0,10.0,5.0,3.0,2.0,25.0,90.0,ASM-WALL-LADAKH-LIGHT-INS,ASM-ROOF-WARM-SLAB,ASM-FLOOR-LADAKH-TRAD,0.284,3.476,0.85,8.0,36.667,20.468,51.083,12.322,30.614,709.452,186.398,15.272,True,21.28,SUB_OPTIMAL,0.0,0.9125,0.025,18.3,41.1,0.8391666666666666,8.0,50.0,10.0,5.0,3.0,2.0,1.301,25.0,90.0,8.0,0.0,0.4,152.0,0.284,162.5,3.476,250.0,0.85,0.5,0.0,1.4,0.0
TC-KARUR-1168,VAL,LOC-IN-KARUR,Karur,Warm-Humid / Tropical,10.957,78.0811,100.0,1,medium,emergency,50.0,10.0,5.0,3.0,2.0,25.0,90.0,ASM-WALL-SHIMLA-COLD,ASM-ROOF-LADAKH-TRAD,ASM-FLOOR-LADAKH-INS-SLAB,0.347,0.247,0.444,8.0,34.563,20.403,43.819,10.217,23.415,839.083,132.616,25.835,True,61.18,ACCEPTABLE,0.0,0.9125,0.025,18.3,41.1,0.8391666666666666,1.0,50.0,10.0,5.0,3.0,2.0,1.301,25.0,90.0,8.0,0.0,0.4,410.0,0.347,300.0,0.247,180.0,0.444,1.0,0.0,1.4,0.0
TC-KARUR-1169,VAL,LOC-IN-KARUR,Karur,Warm-Humid / Tropical,10.957,78.0811,100.0,2,high,work,50.0,10.0,5.0,3.0,2.0,25.0,90.0,ASM-WALL-SHIMLA-COLD,ASM-ROOF-LADAKH-INS-MOD,ASM-FLOOR-WARM-TILED,0.347,0.25,2.1,8.0,29.7,20.406,35.561,5.354,15.154,532.592,123.399,29.808,True,73.61,ACCEPTABLE,0.0,0.9125,0.025,18.3,41.1,0.8391666666666666,2.0,50.0,10.0,5.0,3.0,2.0,1.301,25.0,90.0,8.0,0.0,0.4,410.0,0.347,153.0,0.25,150.0,2.1,2.0,0.0,1.4,0.0
TC-KARUR-1170,VAL,LOC-IN-KARUR,Karur,Warm-Humid / Tropical,10.957,78.0811,100.0,4,low,residential,50.0,10.0,5.0,3.0,2.0,25.0,90.0,ASM-WALL-SHIMLA-COLD,ASM-ROOF-WARM-SLAB,ASM-FLOOR-LADAKH-TRAD,0.347,3.476,0.85,8.0,32.162,20.411,39.683,7.816,19.272,777.785,198.942,10.175,True,44.27,SUB_OPTIMAL,0.0,0.9125,0.025,18.3,41.1,0.8391666666666666,4.0,50.0,10.0,5.0,3.0,2.0,1.301,25.0,90.0,8.0,0.0,0.4,410.0,0.347,162.5,3.476,250.0,0.85,0.5,0.0,1.4,0.0
TC-KARUR-1171,VAL,LOC-IN-KARUR,Karur,Warm-Humid / Tropical,10.957,78.0811,100.0,8,medium,emergency,50.0,10.0,5.0,3.0,2.0,25.0,180.0,ASM-WALL-LADAKH-TRAD,ASM-ROOF-LADAKH-TRAD,ASM-FLOOR-LADAKH-INS-SLAB,1.591,0.247,0.444,8.0,40.432,20.43,53.679,16.086,33.249,1112.414,89.527,39.556,True,43.48,SUB_OPTIMAL,0.0,0.9125,0.025,18.3,41.1,0.8391666666666666,8.0,50.0,10.0,5.0,3.0,2.0,1.301,25.0,180.0,8.0,0.0,0.2,465.0,1.591,300.0,0.247,180.0,0.444,1.0,0.0,1.4,0.0
TC-KARUR-1172,VAL,LOC-IN-KARUR,Karur,Warm-Humid / Tropical,10.957,78.0811,100.0,1,high,work,50.0,10.0,5.0,3.0,2.0,25.0,180.0,ASM-WALL-LADAKH-TRAD,ASM-ROOF-LADAKH-INS-MOD,ASM-FLOOR-WARM-TILED,1.591,0.25,2.1,8.0,34.004,20.403,42.956,9.658,22.552,805.923,132.615,49.03,True,50.21,SUB_OPTIMAL,0.0,0.9125,0.025,18.3,41.1,0.8391666666666666,1.0,50.0,10.0,5.0,3.0,2.0,1.301,25.0,180.0,8.0,0.0,0.2,465.0,1.591,153.0,0.25,150.0,2.1,2.0,0.0,1.4,0.0
TC-KARUR-1173,VAL,LOC-IN-KARUR,Karur,Warm-Humid / Tropical,10.957,78.0811,100.0,2,low,residential,50.0,10.0,5.0,3.0,2.0,25.0,180.0,ASM-WALL-LADAKH-TRAD,ASM-ROOF-WARM-SLAB,ASM-FLOOR-LADAKH-TRAD,1.591,3.476,0.85,8.0,36.457,20.406,47.01,12.111,26.604,1051.115,209.025,15.133,True,31.25,SUB_OPTIMAL,0.0,0.9125,0.025,18.3,41.1,0.8391666666666666,2.0,50.0,10.0,5.0,3.0,2.0,1.301,25.0,180.0,8.0,0.0,0.2,465.0,1.591,162.5,3.476,250.0,0.85,0.5,0.0,1.4,0.0
TC-KARUR-1174,VAL,LOC-IN-KARUR,Karur,Warm-Humid / Tropical,10.957,78.0811,100.0,4,medium,emergency,50.0,10.0,5.0,3.0,2.0,25.0,180.0,ASM-WALL-LADAKH-IMP-TRAD,ASM-ROOF-LADAKH-TRAD,ASM-FLOOR-LADAKH-INS-SLAB,0.452,0.247,0.444,8.0,41.974,20.419,57.119,17.628,36.7,1112.414,119.422,43.287,True,52.02,SUB_OPTIMAL,0.0,0.9125,0.025,18.3,41.1,0.8391666666666666,4.0,50.0,10.0,5.0,3.0,2.0,1.301,25.0,180.0,8.0,0.0,0.2,345.0,0.452,300.0,0.247,180.0,0.444,1.0,0.0,1.4,0.0
TC-KARUR-1175,VAL,LOC-IN-KARUR,Karur,Warm-Humid / Tropical,10.957,78.0811,100.0,8,high,work,50.0,10.0,5.0,3.0,2.0,25.0,180.0,ASM-WALL-LADAKH-IMP-TRAD,ASM-ROOF-LADAKH-INS-MOD,ASM-FLOOR-WARM-TILED,0.452,0.25,2.1,8.0,35.372,20.435,45.627,11.026,25.192,805.923,162.999,55.207,True,52.73,SUB_OPTIMAL,0.0,0.9125,0.025,18.3,41.1,0.8391666666666666,8.0,50.0,10.0,5.0,3.0,2.0,1.301,25.0,180.0,8.0,0.0,0.2,345.0,0.452,153.0,0.25,150.0,2.1,2.0,0.0,1.4,0.0
TC-KARUR-1176,VAL,LOC-IN-KARUR,Karur,Warm-Humid / Tropical,10.957,78.0811,100.0,1,low,residential,50.0,10.0,5.0,3.0,2.0,25.0,180.0,ASM-WALL-LADAKH-IMP-TRAD,ASM-ROOF-WARM-SLAB,ASM-FLOOR-LADAKH-TRAD,0.452,3.476,0.85,8.0,37.624,20.404,49.417,13.278,29.013,1051.115,243.885,16.475,True,27.39,SUB_OPTIMAL,0.0,0.9125,0.025,18.3,41.1,0.8391666666666666,1.0,50.0,10.0,5.0,3.0,2.0,1.301,25.0,180.0,8.0,0.0,0.2,345.0,0.452,162.5,3.476,250.0,0.85,0.5,0.0,1.4,0.0
TC-KARUR-1177,VAL,LOC-IN-KARUR,Karur,Warm-Humid / Tropical,10.957,78.0811,100.0,2,medium,emergency,50.0,10.0,5.0,3.0,2.0,25.0,180.0,ASM-WALL-LADAKH-INS-MOD,ASM-ROOF-LADAKH-TRAD,ASM-FLOOR-LADAKH-INS-SLAB,0.314,0.247,0.444,8.0,40.217,20.409,53.801,15.871,33.393,1066.859,120.757,39.1,True,53.06,SUB_OPTIMAL,0.0,0.9125,0.025,18.3,41.1,0.8391666666666666,2.0,50.0,10.0,5.0,3.0,2.0,1.301,25.0,180.0,8.0,0.0,0.2,392.5,0.314,300.0,0.247,180.0,0.444,1.0,0.0,1.4,0.0
TC-KARUR-1178,VAL,LOC-IN-KARUR,Karur,Warm-Humid / Tropical,10.957,78.0811,100.0,4,high,work,50.0,10.0,5.0,3.0,2.0,25.0,180.0,ASM-WALL-LADAKH-INS-MOD,ASM-ROOF-LADAKH-INS-MOD,ASM-FLOOR-WARM-TILED,0.314,0.25,2.1,8.0,34.003,20.416,43.131,9.657,22.716,760.368,152.481,48.914,True,59.44,SUB_OPTIMAL,0.0,0.9125,0.025,18.3,41.1,0.8391666666666666,4.0,50.0,10.0,5.0,3.0,2.0,1.301,25.0,180.0,8.0,0.0,0.2,392.5,0.314,153.0,0.25,150.0,2.1,2.0,0.0,1.4,0.0
TC-KARUR-1179,VAL,LOC-IN-KARUR,Karur,Warm-Humid / Tropical,10.957,78.0811,100.0,8,low,residential,50.0,10.0,5.0,3.0,2.0,25.0,180.0,ASM-WALL-LADAKH-INS-MOD,ASM-ROOF-WARM-SLAB,ASM-FLOOR-LADAKH-TRAD,0.314,3.476,0.85,8.0,36.668,20.428,47.483,12.322,27.056,1005.56,237.366,15.351,True,29.04,SUB_OPTIMAL,0.0,0.9125,0.025,18.3,41.1,0.8391666666666666,8.0,50.0,10.0,5.0,3.0,2.0,1.301,25.0,180.0,8.0,0.0,0.2,392.5,0.314,162.5,3.476,250.0,0.85,0.5,0.0,1.4,0.0
TC-KARUR-1180,VAL,LOC-IN-KARUR,Karur,Warm-Humid / Tropical,10.957,78.0811,100.0,1,medium,emergency,50.0,10.0,5.0,3.0,2.0,25.0,180.0,ASM-WALL-LADAKH-LIGHT-INS,ASM-ROOF-LADAKH-TRAD,ASM-FLOOR-LADAKH-INS-SLAB,0.284,0.247,0.444,8.0,42.521,20.417,73.372,18.175,52.956,884.638,65.516,44.877,True,53.24,SUB_OPTIMAL,0.0,0.9125,0.025,18.3,41.1,0.8391666666666666,1.0,50.0,10.0,5.0,3.0,2.0,1.301,25.0,180.0,8.0,0.0,0.2,152.0,0.284,300.0,0.247,180.0,0.444,1.0,0.0,1.4,0.0
TC-KARUR-1181,VAL,LOC-IN-KARUR,Karur,Warm-Humid / Tropical,10.957,78.0811,100.0,2,high,work,50.0,10.0,5.0,3.0,2.0,25.0,180.0,ASM-WALL-LADAKH-LIGHT-INS,ASM-ROOF-LADAKH-INS-MOD,ASM-FLOOR-WARM-TILED,0.284,0.25,2.1,8.0,34.6,20.424,51.301,10.254,30.877,578.147,118.026,51.247,True,41.49,SUB_OPTIMAL,0.0,0.9125,0.025,18.3,41.1,0.8391666666666666,2.0,50.0,10.0,5.0,3.0,2.0,1.301,25.0,180.0,8.0,0.0,0.2,152.0,0.284,153.0,0.25,150.0,2.1,2.0,0.0,1.4,0.0
TC-KARUR-1182,VAL,LOC-IN-KARUR,Karur,Warm-Humid / Tropical,10.957,78.0811,100.0,4,low,residential,50.0,10.0,5.0,3.0,2.0,25.0,180.0,ASM-WALL-LADAKH-LIGHT-INS,ASM-ROOF-WARM-SLAB,ASM-FLOOR-LADAKH-TRAD,0.284,3.476,0.85,8.0,38.288,20.434,54.697,13.942,34.263,823.34,210.572,17.252,True,21.28,SUB_OPTIMAL,0.0,0.9125,0.025,18.3,41.1,0.8391666666666666,4.0,50.0,10.0,5.0,3.0,2.0,1.301,25.0,180.0,8.0,0.0,0.2,152.0,0.284,162.5,3.476,250.0,0.85,0.5,0.0,1.4,0.0
TC-KARUR-1183,VAL,LOC-IN-KARUR,Karur,Warm-Humid / Tropical,10.957,78.0811,100.0,8,medium,emergency,50.0,10.0,5.0,3.0,2.0,25.0,180.0,ASM-WALL-SHIMLA-COLD,ASM-ROOF-LADAKH-TRAD,ASM-FLOOR-LADAKH-INS-SLAB,0.347,0.247,0.444,8.0,36.666,20.427,47.298,12.32,26.871,975.748,157.715,30.724,True,54.22,SUB_OPTIMAL,0.0,0.9125,0.025,18.3,41.1,0.8391666666666666,8.0,50.0,10.0,5.0,3.0,2.0,1.301,25.0,180.0,8.0,0.0,0.2,410.0,0.347,300.0,0.247,180.0,0.444,1.0,0.0,1.4,0.0
TC-KARUR-1184,VAL,LOC-IN-KARUR,Karur,Warm-Humid / Tropical,10.957,78.0811,100.0,1,high,work,50.0,10.0,5.0,3.0,2.0,25.0,180.0,ASM-WALL-SHIMLA-COLD,ASM-ROOF-LADAKH-INS-MOD,ASM-FLOOR-WARM-TILED,0.347,0.25,2.1,8.0,31.284,20.403,38.297,6.938,17.894,669.258,151.728,36.651,True,68.13,ACCEPTABLE,0.0,0.9125,0.025,18.3,41.1,0.8391666666666666,1.0,50.0,10.0,5.0,3.0,2.0,1.301,25.0,180.0,8.0,0.0,0.2,410.0,0.347,153.0,0.25,150.0,2.1,2.0,0.0,1.4,0.0
TC-KARUR-1185,VAL,LOC-IN-KARUR,Karur,Warm-Humid / Tropical,10.957,78.0811,100.0,2,low,residential,50.0,10.0,5.0,3.0,2.0,25.0,180.0,ASM-WALL-SHIMLA-COLD,ASM-ROOF-WARM-SLAB,ASM-FLOOR-LADAKH-TRAD,0.347,3.476,0.85,8.0,33.63,20.406,42.216,9.285,21.81,914.45,231.742,11.852,True,39.21,SUB_OPTIMAL,0.0,0.9125,0.025,18.3,41.1,0.8391666666666666,2.0,50.0,10.0,5.0,3.0,2.0,1.301,25.0,180.0,8.0,0.0,0.2,410.0,0.347,162.5,3.476,250.0,0.85,0.5,0.0,1.4,0.0
TC-KARUR-1186,VAL,LOC-IN-KARUR,Karur,Warm-Humid / Tropical,10.957,78.0811,100.0,4,medium,emergency,50.0,10.0,5.0,3.0,2.0,25.0,270.0,ASM-WALL-LADAKH-TRAD,ASM-ROOF-LADAKH-TRAD,ASM-FLOOR-LADAKH-INS-SLAB,1.591,0.247,0.444,8.0,37.727,20.415,49.13,13.381,28.715,941.582,75.209,33.23,True,43.48,SUB_OPTIMAL,0.0,0.9125,0.025,18.3,41.1,0.8391666666666666,4.0,50.0,10.0,5.0,3.0,2.0,1.301,25.0,270.0,8.0,0.0,0.4,465.0,1.591,300.0,0.247,180.0,0.444,1.0,0.0,1.4,0.0
TC-KARUR-1187,VAL,LOC-IN-KARUR,Karur,Warm-Humid / Tropical,10.957,78.0811,100.0,8,high,work,50.0,10.0,5.0,3.0,2.0,25.0,270.0,ASM-WALL-LADAKH-TRAD,ASM-ROOF-LADAKH-INS-MOD,ASM-FLOOR-WARM-TILED,1.591,0.25,2.1,8.0,32.055,20.427,39.487,7.709,19.06,635.091,108.476,40.106,True,57.15,SUB_OPTIMAL,0.0,0.9125,0.025,18.3,41.1,0.8391666666666666,8.0,50.0,10.0,5.0,3.0,2.0,1.301,25.0,270.0,8.0,0.0,0.4,465.0,1.591,153.0,0.25,150.0,2.1,2.0,0.0,1.4,0.0
TC-KARUR-1188,VAL,LOC-IN-KARUR,Karur,Warm-Humid / Tropical,10.957,78.0811,100.0,1,low,residential,50.0,10.0,5.0,3.0,2.0,25.0,270.0,ASM-WALL-LADAKH-TRAD,ASM-ROOF-WARM-SLAB,ASM-FLOOR-LADAKH-TRAD,1.591,3.476,0.85,8.0,34.3,20.403,43.348,9.954,22.945,880.284,174.37,12.624,True,38.57,SUB_OPTIMAL,0.0,0.9125,0.025,18.3,41.1,0.8391666666666666,1.0,50.0,10.0,5.0,3.0,2.0,1.301,25.0,270.0,8.0,0.0,0.4,465.0,1.591,162.5,3.476,250.0,0.85,0.5,0.0,1.4,0.0
TC-KARUR-1189,VAL,LOC-IN-KARUR,Karur,Warm-Humid / Tropical,10.957,78.0811,100.0,2,medium,emergency,50.0,10.0,5.0,3.0,2.0,25.0,270.0,ASM-WALL-LADAKH-IMP-TRAD,ASM-ROOF-LADAKH-TRAD,ASM-FLOOR-LADAKH-INS-SLAB,0.452,0.247,0.444,8.0,39.183,20.41,52.249,14.837,31.839,941.582,101.095,36.644,True,52.02,SUB_OPTIMAL,0.0,0.9125,0.025,18.3,41.1,0.8391666666666666,2.0,50.0,10.0,5.0,3.0,2.0,1.301,25.0,270.0,8.0,0.0,0.4,345.0,0.452,300.0,0.247,180.0,0.444,1.0,0.0,1.4,0.0
TC-KARUR-1190,VAL,LOC-IN-KARUR,Karur,Warm-Humid / Tropical,10.957,78.0811,100.0,4,high,work,50.0,10.0,5.0,3.0,2.0,25.0,270.0,ASM-WALL-LADAKH-IMP-TRAD,ASM-ROOF-LADAKH-INS-MOD,ASM-FLOOR-WARM-TILED,0.452,0.25,2.1,8.0,32.808,20.417,41.18,8.462,20.762,635.091,127.793,43.283,True,61.63,ACCEPTABLE,0.0,0.9125,0.025,18.3,41.1,0.8391666666666666,4.0,50.0,10.0,5.0,3.0,2.0,1.301,25.0,270.0,8.0,0.0,0.4,345.0,0.452,153.0,0.25,150.0,2.1,2.0,0.0,1.4,0.0
TC-KARUR-1191,VAL,LOC-IN-KARUR,Karur,Warm-Humid / Tropical,10.957,78.0811,100.0,8,low,residential,50.0,10.0,5.0,3.0,2.0,25.0,270.0,ASM-WALL-LADAKH-IMP-TRAD,ASM-ROOF-WARM-SLAB,ASM-FLOOR-LADAKH-TRAD,0.452,3.476,0.85,8.0,35.67,20.43,45.875,11.324,25.445,880.284,209.813,14.173,True,31.64,SUB_OPTIMAL,0.0,0.9125,0.025,18.3,41.1,0.8391666666666666,8.0,50.0,10.0,5.0,3.0,2.0,1.301,25.0,270.0,8.0,0.0,0.4,345.0,0.452,162.5,3.476,250.0,0.85,0.5,0.0,1.4,0.0
TC-KARUR-1192,VAL,LOC-IN-KARUR,Karur,Warm-Humid / Tropical,10.957,78.0811,100.0,1,medium,emergency,50.0,10.0,5.0,3.0,2.0,25.0,270.0,ASM-WALL-LADAKH-INS-MOD,ASM-ROOF-LADAKH-TRAD,ASM-FLOOR-LADAKH-INS-SLAB,0.314,0.247,0.444,8.0,37.749,20.404,49.532,13.403,29.128,907.416,102.711,33.257,True,53.06,SUB_OPTIMAL,0.0,0.9125,0.025,18.3,41.1,0.8391666666666666,1.0,50.0,10.0,5.0,3.0,2.0,1.301,25.0,270.0,8.0,0.0,0.4,392.5,0.314,300.0,0.247,180.0,0.444,1.0,0.0,1.4,0.0
TC-KARUR-1193,VAL,LOC-IN-KARUR,Karur,Warm-Humid / Tropical,10.957,78.0811,100.0,2,high,work,50.0,10.0,5.0,3.0,2.0,25.0,270.0,ASM-WALL-LADAKH-INS-MOD,ASM-ROOF-LADAKH-INS-MOD,ASM-FLOOR-WARM-TILED,0.314,0.25,2.1,8.0,31.77,20.408,39.268,7.424,18.86,600.925,120.601,38.688,True,67.17,ACCEPTABLE,0.0,0.9125,0.025,18.3,41.1,0.8391666666666666,2.0,50.0,10.0,5.0,3.0,2.0,1.301,25.0,270.0,8.0,0.0,0.4,392.5,0.314,153.0,0.25,150.0,2.1,2.0,0.0,1.4,0.0
TC-KARUR-1194,VAL,LOC-IN-KARUR,Karur,Warm-Humid / Tropical,10.957,78.0811,100.0,4,low,residential,50.0,10.0,5.0,3.0,2.0,25.0,270.0,ASM-WALL-LADAKH-INS-MOD,ASM-ROOF-WARM-SLAB,ASM-FLOOR-LADAKH-TRAD,0.314,3.476,0.85,8.0,34.479,20.414,43.772,10.133,23.358,846.118,197.922,12.8,True,36.47,SUB_OPTIMAL,0.0,0.9125,0.025,18.3,41.1,0.8391666666666666,4.0,50.0,10.0,5.0,3.0,2.0,1.301,25.0,270.0,8.0,0.0,0.4,392.5,0.314,162.5,3.476,250.0,0.85,0.5,0.0,1.4,0.0
TC-KARUR-1195,VAL,LOC-IN-KARUR,Karur,Warm-Humid / Tropical,10.957,78.0811,100.0,8,medium,emergency,50.0,10.0,5.0,3.0,2.0,25.0,270.0,ASM-WALL-LADAKH-LIGHT-INS,ASM-ROOF-LADAKH-TRAD,ASM-FLOOR-LADAKH-INS-SLAB,0.284,0.247,0.444,8.0,40.919,20.534,68.191,16.573,47.657,770.75,59.66,40.866,True,53.24,SUB_OPTIMAL,0.0,0.9125,0.025,18.3,41.1,0.8391666666666666,8.0,50.0,10.0,5.0,3.0,2.0,1.301,25.0,270.0,8.0,0.0,0.4,152.0,0.284,300.0,0.247,180.0,0.444,1.0,0.0,1.4,0.0
TC-KARUR-1196,VAL,LOC-IN-KARUR,Karur,Warm-Humid / Tropical,10.957,78.0811,100.0,1,high,work,50.0,10.0,5.0,3.0,2.0,25.0,270.0,ASM-WALL-LADAKH-LIGHT-INS,ASM-ROOF-LADAKH-INS-MOD,ASM-FLOOR-WARM-TILED,0.284,0.25,2.1,8.0,32.605,20.412,46.537,8.259,26.125,464.26,95.935,41.655,True,44.42,SUB_OPTIMAL,0.0,0.9125,0.025,18.3,41.1,0.8391666666666666,1.0,50.0,10.0,5.0,3.0,2.0,1.301,25.0,270.0,8.0,0.0,0.4,152.0,0.284,153.0,0.25,150.0,2.1,2.0,0.0,1.4,0.0
TC-KARUR-1197,VAL,LOC-IN-KARUR,Karur,Warm-Humid / Tropical,10.957,78.0811,100.0,2,low,residential,50.0,10.0,5.0,3.0,2.0,25.0,270.0,ASM-WALL-LADAKH-LIGHT-INS,ASM-ROOF-WARM-SLAB,ASM-FLOOR-LADAKH-TRAD,0.284,3.476,0.85,8.0,36.338,20.417,50.704,11.992,30.287,709.452,181.873,14.901,True,21.28,SUB_OPTIMAL,0.0,0.9125,0.025,18.3,41.1,0.8391666666666666,2.0,50.0,10.0,5.0,3.0,2.0,1.301,25.0,270.0,8.0,0.0,0.4,152.0,0.284,162.5,3.476,250.0,0.85,0.5,0.0,1.4,0.0
TC-KARUR-1198,VAL,LOC-IN-KARUR,Karur,Warm-Humid / Tropical,10.957,78.0811,100.0,4,medium,emergency,50.0,10.0,5.0,3.0,2.0,25.0,270.0,ASM-WALL-SHIMLA-COLD,ASM-ROOF-LADAKH-TRAD,ASM-FLOOR-LADAKH-INS-SLAB,0.347,0.247,0.444,8.0,34.689,20.413,43.986,10.344,23.573,839.083,134.048,26.114,True,60.84,ACCEPTABLE,0.0,0.9125,0.025,18.3,41.1,0.8391666666666666,4.0,50.0,10.0,5.0,3.0,2.0,1.301,25.0,270.0,8.0,0.0,0.4,410.0,0.347,300.0,0.247,180.0,0.444,1.0,0.0,1.4,0.0
TC-KARUR-1199,VAL,LOC-IN-KARUR,Karur,Warm-Humid / Tropical,10.957,78.0811,100.0,8,high,work,50.0,10.0,5.0,3.0,2.0,25.0,270.0,ASM-WALL-SHIMLA-COLD,ASM-ROOF-LADAKH-INS-MOD,ASM-FLOOR-WARM-TILED,0.347,0.25,2.1,8.0,29.927,20.425,35.858,5.581,15.433,532.592,127.269,30.743,True,73.01,ACCEPTABLE,0.0,0.9125,0.025,18.3,41.1,0.8391666666666666,8.0,50.0,10.0,5.0,3.0,2.0,1.301,25.0,270.0,8.0,0.0,0.4,410.0,0.347,153.0,0.25,150.0,2.1,2.0,0.0,1.4,0.0
TC-KARUR-1200,VAL,LOC-IN-KARUR,Karur,Warm-Humid / Tropical,10.957,78.0811,100.0,1,low,residential,50.0,10.0,5.0,3.0,2.0,25.0,270.0,ASM-WALL-SHIMLA-COLD,ASM-ROOF-WARM-SLAB,ASM-FLOOR-LADAKH-TRAD,0.347,3.476,0.85,8.0,32.054,20.403,39.541,7.708,19.138,777.785,196.645,10.057,True,44.56,SUB_OPTIMAL,0.0,0.9125,0.025,18.3,41.1,0.8391666666666666,1.0,50.0,10.0,5.0,3.0,2.0,1.301,25.0,270.0,8.0,0.0,0.4,410.0,0.347,162.5,3.476,250.0,0.85,0.5,0.0,1.4,0.0
