datetime,temperature_2m,relativehumidity_2m,apparent_temperature,shortwave_radiation,windspeed_10m,precipitation,pressure_msl
2026-01-01T00:00,14.0,88,13.7,0.0,6.6,0.0,1012.2
2026-01-01T01:00,13.0,95,12.9,0.0,5.3,0.0,1012.2
2026-01-01T02:00,12.5,97,12.4,0.0,4.7,0.0,1012.1
2026-01-01T03:00,12.3,97,12.1,0.0,5.7,0.0,1012.2
2026-01-01T04:00,12.2,99,12.0,0.0,4.8,0.2,1012.6
2026-01-01T05:00,12.7,99,12.4,0.0,7.3,1.4,1012.7
2026-01-01T06:00,12.7,100,12.7,0.0,5.5,0.8,1013.2
2026-01-01T07:00,12.6,100,12.5,1.0,6.3,0.2,1013.7
2026-01-01T08:00,13.0,97,13.1,36.0,4.8,0.0,1015.1
2026-01-01T09:00,13.9,94,14.1,98.0,4.3,0.0,1016.2
2026-01-01T10:00,15.3,85,15.6,206.0,4.4,0.0,1016.6
2026-01-01T11:00,15.9,82,16.5,418.0,2.2,0.0,1016.6
2026-01-01T12:00,18.2,72,18.8,506.0,2.3,0.0,1015.3
2026-01-01T13:00,19.1,68,19.9,498.0,1.3,0.0,1014.4
2026-01-01T14:00,19.4,67,20.1,394.0,1.4,0.0,1014.1
2026-01-01T15:00,19.3,65,19.8,233.0,2.3,0.0,1013.7
2026-01-01T16:00,19.0,65,19.1,133.0,4.0,0.0,1013.3
2026-01-01T17:00,17.7,79,18.9,56.0,0.7,0.0,1013.6
2026-01-01T18:00,16.1,87,16.8,1.0,3.3,0.4,1014.5
2026-01-01T19:00,14.7,92,15.4,0.0,2.8,0.0,1015.1
2026-01-01T20:00,14.1,96,14.5,0.0,5.3,0.0,1015.9
2026-01-01T21:00,13.3,97,13.6,0.0,4.3,0.0,1016.4
2026-01-01T22:00,12.8,98,12.6,0.0,7.2,0.0,1016.9
2026-01-01T23:00,13.5,97,13.3,0.0,7.8,0.0,1016.7
2026-01-02T00:00,13.0,99,12.6,0.0,8.7,0.0,1016.7
2026-01-02T01:00,12.6,100,12.1,0.0,8.4,0.0,1016.8
2026-01-02T02:00,12.3,100,11.6,0.0,9.1,0.0,1016.9
2026-01-02T03:00,12.0,100,11.2,0.0,9.6,0.0,1017.0
2026-01-02T04:00,11.8,99,11.0,0.0,8.8,0.0,1016.9
2026-01-02T05:00,12.5,98,12.0,0.0,7.7,0.0,1017.4
2026-01-02T06:00,12.5,96,12.2,0.0,5.9,0.0,1017.8
2026-01-02T07:00,12.3,96,12.0,1.0,5.2,0.0,1018.6
2026-01-02T08:00,12.9,90,12.6,65.0,5.0,0.0,1019.5
2026-01-02T09:00,13.9,83,13.7,223.0,3.2,0.0,1020.3
2026-01-02T10:00,15.3,73,15.4,401.0,0.7,0.0,1020.5
2026-01-02T11:00,16.1,67,15.7,524.0,2.9,0.0,1020.0
2026-01-02T12:00,17.3,60,16.8,597.0,4.3,0.0,1019.1
2026-01-02T13:00,18.2,53,17.3,615.0,5.8,0.0,1018.4
2026-01-02T14:00,18.6,49,17.0,558.0,6.2,0.0,1017.7
2026-01-02T15:00,18.6,47,16.9,432.0,6.2,0.0,1017.5
2026-01-02T16:00,18.0,48,16.2,261.0,6.0,0.0,1017.3
2026-01-02T17:00,16.4,63,15.4,86.0,5.3,0.0,1017.3
2026-01-02T18:00,15.0,67,13.5,1.0,8.3,0.0,1017.8
2026-01-02T19:00,14.1,69,12.6,0.0,6.8,0.0,1018.4
2026-01-02T20:00,13.4,70,11.6,0.0,8.1,0.0,1018.9
2026-01-02T21:00,12.1,77,10.2,0.0,10.1,0.0,1019.6
2026-01-02T22:00,11.2,87,9.6,0.0,9.7,0.0,1019.7
2026-01-02T23:00,10.8,93,9.4,0.0,8.9,0.0,1019.5
2026-01-03T00:00,10.7,92,9.4,0.0,7.7,0.0,1019.2
2026-01-03T01:00,10.3,93,8.9,0.0,7.5,0.0,1019.2
2026-01-03T02:00,9.7,94,8.5,0.0,6.3,0.0,1019.0
2026-01-03T03:00,9.1,96,7.8,0.0,6.4,0.0,1018.7
2026-01-03T04:00,8.7,97,7.4,0.0,5.9,0.0,1018.3
2026-01-03T05:00,8.2,99,6.9,0.0,5.6,0.0,1018.6
2026-01-03T06:00,8.0,100,6.8,0.0,4.4,0.0,1018.9
2026-01-03T07:00,7.2,100,6.0,1.0,2.9,0.0,1019.5
2026-01-03T08:00,8.9,99,8.1,73.0,2.6,0.0,1020.3
2026-01-03T09:00,11.1,93,10.8,227.0,1.9,0.0,1021.3
2026-01-03T10:00,13.4,82,12.7,399.0,4.8,0.0,1021.5
2026-01-03T11:00,14.0,79,13.2,512.0,6.1,0.0,1021.0
2026-01-03T12:00,15.4,69,14.5,506.0,5.3,0.0,1019.9
2026-01-03T13:00,16.1,63,15.2,561.0,5.2,0.0,1018.8
2026-01-03T14:00,16.5,61,15.6,540.0,4.3,0.0,1017.9
2026-01-03T15:00,16.6,61,15.9,421.0,2.9,0.0,1017.5
2026-01-03T16:00,16.3,62,15.7,257.0,2.2,0.0,1017.6
2026-01-03T17:00,14.7,77,14.6,86.0,2.3,0.0,1017.6
2026-01-03T18:00,13.4,82,13.0,2.0,3.3,0.0,1018.0
2026-01-03T19:00,12.8,83,12.5,0.0,1.7,0.0,1018.6
2026-01-03T20:00,12.4,82,12.0,0.0,1.1,0.0,1019.3
2026-01-03T21:00,11.9,82,11.5,0.0,0.9,0.0,1019.7
2026-01-03T22:00,10.7,89,9.9,0.0,2.8,0.0,1019.9
2026-01-03T23:00,10.1,93,8.9,0.0,6.2,0.0,1019.9
2026-01-04T00:00,10.0,93,8.6,0.0,7.0,0.0,1019.7
2026-01-04T01:00,9.7,94,8.3,0.0,7.0,0.0,1019.6
2026-01-04T02:00,9.2,94,7.9,0.0,6.0,0.0,1019.4
2026-01-04T03:00,8.7,94,7.3,0.0,5.6,0.0,1019.4
2026-01-04T04:00,8.4,95,6.9,0.0,5.3,0.0,1019.2
2026-01-04T05:00,8.0,98,6.9,0.0,3.0,0.0,1019.4
2026-01-04T06:00,8.2,97,7.1,0.0,3.1,0.0,1019.6
2026-01-04T07:00,7.2,98,5.9,1.0,3.3,0.0,1020.5
2026-01-04T08:00,9.4,96,8.4,80.0,4.3,0.0,1021.4
2026-01-04T09:00,11.8,88,11.4,252.0,2.4,0.0,1022.1
2026-01-04T10:00,13.9,80,13.8,427.0,1.9,0.0,1022.3
2026-01-04T11:00,14.8,69,14.4,555.0,1.3,0.0,1022.2
2026-01-04T12:00,16.2,63,15.8,577.0,2.3,0.0,1021.2
2026-01-04T13:00,16.9,61,16.8,609.0,2.3,0.0,1020.1
2026-01-04T14:00,17.3,60,16.8,550.0,2.4,0.0,1019.6
2026-01-04T15:00,17.3,60,16.8,425.0,2.7,0.0,1019.0
2026-01-04T16:00,16.9,63,16.2,259.0,3.7,0.0,1018.8
2026-01-04T17:00,15.4,72,14.8,87.0,5.0,0.0,1018.9
2026-01-04T18:00,13.8,81,13.3,2.0,4.0,0.0,1019.5
2026-01-04T19:00,12.7,85,12.4,0.0,2.3,0.0,1020.3
2026-01-04T20:00,12.0,87,11.8,0.0,1.3,0.0,1021.0
2026-01-04T21:00,11.6,87,11.4,0.0,0.6,0.0,1021.5
2026-01-04T22:00,11.3,87,10.9,0.0,0.9,0.0,1021.5
2026-01-04T23:00,11.2,87,10.8,0.0,1.0,0.0,1021.3
2026-01-05T00:00,10.2,91,9.6,0.0,2.2,0.0,1021.0
2026-01-05T01:00,9.4,94,8.3,0.0,4.4,0.0,1021.1
2026-01-05T02:00,8.7,95,7.2,0.0,6.4,0.0,1021.1
2026-01-05T03:00,8.2,96,6.6,0.0,6.9,0.0,1021.0
2026-01-05T04:00,8.0,96,6.3,0.0,7.1,0.0,1021.0
2026-01-05T05:00,7.9,97,6.3,0.0,6.6,0.0,1021.6
2026-01-05T06:00,7.7,97,6.2,0.0,5.5,0.0,1022.2
2026-01-05T07:00,7.0,98,5.5,1.0,4.7,0.0,1022.9
2026-01-05T08:00,9.0,95,7.7,79.0,5.3,0.0,1023.7
2026-01-05T09:00,11.2,87,10.5,252.0,3.4,0.0,1024.3
2026-01-05T10:00,13.4,77,12.5,423.0,5.0,0.0,1024.4
2026-01-05T11:00,14.3,75,13.5,553.0,5.4,0.0,1024.0
2026-01-05T12:00,15.5,70,15.3,622.0,4.7,0.0,1022.8
2026-01-05T13:00,16.5,64,16.3,625.0,4.2,0.0,1021.7
2026-01-05T14:00,17.1,61,16.6,561.0,2.7,0.0,1020.9
2026-01-05T15:00,17.2,59,16.7,430.0,1.7,0.0,1020.3
2026-01-05T16:00,16.8,61,16.4,207.0,1.1,0.0,1020.0
2026-01-05T17:00,15.9,74,15.9,72.0,2.0,0.0,1019.9
2026-01-05T18:00,14.3,74,14.1,2.0,0.9,0.0,1020.1
2026-01-05T19:00,13.2,78,13.0,0.0,0.4,0.0,1020.4
2026-01-05T20:00,12.4,82,12.1,0.0,0.4,0.0,1020.7
2026-01-05T21:00,11.7,87,11.3,0.0,1.8,0.0,1020.8
2026-01-05T22:00,10.9,91,10.0,0.0,4.8,0.0,1020.8
2026-01-05T23:00,10.6,91,9.6,0.0,5.1,0.0,1020.9
2026-01-06T00:00,10.5,91,9.3,0.0,6.5,0.0,1020.8
2026-01-06T01:00,10.1,92,9.1,0.0,5.2,0.0,1020.7
2026-01-06T02:00,9.4,94,8.4,0.0,4.5,0.0,1020.5
2026-01-06T03:00,9.1,95,7.6,0.0,6.6,0.0,1020.5
2026-01-06T04:00,8.8,95,7.3,0.0,6.3,0.0,1020.3
2026-01-06T05:00,8.6,96,7.2,0.0,5.5,0.0,1020.6
2026-01-06T06:00,7.2,97,5.7,0.0,4.5,0.0,1021.1
2026-01-06T07:00,7.0,97,5.5,1.0,3.9,0.0,1022.0
2026-01-06T08:00,9.3,94,8.0,80.0,6.0,0.0,1022.7
2026-01-06T09:00,12.2,86,11.6,256.0,4.0,0.0,1023.4
2026-01-06T10:00,14.4,75,13.8,429.0,4.3,0.0,1023.4
2026-01-06T11:00,15.0,72,14.6,559.0,3.6,0.0,1023.2
2026-01-06T12:00,16.2,64,16.2,629.0,2.2,0.0,1022.2
2026-01-06T13:00,17.1,56,16.9,632.0,1.9,0.0,1021.0
2026-01-06T14:00,17.7,51,16.7,568.0,2.4,0.0,1020.4
2026-01-06T15:00,17.7,50,16.5,442.0,3.1,0.0,1019.9
2026-01-06T16:00,17.2,52,16.1,272.0,3.1,0.0,1019.7
2026-01-06T17:00,15.2,70,14.5,94.0,3.9,0.0,1020.0
2026-01-06T18:00,13.4,74,12.4,2.0,4.7,0.0,1020.5
2026-01-06T19:00,12.9,74,12.0,0.0,3.1,0.0,1021.2
2026-01-06T20:00,12.1,78,10.6,0.0,7.2,0.0,1021.7
2026-01-06T21:00,11.3,83,9.9,0.0,6.8,0.0,1022.2
2026-01-06T22:00,10.6,88,9.2,0.0,6.9,0.0,1022.4
2026-01-06T23:00,10.2,92,8.8,0.0,7.4,0.0,1022.3
2026-01-07T00:00,9.7,94,8.2,0.0,7.9,0.0,1022.2
2026-01-07T01:00,9.3,95,7.8,0.0,7.0,0.0,1022.4
2026-01-07T02:00,8.5,96,7.1,0.0,5.6,0.0,1022.2
2026-01-07T03:00,8.3,97,6.7,0.0,7.0,0.0,1021.9
2026-01-07T04:00,8.3,97,6.4,0.0,8.7,0.0,1021.8
2026-01-07T05:00,8.2,98,6.4,0.0,8.7,0.0,1022.1
2026-01-07T06:00,7.9,99,6.4,0.0,6.0,0.0,1022.3
2026-01-07T07:00,7.2,100,5.8,1.0,4.9,0.0,1023.0
2026-01-07T08:00,8.5,99,7.2,73.0,6.0,0.0,1023.7
2026-01-07T09:00,10.4,95,9.6,207.0,5.1,0.0,1024.5
2026-01-07T10:00,12.5,88,12.2,362.0,3.5,0.0,1024.9
2026-01-07T11:00,14.2,75,13.6,543.0,3.5,0.0,1024.3
2026-01-07T12:00,15.4,70,15.3,583.0,2.3,0.0,1023.2
2026-01-07T13:00,16.3,66,16.1,583.0,2.4,0.0,1022.0
2026-01-07T14:00,17.0,63,16.6,546.0,3.0,0.0,1021.1
2026-01-07T15:00,17.3,60,16.7,440.0,3.3,0.0,1020.6
2026-01-07T16:00,17.1,60,16.3,272.0,4.0,0.0,1020.3
2026-01-07T17:00,15.2,75,15.0,94.0,3.1,0.0,1020.3
2026-01-07T18:00,13.5,78,12.8,3.0,4.4,0.0,1020.6
2026-01-07T19:00,12.5,79,10.9,0.0,8.7,0.0,1021.5
2026-01-07T20:00,11.2,81,9.3,0.0,9.0,0.0,1022.6
2026-01-07T21:00,10.2,84,8.3,0.0,8.6,0.0,1023.1
2026-01-07T22:00,9.4,89,7.5,0.0,8.6,0.0,1023.2
2026-01-07T23:00,9.0,93,7.1,0.0,8.7,0.0,1023.3
2026-01-08T00:00,8.5,96,6.8,0.0,7.6,0.0,1022.9
2026-01-08T01:00,8.0,97,6.3,0.0,7.5,0.0,1022.7
2026-01-08T02:00,7.6,97,5.7,0.0,8.1,0.0,1022.7
2026-01-08T03:00,7.1,97,5.0,0.0,8.1,0.0,1022.5
2026-01-08T04:00,6.4,99,4.5,0.0,6.4,0.0,1022.4
2026-01-08T05:00,6.5,100,4.5,0.0,7.7,0.0,1023.0
2026-01-08T06:00,6.5,100,4.5,0.0,7.5,0.0,1023.3
2026-01-08T07:00,6.4,100,4.3,1.0,7.9,0.0,1024.0
2026-01-08T08:00,6.8,98,4.7,57.0,7.7,0.0,1024.7
2026-01-08T09:00,8.3,94,6.7,187.0,6.8,0.0,1025.1
2026-01-08T10:00,11.3,80,10.0,418.0,5.5,0.0,1024.9
2026-01-08T11:00,13.3,70,11.9,561.0,5.8,0.0,1024.4
2026-01-08T12:00,15.2,60,14.0,630.0,6.5,0.0,1022.9
2026-01-08T13:00,16.5,53,15.1,633.0,7.2,0.0,1021.5
2026-01-08T14:00,17.0,51,15.1,569.0,7.9,0.0,1020.6
2026-01-08T15:00,16.9,51,14.8,442.0,8.6,0.0,1019.9
2026-01-08T16:00,16.1,55,14.0,273.0,8.5,0.0,1019.9
2026-01-08T17:00,14.3,64,12.3,96.0,9.2,0.0,1019.9
2026-01-08T18:00,12.3,76,10.4,3.0,9.8,0.0,1020.3
2026-01-08T19:00,11.2,83,9.3,0.0,10.4,0.0,1021.1
2026-01-08T20:00,10.5,86,8.5,0.0,10.4,0.0,1021.7
2026-01-08T21:00,9.9,89,7.9,0.0,10.1,0.0,1021.9
2026-01-08T22:00,9.5,90,7.4,0.0,10.4,0.0,1021.7
2026-01-08T23:00,9.2,88,7.0,0.0,10.2,0.0,1021.5
2026-01-09T00:00,9.0,89,6.9,0.0,9.5,0.0,1021.0
2026-01-09T01:00,8.8,91,6.7,0.0,9.5,0.0,1021.0
2026-01-09T02:00,8.6,91,6.4,0.0,10.2,0.0,1020.8
2026-01-09T03:00,8.5,90,6.3,0.0,9.8,0.0,1020.6
2026-01-09T04:00,8.4,90,6.1,0.0,9.6,0.0,1020.1
2026-01-09T05:00,8.3,92,5.6,0.0,12.6,4.3,1021.0
2026-01-09T06:00,8.7,87,6.0,0.0,12.5,3.5,1020.8
2026-01-09T07:00,8.4,85,5.6,1.0,12.5,0.0,1021.6
2026-01-09T08:00,9.1,86,6.7,76.0,10.7,0.0,1022.2
2026-01-09T09:00,11.0,81,9.0,246.0,9.8,0.0,1022.9
2026-01-09T10:00,13.1,76,11.3,418.0,10.2,0.0,1022.9
2026-01-09T11:00,14.4,70,12.6,549.0,10.5,0.0,1022.6
2026-01-09T12:00,15.8,65,14.6,622.0,9.8,0.0,1021.5
2026-01-09T13:00,16.7,63,15.7,628.0,9.4,0.0,1020.5
2026-01-09T14:00,17.0,63,15.8,565.0,8.5,0.0,1019.7
2026-01-09T15:00,17.0,64,15.8,442.0,8.1,0.0,1019.2
2026-01-09T16:00,16.3,67,15.1,274.0,8.3,0.0,1019.1
2026-01-09T17:00,15.0,72,13.9,98.0,7.3,0.0,1019.1
2026-01-09T18:00,13.4,78,12.2,3.0,7.2,0.0,1019.5
2026-01-09T19:00,12.2,81,10.9,0.0,7.0,0.0,1020.2
2026-01-09T20:00,11.5,82,10.0,0.0,7.7,0.0,1020.7
2026-01-09T21:00,10.9,83,9.3,0.0,8.0,0.0,1020.8
2026-01-09T22:00,10.4,85,8.7,0.0,7.9,0.0,1020.7
2026-01-09T23:00,9.8,87,8.0,0.0,8.5,0.0,1020.5
2026-01-10T00:00,9.5,88,7.7,0.0,8.2,0.0,1020.1
2026-01-10T01:00,9.3,88,7.3,0.0,8.7,0.0,1019.8
2026-01-10T02:00,9.1,88,7.1,0.0,8.2,0.0,1019.8
2026-01-10T03:00,8.8,87,6.6,0.0,8.8,0.0,1019.6
2026-01-10T04:00,8.4,87,6.1,0.0,9.1,0.0,1019.4
2026-01-10T05:00,8.2,88,6.0,0.0,9.2,0.0,1019.6
2026-01-10T06:00,8.0,90,5.9,0.0,8.5,0.0,1019.8
2026-01-10T07:00,7.8,91,5.7,1.0,8.2,0.0,1020.5
2026-01-10T08:00,9.1,89,7.1,79.0,8.7,0.0,1021.1
2026-01-10T09:00,11.9,80,10.7,253.0,5.7,0.0,1021.8
2026-01-10T10:00,14.7,67,13.5,426.0,5.7,0.0,1021.9
2026-01-10T11:00,16.6,62,15.7,557.0,4.9,0.0,1021.1
2026-01-10T12:00,17.9,59,17.9,631.0,3.4,0.0,1020.0
2026-01-10T13:00,18.8,57,19.0,636.0,2.6,0.0,1018.8
2026-01-10T14:00,19.3,56,19.2,572.0,2.3,0.0,1018.1
2026-01-10T15:00,19.4,56,19.2,447.0,2.3,0.0,1017.8
2026-01-10T16:00,19.0,59,18.9,278.0,2.3,0.0,1017.8
2026-01-10T17:00,17.1,72,17.3,100.0,2.6,0.0,1017.8
2026-01-10T18:00,15.6,75,15.1,3.0,5.4,0.0,1018.8
2026-01-10T19:00,14.7,74,13.5,0.0,8.1,0.0,1019.5
2026-01-10T20:00,13.2,77,11.3,0.0,11.2,0.0,1020.2
2026-01-10T21:00,11.9,78,9.7,0.0,11.7,0.0,1021.2
2026-01-10T22:00,11.2,77,8.8,0.0,11.6,0.0,1021.8
2026-01-10T23:00,10.8,76,8.3,0.0,11.2,0.0,1021.8
2026-01-11T00:00,10.5,74,7.9,0.0,10.6,0.0,1021.7
2026-01-11T01:00,10.1,74,7.5,0.0,10.1,0.0,1021.8
2026-01-11T02:00,9.6,76,7.0,0.0,10.0,0.0,1021.6
2026-01-11T03:00,9.3,77,6.7,0.0,9.9,0.0,1021.3
2026-01-11T04:00,8.9,77,6.3,0.0,9.5,0.0,1021.2
2026-01-11T05:00,8.6,75,5.8,0.0,9.5,0.0,1021.4
2026-01-11T06:00,8.3,75,5.6,0.0,8.9,0.0,1021.8
2026-01-11T07:00,8.0,76,5.3,1.0,8.6,0.0,1022.6
2026-01-11T08:00,9.0,75,6.4,80.0,9.2,0.0,1023.4
2026-01-11T09:00,11.5,71,9.7,257.0,5.3,0.0,1024.0
2026-01-11T10:00,14.5,57,12.9,433.0,4.5,0.0,1024.8
2026-01-11T11:00,16.6,47,14.9,567.0,4.0,0.0,1023.9
2026-01-11T12:00,17.9,48,17.2,642.0,2.4,0.0,1022.9
2026-01-11T13:00,18.8,48,18.7,648.0,0.9,0.0,1021.7
2026-01-11T14:00,19.4,49,19.1,584.0,0.5,0.0,1020.8
2026-01-11T15:00,19.6,48,19.0,458.0,1.0,0.0,1020.3
2026-01-11T16:00,19.4,49,18.7,286.0,1.7,0.0,1020.1
2026-01-11T17:00,17.7,64,17.6,105.0,1.7,0.0,1019.9
2026-01-11T18:00,15.4,70,14.7,4.0,4.5,0.0,1020.7
2026-01-11T19:00,13.9,71,12.4,0.0,8.3,0.0,1021.5
2026-01-11T20:00,12.3,72,10.4,0.0,8.1,0.0,1021.8
2026-01-11T21:00,11.1,73,8.9,0.0,8.4,0.0,1022.1
2026-01-11T22:00,10.3,73,8.0,0.0,8.1,0.0,1022.1
2026-01-11T23:00,9.8,74,7.6,0.0,7.6,0.0,1021.8
2026-01-12T00:00,9.6,75,7.5,0.0,6.2,0.0,1021.7
2026-01-12T01:00,9.2,76,7.3,0.0,5.0,0.0,1021.4
2026-01-12T02:00,8.8,78,7.0,0.0,4.1,0.0,1021.2
2026-01-12T03:00,8.4,79,6.6,0.0,3.7,0.0,1021.0
2026-01-12T04:00,8.0,79,6.2,0.0,3.6,0.0,1020.5
2026-01-12T05:00,7.9,76,5.8,0.0,4.2,0.0,1020.6
2026-01-12T06:00,7.6,78,5.5,0.0,4.0,0.0,1021.3
2026-01-12T07:00,7.4,77,5.2,1.0,4.5,0.0,1022.0
2026-01-12T08:00,9.1,71,6.9,81.0,5.7,0.0,1022.7
2026-01-12T09:00,12.2,63,10.5,258.0,3.6,0.0,1023.2
2026-01-12T10:00,14.9,56,13.3,434.0,4.1,0.0,1023.5
2026-01-12T11:00,16.8,52,15.2,568.0,5.9,0.0,1023.1
2026-01-12T12:00,18.4,50,17.4,645.0,6.3,0.0,1022.1
2026-01-12T13:00,19.3,49,18.6,651.0,6.1,0.0,1021.2
2026-01-12T14:00,19.9,49,19.0,588.0,5.3,0.0,1020.4
2026-01-12T15:00,19.9,50,18.9,463.0,5.2,0.0,1020.0
2026-01-12T16:00,19.4,52,18.4,292.0,5.5,0.0,1019.6
2026-01-12T17:00,17.6,68,17.5,108.0,3.5,0.0,1019.7
2026-01-12T18:00,15.8,72,15.3,4.0,4.5,0.0,1020.6
2026-01-12T19:00,14.9,75,14.2,0.0,5.7,0.0,1021.3
2026-01-12T20:00,13.9,77,12.5,0.0,8.9,0.0,1022.0
2026-01-12T21:00,12.9,79,11.5,0.0,8.5,0.0,1022.1
2026-01-12T22:00,11.9,84,10.3,0.0,9.3,0.0,1022.5
2026-01-12T23:00,11.0,86,9.4,0.0,8.9,0.0,1022.6
2026-01-13T00:00,10.6,86,8.8,0.0,8.7,0.0,1022.6
2026-01-13T01:00,10.2,86,8.4,0.0,8.4,0.0,1022.4
2026-01-13T02:00,9.9,86,8.2,0.0,7.9,0.0,1022.0
2026-01-13T03:00,9.7,86,7.9,0.0,7.3,0.0,1021.9
2026-01-13T04:00,9.3,87,7.6,0.0,6.9,0.0,1021.3
2026-01-13T05:00,8.8,87,7.2,0.0,5.4,0.0,1021.2
2026-01-13T06:00,9.0,86,7.5,0.0,5.0,0.0,1021.4
2026-01-13T07:00,8.4,88,7.0,1.0,3.9,0.0,1022.0
2026-01-13T08:00,10.2,82,8.8,82.0,4.8,0.0,1022.5
2026-01-13T09:00,13.2,73,12.3,262.0,2.8,0.0,1023.0
2026-01-13T10:00,15.9,63,15.0,439.0,3.5,0.0,1023.1
2026-01-13T11:00,18.2,55,17.4,573.0,4.6,0.0,1022.4
2026-01-13T12:00,20.0,49,19.7,648.0,4.7,0.0,1021.2
2026-01-13T13:00,21.1,45,20.8,654.0,3.7,0.0,1019.7
2026-01-13T14:00,21.7,40,20.6,591.0,4.4,0.0,1018.6
2026-01-13T15:00,21.8,37,19.9,466.0,6.5,0.0,1017.9
2026-01-13T16:00,21.1,41,19.3,295.0,7.1,0.0,1017.7
2026-01-13T17:00,19.1,57,18.5,110.0,4.7,0.0,1017.6
2026-01-13T18:00,17.0,66,16.6,5.0,4.2,0.0,1017.9
2026-01-13T19:00,16.2,68,16.1,0.0,1.5,0.0,1018.1
2026-01-13T20:00,14.6,73,14.1,0.0,2.7,0.0,1018.2
2026-01-13T21:00,14.4,70,14.0,0.0,0.8,0.0,1018.3
2026-01-13T22:00,13.4,73,12.9,0.0,1.3,0.0,1018.4
2026-01-13T23:00,12.3,78,11.0,0.0,6.1,0.0,1018.4
2026-01-14T00:00,11.1,87,9.9,0.0,6.0,0.0,1017.8
2026-01-14T01:00,10.8,89,9.5,0.0,6.7,0.0,1017.4
2026-01-14T02:00,10.6,90,9.4,0.0,6.2,0.0,1017.2
2026-01-14T03:00,10.5,90,9.3,0.0,5.9,0.0,1016.8
2026-01-14T04:00,10.2,90,8.9,0.0,5.8,0.0,1016.4
2026-01-14T05:00,9.3,92,8.3,0.0,3.8,0.0,1016.7
2026-01-14T06:00,8.9,93,7.8,0.0,3.0,0.0,1017.0
2026-01-14T07:00,8.7,92,7.7,1.0,2.3,0.0,1017.7
2026-01-14T08:00,10.7,87,9.9,82.0,3.4,0.0,1018.3
2026-01-14T09:00,14.7,76,14.3,262.0,3.3,0.0,1019.0
2026-01-14T10:00,17.3,64,16.8,440.0,4.1,0.0,1019.2
2026-01-14T11:00,19.1,59,18.7,576.0,5.7,0.0,1018.6
2026-01-14T12:00,20.6,48,19.9,652.0,6.9,0.0,1017.6
2026-01-14T13:00,21.2,41,20.2,661.0,7.3,0.0,1016.2
2026-01-14T14:00,21.5,39,19.9,600.0,6.8,0.0,1015.5
2026-01-14T15:00,21.5,38,19.6,475.0,6.6,0.0,1015.2
2026-01-14T16:00,20.9,40,19.2,302.0,5.9,0.0,1015.2
2026-01-14T17:00,18.8,58,18.3,115.0,3.9,0.0,1015.4
2026-01-14T18:00,17.1,54,15.5,5.0,6.1,0.0,1016.0
2026-01-14T19:00,16.1,54,14.3,0.0,6.9,0.0,1016.7
2026-01-14T20:00,15.3,54,13.2,0.0,7.3,0.0,1017.4
2026-01-14T21:00,14.3,57,12.3,0.0,6.3,0.0,1017.9
2026-01-14T22:00,13.7,58,11.3,0.0,8.7,0.0,1018.3
2026-01-14T23:00,12.2,67,10.0,0.0,8.2,0.0,1018.3
2026-01-15T00:00,10.9,72,8.8,0.0,7.3,0.0,1017.8
2026-01-15T01:00,10.2,75,8.1,0.0,7.8,0.0,1017.5
2026-01-15T02:00,9.7,76,7.7,0.0,6.4,0.0,1017.4
2026-01-15T03:00,9.1,78,7.2,0.0,5.1,0.0,1017.2
2026-01-15T04:00,8.6,79,6.7,0.0,4.8,0.0,1016.9
2026-01-15T05:00,8.3,79,6.4,0.0,4.7,0.0,1017.3
2026-01-15T06:00,8.0,79,6.2,0.0,3.8,0.0,1017.7
2026-01-15T07:00,8.0,78,6.2,1.0,3.1,0.0,1018.4
2026-01-15T08:00,9.9,73,8.3,85.0,2.7,0.0,1019.1
2026-01-15T09:00,14.1,68,13.6,271.0,0.5,0.0,1019.8
2026-01-15T10:00,16.9,50,15.6,453.0,2.4,0.0,1020.0
2026-01-15T11:00,18.6,46,17.6,589.0,3.2,0.0,1019.6
2026-01-15T12:00,20.4,39,19.6,664.0,3.8,0.0,1018.8
2026-01-15T13:00,21.4,35,20.5,669.0,3.6,0.0,1017.6
2026-01-15T14:00,22.0,33,20.7,606.0,2.8,0.0,1016.3
2026-01-15T15:00,22.2,32,20.4,480.0,2.7,0.0,1015.8
2026-01-15T16:00,21.7,34,20.1,306.0,2.8,0.0,1015.8
2026-01-15T17:00,19.7,53,19.3,117.0,2.3,0.0,1015.7
2026-01-15T18:00,17.6,57,16.9,6.0,2.5,0.0,1016.3
2026-01-15T19:00,16.2,61,15.5,0.0,1.9,0.0,1017.0
2026-01-15T20:00,15.1,62,14.3,0.0,1.0,0.0,1017.3
2026-01-15T21:00,14.1,62,13.3,0.0,0.5,0.0,1017.7
2026-01-15T22:00,12.7,64,11.3,0.0,2.9,0.0,1017.7
2026-01-15T23:00,12.1,68,10.9,0.0,1.3,0.0,1017.7
2026-01-16T00:00,11.3,73,10.2,0.0,1.1,0.0,1017.2
2026-01-16T01:00,11.0,73,9.8,0.0,2.2,0.0,1016.7
2026-01-16T02:00,11.2,70,9.7,0.0,2.9,0.0,1016.4
2026-01-16T03:00,11.1,69,9.5,0.0,3.4,0.0,1016.3
2026-01-16T04:00,10.6,72,9.0,0.0,3.8,0.0,1016.2
2026-01-16T05:00,10.8,69,9.3,0.0,2.2,0.0,1016.5
2026-01-16T06:00,10.5,71,9.0,0.0,2.7,0.0,1016.9
2026-01-16T07:00,9.9,76,8.1,1.0,4.9,0.0,1017.5
2026-01-16T08:00,12.1,71,10.2,84.0,7.2,0.0,1018.2
2026-01-16T09:00,15.3,63,13.9,268.0,6.1,0.0,1018.9
2026-01-16T10:00,17.8,54,16.6,449.0,5.6,0.0,1019.1
2026-01-16T11:00,19.9,48,18.9,587.0,5.5,0.0,1018.3
2026-01-16T12:00,21.8,38,20.9,663.0,5.6,0.0,1016.9
2026-01-16T13:00,23.0,33,22.0,670.0,4.5,0.0,1015.7
2026-01-16T14:00,23.6,30,22.2,607.0,3.8,0.0,1014.7
2026-01-16T15:00,23.7,30,21.9,481.0,4.1,0.0,1014.4
2026-01-16T16:00,22.9,34,21.2,304.0,5.1,0.0,1014.2
2026-01-16T17:00,20.8,48,19.8,117.0,5.3,0.0,1014.3
2026-01-16T18:00,18.2,60,17.6,6.0,4.6,0.0,1014.5
2026-01-16T19:00,17.0,63,16.3,0.0,3.9,0.0,1015.1
2026-01-16T20:00,15.6,66,14.6,0.0,5.3,0.0,1015.4
2026-01-16T21:00,14.5,73,13.6,0.0,5.4,0.0,1015.9
2026-01-16T22:00,13.6,75,12.7,0.0,4.9,0.0,1015.8
2026-01-16T23:00,12.4,81,11.5,0.0,5.1,0.0,1016.1
2026-01-17T00:00,11.4,83,10.4,0.0,4.3,0.0,1015.6
2026-01-17T01:00,11.0,85,9.9,0.0,4.5,0.0,1015.4
2026-01-17T02:00,10.3,89,9.3,0.0,4.2,0.0,1015.1
2026-01-17T03:00,10.3,89,9.3,0.0,4.2,0.0,1015.0
2026-01-17T04:00,10.4,89,9.4,0.0,4.8,0.0,1014.7
2026-01-17T05:00,9.6,89,8.4,0.0,3.7,0.0,1014.7
2026-01-17T06:00,9.6,87,8.5,0.0,2.9,0.0,1015.2
2026-01-17T07:00,9.8,85,8.8,1.0,1.9,0.0,1015.7
2026-01-17T08:00,12.4,76,11.4,84.0,3.1,0.0,1016.4
2026-01-17T09:00,15.4,69,14.8,267.0,3.4,0.0,1017.0
2026-01-17T10:00,18.4,55,17.7,447.0,3.4,0.0,1017.2
2026-01-17T11:00,20.6,48,19.8,584.0,5.1,0.0,1016.6
2026-01-17T12:00,22.4,43,22.0,660.0,5.8,0.0,1015.8
2026-01-17T13:00,23.4,39,22.9,667.0,5.8,0.0,1014.4
2026-01-17T14:00,23.9,36,22.8,606.0,5.4,0.0,1013.1
2026-01-17T15:00,23.9,35,22.4,482.0,5.6,0.0,1012.4
2026-01-17T16:00,23.2,37,21.8,310.0,5.8,0.0,1012.0
2026-01-17T17:00,21.0,55,20.9,121.0,4.1,0.0,1012.1
2026-01-17T18:00,19.1,60,18.8,7.0,4.3,0.0,1012.0
2026-01-17T19:00,17.6,65,17.2,0.0,4.5,0.0,1012.2
2026-01-17T20:00,16.4,68,15.7,0.0,5.4,0.0,1012.5
2026-01-17T21:00,15.4,72,14.8,0.0,5.3,0.0,1012.6
2026-01-17T22:00,14.5,76,14.1,0.0,3.4,0.0,1012.7
2026-01-17T23:00,13.7,80,13.3,0.0,3.7,0.0,1012.7
2026-01-18T00:00,13.2,82,12.5,0.0,4.6,0.0,1012.4
2026-01-18T01:00,12.6,85,11.8,0.0,5.8,0.0,1012.0
2026-01-18T02:00,12.4,86,11.4,0.0,6.9,0.0,1011.4
2026-01-18T03:00,12.2,88,11.0,0.0,8.3,0.0,1011.0
2026-01-18T04:00,12.0,90,11.1,0.0,7.2,0.0,1010.6
2026-01-18T05:00,11.7,92,10.8,0.0,6.9,0.0,1010.6
2026-01-18T06:00,11.7,92,10.9,0.0,6.3,0.0,1011.1
2026-01-18T07:00,11.8,92,11.0,1.0,6.0,0.0,1011.9
2026-01-18T08:00,13.4,84,12.5,74.0,7.9,0.0,1012.6
2026-01-18T09:00,15.7,75,14.9,171.0,7.7,0.0,1013.2
2026-01-18T10:00,18.7,64,18.3,350.0,6.3,0.0,1013.7
2026-01-18T11:00,21.4,51,20.6,497.0,7.4,0.0,1012.9
2026-01-18T12:00,23.1,39,21.6,605.0,9.1,0.0,1011.9
2026-01-18T13:00,23.7,38,22.3,614.0,8.6,0.0,1010.9
2026-01-18T14:00,24.1,36,22.6,587.0,8.2,0.0,1010.1
2026-01-18T15:00,23.9,37,22.3,461.0,7.7,0.0,1009.9
2026-01-18T16:00,23.1,39,21.3,257.0,9.0,0.0,1010.0
2026-01-18T17:00,21.2,47,19.4,107.0,11.0,0.0,1010.5
2026-01-18T18:00,19.4,58,18.2,7.0,9.2,0.0,1011.2
2026-01-18T19:00,18.2,64,17.1,0.0,10.3,0.0,1012.0
2026-01-18T20:00,17.1,72,16.0,0.0,11.8,0.0,1012.8
2026-01-18T21:00,16.2,81,15.5,0.0,10.8,0.0,1013.5
2026-01-18T22:00,15.4,86,15.0,0.0,9.6,0.0,1013.6
2026-01-18T23:00,15.0,88,14.9,0.0,7.7,0.0,1013.6
2026-01-19T00:00,14.7,89,14.5,0.0,7.3,0.0,1013.6
2026-01-19T01:00,14.1,91,13.9,0.0,7.3,0.0,1013.6
2026-01-19T02:00,13.7,93,13.2,0.0,8.5,0.0,1013.4
2026-01-19T03:00,13.3,94,12.8,0.0,7.8,0.0,1013.1
2026-01-19T04:00,12.8,95,12.4,0.0,7.3,0.0,1013.3
2026-01-19T05:00,12.3,97,11.9,0.0,6.8,0.0,1013.5
2026-01-19T06:00,12.3,97,11.7,0.0,7.3,0.0,1014.3
2026-01-19T07:00,12.1,97,11.4,1.0,8.6,0.0,1015.1
2026-01-19T08:00,13.2,94,12.6,81.0,9.1,0.0,1015.8
2026-01-19T09:00,15.5,83,15.5,258.0,5.9,0.0,1016.5
2026-01-19T10:00,18.2,72,18.4,436.0,4.8,0.0,1016.9
2026-01-19T11:00,20.3,64,20.9,572.0,4.1,0.0,1016.3
2026-01-19T12:00,22.2,52,23.1,642.0,1.8,0.0,1015.7
2026-01-19T13:00,23.1,43,22.8,581.0,2.5,0.0,1014.4
2026-01-19T14:00,23.8,38,22.9,509.0,3.0,0.0,1013.5
2026-01-19T15:00,23.9,35,22.5,431.0,5.0,0.0,1013.0
2026-01-19T16:00,23.4,35,21.4,274.0,7.9,0.0,1013.1
2026-01-19T17:00,21.8,42,20.4,112.0,6.4,0.0,1013.2
2026-01-19T18:00,20.0,50,18.9,7.0,5.5,0.0,1013.9
2026-01-19T19:00,18.8,58,18.3,0.0,4.6,0.0,1014.5
2026-01-19T20:00,17.7,62,16.6,0.0,7.5,0.0,1015.1
2026-01-19T21:00,16.6,68,15.8,0.0,6.1,0.0,1015.2
2026-01-19T22:00,15.7,71,15.1,0.0,5.4,0.0,1015.3
2026-01-19T23:00,15.2,79,14.8,0.0,6.3,0.0,1015.3
2026-01-20T00:00,14.2,87,14.1,0.0,4.7,0.0,1015.1
2026-01-20T01:00,13.9,87,14.0,0.0,2.7,0.0,1015.2
2026-01-20T02:00,12.9,90,13.1,0.0,1.5,0.0,1014.7
2026-01-20T03:00,12.9,89,13.0,0.0,1.1,0.0,1014.5
2026-01-20T04:00,12.3,91,12.2,0.0,2.4,0.0,1014.4
2026-01-20T05:00,11.7,93,11.4,0.0,2.7,0.0,1014.9
2026-01-20T06:00,11.6,92,11.2,0.0,3.8,0.0,1015.6
2026-01-20T07:00,11.2,92,10.7,1.0,3.4,0.0,1016.3
2026-01-20T08:00,13.0,88,12.7,84.0,3.9,0.0,1017.5
2026-01-20T09:00,16.8,74,17.0,266.0,2.7,0.0,1018.4
2026-01-20T10:00,19.7,60,19.8,446.0,3.2,0.0,1018.9
2026-01-20T11:00,21.6,43,21.1,585.0,1.5,0.0,1018.3
2026-01-20T12:00,22.8,36,22.3,661.0,2.6,0.0,1017.7
2026-01-20T13:00,23.2,33,22.4,671.0,4.0,0.0,1016.6
2026-01-20T14:00,23.4,32,22.2,610.0,3.7,0.0,1015.5
2026-01-20T15:00,23.3,32,21.8,486.0,2.8,0.0,1014.9
2026-01-20T16:00,22.8,34,21.5,315.0,2.2,0.0,1014.8
2026-01-20T17:00,21.5,52,21.5,127.0,1.7,0.0,1014.7
2026-01-20T18:00,19.5,54,19.4,8.0,0.7,0.0,1015.5
2026-01-20T19:00,18.2,57,18.0,0.0,0.6,0.0,1016.1
2026-01-20T20:00,17.0,60,16.6,0.0,1.5,0.0,1016.8
2026-01-20T21:00,15.9,62,14.9,0.0,3.7,0.0,1017.2
2026-01-20T22:00,15.7,60,15.0,0.0,0.9,0.0,1017.4
2026-01-20T23:00,15.3,63,14.7,0.0,1.0,0.0,1017.6
2026-01-21T00:00,13.7,66,12.7,0.0,2.8,0.0,1017.5
2026-01-21T01:00,12.1,73,11.0,0.0,3.1,0.0,1017.4
2026-01-21T02:00,11.8,73,10.6,0.0,3.0,0.0,1017.0
2026-01-21T03:00,11.7,73,10.3,0.0,4.2,0.0,1016.9
2026-01-21T04:00,11.2,75,9.7,0.0,4.6,0.0,1016.9
2026-01-21T05:00,12.0,64,9.5,0.0,8.5,0.0,1016.8
2026-01-21T06:00,11.5,66,9.2,0.0,7.7,0.0,1017.2
2026-01-21T07:00,10.9,73,8.9,1.0,6.8,0.0,1018.0
2026-01-21T08:00,12.2,73,10.4,86.0,8.1,0.0,1019.0
2026-01-21T09:00,15.5,63,14.3,269.0,5.8,0.0,1019.9
2026-01-21T10:00,18.8,53,17.9,450.0,4.3,0.0,1020.3
2026-01-21T11:00,21.1,43,20.1,589.0,4.7,0.0,1019.8
2026-01-21T12:00,22.5,38,21.8,665.0,5.6,0.0,1018.9
2026-01-21T13:00,23.2,36,22.3,674.0,6.5,0.0,1017.9
2026-01-21T14:00,23.4,36,22.2,613.0,6.2,0.0,1016.8
2026-01-21T15:00,23.3,36,21.8,490.0,5.6,0.0,1016.2
2026-01-21T16:00,22.9,37,21.4,319.0,5.4,0.0,1016.0
2026-01-21T17:00,21.6,42,20.3,130.0,4.9,0.0,1016.0
2026-01-21T18:00,19.5,51,18.5,9.0,4.9,0.0,1016.5
2026-01-21T19:00,18.2,56,17.2,0.0,5.4,0.0,1016.9
2026-01-21T20:00,16.7,62,15.8,0.0,5.1,0.0,1017.5
2026-01-21T21:00,15.8,68,15.3,0.0,3.2,0.0,1018.0
2026-01-21T22:00,15.6,67,15.1,0.0,1.9,0.0,1018.1
2026-01-21T23:00,15.3,69,14.9,0.0,1.7,0.0,1018.0
2026-01-22T00:00,14.5,71,14.0,0.0,2.0,0.0,1017.7
2026-01-22T01:00,13.0,76,12.2,0.0,3.5,0.0,1017.4
2026-01-22T02:00,12.1,79,11.2,0.0,3.7,0.0,1017.3
2026-01-22T03:00,11.9,78,10.7,0.0,4.2,0.0,1016.9
2026-01-22T04:00,11.5,79,10.1,0.0,5.3,0.0,1016.8
2026-01-22T05:00,11.5,79,10.0,0.0,6.2,0.0,1016.5
2026-01-22T06:00,11.4,79,9.9,0.0,6.3,0.0,1016.8
2026-01-22T07:00,11.2,81,9.8,1.0,6.1,0.0,1017.0
2026-01-22T08:00,12.8,76,11.2,86.0,8.0,0.0,1017.7
2026-01-22T09:00,15.7,66,14.7,268.0,5.6,0.0,1018.1
2026-01-22T10:00,18.9,56,17.8,447.0,7.2,0.0,1018.3
2026-01-22T11:00,21.5,47,20.4,585.0,8.8,0.0,1017.8
2026-01-22T12:00,23.4,40,22.1,658.0,11.2,0.0,1016.6
2026-01-22T13:00,24.3,38,23.0,666.0,11.6,0.0,1015.1
2026-01-22T14:00,24.8,38,23.2,602.0,11.8,0.0,1014.0
2026-01-22T15:00,25.0,37,22.9,484.0,12.9,0.0,1013.4
2026-01-22T16:00,24.4,40,22.3,317.0,14.2,0.0,1012.9
2026-01-22T17:00,22.6,47,21.5,120.0,9.0,0.0,1013.3
2026-01-22T18:00,20.5,57,20.3,9.0,5.3,0.0,1013.9
2026-01-22T19:00,20.0,58,19.5,0.0,6.8,0.0,1014.2
2026-01-22T20:00,19.3,61,18.4,0.0,9.3,0.0,1014.3
2026-01-22T21:00,18.5,65,17.7,0.0,8.6,0.0,1014.3
2026-01-22T22:00,17.6,69,17.4,0.0,4.9,0.0,1014.2
2026-01-22T23:00,17.9,66,17.5,0.0,5.9,0.0,1014.1
2026-01-23T00:00,17.0,69,16.5,0.0,5.7,0.0,1014.0
2026-01-23T01:00,16.4,69,15.5,0.0,7.6,0.0,1013.3
2026-01-23T02:00,15.9,66,14.9,0.0,6.3,0.0,1012.8
2026-01-23T03:00,15.7,67,14.9,0.0,4.1,0.0,1012.6
2026-01-23T04:00,15.3,69,14.2,0.0,6.3,0.0,1012.4
2026-01-23T05:00,16.5,68,15.3,0.0,8.8,1.0,1012.4
2026-01-23T06:00,14.6,88,13.4,0.0,13.8,4.5,1013.4
2026-01-23T07:00,14.2,95,13.5,1.0,11.9,0.9,1014.0
2026-01-23T08:00,14.4,93,13.6,46.0,12.4,1.7,1014.6
2026-01-23T09:00,15.8,87,15.5,142.0,9.9,1.7,1015.4
2026-01-23T10:00,17.5,79,16.7,372.0,13.5,0.0,1015.6
2026-01-23T11:00,19.3,70,19.3,405.0,8.5,0.0,1015.1
2026-01-23T12:00,19.4,68,18.6,523.0,12.6,0.0,1014.9
2026-01-23T13:00,19.1,65,18.0,370.0,12.7,0.0,1014.4
2026-01-23T14:00,19.7,61,18.1,414.0,14.6,0.0,1013.7
2026-01-23T15:00,20.1,58,18.2,434.0,15.6,0.0,1013.4
2026-01-23T16:00,19.3,58,17.2,257.0,15.3,0.0,1013.6
2026-01-23T17:00,18.2,57,16.5,125.0,10.4,0.0,1014.7
2026-01-23T18:00,16.2,60,14.4,10.0,9.6,0.0,1016.0
2026-01-23T19:00,15.2,53,12.6,0.0,10.3,0.0,1017.2
2026-01-23T20:00,13.6,53,10.8,0.0,9.6,0.0,1018.0
2026-01-23T21:00,12.8,54,9.8,0.0,9.9,0.0,1018.9
2026-01-23T22:00,12.0,52,8.7,0.0,10.5,0.0,1019.8
2026-01-23T23:00,11.8,50,8.3,0.0,11.2,0.0,1020.6
2026-01-24T00:00,10.5,48,6.9,0.0,9.7,0.0,1021.0
2026-01-24T01:00,10.3,44,6.6,0.0,8.8,0.0,1020.9
2026-01-24T02:00,9.4,43,5.4,0.0,10.2,0.0,1021.3
2026-01-24T03:00,9.0,42,4.7,0.0,11.8,0.0,1021.6
2026-01-24T04:00,8.6,43,4.1,0.0,12.9,0.0,1021.8
2026-01-24T05:00,8.7,44,4.1,0.0,13.9,0.0,1022.2
2026-01-24T06:00,8.2,46,3.7,0.0,13.3,0.0,1023.0
2026-01-24T07:00,7.5,48,3.1,1.0,12.7,0.0,1023.9
2026-01-24T08:00,8.2,49,3.8,93.0,13.9,0.0,1024.4
2026-01-24T09:00,10.3,44,6.2,290.0,12.2,0.0,1024.8
2026-01-24T10:00,12.8,37,8.6,483.0,12.8,0.0,1024.7
2026-01-24T11:00,14.8,31,10.9,629.0,12.5,0.0,1024.4
2026-01-24T12:00,16.0,28,12.9,692.0,9.9,0.0,1023.8
2026-01-24T13:00,16.7,27,13.5,645.0,8.1,0.0,1022.4
2026-01-24T14:00,16.9,27,13.4,536.0,6.9,0.0,1021.5
2026-01-24T15:00,16.7,28,13.3,428.0,6.6,0.0,1021.0
2026-01-24T16:00,16.0,31,12.6,242.0,7.2,0.0,1020.6
2026-01-24T17:00,14.9,41,11.9,108.0,7.9,0.0,1020.6
2026-01-24T18:00,13.0,47,9.8,10.0,9.0,0.0,1021.2
2026-01-24T19:00,11.6,51,8.2,0.0,11.2,0.0,1022.0
2026-01-24T20:00,10.6,55,7.3,0.0,10.5,0.0,1022.4
2026-01-24T21:00,10.1,58,6.8,0.0,10.5,0.0,1022.8
2026-01-24T22:00,9.6,58,6.1,0.0,11.3,0.0,1022.8
2026-01-24T23:00,9.2,59,5.6,0.0,12.1,0.0,1022.6
2026-01-25T00:00,8.8,61,5.1,0.0,12.5,0.0,1022.4
2026-01-25T01:00,8.1,63,4.3,0.0,12.5,0.0,1022.0
2026-01-25T02:00,7.4,65,3.6,0.0,12.5,0.0,1021.5
2026-01-25T03:00,6.9,66,3.2,0.0,11.8,0.0,1020.8
2026-01-25T04:00,6.5,67,2.9,0.0,11.0,0.0,1020.5
2026-01-25T05:00,6.1,70,2.6,0.0,10.3,0.0,1020.3
2026-01-25T06:00,5.8,72,2.6,0.0,8.6,0.0,1020.6
2026-01-25T07:00,5.6,73,2.5,1.0,7.6,0.0,1021.1
2026-01-25T08:00,6.8,72,4.1,93.0,6.3,0.0,1021.9
2026-01-25T09:00,9.9,63,7.9,288.0,3.1,0.0,1022.6
2026-01-25T10:00,13.0,45,10.6,478.0,3.2,0.0,1022.9
2026-01-25T11:00,14.7,38,12.5,623.0,4.0,0.0,1022.1
2026-01-25T12:00,16.2,33,14.3,704.0,5.0,0.0,1021.0
2026-01-25T13:00,17.0,31,15.0,716.0,5.8,0.0,1019.6
2026-01-25T14:00,17.4,30,15.0,655.0,6.1,0.0,1018.8
2026-01-25T15:00,17.5,32,14.6,528.0,5.4,0.0,1018.3
2026-01-25T16:00,16.9,35,14.2,349.0,5.3,0.0,1018.1
2026-01-25T17:00,15.6,44,13.2,149.0,5.6,0.0,1018.1
2026-01-25T18:00,13.4,53,11.0,12.0,6.7,0.0,1018.7
2026-01-25T19:00,12.3,57,9.9,0.0,6.7,0.0,1019.1
2026-01-25T20:00,11.6,59,9.0,0.0,7.8,0.0,1019.8
2026-01-25T21:00,10.9,58,7.9,0.0,9.2,0.0,1020.3
2026-01-25T22:00,9.9,61,7.0,0.0,8.0,0.0,1020.5
2026-01-25T23:00,8.7,69,6.1,0.0,7.5,0.0,1020.5
2026-01-26T00:00,8.2,73,5.8,0.0,6.4,0.0,1020.1
2026-01-26T01:00,7.8,75,5.3,0.0,6.9,0.0,1019.7
2026-01-26T02:00,7.5,75,4.9,0.0,7.1,0.0,1019.4
2026-01-26T03:00,7.2,74,4.5,0.0,7.3,0.0,1019.1
2026-01-26T04:00,7.0,73,4.3,0.0,6.6,0.0,1018.6
2026-01-26T05:00,6.9,73,4.2,0.0,6.2,0.0,1018.7
2026-01-26T06:00,6.9,72,4.4,0.0,5.0,0.0,1019.1
2026-01-26T07:00,6.5,75,4.1,2.0,4.2,0.0,1020.1
2026-01-26T08:00,8.3,66,5.6,90.0,6.4,0.0,1021.1
2026-01-26T09:00,11.9,54,9.7,277.0,3.8,0.0,1022.0
2026-01-26T10:00,14.6,46,12.1,458.0,5.9,0.0,1022.2
2026-01-26T11:00,16.5,47,14.7,589.0,5.6,0.0,1021.3
2026-01-26T12:00,18.3,47,17.3,662.0,5.7,0.0,1020.3
2026-01-26T13:00,18.7,50,17.3,524.0,5.8,0.0,1019.2
2026-01-26T14:00,19.3,51,18.0,468.0,6.3,0.0,1018.1
2026-01-26T15:00,19.3,54,18.3,401.0,6.4,0.0,1017.7
2026-01-26T16:00,18.6,58,17.3,180.0,8.4,0.0,1017.1
2026-01-26T17:00,18.4,58,17.3,128.0,7.9,0.0,1017.2
2026-01-26T18:00,16.7,64,15.2,12.0,10.0,0.0,1017.8
2026-01-26T19:00,15.5,70,13.9,0.0,10.8,0.0,1018.3
2026-01-26T20:00,14.8,73,13.2,0.0,10.4,0.0,1018.8
2026-01-26T21:00,14.1,74,12.3,0.0,11.6,0.0,1019.0
2026-01-26T22:00,13.7,75,11.8,0.0,11.6,0.0,1018.9
2026-01-26T23:00,13.3,78,11.5,0.0,11.6,0.0,1019.0
2026-01-27T00:00,13.0,80,11.3,0.0,10.7,0.0,1018.9
2026-01-27T01:00,12.8,82,11.2,0.0,11.1,0.0,1018.3
2026-01-27T02:00,12.7,84,11.1,0.0,11.0,0.0,1017.8
2026-01-27T03:00,12.7,85,11.2,0.0,10.5,0.0,1017.4
2026-01-27T04:00,12.7,86,11.3,0.0,10.2,0.0,1016.7
2026-01-27T05:00,12.5,87,11.1,0.0,10.4,0.0,1016.7
2026-01-27T06:00,12.5,88,11.2,0.0,9.8,0.0,1017.3
2026-01-27T07:00,12.7,88,11.3,1.0,11.1,0.0,1017.7
2026-01-27T08:00,14.1,83,13.2,63.0,8.3,0.0,1018.3
2026-01-27T09:00,15.4,81,14.6,169.0,10.0,0.3,1019.9
2026-01-27T10:00,17.4,72,17.1,350.0,6.3,8.9,1019.7
2026-01-27T11:00,18.1,74,17.4,516.0,12.2,0.0,1019.0
2026-01-27T12:00,20.5,67,19.9,572.0,14.2,0.0,1018.0
2026-01-27T13:00,21.5,62,20.5,520.0,15.6,0.0,1016.4
2026-01-27T14:00,21.1,65,20.7,234.0,11.9,0.0,1015.0
2026-01-27T15:00,21.3,64,21.0,313.0,11.3,0.0,1014.3
2026-01-27T16:00,17.7,87,17.7,115.0,12.2,1.0,1015.2
2026-01-27T17:00,18.9,76,19.6,93.0,5.4,8.2,1015.3
2026-01-27T18:00,16.9,88,18.3,10.0,0.9,0.0,1015.6
2026-01-27T19:00,16.0,91,17.2,0.0,1.3,0.0,1016.2
2026-01-27T20:00,15.1,93,15.7,0.0,5.0,0.1,1016.9
2026-01-27T21:00,14.3,94,15.1,0.0,1.4,0.0,1017.5
2026-01-27T22:00,13.3,96,14.0,0.0,1.3,0.0,1017.8
2026-01-27T23:00,13.3,99,13.6,0.0,4.4,0.0,1018.0
2026-01-28T00:00,13.1,98,12.7,0.0,8.3,0.0,1018.2
2026-01-28T01:00,12.7,92,11.4,0.0,11.9,0.0,1018.4
2026-01-28T02:00,12.3,91,10.6,0.0,13.6,0.0,1018.5
2026-01-28T03:00,12.0,94,10.4,0.0,12.8,0.0,1018.3
2026-01-28T04:00,11.7,97,10.0,0.0,13.5,0.0,1018.7
2026-01-28T05:00,11.6,96,9.9,0.0,13.6,0.0,1018.7
2026-01-28T06:00,11.6,97,10.0,0.0,13.4,0.0,1019.6
2026-01-28T07:00,11.7,98,10.3,1.0,12.2,0.0,1020.6
2026-01-28T08:00,12.3,94,10.7,52.0,13.2,0.0,1021.7
2026-01-28T09:00,13.5,83,11.9,190.0,12.3,0.0,1022.6
2026-01-28T10:00,15.7,69,14.5,460.0,8.3,0.0,1022.6
2026-01-28T11:00,17.3,60,16.5,608.0,6.5,0.0,1021.9
2026-01-28T12:00,18.6,52,18.4,692.0,4.9,0.0,1021.3
2026-01-28T13:00,19.3,48,19.2,702.0,4.2,0.0,1020.5
2026-01-28T14:00,19.7,47,19.1,642.0,4.6,0.0,1019.8
2026-01-28T15:00,19.7,48,18.1,518.0,7.3,0.0,1019.6
2026-01-28T16:00,19.0,50,17.3,344.0,8.5,0.0,1019.4
2026-01-28T17:00,17.9,59,16.9,150.0,6.7,0.0,1019.4
2026-01-28T18:00,15.6,70,14.7,14.0,6.4,0.0,1019.9
2026-01-28T19:00,14.4,75,13.2,0.0,7.8,0.0,1020.6
2026-01-28T20:00,13.4,77,12.0,0.0,9.0,0.0,1020.8
2026-01-28T21:00,12.6,81,11.0,0.0,9.4,0.0,1021.2
2026-01-28T22:00,12.0,85,10.7,0.0,8.4,0.0,1021.3
2026-01-28T23:00,11.7,89,10.5,0.0,8.2,0.0,1021.1
2026-01-29T00:00,11.4,90,10.3,0.0,7.6,0.0,1020.8
2026-01-29T01:00,11.0,91,9.7,0.0,7.6,0.0,1020.8
2026-01-29T02:00,10.7,91,9.3,0.0,8.3,0.0,1020.5
2026-01-29T03:00,10.4,92,8.9,0.0,8.6,0.0,1020.4
2026-01-29T04:00,10.1,93,8.7,0.0,7.9,0.0,1020.0
2026-01-29T05:00,9.8,94,8.4,0.0,7.4,0.0,1020.2
2026-01-29T06:00,9.5,95,8.2,0.0,6.3,0.0,1020.7
2026-01-29T07:00,9.2,95,7.8,2.0,6.0,0.0,1021.4
2026-01-29T08:00,10.6,92,9.4,96.0,6.9,0.0,1022.3
2026-01-29T09:00,12.9,85,12.4,288.0,4.1,0.0,1023.1
2026-01-29T10:00,15.1,72,14.5,475.0,4.4,0.0,1023.0
2026-01-29T11:00,16.1,65,16.0,618.0,3.0,0.0,1022.7
2026-01-29T12:00,17.8,55,18.1,698.0,1.7,0.0,1021.7
2026-01-29T13:00,18.8,50,19.2,710.0,1.9,0.0,1020.4
2026-01-29T14:00,19.6,48,19.6,649.0,1.5,0.0,1019.3
2026-01-29T15:00,19.8,46,19.1,519.0,1.5,0.0,1019.0
2026-01-29T16:00,19.6,46,18.6,341.0,2.3,0.0,1018.6
2026-01-29T17:00,17.9,67,18.1,148.0,2.4,0.0,1019.0
2026-01-29T18:00,15.8,68,15.5,14.0,1.8,0.0,1019.1
2026-01-29T19:00,14.3,75,13.8,0.0,3.6,0.0,1019.5
2026-01-29T20:00,13.8,74,12.7,0.0,5.8,0.0,1020.4
2026-01-29T21:00,12.5,79,11.2,0.0,7.1,0.0,1020.8
2026-01-29T22:00,11.7,84,10.5,0.0,6.3,0.0,1021.1
2026-01-29T23:00,11.2,87,10.2,0.0,5.4,0.0,1021.2
2026-01-30T00:00,10.8,89,9.6,0.0,6.1,0.0,1020.8
2026-01-30T01:00,10.7,90,9.6,0.0,5.7,0.0,1020.2
2026-01-30T02:00,10.3,91,9.1,0.0,5.5,0.0,1019.6
2026-01-30T03:00,10.1,91,8.8,0.0,6.2,0.0,1019.5
2026-01-30T04:00,10.1,90,8.7,0.0,6.9,0.0,1019.6
2026-01-30T05:00,9.9,92,8.7,0.0,5.7,0.0,1019.8
2026-01-30T06:00,9.8,92,8.4,0.0,6.4,0.0,1020.0
2026-01-30T07:00,9.4,92,8.1,2.0,5.7,0.0,1020.2
2026-01-30T08:00,10.8,90,9.7,97.0,5.9,0.0,1020.8
2026-01-30T09:00,13.6,78,13.1,292.0,3.1,0.0,1021.6
2026-01-30T10:00,15.7,68,14.9,476.0,4.8,0.0,1021.7
2026-01-30T11:00,16.9,65,16.7,623.0,5.0,0.0,1021.6
2026-01-30T12:00,18.2,60,18.6,704.0,4.3,0.0,1020.5
2026-01-30T13:00,19.2,51,19.3,716.0,4.1,0.0,1019.0
2026-01-30T14:00,19.8,47,19.3,660.0,4.8,0.0,1017.7
2026-01-30T15:00,19.8,49,18.8,533.0,4.8,0.0,1017.3
2026-01-30T16:00,19.5,53,18.8,357.0,3.7,0.0,1017.4
2026-01-30T17:00,18.4,61,17.9,158.0,4.1,0.0,1017.3
2026-01-30T18:00,15.7,72,15.2,16.0,4.6,0.0,1017.6
2026-01-30T19:00,14.8,75,14.2,0.0,4.7,0.0,1018.1
2026-01-30T20:00,14.1,77,13.4,0.0,5.1,0.0,1018.5
2026-01-30T21:00,13.5,77,12.6,0.0,5.5,0.0,1018.7
2026-01-30T22:00,12.8,78,11.8,0.0,5.2,0.0,1018.8
2026-01-30T23:00,12.5,81,11.5,0.0,5.4,0.0,1018.8
2026-01-31T00:00,12.5,79,11.5,0.0,5.2,0.0,1018.5
2026-01-31T01:00,12.4,79,11.4,0.0,4.9,0.0,1018.3
2026-01-31T02:00,12.0,81,11.0,0.0,5.0,0.0,1018.1
2026-01-31T03:00,11.5,83,10.5,0.0,4.3,0.0,1017.9
2026-01-31T04:00,11.6,83,10.7,0.0,4.1,0.0,1017.6
2026-01-31T05:00,12.4,82,11.9,0.0,2.4,0.0,1017.7
2026-01-31T06:00,12.6,77,11.6,0.0,3.9,0.2,1018.0
2026-01-31T07:00,11.6,82,10.7,2.0,3.3,0.0,1018.5
2026-01-31T08:00,13.5,79,12.4,85.0,7.3,0.0,1019.4
2026-01-31T09:00,15.5,72,14.7,225.0,6.7,0.0,1020.5
2026-01-31T10:00,17.2,69,16.9,426.0,5.0,0.3,1021.0
2026-01-31T11:00,18.8,62,18.6,502.0,4.5,0.0,1020.9
2026-01-31T12:00,19.9,59,19.5,563.0,6.5,0.0,1020.0
2026-01-31T13:00,20.6,59,20.4,542.0,6.6,0.0,1018.6
2026-01-31T14:00,21.1,60,20.8,541.0,8.5,0.1,1017.7
2026-01-31T15:00,21.2,61,20.9,442.0,10.0,0.0,1017.2
2026-01-31T16:00,20.5,66,20.6,292.0,8.2,0.0,1017.1
2026-01-31T17:00,20.2,67,20.3,113.0,7.8,0.0,1017.0
2026-01-31T18:00,18.5,74,18.4,12.0,8.4,0.0,1017.2
2026-01-31T19:00,17.3,80,17.0,0.0,10.0,0.1,1018.1
2026-01-31T20:00,16.7,84,16.3,0.0,11.2,0.0,1018.8
2026-01-31T21:00,16.4,86,16.5,0.0,7.9,0.0,1018.5
2026-01-31T22:00,16.0,88,16.0,0.0,8.7,0.0,1018.8
2026-01-31T23:00,15.8,90,16.6,0.0,3.5,0.0,1018.9
2026-02-01T00:00,15.5,93,15.4,0.0,10.2,0.3,1018.9
2026-02-01T01:00,15.2,92,15.5,0.0,6.7,0.0,1017.7
2026-02-01T02:00,14.6,94,14.6,0.0,7.8,0.0,1017.8
2026-02-01T03:00,13.9,94,14.0,0.0,5.7,0.0,1017.6
2026-02-01T04:00,13.4,95,13.5,0.0,5.0,0.0,1017.2
2026-02-01T05:00,13.7,92,14.0,0.0,3.3,0.0,1017.3
2026-02-01T06:00,12.9,96,13.1,0.0,3.2,0.0,1018.0
2026-02-01T07:00,12.6,97,12.6,2.0,3.9,0.0,1018.6
2026-02-01T08:00,14.7,93,14.9,73.0,6.1,0.0,1019.4
2026-02-01T09:00,17.0,85,17.7,263.0,4.7,0.0,1020.3
2026-02-01T10:00,19.1,76,19.7,448.0,6.6,0.0,1020.4
2026-02-01T11:00,20.0,74,20.8,546.0,5.7,0.2,1020.4
2026-02-01T12:00,21.0,71,22.6,595.0,3.9,0.0,1019.7
2026-02-01T13:00,22.0,69,24.2,661.0,3.9,0.0,1018.6
2026-02-01T14:00,22.2,68,24.0,589.0,3.8,0.0,1017.7
2026-02-01T15:00,22.2,67,23.9,453.0,2.0,0.1,1017.4
2026-02-01T16:00,21.8,67,23.2,319.0,2.5,0.1,1017.5
2026-02-01T17:00,21.9,70,23.7,139.0,1.6,0.1,1017.3
2026-02-01T18:00,19.7,73,20.8,17.0,3.0,0.0,1017.6
2026-02-01T19:00,18.2,78,18.9,0.0,4.7,0.0,1018.2
2026-02-01T20:00,17.6,78,17.9,0.0,5.6,0.0,1018.9
2026-02-01T21:00,17.0,78,16.8,0.0,8.0,0.0,1019.5
2026-02-01T22:00,16.7,71,15.6,0.0,10.2,0.0,1019.9
2026-02-01T23:00,15.7,82,15.1,0.0,9.7,0.0,1020.2
2026-02-02T00:00,14.9,91,14.7,0.0,8.5,0.0,1020.1
2026-02-02T01:00,14.5,97,14.8,0.0,6.9,0.0,1020.0
2026-02-02T02:00,13.7,100,14.2,0.0,4.1,0.0,1020.1
2026-02-02T03:00,14.1,100,14.5,0.0,5.9,0.0,1020.2
2026-02-02T04:00,14.4,100,14.9,0.0,6.4,0.0,1019.9
2026-02-02T05:00,13.4,95,12.7,0.0,10.0,0.0,1019.7
2026-02-02T06:00,13.2,96,12.5,0.0,10.1,0.0,1020.3
2026-02-02T07:00,12.8,98,12.0,2.0,10.4,0.0,1020.8
2026-02-02T08:00,13.7,96,13.0,87.0,10.8,0.0,1021.6
2026-02-02T09:00,15.8,89,16.0,274.0,7.4,0.0,1022.0
2026-02-02T10:00,18.5,75,18.8,467.0,6.6,0.0,1022.0
2026-02-02T11:00,20.1,62,20.6,619.0,4.8,0.0,1021.7
2026-02-02T12:00,21.5,52,22.4,697.0,2.7,0.0,1020.6
2026-02-02T13:00,22.4,47,23.4,710.0,1.1,0.0,1019.3
2026-02-02T14:00,22.8,42,23.1,650.0,1.4,0.0,1018.2
2026-02-02T15:00,22.8,40,22.0,528.0,3.1,0.0,1017.6
2026-02-02T16:00,22.3,41,21.0,355.0,6.0,0.0,1017.5
2026-02-02T17:00,21.0,48,19.4,160.0,10.2,0.0,1017.6
2026-02-02T18:00,18.6,56,17.1,18.0,8.8,0.0,1018.0
2026-02-02T19:00,17.5,58,16.3,0.0,6.6,0.0,1018.5
2026-02-02T20:00,15.9,64,14.3,0.0,8.9,0.0,1019.3
2026-02-02T21:00,15.0,75,13.7,0.0,9.6,0.0,1019.6
2026-02-02T22:00,14.4,84,13.4,0.0,9.8,0.0,1019.5
2026-02-02T23:00,14.2,87,13.8,0.0,7.1,0.0,1019.8
2026-02-03T00:00,13.8,89,13.4,0.0,7.1,0.0,1019.8
2026-02-03T01:00,13.5,90,13.2,0.0,6.0,0.0,1019.7
2026-02-03T02:00,13.1,91,12.7,0.0,5.4,0.0,1019.4
2026-02-03T03:00,12.7,91,12.1,0.0,6.7,0.0,1019.3
2026-02-03T04:00,12.4,91,11.7,0.0,7.2,0.0,1019.0
2026-02-03T05:00,11.4,98,10.6,0.0,7.2,0.0,1019.5
2026-02-03T06:00,11.1,98,10.3,0.0,6.7,0.0,1020.0
2026-02-03T07:00,11.1,98,10.2,3.0,7.9,0.0,1020.8
2026-02-03T08:00,12.7,93,12.1,96.0,7.3,0.0,1021.8
2026-02-03T09:00,15.1,85,15.3,284.0,4.3,0.0,1022.8
2026-02-03T10:00,17.0,75,16.9,476.0,6.0,0.0,1023.4
2026-02-03T11:00,18.3,64,18.3,622.0,6.0,0.0,1022.9
2026-02-03T12:00,19.8,54,20.1,708.0,4.9,0.0,1022.2
2026-02-03T13:00,20.8,48,21.2,721.0,3.6,0.0,1021.2
2026-02-03T14:00,21.4,44,21.3,662.0,3.3,0.0,1020.1
2026-02-03T15:00,21.8,41,20.7,535.0,3.5,0.0,1019.6
2026-02-03T16:00,21.5,39,20.1,362.0,4.1,0.0,1019.4
2026-02-03T17:00,20.5,51,20.0,165.0,2.9,0.0,1019.5
2026-02-03T18:00,17.5,62,16.8,19.0,5.1,0.0,1020.3
2026-02-03T19:00,16.5,66,15.3,0.0,8.3,0.0,1021.1
2026-02-03T20:00,15.7,69,14.5,0.0,8.7,0.0,1021.8
2026-02-03T21:00,15.3,71,14.3,0.0,7.4,0.0,1022.2
2026-02-03T22:00,14.8,75,13.8,0.0,7.9,0.0,1022.3
2026-02-03T23:00,14.5,79,13.6,0.0,7.9,0.0,1022.3
2026-02-04T00:00,14.2,81,13.2,0.0,8.1,0.0,1022.1
2026-02-04T01:00,13.6,84,12.6,0.0,8.1,0.0,1022.1
2026-02-04T02:00,13.0,87,12.2,0.0,7.1,0.0,1021.7
2026-02-04T03:00,12.3,89,11.4,0.0,7.0,0.0,1021.7
2026-02-04T04:00,11.9,88,10.9,0.0,6.6,0.0,1021.7
2026-02-04T05:00,11.2,91,10.2,0.0,6.4,0.0,1022.0
2026-02-04T06:00,11.0,92,9.9,0.0,7.2,0.0,1022.4
2026-02-04T07:00,10.7,92,9.5,3.0,7.2,0.0,1023.0
2026-02-04T08:00,12.4,86,11.3,104.0,7.3,0.0,1023.4
2026-02-04T09:00,15.5,74,15.0,300.0,4.6,0.0,1024.3
2026-02-04T10:00,18.2,58,17.4,489.0,4.9,0.0,1024.4
2026-02-04T11:00,20.0,47,19.3,635.0,4.6,0.0,1023.8
2026-02-04T12:00,21.5,37,20.8,718.0,4.8,0.0,1022.8
2026-02-04T13:00,22.2,33,21.5,732.0,4.6,0.0,1021.4
2026-02-04T14:00,22.5,31,21.3,674.0,4.7,0.0,1020.4
2026-02-04T15:00,22.3,31,20.0,549.0,6.9,0.0,1020.1
2026-02-04T16:00,21.6,32,18.9,372.0,8.8,0.0,1020.1
2026-02-04T17:00,20.2,41,18.1,172.0,8.1,0.0,1020.1
2026-02-04T18:00,17.8,52,16.3,21.0,6.2,0.0,1020.2
2026-02-04T19:00,17.0,54,15.4,0.0,6.4,0.0,1020.7
2026-02-04T20:00,15.8,56,13.6,0.0,10.2,0.0,1021.4
2026-02-04T21:00,14.5,65,13.0,0.0,6.9,0.0,1021.4
2026-02-04T22:00,13.4,71,12.1,0.0,6.1,0.0,1021.4
2026-02-04T23:00,13.2,74,12.1,0.0,5.5,0.0,1021.4
2026-02-05T00:00,12.8,77,11.8,0.0,5.3,0.0,1021.1
2026-02-05T01:00,12.4,80,11.2,0.0,5.8,0.0,1021.0
2026-02-05T02:00,11.8,83,10.8,0.0,4.9,0.0,1020.7
2026-02-05T03:00,11.4,85,10.4,0.0,4.9,0.0,1020.5
2026-02-05T04:00,11.2,84,9.9,0.0,6.3,0.0,1020.3
2026-02-05T05:00,11.2,78,9.4,0.0,8.1,0.0,1020.4
2026-02-05T06:00,11.1,75,9.2,0.0,7.5,0.0,1021.0
2026-02-05T07:00,11.0,74,8.9,3.0,7.7,0.0,1021.7
2026-02-05T08:00,12.6,68,10.6,108.0,8.1,0.0,1022.2
2026-02-05T09:00,15.8,57,14.4,307.0,4.6,0.0,1022.9
2026-02-05T10:00,18.5,43,16.8,499.0,4.5,0.0,1023.3
2026-02-05T11:00,20.3,36,19.0,646.0,3.8,0.0,1022.4
2026-02-05T12:00,21.4,33,20.5,730.0,4.7,0.0,1021.5
2026-02-05T13:00,22.0,31,20.9,742.0,6.1,0.0,1020.5
2026-02-05T14:00,22.2,30,20.4,683.0,8.0,0.0,1019.9
2026-02-05T15:00,22.0,32,19.3,558.0,9.1,0.0,1019.7
2026-02-05T16:00,21.4,34,19.0,379.0,7.9,0.0,1019.6
2026-02-05T17:00,20.3,39,18.4,176.0,5.9,0.0,1019.4
2026-02-05T18:00,17.6,54,16.4,22.0,4.3,0.0,1019.7
2026-02-05T19:00,16.3,60,15.4,0.0,3.6,0.0,1020.3
2026-02-05T20:00,15.2,63,14.2,0.0,3.6,0.0,1020.7
2026-02-05T21:00,14.4,64,13.2,0.0,3.8,0.0,1021.0
2026-02-05T22:00,13.7,66,12.5,0.0,3.7,0.0,1020.9
2026-02-05T23:00,13.0,69,11.7,0.0,4.4,0.0,1021.0
2026-02-06T00:00,11.8,75,10.6,0.0,3.8,0.0,1020.7
2026-02-06T01:00,11.4,74,10.0,0.0,4.1,0.0,1020.5
2026-02-06T02:00,11.2,73,9.7,0.0,4.0,0.0,1019.7
2026-02-06T03:00,11.0,73,9.2,0.0,5.2,0.0,1019.4
2026-02-06T04:00,10.6,73,8.8,0.0,5.0,0.0,1019.3
2026-02-06T05:00,10.8,70,9.1,0.0,3.9,0.0,1019.6
2026-02-06T06:00,10.3,72,8.5,0.0,4.6,0.0,1020.3
2026-02-06T07:00,10.2,70,8.1,4.0,5.9,0.0,1020.9
2026-02-06T08:00,12.8,60,10.5,112.0,7.9,0.0,1021.9
2026-02-06T09:00,17.1,49,15.4,314.0,4.7,0.0,1022.5
2026-02-06T10:00,20.3,36,18.6,509.0,3.2,0.0,1022.7
2026-02-06T11:00,22.2,29,21.0,657.0,2.6,0.0,1021.9
2026-02-06T12:00,23.8,24,22.5,742.0,4.7,0.0,1020.8
2026-02-06T13:00,24.6,21,22.9,756.0,6.1,0.0,1019.4
2026-02-06T14:00,24.9,19,22.6,697.0,6.7,0.0,1018.3
2026-02-06T15:00,24.7,19,21.5,571.0,7.7,0.0,1017.8
2026-02-06T16:00,23.9,23,20.8,388.0,7.7,0.0,1017.7
2026-02-06T17:00,22.8,29,20.4,182.0,6.0,0.0,1017.4
2026-02-06T18:00,20.4,35,18.3,23.0,4.9,0.0,1017.6
2026-02-06T19:00,18.6,40,16.8,0.0,3.1,0.0,1018.0
2026-02-06T20:00,18.0,42,16.2,0.0,3.6,0.0,1018.7
2026-02-06T21:00,15.9,45,13.9,0.0,3.7,0.0,1019.1
2026-02-06T22:00,16.3,43,14.3,0.0,3.3,0.0,1019.1
2026-02-06T23:00,15.6,50,13.7,0.0,4.9,0.0,1019.3
2026-02-07T00:00,13.4,65,11.7,0.0,5.8,0.0,1019.1
2026-02-07T01:00,12.4,71,10.9,0.0,5.0,0.0,1018.9
2026-02-07T02:00,12.0,73,10.6,0.0,4.5,0.0,1018.6
2026-02-07T03:00,12.0,71,10.7,0.0,3.1,0.0,1018.1
2026-02-07T04:00,12.1,67,10.5,0.0,4.3,0.0,1017.6
2026-02-07T05:00,12.7,66,11.2,0.0,4.1,0.0,1017.9
2026-02-07T06:00,12.7,66,11.0,0.0,4.9,0.0,1018.2
2026-02-07T07:00,12.7,64,10.8,4.0,5.8,0.0,1018.5
2026-02-07T08:00,14.7,58,12.6,103.0,8.0,0.0,1019.3
2026-02-07T09:00,18.2,48,16.5,293.0,6.5,0.0,1019.8
2026-02-07T10:00,20.9,43,19.5,460.0,5.5,0.0,1019.7
2026-02-07T11:00,23.5,34,22.1,630.0,7.5,0.0,1019.2
2026-02-07T12:00,25.1,25,23.5,725.0,8.3,0.0,1018.2
2026-02-07T13:00,25.7,22,23.8,747.0,9.2,0.0,1017.1
2026-02-07T14:00,25.7,24,23.5,685.0,9.7,0.0,1016.1
2026-02-07T15:00,25.5,24,22.7,560.0,9.3,0.0,1015.6
2026-02-07T16:00,25.0,25,22.3,381.0,8.0,0.0,1015.5
2026-02-07T17:00,23.8,29,21.9,179.0,4.1,0.0,1015.0
2026-02-07T18:00,21.1,37,19.4,24.0,4.5,0.0,1015.4
2026-02-07T19:00,19.7,41,18.1,0.0,4.2,0.0,1015.9
2026-02-07T20:00,19.2,40,17.3,0.0,5.0,0.0,1016.5
2026-02-07T21:00,18.5,38,16.1,0.0,6.3,0.0,1017.0
2026-02-07T22:00,18.4,35,15.2,0.0,9.6,0.0,1017.2
2026-02-07T23:00,17.9,36,14.9,0.0,8.9,0.0,1017.0
2026-02-08T00:00,17.8,37,14.6,0.0,10.5,0.0,1016.5
2026-02-08T01:00,17.3,38,14.3,0.0,9.7,0.0,1016.3
2026-02-08T02:00,16.4,41,13.0,0.0,12.2,0.0,1016.1
2026-02-08T03:00,15.5,44,12.3,0.0,11.3,0.0,1016.0
2026-02-08T04:00,14.6,48,11.6,0.0,9.9,0.0,1015.7
2026-02-08T05:00,13.2,56,10.8,0.0,7.7,0.0,1015.8
2026-02-08T06:00,12.8,61,10.4,0.0,8.3,0.0,1016.3
2026-02-08T07:00,12.5,66,10.5,4.0,7.0,0.0,1017.1
2026-02-08T08:00,13.9,64,12.2,114.0,6.6,0.0,1017.7
2026-02-08T09:00,17.7,55,16.9,317.0,2.6,0.0,1018.5
2026-02-08T10:00,20.7,45,19.8,511.0,2.9,0.0,1018.8
2026-02-08T11:00,23.0,35,22.2,660.0,4.8,0.0,1018.3
2026-02-08T12:00,24.8,27,23.6,746.0,7.3,0.0,1017.4
2026-02-08T13:00,25.5,24,23.9,760.0,8.6,0.0,1015.9
2026-02-08T14:00,25.7,22,23.7,702.0,8.4,0.0,1014.7
2026-02-08T15:00,25.6,23,23.0,575.0,7.5,0.0,1014.1
2026-02-08T16:00,25.1,25,22.7,394.0,5.9,0.0,1013.9
2026-02-08T17:00,24.0,29,22.2,187.0,3.6,0.0,1013.7
2026-02-08T18:00,21.2,37,19.6,25.0,3.8,0.0,1013.9
2026-02-08T19:00,19.7,44,18.4,0.0,3.4,0.0,1014.5
2026-02-08T20:00,18.7,47,17.7,0.0,1.5,0.0,1014.9
2026-02-08T21:00,17.6,49,16.6,0.0,1.5,0.0,1015.1
2026-02-08T22:00,17.1,48,15.8,0.0,1.4,0.0,1015.1
2026-02-08T23:00,16.2,52,14.6,0.0,4.9,0.0,1015.5
2026-02-09T00:00,14.7,62,13.0,0.0,6.7,0.0,1015.1
2026-02-09T01:00,14.6,69,13.3,0.0,6.8,0.0,1014.8
2026-02-09T02:00,13.4,82,12.8,0.0,4.7,0.0,1014.6
2026-02-09T03:00,13.5,83,12.7,0.0,6.8,0.0,1014.2
2026-02-09T04:00,13.1,85,12.3,0.0,6.4,0.0,1013.6
2026-02-09T05:00,12.9,83,12.0,0.0,6.0,0.0,1013.9
2026-02-09T06:00,12.1,88,11.5,0.0,4.2,0.0,1014.7
2026-02-09T07:00,12.0,88,11.4,4.0,3.7,0.0,1015.6
2026-02-09T08:00,14.2,78,13.6,115.0,4.5,0.0,1016.6
2026-02-09T09:00,17.5,63,17.0,293.0,4.0,0.0,1017.2
2026-02-09T10:00,20.1,51,19.1,426.0,6.1,0.0,1017.6
2026-02-09T11:00,22.6,41,21.6,648.0,8.3,0.0,1017.3
2026-02-09T12:00,24.3,34,23.3,732.0,9.5,0.0,1016.4
2026-02-09T13:00,25.1,33,24.1,726.0,9.8,0.0,1015.2
2026-02-09T14:00,25.4,35,24.6,684.0,9.0,0.0,1013.9
2026-02-09T15:00,25.4,36,23.9,560.0,8.9,0.0,1013.4
2026-02-09T16:00,25.0,36,23.4,383.0,9.1,0.0,1013.4
2026-02-09T17:00,23.9,39,22.5,182.0,7.5,0.0,1013.6
2026-02-09T18:00,22.0,46,20.7,25.0,7.7,0.0,1013.9
2026-02-09T19:00,20.7,50,19.3,0.0,9.0,0.0,1014.4
2026-02-09T20:00,20.1,50,18.5,0.0,9.0,0.0,1014.8
2026-02-09T21:00,20.0,49,18.3,0.0,9.1,0.0,1015.0
2026-02-09T22:00,18.4,54,16.6,0.0,10.0,0.0,1015.1
2026-02-09T23:00,17.1,61,15.4,0.0,11.0,0.0,1015.4
2026-02-10T00:00,16.4,64,14.9,0.0,9.8,0.0,1015.2
2026-02-10T01:00,15.9,67,14.6,0.0,8.0,0.0,1014.7
2026-02-10T02:00,15.6,67,14.5,0.0,6.7,0.0,1014.4
2026-02-10T03:00,15.0,69,13.8,0.0,6.6,0.0,1014.2
2026-02-10T04:00,14.3,73,13.0,0.0,7.7,0.0,1014.1
2026-02-10T05:00,14.0,75,12.7,0.0,7.7,0.0,1014.8
2026-02-10T06:00,14.1,72,12.8,0.0,7.2,0.0,1015.1
2026-02-10T07:00,14.1,71,12.8,5.0,7.1,0.0,1016.0
2026-02-10T08:00,15.8,64,14.4,114.0,7.4,0.0,1016.6
2026-02-10T09:00,18.7,54,17.7,311.0,5.6,0.0,1017.3
2026-02-10T10:00,21.3,47,20.1,500.0,7.0,0.0,1017.6
2026-02-10T11:00,23.3,44,22.9,645.0,7.0,0.0,1017.3
2026-02-10T12:00,25.2,40,25.4,727.0,6.8,0.0,1016.5
2026-02-10T13:00,26.2,35,26.2,739.0,7.0,0.0,1015.3
2026-02-10T14:00,26.5,32,25.4,616.0,6.8,0.0,1014.3
2026-02-10T15:00,26.4,31,24.9,483.0,6.6,0.0,1014.0
2026-02-10T16:00,26.1,32,24.4,343.0,7.3,0.0,1014.1
2026-02-10T17:00,25.3,33,23.3,167.0,9.6,0.0,1014.1
2026-02-10T18:00,23.6,41,22.5,24.0,6.6,0.0,1015.1
2026-02-10T19:00,22.3,47,21.6,0.0,5.8,0.0,1015.9
2026-02-10T20:00,21.1,51,20.6,0.0,4.6,0.0,1016.8
2026-02-10T21:00,19.8,56,20.0,0.0,0.6,0.0,1017.7
2026-02-10T22:00,18.3,60,17.1,0.0,9.0,0.0,1018.2
2026-02-10T23:00,17.9,65,17.1,0.0,8.0,0.0,1018.1
2026-02-11T00:00,18.0,63,17.0,0.0,7.9,0.0,1018.1
2026-02-11T01:00,17.2,65,16.3,0.0,7.3,0.0,1018.0
2026-02-11T02:00,16.5,69,15.9,0.0,5.6,0.0,1017.6
2026-02-11T03:00,16.2,71,15.3,0.0,7.6,0.0,1017.6
2026-02-11T04:00,15.5,77,14.8,0.0,7.8,0.0,1017.4
2026-02-11T05:00,15.3,81,14.4,0.0,9.9,0.0,1018.1
2026-02-11T06:00,15.3,81,14.6,0.0,9.1,0.0,1018.8
2026-02-11T07:00,15.4,80,14.7,5.0,8.4,0.0,1019.7
2026-02-11T08:00,17.1,71,16.5,116.0,7.4,0.0,1020.6
2026-02-11T09:00,20.2,58,20.0,314.0,4.9,0.0,1021.2
2026-02-11T10:00,23.1,48,22.7,505.0,5.8,0.0,1021.4
2026-02-11T11:00,24.9,41,24.7,652.0,7.4,0.0,1020.7
2026-02-11T12:00,26.3,35,26.5,737.0,5.9,0.0,1019.6
2026-02-11T13:00,27.2,31,27.4,750.0,4.1,0.0,1018.7
2026-02-11T14:00,27.9,27,27.3,687.0,4.6,0.0,1017.7
2026-02-11T15:00,27.9,25,26.2,486.0,4.8,0.0,1017.0
2026-02-11T16:00,27.1,26,25.9,286.0,0.4,0.0,1016.9
2026-02-11T17:00,25.8,28,24.7,153.0,0.6,0.0,1017.0
2026-02-11T18:00,23.7,34,22.4,25.0,3.6,0.0,1017.8
2026-02-11T19:00,22.6,41,21.8,0.0,2.5,0.0,1018.5
2026-02-11T20:00,21.6,43,19.6,0.0,10.4,0.0,1019.1
2026-02-11T21:00,20.1,52,18.6,0.0,9.9,0.0,1019.5
2026-02-11T22:00,18.9,59,18.0,0.0,7.5,0.0,1019.4
2026-02-11T23:00,18.2,65,17.2,0.0,9.8,0.0,1019.3
2026-02-12T00:00,17.7,70,16.6,0.0,11.9,0.0,1019.0
2026-02-12T01:00,17.5,69,16.4,0.0,11.0,0.0,1019.0
2026-02-12T02:00,17.3,69,16.0,0.0,12.1,0.0,1019.0
2026-02-12T03:00,16.9,69,15.5,0.0,11.3,0.0,1018.8
2026-02-12T04:00,16.1,71,14.9,0.0,9.7,0.0,1018.5
2026-02-12T05:00,15.5,71,14.6,0.0,7.2,0.0,1018.8
2026-02-12T06:00,15.2,71,14.2,0.0,6.4,0.0,1018.9
2026-02-12T07:00,14.9,72,14.0,6.0,5.8,0.0,1019.6
2026-02-12T08:00,16.7,64,16.1,121.0,3.6,0.0,1020.5
2026-02-12T09:00,20.3,51,20.1,319.0,0.9,0.0,1021.1
2026-02-12T10:00,22.8,41,22.1,513.0,3.1,0.0,1021.0
2026-02-12T11:00,24.2,37,23.5,658.0,6.3,0.0,1020.4
2026-02-12T12:00,25.5,33,25.0,738.0,7.1,0.0,1019.3
2026-02-12T13:00,26.1,30,25.7,760.0,6.7,0.0,1018.0
2026-02-12T14:00,26.5,29,25.7,703.0,6.6,0.0,1017.2
2026-02-12T15:00,26.3,29,24.5,566.0,7.5,0.0,1016.7
2026-02-12T16:00,25.8,31,23.9,393.0,8.1,0.0,1016.5
2026-02-12T17:00,24.4,37,22.9,185.0,8.1,0.0,1016.3
2026-02-12T18:00,22.7,42,21.2,26.0,8.4,0.0,1016.5
2026-02-12T19:00,21.7,44,20.4,0.0,7.1,0.0,1017.0
2026-02-12T20:00,21.1,47,19.8,0.0,7.2,0.0,1017.5
2026-02-12T21:00,19.6,52,18.9,0.0,4.4,0.0,1017.7
2026-02-12T22:00,19.3,51,18.1,0.0,6.1,0.0,1017.7
2026-02-12T23:00,18.2,55,16.7,0.0,8.6,0.0,1017.5
2026-02-13T00:00,16.3,65,15.3,0.0,6.6,0.0,1017.2
2026-02-13T01:00,15.3,71,14.4,0.0,6.1,0.0,1016.8
2026-02-13T02:00,14.8,72,14.0,0.0,5.0,0.0,1016.3
2026-02-13T03:00,14.3,72,13.4,0.0,4.4,0.0,1016.1
2026-02-13T04:00,13.5,75,12.8,0.0,3.5,0.0,1015.5
2026-02-13T05:00,13.5,76,12.9,0.0,2.5,0.0,1015.8
2026-02-13T06:00,13.7,73,13.2,0.0,1.2,0.0,1016.2
2026-02-13T07:00,13.9,71,13.4,6.0,0.6,0.0,1016.9
2026-02-13T08:00,15.9,64,15.4,124.0,0.9,0.0,1017.8
2026-02-13T09:00,19.3,52,18.9,327.0,0.7,0.0,1018.5
2026-02-13T10:00,21.9,44,21.4,519.0,1.8,0.0,1018.6
2026-02-13T11:00,23.6,40,23.5,673.0,5.0,0.0,1017.9
2026-02-13T12:00,25.1,34,24.8,758.0,6.8,0.0,1017.1
2026-02-13T13:00,25.8,30,25.1,768.0,7.8,0.0,1016.1
2026-02-13T14:00,26.2,29,25.1,714.0,7.9,0.0,1015.3
2026-02-13T15:00,26.1,30,24.6,588.0,7.2,0.0,1015.0
2026-02-13T16:00,25.6,31,23.9,406.0,6.6,0.0,1014.6
2026-02-13T17:00,24.5,34,23.0,199.0,5.8,0.0,1014.5
2026-02-13T18:00,21.9,42,20.7,31.0,4.9,0.0,1014.9
2026-02-13T19:00,20.0,51,19.3,0.0,4.0,0.0,1015.4
2026-02-13T20:00,19.0,50,17.9,0.0,4.6,0.0,1015.9
2026-02-13T21:00,17.7,54,16.5,0.0,4.9,0.0,1016.1
2026-02-13T22:00,17.5,50,16.0,0.0,4.7,0.0,1016.0
2026-02-13T23:00,16.6,54,14.7,0.0,8.0,0.0,1016.5
2026-02-14T00:00,15.1,60,13.7,0.0,5.4,0.0,1016.4
2026-02-14T01:00,14.6,63,13.2,0.0,5.4,0.0,1016.1
2026-02-14T02:00,14.2,66,13.0,0.0,4.1,0.0,1015.6
2026-02-14T03:00,13.8,68,12.6,0.0,3.9,0.0,1015.2
2026-02-14T04:00,13.6,67,12.1,0.0,5.4,0.0,1014.9
2026-02-14T05:00,13.4,69,11.7,0.0,7.5,0.0,1015.2
2026-02-14T06:00,13.1,70,11.7,0.0,5.2,0.0,1015.7
2026-02-14T07:00,13.1,70,11.9,7.0,3.8,0.0,1016.4
2026-02-14T08:00,15.7,60,14.3,129.0,5.2,0.0,1017.3
2026-02-14T09:00,19.4,48,18.4,336.0,2.8,0.0,1017.9
2026-02-14T10:00,22.4,37,21.3,532.0,1.7,0.0,1017.8
2026-02-14T11:00,24.3,30,23.6,682.0,2.9,0.0,1017.2
2026-02-14T12:00,26.1,24,25.3,767.0,4.8,0.0,1016.2
2026-02-14T13:00,26.9,21,25.6,779.0,7.0,0.0,1015.1
2026-02-14T14:00,27.3,19,25.3,721.0,8.2,0.0,1014.3
2026-02-14T15:00,27.1,20,24.3,595.0,8.9,0.0,1013.9
2026-02-14T16:00,26.5,23,23.6,413.0,8.7,0.0,1013.6
2026-02-14T17:00,25.4,25,23.0,203.0,6.4,0.0,1013.6
2026-02-14T18:00,22.5,38,21.3,32.0,3.9,0.0,1013.8
2026-02-14T19:00,21.2,44,20.3,0.0,3.4,0.0,1014.4
2026-02-14T20:00,19.8,47,19.0,0.0,2.7,0.0,1014.7
2026-02-14T21:00,18.8,47,17.9,0.0,1.6,0.0,1014.8
2026-02-14T22:00,18.4,47,17.3,0.0,1.9,0.0,1014.7
2026-02-14T23:00,18.1,50,17.1,0.0,2.0,0.0,1015.0
2026-02-15T00:00,16.4,54,15.2,0.0,2.9,0.0,1014.7
2026-02-15T01:00,15.8,59,15.0,0.0,1.6,0.0,1014.3
2026-02-15T02:00,16.0,54,14.5,0.0,4.1,0.0,1014.3
2026-02-15T03:00,15.7,54,14.0,0.0,5.3,0.0,1014.0
2026-02-15T04:00,15.7,53,13.6,0.0,7.5,0.0,1013.8
2026-02-15T05:00,16.1,53,13.8,0.0,9.2,0.0,1013.6
2026-02-15T06:00,16.0,56,13.9,0.0,9.6,0.0,1014.4
2026-02-15T07:00,16.0,59,14.1,7.0,9.2,0.0,1015.4
2026-02-15T08:00,17.9,57,16.3,131.0,8.7,0.0,1016.0
2026-02-15T09:00,21.0,50,20.3,338.0,4.9,0.0,1016.9
2026-02-15T10:00,23.9,43,23.3,532.0,5.9,0.0,1016.9
2026-02-15T11:00,26.2,36,25.7,679.0,8.5,0.0,1016.5
2026-02-15T12:00,27.8,25,26.5,764.0,10.0,0.0,1015.7
2026-02-15T13:00,28.4,22,26.7,778.0,11.0,0.0,1014.6
2026-02-15T14:00,28.5,21,26.4,720.0,11.1,0.0,1013.9
2026-02-15T15:00,28.3,21,25.4,594.0,11.1,0.0,1013.4
2026-02-15T16:00,27.8,21,24.7,413.0,10.3,0.0,1013.0
2026-02-15T17:00,27.2,24,24.8,204.0,7.5,0.0,1013.0
2026-02-15T18:00,24.2,37,23.3,33.0,3.6,0.0,1013.2
2026-02-15T19:00,23.2,40,22.7,0.0,1.5,0.0,1013.5
2026-02-15T20:00,21.9,42,21.0,0.0,2.7,0.0,1013.9
2026-02-15T21:00,21.4,35,19.3,0.0,6.3,0.0,1014.2
2026-02-15T22:00,20.1,36,17.4,0.0,9.4,0.0,1014.5
2026-02-15T23:00,17.9,50,16.4,0.0,5.1,0.0,1014.6
2026-02-16T00:00,16.9,60,16.5,0.0,1.1,0.0,1014.5
2026-02-16T01:00,15.8,65,15.3,0.0,1.7,0.0,1014.2
2026-02-16T02:00,16.0,62,15.3,0.0,2.2,0.0,1013.7
2026-02-16T03:00,15.6,63,14.7,0.0,3.3,0.0,1013.5
2026-02-16T04:00,15.5,62,14.5,0.0,3.7,0.0,1013.2
2026-02-16T05:00,15.4,64,14.7,0.0,2.7,0.0,1013.5
2026-02-16T06:00,15.2,65,14.5,0.0,2.2,0.0,1013.9
2026-02-16T07:00,15.1,67,14.5,8.0,2.2,0.0,1014.7
2026-02-16T08:00,17.2,59,16.2,132.0,4.5,0.0,1015.4
2026-02-16T09:00,20.5,49,20.0,337.0,2.0,0.0,1016.1
2026-02-16T10:00,23.6,40,22.8,531.0,4.0,0.0,1016.2
2026-02-16T11:00,26.2,34,25.6,679.0,7.9,0.0,1015.5
2026-02-16T12:00,27.7,29,27.1,765.0,9.4,0.0,1014.6
2026-02-16T13:00,28.5,25,27.5,778.0,9.2,0.0,1013.6
2026-02-16T14:00,28.7,23,27.3,717.0,8.6,0.0,1012.2
2026-02-16T15:00,28.6,23,26.3,591.0,8.8,0.0,1011.5
2026-02-16T16:00,27.9,24,25.3,411.0,9.2,0.0,1011.2
2026-02-16T17:00,26.7,28,24.7,204.0,8.5,0.0,1011.1
2026-02-16T18:00,24.9,36,23.5,34.0,7.6,0.0,1011.3
2026-02-16T19:00,22.7,45,22.0,0.0,5.4,0.0,1012.1
2026-02-16T20:00,20.9,53,20.5,0.0,4.8,0.0,1012.5
2026-02-16T21:00,20.6,51,19.8,0.0,5.7,0.0,1013.0
2026-02-16T22:00,20.2,48,19.1,0.0,5.8,0.0,1012.8
2026-02-16T23:00,19.5,50,18.3,0.0,5.7,0.0,1012.8
2026-02-17T00:00,19.6,46,18.1,0.0,6.3,0.0,1012.9
2026-02-17T01:00,18.8,49,17.4,0.0,5.5,0.0,1012.7
2026-02-17T02:00,18.3,50,16.3,0.0,9.1,0.0,1012.7
2026-02-17T03:00,17.4,55,15.6,0.0,8.5,0.0,1012.9
2026-02-17T04:00,17.0,55,15.4,0.0,7.3,0.0,1012.9
2026-02-17T05:00,18.1,50,16.1,0.0,8.5,0.0,1013.5
2026-02-17T06:00,18.1,49,16.0,0.0,8.7,0.0,1013.9
2026-02-17T07:00,17.5,50,15.5,8.0,8.3,0.0,1014.9
2026-02-17T08:00,18.8,47,16.9,127.0,8.1,0.0,1015.6
2026-02-17T09:00,21.5,40,19.8,337.0,7.2,0.0,1016.0
2026-02-17T10:00,24.2,35,22.4,531.0,8.4,0.0,1015.8
2026-02-17T11:00,25.6,35,24.5,636.0,8.7,0.0,1015.8
2026-02-17T12:00,26.9,32,26.0,717.0,10.1,0.0,1015.3
2026-02-17T13:00,27.8,29,27.1,770.0,10.1,0.0,1014.1
2026-02-17T14:00,28.3,27,27.0,710.0,10.6,0.0,1012.8
2026-02-17T15:00,28.2,26,26.0,586.0,11.5,0.0,1012.3
2026-02-17T16:00,27.6,28,25.8,393.0,7.6,0.0,1012.2
2026-02-17T17:00,27.2,30,25.5,184.0,7.8,0.0,1011.9
2026-02-17T18:00,24.4,44,24.2,34.0,3.6,0.0,1012.1
2026-02-17T19:00,23.8,43,23.1,0.0,5.2,0.0,1012.6
2026-02-17T20:00,23.2,40,21.1,0.0,11.8,0.0,1013.4
2026-02-17T21:00,21.4,38,19.2,0.0,9.6,0.0,1013.8
2026-02-17T22:00,20.4,41,18.5,0.0,7.0,0.0,1014.1
2026-02-17T23:00,19.5,51,18.7,0.0,3.0,0.0,1014.3
2026-02-18T00:00,19.9,45,18.0,0.0,7.9,0.0,1013.4
2026-02-18T01:00,19.3,46,17.3,0.0,9.0,0.0,1013.0
2026-02-18T02:00,18.7,48,16.8,0.0,8.3,0.0,1012.6
2026-02-18T03:00,17.9,51,16.8,0.0,3.2,0.0,1012.9
2026-02-18T04:00,16.3,69,14.4,0.0,13.7,0.2,1013.6
2026-02-18T05:00,16.3,81,15.4,0.0,12.1,0.0,1014.7
2026-02-18T06:00,16.2,82,14.8,0.0,16.0,0.1,1014.0
2026-02-18T07:00,15.7,87,14.1,6.0,18.4,2.2,1016.4
2026-02-18T08:00,16.8,83,16.6,68.0,9.5,0.1,1016.0
2026-02-18T09:00,18.7,75,18.5,262.0,10.2,0.0,1016.5
2026-02-18T10:00,21.0,61,20.2,476.0,11.9,0.0,1017.1
2026-02-18T11:00,21.6,49,19.0,401.0,18.9,0.8,1017.1
2026-02-18T12:00,19.4,65,19.2,272.0,7.0,2.5,1018.3
2026-02-18T13:00,18.4,77,18.9,183.0,6.2,2.8,1017.5
2026-02-18T14:00,19.2,70,18.7,364.0,11.4,0.3,1016.5
2026-02-18T15:00,18.3,81,18.0,293.0,13.7,1.4,1016.0
2026-02-18T16:00,18.0,82,17.8,149.0,12.4,1.4,1015.8
2026-02-18T17:00,17.4,79,16.2,133.0,15.6,0.6,1015.1
2026-02-18T18:00,16.8,75,15.9,24.0,10.8,0.0,1015.4
2026-02-18T19:00,16.7,79,15.4,0.0,14.9,0.1,1015.9
2026-02-18T20:00,16.4,82,15.8,0.0,11.3,0.1,1016.6
2026-02-18T21:00,16.0,84,15.5,0.0,10.4,0.0,1016.6
2026-02-18T22:00,15.2,88,15.3,0.0,6.3,0.0,1016.5
2026-02-18T23:00,15.0,91,15.1,0.0,6.5,0.0,1016.6
2026-02-19T00:00,14.7,93,15.0,0.0,5.8,0.0,1016.3
2026-02-19T01:00,14.5,93,14.5,0.0,7.1,0.0,1016.3
2026-02-19T02:00,13.8,95,14.2,0.0,3.4,0.0,1016.1
2026-02-19T03:00,13.6,95,14.4,0.0,0.5,0.0,1016.1
2026-02-19T04:00,13.3,96,13.8,0.0,1.5,0.0,1016.2
2026-02-19T05:00,13.3,96,13.1,0.0,7.4,0.0,1016.1
2026-02-19T06:00,13.2,95,12.9,0.0,6.7,0.0,1016.8
2026-02-19T07:00,13.3,94,12.9,9.0,7.9,0.0,1017.5
2026-02-19T08:00,15.2,88,15.0,127.0,8.6,0.0,1018.4
2026-02-19T09:00,17.6,79,17.6,309.0,7.8,0.2,1019.1
2026-02-19T10:00,19.2,70,19.2,407.0,8.1,0.3,1019.2
2026-02-19T11:00,21.1,58,21.0,534.0,6.1,0.0,1019.2
2026-02-19T12:00,21.4,57,22.2,609.0,2.6,0.0,1018.6
2026-02-19T13:00,21.8,54,22.2,584.0,2.8,0.0,1017.6
2026-02-19T14:00,22.5,52,22.9,606.0,3.6,0.0,1016.6
2026-02-19T15:00,22.8,50,22.7,540.0,4.5,0.0,1016.0
2026-02-19T16:00,22.7,51,22.4,372.0,5.8,0.0,1015.8
2026-02-19T17:00,22.4,55,22.4,184.0,6.5,0.0,1015.5
2026-02-19T18:00,20.1,66,20.3,35.0,6.4,0.0,1016.0
2026-02-19T19:00,19.2,69,19.3,0.0,6.1,0.0,1016.9
2026-02-19T20:00,18.5,71,18.2,0.0,8.2,0.0,1017.7
2026-02-19T21:00,17.8,74,17.8,0.0,6.7,0.0,1018.2
2026-02-19T22:00,17.2,77,17.1,0.0,7.0,0.0,1018.4
2026-02-19T23:00,17.1,81,17.1,0.0,7.8,0.0,1018.8
2026-02-20T00:00,17.0,81,17.1,0.0,7.8,0.0,1018.8
2026-02-20T01:00,16.7,81,16.6,0.0,7.7,0.0,1018.7
2026-02-20T02:00,16.2,82,16.2,0.0,7.3,0.0,1018.2
2026-02-20T03:00,15.8,83,15.7,0.0,7.1,0.0,1018.1
2026-02-20T04:00,15.2,86,15.0,0.0,7.5,0.0,1018.1
2026-02-20T05:00,15.2,86,14.8,0.0,8.8,0.0,1018.3
2026-02-20T06:00,15.3,85,14.9,0.0,8.9,0.0,1018.9
2026-02-20T07:00,15.4,84,14.9,10.0,8.7,0.0,1019.6
2026-02-20T08:00,17.2,80,17.1,139.0,8.0,0.0,1020.5
2026-02-20T09:00,20.0,69,20.5,343.0,6.0,0.0,1021.2
2026-02-20T10:00,22.1,60,22.3,535.0,6.8,0.0,1021.6
2026-02-20T11:00,23.7,52,24.7,682.0,5.8,0.0,1020.9
2026-02-20T12:00,24.7,47,26.2,765.0,5.1,0.0,1020.0
2026-02-20T13:00,25.1,45,26.1,707.0,4.6,0.0,1018.9
2026-02-20T14:00,25.1,44,25.6,647.0,5.0,0.0,1017.9
2026-02-20T15:00,25.0,44,24.9,545.0,4.8,0.0,1017.1
2026-02-20T16:00,24.8,45,24.7,390.0,4.4,0.0,1016.7
2026-02-20T17:00,24.2,50,24.5,198.0,4.4,0.0,1016.3
2026-02-20T18:00,22.0,62,23.0,36.0,2.7,0.0,1016.5
2026-02-20T19:00,21.0,63,21.9,0.0,1.4,0.0,1017.0
2026-02-20T20:00,19.2,71,20.0,0.0,2.8,0.0,1017.3
2026-02-20T21:00,18.2,78,19.0,0.0,3.7,0.0,1017.3
2026-02-20T22:00,17.0,84,17.7,0.0,4.5,0.0,1017.2
2026-02-20T23:00,16.6,84,16.5,0.0,8.5,0.0,1017.2
2026-02-21T00:00,16.8,79,16.6,0.0,7.4,0.0,1016.8
2026-02-21T01:00,16.8,78,16.6,0.0,6.9,0.0,1016.3
2026-02-21T02:00,16.4,79,16.3,0.0,5.8,0.0,1015.7
2026-02-21T03:00,16.0,80,15.9,0.0,5.4,0.0,1015.5
2026-02-21T04:00,15.4,80,15.3,0.0,4.6,0.0,1015.4
2026-02-21T05:00,15.3,86,15.1,0.0,7.0,0.0,1015.3
2026-02-21T06:00,15.1,86,15.1,0.0,5.8,0.0,1015.5
2026-02-21T07:00,15.0,87,15.0,11.0,5.5,0.0,1016.1
2026-02-21T08:00,17.3,80,17.7,145.0,5.2,0.0,1016.5
2026-02-21T09:00,20.7,68,21.8,354.0,2.5,0.0,1017.0
2026-02-21T10:00,22.6,59,23.2,548.0,4.4,0.0,1017.0
2026-02-21T11:00,23.8,53,25.2,697.0,5.0,0.0,1016.5
2026-02-21T12:00,24.8,46,26.4,781.0,4.6,0.0,1015.4
2026-02-21T13:00,25.5,42,26.8,794.0,4.8,0.0,1014.2
2026-02-21T14:00,25.8,39,26.5,735.0,5.2,0.0,1012.8
2026-02-21T15:00,25.8,38,25.3,608.0,5.9,0.0,1012.1
2026-02-21T16:00,25.3,38,24.3,427.0,6.3,0.0,1011.3
2026-02-21T17:00,24.5,44,24.2,218.0,5.5,0.0,1011.0
2026-02-21T18:00,21.6,59,21.8,40.0,5.1,0.0,1011.3
2026-02-21T19:00,20.1,66,20.7,0.0,3.9,0.0,1011.6
2026-02-21T20:00,19.4,68,19.9,0.0,3.3,0.0,1011.7
2026-02-21T21:00,18.8,69,19.3,0.0,3.4,0.0,1012.0
2026-02-21T22:00,18.2,70,18.5,0.0,3.2,0.0,1011.7
2026-02-21T23:00,18.5,68,19.0,0.0,1.7,0.0,1011.5
2026-02-22T00:00,18.3,68,18.7,0.0,1.3,0.0,1011.2
2026-02-22T01:00,17.3,70,17.7,0.0,1.1,0.0,1010.8
2026-02-22T02:00,16.1,75,16.4,0.0,1.1,0.0,1010.5
2026-02-22T03:00,15.3,77,15.5,0.0,0.9,0.0,1010.2
2026-02-22T04:00,14.9,77,14.9,0.0,1.3,0.0,1010.0
2026-02-22T05:00,16.1,70,16.3,0.0,0.3,0.0,1010.1
2026-02-22T06:00,16.3,69,16.4,0.0,0.5,0.0,1010.5
2026-02-22T07:00,16.8,69,17.0,12.0,0.7,0.0,1011.1
2026-02-22T08:00,18.4,66,18.3,150.0,4.8,0.0,1012.0
2026-02-22T09:00,20.7,61,21.0,359.0,3.3,0.0,1012.5
2026-02-22T10:00,23.0,56,23.6,553.0,4.0,0.0,1012.7
2026-02-22T11:00,24.8,54,26.4,699.0,6.2,0.0,1012.1
2026-02-22T12:00,26.0,45,27.5,782.0,6.5,0.0,1011.3
2026-02-22T13:00,26.6,41,27.6,739.0,5.9,0.0,1010.4
2026-02-22T14:00,27.0,39,27.6,679.0,4.8,0.0,1009.2
2026-02-22T15:00,27.1,37,26.8,550.0,4.5,0.0,1008.5
2026-02-22T16:00,26.7,38,26.2,385.0,6.1,0.0,1008.1
2026-02-22T17:00,25.9,46,26.3,206.0,4.7,0.0,1008.0
2026-02-22T18:00,23.1,63,24.5,38.0,3.6,0.0,1008.3
2026-02-22T19:00,21.6,65,22.5,0.0,4.5,0.0,1009.0
2026-02-22T20:00,20.3,68,21.0,0.0,4.3,0.0,1009.6
2026-02-22T21:00,19.6,69,20.4,0.0,2.1,0.0,1009.9
2026-02-22T22:00,19.1,70,19.6,0.0,4.1,0.0,1009.9
2026-02-22T23:00,18.4,73,18.9,0.0,4.3,0.0,1009.7
2026-02-23T00:00,17.8,74,18.1,0.0,5.0,0.0,1009.4
2026-02-23T01:00,17.4,73,17.3,0.0,5.2,0.0,1009.2
2026-02-23T02:00,17.0,73,16.7,0.0,6.8,0.0,1009.1
2026-02-23T03:00,17.5,75,18.2,0.0,1.9,0.0,1008.9
2026-02-23T04:00,17.4,76,18.3,0.0,0.5,0.0,1008.9
2026-02-23T05:00,16.4,81,16.8,0.0,3.9,1.8,1009.8
2026-02-23T06:00,17.4,80,17.4,0.0,8.6,0.1,1009.5
2026-02-23T07:00,16.7,87,16.1,7.0,14.4,0.6,1011.4
2026-02-23T08:00,18.2,76,17.9,92.0,10.3,0.1,1011.3
2026-02-23T09:00,20.5,68,21.4,320.0,4.0,0.0,1012.3
2026-02-23T10:00,22.3,59,22.2,347.0,9.9,0.0,1012.1
2026-02-23T11:00,22.8,55,22.9,373.0,6.8,0.0,1012.3
2026-02-23T12:00,24.8,48,24.5,467.0,8.9,0.0,1011.5
2026-02-23T13:00,25.7,46,26.1,671.0,9.1,0.0,1010.5
2026-02-23T14:00,26.0,44,26.6,672.0,6.7,0.0,1009.8
2026-02-23T15:00,25.7,40,25.6,488.0,3.1,0.0,1009.6
2026-02-23T16:00,25.7,38,25.4,361.0,2.9,0.0,1009.0
2026-02-23T17:00,26.5,31,25.8,206.0,1.3,0.0,1008.5
2026-02-23T18:00,23.0,50,22.9,40.0,4.2,0.0,1008.9
2026-02-23T19:00,21.4,53,20.6,0.0,8.1,0.0,1009.5
2026-02-23T20:00,20.1,63,19.8,0.0,7.9,0.0,1010.3
2026-02-23T21:00,18.7,70,18.9,0.0,5.4,0.0,1010.9
2026-02-23T22:00,18.1,70,18.4,0.0,3.9,0.0,1011.1
2026-02-23T23:00,18.0,71,18.0,0.0,5.7,0.0,1011.1
2026-02-24T00:00,17.7,71,17.8,0.0,4.2,0.0,1011.0
2026-02-24T01:00,17.5,70,17.8,0.0,2.2,0.0,1011.0
2026-02-24T02:00,17.2,69,16.7,0.0,6.4,0.0,1010.6
2026-02-24T03:00,16.5,72,15.7,0.0,7.9,0.0,1010.7
2026-02-24T04:00,16.6,70,15.8,0.0,7.5,0.0,1010.6
2026-02-24T05:00,16.8,72,16.2,0.0,7.3,0.0,1010.5
2026-02-24T06:00,16.6,73,16.2,0.0,6.2,0.0,1011.2
2026-02-24T07:00,16.3,75,16.1,13.0,5.2,0.0,1012.5
2026-02-24T08:00,18.7,67,18.6,153.0,5.2,0.0,1013.5
2026-02-24T09:00,21.8,56,22.0,362.0,4.4,0.0,1014.1
2026-02-24T10:00,24.0,48,23.9,558.0,6.0,0.0,1014.3
2026-02-24T11:00,25.9,39,26.1,706.0,7.3,0.0,1013.9
2026-02-24T12:00,27.0,32,27.2,753.0,5.0,0.0,1013.4
2026-02-24T13:00,27.6,30,27.8,745.0,3.8,0.0,1012.5
2026-02-24T14:00,28.0,28,27.6,674.0,3.7,0.0,1011.5
2026-02-24T15:00,28.1,26,26.6,554.0,4.1,0.0,1011.1
2026-02-24T16:00,27.4,27,25.9,335.0,4.1,0.0,1010.9
2026-02-24T17:00,26.4,31,25.6,211.0,1.5,0.0,1010.8
2026-02-24T18:00,23.7,52,24.5,42.0,0.9,0.0,1011.2
2026-02-24T19:00,21.8,58,22.3,0.0,3.2,0.0,1011.8
2026-02-24T20:00,20.5,60,21.0,0.0,1.9,0.0,1012.4
2026-02-24T21:00,19.7,62,20.0,0.0,1.9,0.0,1012.9
2026-02-24T22:00,18.4,58,17.3,0.0,7.5,0.0,1013.2
2026-02-24T23:00,18.2,60,16.9,0.0,9.9,0.0,1013.2
2026-02-25T00:00,18.3,57,16.7,0.0,10.3,0.0,1013.0
2026-02-25T01:00,17.9,55,16.4,0.0,8.1,0.0,1013.0
2026-02-25T02:00,17.3,57,15.9,0.0,6.6,0.0,1013.0
2026-02-25T03:00,16.8,59,15.5,0.0,6.8,0.0,1013.1
2026-02-25T04:00,15.8,67,15.0,0.0,5.2,0.0,1012.8
2026-02-25T05:00,16.3,63,15.1,0.0,7.0,0.0,1013.2
2026-02-25T06:00,16.1,66,15.2,0.0,5.5,0.0,1013.8
2026-02-25T07:00,16.3,65,15.4,14.0,5.6,0.0,1014.5
2026-02-25T08:00,18.6,58,17.7,156.0,6.6,0.0,1015.3
2026-02-25T09:00,21.6,50,21.0,367.0,5.6,0.0,1015.9
2026-02-25T10:00,24.0,41,23.2,563.0,5.9,0.0,1015.7
2026-02-25T11:00,25.8,38,26.0,711.0,6.4,0.0,1015.1
2026-02-25T12:00,27.4,33,27.7,794.0,7.2,0.0,1014.2
2026-02-25T13:00,28.3,29,28.6,794.0,6.2,0.0,1013.4
2026-02-25T14:00,28.9,26,28.2,675.0,5.4,0.0,1012.3
2026-02-25T15:00,28.8,24,26.8,524.0,6.8,0.0,1011.8
2026-02-25T16:00,28.1,24,25.9,356.0,8.1,0.0,1011.7
2026-02-25T17:00,27.8,25,25.9,193.0,6.0,0.0,1011.4
2026-02-25T18:00,25.4,41,25.6,44.0,1.1,0.0,1011.5
2026-02-25T19:00,23.4,46,23.5,0.0,1.3,0.0,1012.0
2026-02-25T20:00,21.4,53,21.1,0.0,4.5,0.0,1012.6
2026-02-25T21:00,20.6,60,20.8,0.0,3.3,0.0,1013.0
2026-02-25T22:00,19.3,55,17.7,0.0,11.3,0.0,1013.5
2026-02-25T23:00,19.6,50,18.3,0.0,6.7,0.0,1013.5
2026-02-26T00:00,18.7,54,17.1,0.0,8.9,0.0,1013.7
2026-02-26T01:00,18.2,57,17.2,0.0,5.4,0.0,1013.1
2026-02-26T02:00,17.5,60,16.6,0.0,5.5,0.0,1012.7
2026-02-26T03:00,17.0,60,15.9,0.0,6.2,0.0,1012.6
2026-02-26T04:00,16.7,60,15.3,0.0,7.1,0.0,1012.4
2026-02-26T05:00,16.2,63,15.1,0.0,5.8,0.0,1012.3
2026-02-26T06:00,15.9,64,15.0,0.0,4.3,0.0,1012.3
2026-02-26T07:00,16.4,64,15.6,15.0,4.1,0.0,1012.7
2026-02-26T08:00,19.3,51,18.3,161.0,4.6,0.0,1013.2
2026-02-26T09:00,22.7,39,21.7,375.0,3.6,0.0,1013.5
2026-02-26T10:00,25.3,29,23.6,573.0,5.6,0.0,1013.2
2026-02-26T11:00,27.2,26,26.1,723.0,7.6,0.0,1012.8
2026-02-26T12:00,28.6,26,28.4,808.0,7.6,0.0,1011.9
2026-02-26T13:00,29.8,21,29.1,819.0,7.1,0.0,1010.7
2026-02-26T14:00,30.1,18,28.0,757.0,11.0,0.0,1009.6
2026-02-26T15:00,29.6,20,27.0,630.0,11.6,0.0,1009.2
2026-02-26T16:00,29.3,21,27.1,443.0,6.1,0.0,1008.7
2026-02-26T17:00,28.8,23,27.1,230.0,3.5,0.0,1008.2
2026-02-26T18:00,26.0,30,24.6,46.0,4.6,0.0,1008.1
2026-02-26T19:00,23.7,42,23.1,0.0,3.7,0.0,1008.6
2026-02-26T20:00,22.3,48,22.2,0.0,2.7,0.0,1009.3
2026-02-26T21:00,21.1,51,20.8,0.0,3.1,0.0,1009.8
2026-02-26T22:00,21.2,41,20.1,0.0,2.6,0.0,1009.8
2026-02-26T23:00,20.0,48,18.5,0.0,7.6,0.0,1009.7
2026-02-27T00:00,19.1,51,17.9,0.0,5.7,0.0,1009.3
2026-02-27T01:00,18.7,50,17.3,0.0,6.1,0.0,1009.2
2026-02-27T02:00,17.9,53,16.7,0.0,4.6,0.0,1008.7
2026-02-27T03:00,17.8,50,16.4,0.0,4.9,0.0,1008.5
2026-02-27T04:00,17.3,53,16.0,0.0,4.7,0.0,1008.1
2026-02-27T05:00,17.4,56,16.6,0.0,2.9,0.0,1008.4
2026-02-27T06:00,17.1,58,16.3,0.0,2.8,0.0,1008.9
2026-02-27T07:00,17.5,59,17.1,16.0,1.6,0.0,1009.5
2026-02-27T08:00,20.2,47,19.7,164.0,0.6,0.0,1010.3
2026-02-27T09:00,23.5,41,22.9,376.0,3.4,0.0,1010.9
2026-02-27T10:00,26.0,37,25.5,571.0,4.3,0.0,1010.6
2026-02-27T11:00,28.1,32,28.3,720.0,5.4,0.0,1010.2
2026-02-27T12:00,30.2,23,29.9,804.0,6.7,0.0,1009.3
2026-02-27T13:00,31.3,18,30.0,815.0,9.8,0.0,1008.3
2026-02-27T14:00,30.9,18,28.3,636.0,11.0,0.0,1007.1
2026-02-27T15:00,30.2,20,27.5,344.0,9.4,0.0,1006.6
2026-02-27T16:00,30.1,20,27.5,357.0,8.9,0.0,1006.3
2026-02-27T17:00,29.3,24,27.4,193.0,6.9,0.0,1005.8
2026-02-27T18:00,26.4,36,25.7,41.0,5.6,0.0,1006.1
2026-02-27T19:00,25.2,41,24.8,0.0,4.4,0.0,1006.6
2026-02-27T20:00,23.6,48,23.6,0.0,3.8,0.0,1007.3
2026-02-27T21:00,23.3,51,23.4,0.0,4.2,0.0,1007.8
2026-02-27T22:00,22.0,61,23.1,0.0,1.6,0.0,1007.7
2026-02-27T23:00,23.2,53,23.9,0.0,1.0,0.0,1007.9
2026-02-28T00:00,22.6,49,21.3,0.0,11.0,0.0,1007.8
2026-02-28T01:00,21.0,64,21.7,0.0,3.4,0.0,1007.7
2026-02-28T02:00,20.7,61,21.0,0.0,3.8,0.0,1007.3
2026-02-28T03:00,20.1,62,20.1,0.0,6.0,0.0,1007.2
2026-02-28T04:00,19.3,62,19.2,0.0,5.0,0.0,1007.1
2026-02-28T05:00,21.2,52,20.2,0.0,9.2,0.0,1007.1
2026-02-28T06:00,21.0,51,19.9,0.0,8.6,0.0,1007.7
2026-02-28T07:00,21.1,51,20.0,10.0,8.8,0.0,1008.6
2026-02-28T08:00,22.1,49,21.0,93.0,8.6,0.0,1009.5
2026-02-28T09:00,23.6,44,22.8,228.0,6.7,0.0,1010.2
2026-02-28T10:00,25.0,41,24.1,345.0,7.1,0.0,1010.1
2026-02-28T11:00,27.4,36,27.1,635.0,7.9,0.0,1009.8
2026-02-28T12:00,28.7,32,28.7,702.0,7.6,0.0,1009.1
2026-02-28T13:00,29.6,28,30.0,770.0,5.7,0.0,1008.1
2026-02-28T14:00,29.9,26,29.5,640.0,3.2,0.0,1006.9
2026-02-28T15:00,30.3,23,28.7,531.0,5.6,0.0,1006.5
2026-02-28T16:00,29.5,24,27.4,334.0,8.2,0.0,1006.3
2026-02-28T17:00,28.8,27,26.9,209.0,8.3,0.0,1006.3
2026-02-28T18:00,27.2,30,26.0,37.0,4.4,0.0,1006.9
2026-02-28T19:00,25.6,41,25.6,0.0,2.9,0.0,1007.6
2026-02-28T20:00,24.2,40,23.5,0.0,4.0,0.0,1008.2
2026-02-28T21:00,23.0,41,21.7,0.0,6.8,0.0,1008.8
2026-02-28T22:00,21.8,40,20.2,0.0,6.8,0.0,1009.1
2026-02-28T23:00,21.3,43,19.9,0.0,6.6,0.0,1009.2
2026-03-01T00:00,20.4,53,20.3,0.0,1.9,0.0,1009.3
2026-03-01T01:00,20.1,55,20.2,0.0,0.8,0.0,1009.1
2026-03-01T02:00,19.8,52,18.7,0.0,6.3,0.0,1008.9
2026-03-01T03:00,19.0,55,17.8,0.0,7.5,0.0,1008.8
2026-03-01T04:00,18.6,56,17.7,0.0,5.1,0.0,1008.5
2026-03-01T05:00,18.8,58,18.1,0.0,5.6,0.0,1008.5
2026-03-01T06:00,18.9,57,18.0,0.0,6.6,0.0,1009.0
2026-03-01T07:00,18.9,56,18.0,19.0,6.0,0.0,1009.7
2026-03-01T08:00,21.5,47,20.5,171.0,5.9,0.0,1010.5
2026-03-01T09:00,25.0,37,24.4,386.0,3.0,0.0,1011.3
2026-03-01T10:00,27.6,29,26.6,584.0,4.8,0.0,1011.5
2026-03-01T11:00,29.0,25,28.5,734.0,5.6,0.0,1011.2
2026-03-01T12:00,30.6,19,30.2,816.0,4.3,0.0,1010.5
2026-03-01T13:00,31.5,15,30.2,827.0,7.5,0.0,1009.5
2026-03-01T14:00,31.2,15,28.2,767.0,15.3,0.0,1009.0
2026-03-01T15:00,30.5,16,26.8,635.0,15.7,0.0,1008.8
2026-03-01T16:00,30.3,17,26.8,445.0,12.0,0.0,1008.7
2026-03-01T17:00,30.1,17,27.1,236.0,8.6,0.0,1008.2
2026-03-01T18:00,27.3,29,26.2,50.0,3.5,0.0,1008.4
2026-03-01T19:00,25.9,32,25.0,0.0,2.4,0.0,1009.3
2026-03-01T20:00,25.1,32,24.1,0.0,1.7,0.0,1010.1
2026-03-01T21:00,23.2,32,21.0,0.0,7.9,0.0,1011.2
2026-03-01T22:00,21.6,45,20.9,0.0,3.1,0.0,1011.6
2026-03-01T23:00,21.2,40,19.4,0.0,6.7,0.0,1011.8
2026-03-02T00:00,20.1,47,19.1,0.0,4.2,0.0,1011.5
2026-03-02T01:00,19.7,47,18.5,0.0,4.4,0.0,1011.6
2026-03-02T02:00,18.9,47,17.5,0.0,4.6,0.0,1011.0
2026-03-02T03:00,19.0,45,17.3,0.0,5.2,0.0,1010.7
2026-03-02T04:00,17.8,53,16.9,0.0,2.2,0.0,1010.6
2026-03-02T05:00,19.3,51,18.1,0.0,5.6,0.0,1010.7
2026-03-02T06:00,19.8,46,18.3,0.0,6.4,0.0,1011.5
2026-03-02T07:00,20.1,45,18.5,20.0,6.3,0.0,1012.0
2026-03-02T08:00,22.7,39,21.2,174.0,6.0,0.0,1012.7
2026-03-02T09:00,26.2,31,24.9,389.0,4.3,0.0,1013.5
2026-03-02T10:00,28.5,25,26.9,586.0,6.4,0.0,1013.8
2026-03-02T11:00,29.7,23,28.5,735.0,9.2,0.0,1013.7
2026-03-02T12:00,31.2,19,29.8,818.0,10.9,0.0,1013.1
2026-03-02T13:00,31.7,18,30.0,828.0,12.9,0.0,1012.3
2026-03-02T14:00,31.8,18,29.9,766.0,12.3,0.0,1011.8
2026-03-02T15:00,31.8,18,29.5,634.0,10.5,0.0,1011.0
2026-03-02T16:00,31.3,19,28.4,450.0,11.3,0.0,1010.8
2026-03-02T17:00,30.5,21,27.8,237.0,10.6,0.0,1010.6
2026-03-02T18:00,28.6,24,26.6,50.0,7.1,0.0,1011.1
2026-03-02T19:00,26.7,32,25.8,0.0,4.3,0.0,1011.7
2026-03-02T20:00,25.7,35,24.9,0.0,4.0,0.0,1012.2
2026-03-02T21:00,24.8,33,23.3,0.0,5.1,0.0,1012.9
2026-03-02T22:00,23.5,37,22.1,0.0,5.1,0.0,1013.4
2026-03-02T23:00,21.9,45,21.1,0.0,4.3,0.0,1013.4
2026-03-03T00:00,22.0,44,20.9,0.0,5.7,0.0,1013.2
2026-03-03T01:00,22.0,42,20.3,0.0,8.4,0.0,1013.2
2026-03-03T02:00,21.1,41,19.3,0.0,7.5,0.0,1012.8
2026-03-03T03:00,20.0,45,18.5,0.0,6.0,0.0,1012.2
2026-03-03T04:00,18.9,50,17.7,0.0,4.9,0.0,1011.7
2026-03-03T05:00,18.5,59,17.8,0.0,5.0,0.0,1012.1
2026-03-03T06:00,18.2,60,17.5,0.0,4.5,0.0,1012.8
2026-03-03T07:00,18.8,58,18.4,22.0,3.3,0.0,1013.5
2026-03-03T08:00,21.6,48,21.1,181.0,3.8,0.0,1014.2
2026-03-03T09:00,25.7,36,25.2,400.0,2.9,0.0,1014.8
2026-03-03T10:00,28.6,28,27.6,602.0,5.2,0.0,1014.9
2026-03-03T11:00,30.6,20,29.2,753.0,9.2,0.0,1014.5
2026-03-03T12:00,31.7,17,30.0,837.0,12.5,0.0,1013.8
2026-03-03T13:00,32.0,18,30.5,850.0,12.6,0.0,1013.0
2026-03-03T14:00,32.4,16,30.3,785.0,12.0,0.0,1012.1
2026-03-03T15:00,32.2,17,29.5,653.0,11.9,0.0,1011.5
2026-03-03T16:00,31.7,17,28.5,464.0,11.4,0.0,1011.3
2026-03-03T17:00,30.7,18,27.8,246.0,9.3,0.0,1011.2
2026-03-03T18:00,28.1,24,26.3,54.0,4.5,0.0,1011.9
2026-03-03T19:00,26.6,28,25.0,0.0,4.5,0.0,1012.5
2026-03-03T20:00,26.0,25,23.7,0.0,6.2,0.0,1013.3
2026-03-03T21:00,25.8,23,23.0,0.0,7.4,0.0,1013.8
2026-03-03T22:00,25.4,22,22.4,0.0,8.3,0.0,1013.9
2026-03-03T23:00,23.7,27,21.0,0.0,7.4,0.0,1014.0
2026-03-04T00:00,22.8,28,20.0,0.0,8.4,0.0,1013.7
2026-03-04T01:00,22.2,30,19.3,0.0,9.3,0.0,1013.6
2026-03-04T02:00,21.6,32,18.9,0.0,8.9,0.0,1013.2
2026-03-04T03:00,21.1,33,18.4,0.0,8.8,0.0,1012.9
2026-03-04T04:00,20.6,35,17.9,0.0,9.3,0.0,1012.9
2026-03-04T05:00,20.3,38,17.8,0.0,9.1,0.0,1013.3
2026-03-04T06:00,19.6,40,17.2,0.0,9.2,0.0,1013.9
2026-03-04T07:00,20.2,39,17.7,23.0,9.3,0.0,1014.6
2026-03-04T08:00,23.4,32,21.0,187.0,9.0,0.0,1015.3
2026-03-04T09:00,27.2,26,25.2,408.0,6.0,0.0,1016.0
2026-03-04T10:00,30.3,20,28.4,609.0,7.2,0.0,1015.9
2026-03-04T11:00,32.3,16,30.1,760.0,11.7,0.0,1015.6
2026-03-04T12:00,33.1,16,31.1,843.0,13.5,0.0,1015.0
2026-03-04T13:00,33.4,16,31.6,852.0,13.3,0.0,1014.0
2026-03-04T14:00,33.5,16,31.6,787.0,12.8,0.0,1013.0
2026-03-04T15:00,33.4,15,30.5,654.0,12.6,0.0,1012.5
2026-03-04T16:00,32.7,16,29.3,468.0,12.5,0.0,1012.2
2026-03-04T17:00,32.1,17,29.2,250.0,9.9,0.0,1011.5
2026-03-04T18:00,29.6,22,27.8,56.0,4.6,0.0,1011.9
2026-03-04T19:00,28.7,24,26.7,0.0,6.2,0.0,1012.3
2026-03-04T20:00,28.7,22,26.2,0.0,9.0,0.0,1012.7
2026-03-04T21:00,28.2,22,25.3,0.0,9.9,0.0,1013.3
2026-03-04T22:00,27.2,23,24.4,0.0,9.5,0.0,1013.3
2026-03-04T23:00,25.3,29,22.8,0.0,10.1,0.0,1013.3
2026-03-05T00:00,24.1,33,21.6,0.0,11.3,0.0,1012.8
2026-03-05T01:00,23.5,34,21.1,0.0,10.9,0.0,1012.3
2026-03-05T02:00,23.1,35,20.6,0.0,11.3,0.0,1011.9
2026-03-05T03:00,22.9,35,20.2,0.0,12.1,0.0,1011.4
2026-03-05T04:00,22.6,34,19.8,0.0,12.4,0.0,1011.1
2026-03-05T05:00,22.3,37,19.6,0.0,13.0,0.0,1011.4
2026-03-05T06:00,21.8,39,19.1,0.0,13.2,0.0,1012.1
2026-03-05T07:00,22.0,38,19.3,25.0,13.5,0.0,1012.7
2026-03-05T08:00,24.2,34,21.6,188.0,13.5,0.0,1013.4
2026-03-05T09:00,26.9,30,24.8,406.0,10.3,0.0,1013.7
2026-03-05T10:00,29.3,27,27.3,605.0,12.5,0.0,1013.6
2026-03-05T11:00,31.6,25,30.6,755.0,13.2,0.0,1013.2
2026-03-05T12:00,33.2,22,32.3,838.0,14.4,0.0,1012.6
2026-03-05T13:00,33.9,20,32.8,848.0,14.6,0.0,1011.5
2026-03-05T14:00,34.0,21,32.7,784.0,14.4,0.0,1010.4
2026-03-05T15:00,33.9,21,31.9,652.0,14.3,0.0,1009.7
2026-03-05T16:00,33.4,20,30.7,465.0,13.9,0.0,1009.3
2026-03-05T17:00,32.6,21,30.2,249.0,11.6,0.0,1009.3
2026-03-05T18:00,30.7,25,29.3,56.0,6.7,0.0,1009.3
2026-03-05T19:00,30.0,26,28.2,0.0,9.4,0.0,1009.6
2026-03-05T20:00,28.9,27,27.1,0.0,8.9,0.0,1010.1
2026-03-05T21:00,27.3,30,25.5,0.0,9.0,0.0,1010.5
2026-03-05T22:00,26.5,33,24.8,0.0,9.2,0.0,1010.8
2026-03-05T23:00,25.5,36,23.9,0.0,9.4,0.0,1010.6
2026-03-06T00:00,24.8,35,23.1,0.0,8.7,0.0,1010.4
2026-03-06T01:00,23.7,37,22.0,0.0,8.8,0.0,1010.3
2026-03-06T02:00,23.3,37,21.4,0.0,9.2,0.0,1010.0
2026-03-06T03:00,23.0,37,20.9,0.0,10.0,0.0,1009.6
2026-03-06T04:00,22.8,36,20.3,0.0,11.2,0.0,1009.3
2026-03-06T05:00,22.5,37,20.2,0.0,11.1,0.0,1009.6
2026-03-06T06:00,22.2,37,19.7,0.0,11.0,0.0,1010.3
2026-03-06T07:00,22.4,35,19.7,26.0,11.2,0.0,1011.2
2026-03-06T08:00,24.4,30,21.7,195.0,11.3,0.0,1012.2
2026-03-06T09:00,27.3,24,24.9,418.0,8.3,0.0,1012.6
2026-03-06T10:00,30.2,18,27.7,620.0,8.6,0.0,1012.5
2026-03-06T11:00,32.4,14,30.7,772.0,8.3,0.0,1012.3
2026-03-06T12:00,33.6,13,32.5,857.0,7.4,0.0,1011.6
2026-03-06T13:00,34.2,13,33.1,867.0,7.6,0.0,1010.6
2026-03-06T14:00,34.4,13,32.8,801.0,7.9,0.0,1009.7
2026-03-06T15:00,34.2,13,31.9,666.0,8.2,0.0,1009.2
2026-03-06T16:00,33.6,14,30.6,475.0,8.0,0.0,1008.9
2026-03-06T17:00,32.6,15,29.8,255.0,7.2,0.0,1009.0
2026-03-06T18:00,29.7,21,28.0,58.0,4.0,0.0,1009.4
2026-03-06T19:00,27.8,29,26.9,0.0,1.7,0.0,1009.8
2026-03-06T20:00,26.1,33,25.5,0.0,0.9,0.0,1010.4
2026-03-06T21:00,25.6,34,25.1,0.0,0.4,0.0,1010.9
2026-03-06T22:00,24.2,34,22.8,0.0,4.3,0.0,1011.1
2026-03-06T23:00,23.6,39,22.5,0.0,5.3,0.0,1011.2
2026-03-07T00:00,24.0,37,22.5,0.0,7.3,0.0,1011.1
2026-03-07T01:00,23.9,37,22.4,0.0,6.9,0.0,1010.7
2026-03-07T02:00,23.6,37,22.0,0.0,7.2,0.0,1010.4
2026-03-07T03:00,22.6,39,21.3,0.0,5.7,0.0,1010.3
2026-03-07T04:00,22.4,39,20.9,0.0,5.8,0.0,1010.3
2026-03-07T05:00,20.1,52,19.8,0.0,1.8,0.0,1010.8
2026-03-07T06:00,18.6,56,18.3,0.0,1.7,0.0,1011.5
2026-03-07T07:00,19.3,52,18.6,28.0,3.2,0.0,1012.3
2026-03-07T08:00,22.6,44,22.0,198.0,3.4,0.0,1013.1
2026-03-07T09:00,26.6,33,26.1,420.0,2.1,0.0,1013.6
2026-03-07T10:00,29.3,28,28.9,621.0,3.1,0.0,1013.7
2026-03-07T11:00,31.3,25,31.9,771.0,4.1,0.0,1013.4
2026-03-07T12:00,33.1,21,33.8,853.0,4.7,0.0,1012.8
2026-03-07T13:00,34.0,19,34.4,861.0,5.7,0.0,1011.7
2026-03-07T14:00,34.5,18,34.4,794.0,5.7,0.0,1010.7
2026-03-07T15:00,34.6,18,33.5,660.0,5.8,0.0,1010.2
2026-03-07T16:00,34.1,18,32.3,472.0,5.5,0.0,1010.2
2026-03-07T17:00,33.1,19,31.4,253.0,4.7,0.0,1010.2
2026-03-07T18:00,30.0,30,29.9,59.0,2.3,0.0,1010.7
2026-03-07T19:00,28.4,32,28.2,0.0,1.4,0.0,1011.4
2026-03-07T20:00,27.1,36,27.2,0.0,1.0,0.0,1012.2
2026-03-07T21:00,25.7,38,25.7,0.0,0.7,0.0,1012.9
2026-03-07T22:00,24.4,42,24.6,0.0,0.4,0.0,1013.1
2026-03-07T23:00,24.4,43,24.5,0.0,1.4,0.0,1013.2
2026-03-08T00:00,23.6,45,23.7,0.0,1.4,0.0,1013.1
2026-03-08T01:00,22.9,47,22.8,0.0,2.7,0.0,1012.5
2026-03-08T02:00,21.9,48,21.4,0.0,4.4,0.0,1012.2
2026-03-08T03:00,20.8,53,20.5,0.0,3.6,0.0,1012.1
2026-03-08T04:00,20.0,54,19.6,0.0,3.7,0.0,1011.9
2026-03-08T05:00,19.8,54,19.3,0.0,4.3,0.0,1011.9
2026-03-08T06:00,19.5,56,18.9,0.0,5.0,0.0,1012.4
2026-03-08T07:00,20.5,52,19.9,29.0,5.2,0.0,1013.1
2026-03-08T08:00,24.1,44,23.7,201.0,4.8,0.0,1013.8
2026-03-08T09:00,28.6,34,28.4,423.0,3.1,0.0,1014.4
2026-03-08T10:00,31.4,27,31.1,621.0,4.9,0.0,1014.5
2026-03-08T11:00,33.3,22,33.6,770.0,4.4,0.0,1014.1
2026-03-08T12:00,35.1,16,35.4,850.0,4.2,0.0,1013.3
2026-03-08T13:00,35.9,15,35.6,857.0,6.4,0.0,1012.3
2026-03-08T14:00,36.0,14,34.6,792.0,9.4,0.0,1011.0
2026-03-08T15:00,35.7,12,32.9,662.0,11.4,0.0,1010.4
2026-03-08T16:00,35.1,12,31.5,477.0,11.6,0.0,1010.3
2026-03-08T17:00,34.4,14,31.5,257.0,9.2,0.0,1010.2
2026-03-08T18:00,31.5,23,30.5,60.0,3.0,0.0,1010.5
2026-03-08T19:00,29.7,26,28.6,0.0,4.0,0.0,1011.3
2026-03-08T20:00,28.9,27,27.5,0.0,5.2,0.0,1012.0
2026-03-08T21:00,28.4,27,27.0,0.0,5.8,0.0,1012.5
2026-03-08T22:00,27.3,29,25.8,0.0,5.6,0.0,1012.4
2026-03-08T23:00,26.6,30,24.7,0.0,8.6,0.0,1012.7
2026-03-09T00:00,25.3,34,23.8,0.0,7.5,0.0,1012.7
2026-03-09T01:00,24.8,35,23.1,0.0,8.4,0.0,1012.2
2026-03-09T02:00,24.9,29,22.3,0.0,10.6,0.0,1011.7
2026-03-09T03:00,24.4,27,21.3,0.0,10.9,0.0,1011.1
2026-03-09T04:00,23.8,28,20.8,0.0,10.9,0.0,1010.9
2026-03-09T05:00,23.8,30,20.8,0.0,11.7,0.0,1011.3
2026-03-09T06:00,24.1,31,21.7,0.0,9.5,0.0,1012.0
2026-03-09T07:00,24.3,33,22.4,31.0,7.7,0.0,1012.8
2026-03-09T08:00,26.8,31,25.4,205.0,6.9,0.0,1013.3
2026-03-09T09:00,30.4,26,29.5,427.0,3.4,0.0,1013.9
2026-03-09T10:00,33.2,19,31.9,628.0,5.4,0.0,1014.0
2026-03-09T11:00,34.6,13,32.7,779.0,10.3,0.0,1013.5
2026-03-09T12:00,35.3,13,33.9,864.0,10.4,0.0,1013.2
2026-03-09T13:00,35.7,13,34.3,874.0,10.5,0.0,1012.3
2026-03-09T14:00,36.0,11,34.0,808.0,10.5,0.0,1011.4
2026-03-09T15:00,35.9,11,33.1,674.0,10.2,0.0,1010.7
2026-03-09T16:00,35.3,12,31.8,482.0,10.6,0.0,1010.7
2026-03-09T17:00,34.4,15,31.5,260.0,9.4,0.0,1010.6
2026-03-09T18:00,32.0,18,30.1,61.0,4.6,0.0,1011.2
2026-03-09T19:00,30.1,24,29.1,0.0,2.4,0.0,1012.0
2026-03-09T20:00,28.7,24,27.1,0.0,4.0,0.0,1012.6
2026-03-09T21:00,27.9,23,25.9,0.0,5.3,0.0,1013.3
2026-03-09T22:00,27.9,20,25.4,0.0,6.4,0.0,1013.3
2026-03-09T23:00,25.7,29,24.1,0.0,4.9,0.0,1013.8
2026-03-10T00:00,23.1,34,21.6,0.0,3.5,0.0,1014.2
2026-03-10T01:00,22.7,39,22.1,0.0,0.3,0.0,1014.1
2026-03-10T02:00,22.3,37,21.1,0.0,2.7,0.0,1013.4
2026-03-10T03:00,21.3,41,19.8,0.0,5.3,0.0,1013.4
2026-03-10T04:00,20.9,46,19.6,0.0,6.3,0.0,1013.4
2026-03-10T05:00,20.2,64,20.6,0.0,4.0,0.0,1014.1
2026-03-10T06:00,19.9,67,20.5,0.0,3.6,0.0,1014.8
2026-03-10T07:00,20.7,65,21.3,33.0,4.5,0.0,1015.5
2026-03-10T08:00,23.9,57,24.9,207.0,4.2,0.0,1016.4
2026-03-10T09:00,27.9,44,29.3,429.0,1.3,0.0,1017.2
2026-03-10T10:00,31.0,31,32.1,629.0,0.0,0.0,1017.1
2026-03-10T11:00,33.1,20,33.4,781.0,3.1,0.0,1016.5
2026-03-10T12:00,35.4,12,34.7,865.0,4.7,0.0,1015.6
2026-03-10T13:00,36.1,10,34.9,877.0,6.3,0.0,1014.6
2026-03-10T14:00,36.2,9,34.3,812.0,8.0,0.0,1013.3
2026-03-10T15:00,35.9,9,32.9,676.0,9.2,0.0,1012.6
2026-03-10T16:00,35.2,9,31.3,485.0,10.1,0.0,1012.4
2026-03-10T17:00,34.3,10,30.4,263.0,10.6,0.0,1012.1
2026-03-10T18:00,32.0,13,28.8,63.0,7.2,0.0,1012.6
2026-03-10T19:00,29.6,20,27.7,0.0,3.7,0.0,1013.0
2026-03-10T20:00,28.6,21,27.0,0.0,1.5,0.0,1013.7
2026-03-10T21:00,27.2,23,25.5,0.0,1.6,0.0,1014.0
2026-03-10T22:00,25.9,25,24.3,0.0,1.8,0.0,1014.1
2026-03-10T23:00,25.5,25,23.4,0.0,4.4,0.0,1014.3
2026-03-11T00:00,25.2,25,22.8,0.0,5.8,0.0,1014.2
2026-03-11T01:00,23.5,29,21.5,0.0,4.4,0.0,1013.8
2026-03-11T02:00,22.7,30,20.5,0.0,5.7,0.0,1013.7
2026-03-11T03:00,21.6,33,19.6,0.0,4.9,0.0,1013.3
2026-03-11T04:00,21.1,37,19.4,0.0,4.1,0.0,1013.1
2026-03-11T05:00,20.4,42,19.4,0.0,1.3,0.0,1013.5
2026-03-11T06:00,20.6,40,19.5,0.0,1.8,0.0,1013.7
2026-03-11T07:00,21.7,37,19.8,34.0,6.3,0.0,1014.5
2026-03-11T08:00,25.3,29,23.4,210.0,5.7,0.0,1015.4
2026-03-11T09:00,29.1,23,27.5,432.0,3.8,0.0,1015.8
2026-03-11T10:00,31.8,18,30.3,632.0,5.0,0.0,1015.7
2026-03-11T11:00,33.7,16,32.7,782.0,6.3,0.0,1015.0
2026-03-11T12:00,35.3,12,34.1,863.0,8.4,0.0,1014.2
2026-03-11T13:00,35.4,13,34.0,872.0,11.1,0.0,1013.0
2026-03-11T14:00,35.4,13,33.7,803.0,10.5,0.0,1011.8
2026-03-11T15:00,35.3,14,33.0,669.0,9.4,0.0,1010.9
2026-03-11T16:00,34.9,14,32.0,478.0,9.3,0.0,1010.3
2026-03-11T17:00,34.2,15,31.5,259.0,8.0,0.0,1009.8
2026-03-11T18:00,31.8,19,29.9,63.0,4.2,0.0,1010.3
2026-03-11T19:00,29.8,23,28.1,0.0,4.6,0.0,1011.1
2026-03-11T20:00,28.4,26,27.0,0.0,4.2,0.0,1011.6
2026-03-11T21:00,27.2,28,25.8,0.0,4.2,0.0,1011.8
2026-03-11T22:00,26.8,25,24.7,0.0,6.7,0.0,1011.8
2026-03-11T23:00,26.4,27,24.4,0.0,6.7,0.0,1012.0
2026-03-12T00:00,26.4,28,24.4,0.0,7.0,0.0,1011.6
2026-03-12T01:00,25.2,30,23.2,0.0,7.8,0.0,1011.2
2026-03-12T02:00,24.4,31,22.4,0.0,6.9,0.0,1010.6
2026-03-12T03:00,24.0,31,21.8,0.0,7.9,0.0,1010.0
2026-03-12T04:00,23.9,30,21.4,0.0,9.0,0.0,1009.5
2026-03-12T05:00,23.6,31,20.9,0.0,10.9,0.0,1009.5
2026-03-12T06:00,23.1,32,20.3,0.0,10.6,0.0,1010.0
2026-03-12T07:00,23.2,30,20.3,32.0,11.4,0.0,1010.5
2026-03-12T08:00,25.5,26,22.6,197.0,10.9,0.0,1011.1
2026-03-12T09:00,27.9,22,25.1,400.0,9.2,0.0,1011.7
2026-03-12T10:00,30.2,20,27.6,587.0,10.3,0.0,1011.7
2026-03-12T11:00,32.6,15,29.8,735.0,14.8,0.0,1011.1
2026-03-12T12:00,34.0,11,30.6,823.0,17.3,0.0,1010.2
2026-03-12T13:00,34.4,10,31.4,838.0,15.3,0.0,1009.2
2026-03-12T14:00,34.7,10,31.4,751.0,13.7,0.0,1008.1
2026-03-12T15:00,34.4,11,30.7,628.0,13.5,0.0,1007.5
2026-03-12T16:00,33.8,12,29.8,380.0,12.6,0.0,1007.4
2026-03-12T17:00,33.0,13,29.7,184.0,8.9,0.0,1007.5
2026-03-12T18:00,30.2,20,28.3,61.0,3.8,0.0,1008.0
2026-03-12T19:00,28.6,22,26.7,0.0,4.2,0.0,1008.2
2026-03-12T20:00,28.1,24,26.5,0.0,3.5,0.0,1008.8
2026-03-12T21:00,26.7,25,24.8,0.0,4.4,0.0,1009.4
2026-03-12T22:00,26.1,25,24.0,0.0,5.3,0.0,1009.4
2026-03-12T23:00,26.0,28,23.9,0.0,7.1,0.0,1009.8
2026-03-13T00:00,25.5,30,23.6,0.0,7.6,0.0,1009.6
2026-03-13T01:00,24.9,32,22.4,0.0,11.5,0.0,1009.7
2026-03-13T02:00,24.1,34,22.0,0.0,9.1,0.0,1009.2
2026-03-13T03:00,23.7,40,22.0,0.0,10.1,0.0,1009.0
2026-03-13T04:00,23.1,47,21.9,0.0,10.3,0.0,1008.7
2026-03-13T05:00,23.0,47,22.1,0.0,8.3,0.0,1008.9
2026-03-13T06:00,22.5,51,21.7,0.0,9.4,0.0,1009.2
2026-03-13T07:00,23.1,54,22.6,36.0,11.1,0.0,1009.8
2026-03-13T08:00,25.4,51,25.6,193.0,8.3,0.0,1010.7
2026-03-13T09:00,28.2,44,28.7,408.0,7.3,0.0,1011.5
2026-03-13T10:00,30.4,36,31.1,621.0,6.3,0.0,1011.3
2026-03-13T11:00,31.3,30,32.9,761.0,1.9,0.0,1010.7
2026-03-13T12:00,33.2,24,34.4,788.0,2.4,0.0,1010.0
2026-03-13T13:00,33.9,21,34.0,774.0,6.5,0.0,1008.9
2026-03-13T14:00,33.6,20,31.6,681.0,14.0,0.0,1008.2
2026-03-13T15:00,32.2,23,29.9,364.0,12.6,0.0,1007.8
2026-03-13T16:00,32.5,22,30.8,448.0,7.9,0.0,1007.6
2026-03-13T17:00,32.0,23,30.9,234.0,4.5,0.0,1007.4
2026-03-13T18:00,29.9,42,31.8,59.0,0.3,0.0,1007.7
2026-03-13T19:00,28.7,29,27.5,0.0,5.6,0.0,1008.5
2026-03-13T20:00,27.5,30,25.4,0.0,11.7,0.0,1009.2
2026-03-13T21:00,26.5,31,24.4,0.0,10.0,0.0,1009.5
2026-03-13T22:00,25.7,30,23.5,0.0,8.8,0.0,1009.3
2026-03-13T23:00,25.2,32,22.9,0.0,10.7,0.0,1009.4
2026-03-14T00:00,24.6,32,21.9,0.0,12.3,0.0,1009.3
2026-03-14T01:00,23.5,35,21.3,0.0,9.9,0.0,1009.3
2026-03-14T02:00,22.6,38,20.6,0.0,8.8,0.0,1008.9
2026-03-14T03:00,21.8,42,20.1,0.0,8.8,0.0,1009.0
2026-03-14T04:00,21.5,45,19.9,0.0,9.4,0.0,1008.6
2026-03-14T05:00,21.2,47,19.6,0.0,9.7,0.0,1008.8
2026-03-14T06:00,20.5,49,19.2,0.0,8.1,0.0,1009.5
2026-03-14T07:00,20.9,48,19.7,36.0,7.3,0.0,1010.3
2026-03-14T08:00,23.2,43,22.6,203.0,3.9,0.0,1011.2
2026-03-14T09:00,26.3,36,25.5,431.0,4.7,0.0,1011.8
2026-03-14T10:00,28.6,30,27.8,619.0,7.1,0.0,1011.5
2026-03-14T11:00,30.1,27,29.6,770.0,9.6,0.0,1011.1
2026-03-14T12:00,31.1,25,30.6,785.0,10.2,0.0,1010.2
2026-03-14T13:00,31.9,24,31.7,814.0,9.0,0.0,1008.9
2026-03-14T14:00,32.4,23,32.3,766.0,7.3,0.0,1007.7
2026-03-14T15:00,32.6,23,31.1,569.0,8.2,0.0,1007.7
2026-03-14T16:00,30.1,26,29.0,223.0,4.9,0.3,1007.4
2026-03-14T17:00,28.6,32,27.4,228.0,8.6,0.1,1006.9
2026-03-14T18:00,27.0,35,25.6,64.0,10.1,0.0,1007.4
2026-03-14T19:00,26.6,33,25.1,0.0,8.6,0.0,1007.6
2026-03-14T20:00,26.7,30,25.1,0.0,6.7,0.0,1007.9
2026-03-14T21:00,26.3,31,24.5,0.0,8.3,0.0,1008.2
2026-03-14T22:00,25.1,35,23.6,0.0,7.1,0.0,1008.3
2026-03-14T23:00,24.1,48,24.1,0.0,4.4,0.0,1008.7
2026-03-15T00:00,24.1,41,22.6,0.0,10.0,0.0,1008.8
2026-03-15T01:00,24.3,39,23.1,0.0,7.0,0.0,1007.9
2026-03-15T02:00,22.5,46,21.8,0.0,5.6,0.0,1008.1
2026-03-15T03:00,21.5,52,21.6,0.0,1.9,0.0,1007.9
2026-03-15T04:00,21.0,49,19.6,0.0,9.3,0.0,1008.0
2026-03-15T05:00,20.8,58,21.3,0.0,1.3,0.0,1006.4
2026-03-15T06:00,21.5,49,20.9,0.0,4.9,0.0,1007.1
2026-03-15T07:00,22.8,42,21.6,40.0,6.6,0.0,1008.2
2026-03-15T08:00,25.0,35,24.1,216.0,3.4,0.0,1009.4
2026-03-15T09:00,26.6,31,24.8,439.0,8.6,0.0,1010.8
2026-03-15T10:00,28.3,28,27.7,636.0,4.5,0.0,1010.8
2026-03-15T11:00,31.3,20,30.7,789.0,6.6,0.0,1009.9
2026-03-15T12:00,33.1,12,30.0,729.0,13.0,0.0,1008.8
2026-03-15T13:00,33.4,12,29.7,797.0,18.6,0.0,1007.6
2026-03-15T14:00,33.5,12,29.7,784.0,19.5,0.0,1006.6
2026-03-15T15:00,33.2,13,29.0,671.0,19.5,0.0,1006.0
2026-03-15T16:00,32.7,13,28.0,486.0,18.8,0.0,1005.6
2026-03-15T17:00,32.4,14,28.3,267.0,14.6,0.0,1005.6
2026-03-15T18:00,30.9,16,28.3,68.0,5.5,0.0,1005.5
2026-03-15T19:00,28.1,21,26.1,0.0,3.4,0.0,1006.0
2026-03-15T20:00,26.7,27,25.1,0.0,3.7,0.0,1006.7
2026-03-15T21:00,26.5,24,24.0,0.0,7.5,0.0,1007.9
2026-03-15T22:00,26.0,24,23.5,0.0,7.4,0.0,1007.9
2026-03-15T23:00,25.6,25,23.0,0.0,8.6,0.0,1008.1
2026-03-16T00:00,25.3,25,22.4,0.0,10.1,0.0,1008.1
2026-03-16T01:00,24.1,27,21.2,0.0,10.0,0.0,1008.0
2026-03-16T02:00,22.6,29,20.2,0.0,6.7,0.0,1007.3
2026-03-16T03:00,21.8,31,19.5,0.0,5.7,0.0,1006.9
2026-03-16T04:00,20.5,35,18.5,0.0,4.4,0.0,1006.8
2026-03-16T05:00,18.5,57,17.0,0.0,9.7,0.0,1007.4
2026-03-16T06:00,17.4,77,16.7,0.0,11.7,0.0,1009.0
2026-03-16T07:00,17.7,78,17.6,43.0,8.9,0.0,1009.6
2026-03-16T08:00,19.8,69,20.2,227.0,6.3,0.0,1010.5
2026-03-16T09:00,22.8,56,23.5,449.0,3.2,0.0,1011.1
2026-03-16T10:00,26.0,43,26.5,646.0,5.6,0.0,1010.8
2026-03-16T11:00,28.3,32,28.7,796.0,7.5,0.0,1010.0
2026-03-16T12:00,30.3,22,30.4,878.0,6.8,0.0,1009.0
2026-03-16T13:00,31.6,16,30.7,885.0,8.3,0.0,1007.5
2026-03-16T14:00,31.9,14,29.8,819.0,11.0,0.0,1006.2
2026-03-16T15:00,31.7,13,28.6,684.0,12.3,0.0,1005.9
2026-03-16T16:00,31.2,14,27.6,492.0,11.0,0.0,1005.8
2026-03-16T17:00,31.2,15,27.6,270.0,11.5,0.0,1005.5
2026-03-16T18:00,29.4,17,26.8,69.0,5.9,0.0,1005.7
2026-03-16T19:00,27.9,21,25.4,0.0,6.6,0.0,1006.3
2026-03-16T20:00,26.7,24,24.6,0.0,5.2,0.0,1006.8
2026-03-16T21:00,25.5,27,23.7,0.0,3.9,0.0,1007.7
2026-03-16T22:00,25.4,21,21.4,0.0,14.8,0.0,1008.6
2026-03-16T23:00,23.5,32,19.9,0.0,17.9,0.0,1009.0
2026-03-17T00:00,21.6,54,19.4,0.0,18.4,0.0,1009.2
2026-03-17T01:00,20.6,62,19.3,0.0,15.6,0.0,1009.0
2026-03-17T02:00,19.9,67,18.9,0.0,14.5,0.0,1009.0
2026-03-17T03:00,19.2,69,18.4,0.0,13.1,0.0,1008.7
2026-03-17T04:00,18.6,71,18.1,0.0,10.5,0.0,1008.3
2026-03-17T05:00,18.3,72,17.9,0.0,9.6,0.0,1008.0
2026-03-17T06:00,18.2,73,17.8,0.0,9.8,0.0,1008.5
2026-03-17T07:00,18.8,71,18.5,45.0,9.4,0.0,1008.9
2026-03-17T08:00,21.6,61,21.9,229.0,6.1,0.0,1009.6
2026-03-17T09:00,24.9,50,25.3,449.0,5.3,0.0,1010.2
2026-03-17T10:00,27.3,42,27.9,617.0,5.2,0.0,1010.2
2026-03-17T11:00,29.0,31,29.3,738.0,6.7,0.0,1009.6
2026-03-17T12:00,30.8,23,30.4,819.0,8.7,0.0,1009.1
2026-03-17T13:00,31.0,22,29.9,708.0,8.5,0.0,1008.2
2026-03-17T14:00,31.5,20,30.0,690.0,8.1,0.0,1007.5
2026-03-17T15:00,31.5,18,29.2,610.0,8.9,0.0,1006.9
2026-03-17T16:00,31.2,17,28.4,443.0,8.9,0.0,1006.7
2026-03-17T17:00,30.6,18,28.1,244.0,6.8,0.0,1006.7
2026-03-17T18:00,28.6,25,27.5,67.0,2.3,0.0,1007.3
2026-03-17T19:00,27.6,33,27.6,0.0,0.4,0.0,1007.8
2026-03-17T20:00,26.3,27,23.6,0.0,11.5,0.0,1008.6
2026-03-17T21:00,24.1,47,22.9,0.0,12.3,0.0,1009.5
2026-03-17T22:00,23.0,52,22.0,0.0,12.1,0.0,1010.0
2026-03-17T23:00,22.4,59,21.9,0.0,12.3,0.0,1010.4
2026-03-18T00:00,21.5,62,21.1,0.0,10.9,0.0,1010.0
2026-03-18T01:00,21.0,61,20.3,0.0,11.3,0.0,1009.2
2026-03-18T02:00,20.8,58,19.9,0.0,11.3,0.0,1008.9
2026-03-18T03:00,20.7,56,19.6,0.0,10.5,0.0,1009.3
2026-03-18T04:00,20.3,56,19.2,0.0,9.4,0.0,1009.6
2026-03-18T05:00,19.8,59,18.9,0.0,9.1,0.0,1009.8
2026-03-18T06:00,19.7,59,18.9,0.0,8.4,0.0,1010.2
2026-03-18T07:00,20.6,58,19.9,46.0,8.7,0.0,1010.9
2026-03-18T08:00,23.3,51,23.2,227.0,6.4,0.0,1011.9
2026-03-18T09:00,26.3,45,26.2,443.0,8.0,0.0,1012.3
2026-03-18T10:00,28.7,37,28.4,632.0,10.8,0.0,1011.9
2026-03-18T11:00,30.3,30,30.3,781.0,10.5,0.0,1011.6
2026-03-18T12:00,31.7,25,32.4,856.0,7.0,0.0,1011.0
2026-03-18T13:00,32.2,23,31.7,817.0,10.6,0.0,1010.3
2026-03-18T14:00,30.0,25,28.8,709.0,11.1,0.0,1010.2
2026-03-18T15:00,31.0,21,29.5,577.0,4.9,0.0,1008.9
2026-03-18T16:00,30.8,21,28.8,365.0,6.4,0.0,1008.4
2026-03-18T17:00,30.2,22,28.7,229.0,4.0,0.0,1008.5
2026-03-18T18:00,25.1,47,22.9,57.0,21.9,0.0,1010.4
2026-03-18T19:00,22.5,59,22.0,0.0,12.3,0.0,1011.3
2026-03-18T20:00,22.7,56,21.9,0.0,13.3,0.0,1011.2
2026-03-18T21:00,21.4,66,20.8,0.0,15.3,0.0,1011.8
2026-03-18T22:00,20.5,69,19.9,0.0,13.8,0.0,1012.1
2026-03-18T23:00,20.9,67,20.8,0.0,10.9,0.0,1012.5
2026-03-19T00:00,20.8,68,20.9,0.0,9.9,0.0,1012.5
2026-03-19T01:00,20.7,69,21.2,0.0,6.8,0.0,1012.2
2026-03-19T02:00,20.7,67,20.8,0.0,8.5,0.0,1011.5
2026-03-19T03:00,20.8,64,20.9,0.0,7.6,0.0,1011.3
2026-03-19T04:00,19.9,68,20.4,0.0,4.6,0.0,1011.8
2026-03-19T05:00,20.1,70,20.9,0.0,4.3,0.0,1011.5
2026-03-19T06:00,20.7,72,22.1,0.0,2.3,0.0,1012.2
2026-03-19T07:00,21.3,63,21.9,32.0,4.2,0.0,1013.2
2026-03-19T08:00,22.1,60,22.8,75.0,3.6,0.0,1013.9
2026-03-19T09:00,23.2,55,24.2,144.0,1.3,0.0,1014.2
2026-03-19T10:00,27.5,39,27.4,594.0,7.8,0.0,1014.5
2026-03-19T11:00,26.2,45,25.6,493.0,10.4,0.0,1014.0
2026-03-19T12:00,26.7,41,28.6,803.0,3.1,0.2,1013.7
2026-03-19T13:00,26.9,40,27.3,533.0,1.3,0.0,1012.1
2026-03-19T14:00,28.4,35,29.8,707.0,1.3,0.0,1010.2
2026-03-19T15:00,27.8,38,28.0,623.0,5.9,0.0,1009.2
2026-03-19T16:00,20.8,78,22.0,367.0,8.4,12.9,1010.5
2026-03-19T17:00,26.6,37,25.5,101.0,7.9,2.8,1009.1
2026-03-19T18:00,22.9,51,21.3,62.0,15.4,0.0,1010.4
2026-03-19T19:00,21.5,55,19.7,0.0,16.6,0.0,1011.0
2026-03-19T20:00,20.0,63,18.6,0.0,15.6,0.0,1011.6
2026-03-19T21:00,18.8,68,17.7,0.0,13.5,0.0,1012.3
2026-03-19T22:00,18.2,69,17.3,0.0,10.8,0.0,1012.7
2026-03-19T23:00,18.2,76,18.1,0.0,9.1,0.1,1012.8
2026-03-20T00:00,17.7,78,17.4,0.0,10.1,0.5,1012.3
2026-03-20T01:00,17.8,76,18.2,0.0,5.0,0.0,1011.8
2026-03-20T02:00,17.4,79,17.6,0.0,6.0,0.0,1011.7
2026-03-20T03:00,17.2,83,18.1,0.0,2.8,0.3,1011.6
2026-03-20T04:00,17.1,86,17.7,0.0,5.8,0.7,1011.7
2026-03-20T05:00,16.8,94,18.5,0.0,1.9,1.1,1011.9
2026-03-20T06:00,16.6,95,18.2,0.0,2.3,1.1,1011.7
2026-03-20T07:00,16.6,97,17.3,7.0,9.0,0.8,1012.8
2026-03-20T08:00,17.3,88,18.5,65.0,3.8,0.2,1012.9
2026-03-20T09:00,19.1,75,19.7,314.0,6.0,0.0,1013.2
2026-03-20T10:00,21.3,61,22.1,623.0,4.9,0.0,1013.0
2026-03-20T11:00,21.9,59,24.0,780.0,3.9,0.0,1012.9
2026-03-20T12:00,23.4,55,25.8,841.0,4.2,0.0,1011.8
2026-03-20T13:00,23.8,52,25.5,809.0,6.5,0.1,1011.2
2026-03-20T14:00,22.7,57,22.7,577.0,9.0,1.6,1009.8
2026-03-20T15:00,23.0,50,22.2,315.0,9.2,0.0,1009.1
2026-03-20T16:00,22.2,54,21.4,350.0,10.7,0.5,1009.2
2026-03-20T17:00,22.2,57,23.0,204.0,1.5,0.0,1009.3
2026-03-20T18:00,20.9,70,22.2,65.0,2.7,0.0,1009.7
2026-03-20T19:00,19.3,70,19.1,0.0,9.5,0.0,1010.5
2026-03-20T20:00,17.7,76,17.7,0.0,7.2,0.0,1011.3
2026-03-20T21:00,17.1,78,17.1,0.0,6.9,0.0,1012.3
2026-03-20T22:00,16.6,81,17.1,0.0,3.6,0.0,1012.8
2026-03-20T23:00,17.1,87,18.6,0.0,0.8,0.0,1013.0
2026-03-21T00:00,17.0,87,18.1,0.0,3.1,0.0,1012.8
2026-03-21T01:00,16.6,85,17.1,0.0,4.9,0.0,1012.5
2026-03-21T02:00,15.9,88,16.5,0.0,4.8,0.0,1012.3
2026-03-21T03:00,15.3,92,16.0,0.0,3.6,0.0,1012.4
2026-03-21T04:00,15.1,92,15.7,0.0,3.7,0.0,1011.9
2026-03-21T05:00,15.1,95,16.2,0.0,2.3,0.0,1012.2
2026-03-21T06:00,15.2,95,16.3,0.0,2.3,0.0,1012.9
2026-03-21T07:00,16.3,92,17.5,53.0,2.8,0.0,1013.9
2026-03-21T08:00,18.8,81,20.2,239.0,2.8,0.0,1014.7
2026-03-21T09:00,21.3,67,22.4,457.0,3.6,0.0,1015.5
2026-03-21T10:00,23.2,57,24.4,647.0,5.3,0.0,1015.5
2026-03-21T11:00,24.2,54,26.5,775.0,4.0,0.0,1015.3
2026-03-21T12:00,24.6,51,25.5,608.0,4.3,0.0,1014.9
2026-03-21T13:00,25.4,47,26.7,709.0,4.6,0.0,1014.0
2026-03-21T14:00,26.2,43,27.3,742.0,5.7,0.0,1013.0
2026-03-21T15:00,26.4,40,26.6,614.0,4.9,0.0,1012.2
2026-03-21T16:00,26.2,40,26.0,380.0,4.5,0.0,1011.7
2026-03-21T17:00,26.5,36,26.2,202.0,2.3,0.0,1011.8
2026-03-21T18:00,24.5,50,25.4,70.0,0.6,0.0,1012.1
2026-03-21T19:00,22.5,57,23.2,0.0,2.4,0.0,1013.0
2026-03-21T20:00,21.3,64,22.2,0.0,3.1,0.0,1013.8
2026-03-21T21:00,21.3,61,22.1,0.0,1.4,0.0,1014.2
2026-03-21T22:00,20.3,64,20.7,0.0,4.0,0.0,1014.7
2026-03-21T23:00,20.8,59,19.7,0.0,12.3,0.0,1015.2
2026-03-22T00:00,19.5,66,19.4,0.0,7.0,0.0,1014.5
2026-03-22T01:00,18.9,70,18.9,0.0,6.3,0.0,1014.1
2026-03-22T02:00,18.9,69,18.7,0.0,7.6,0.0,1013.5
2026-03-22T03:00,18.2,73,18.4,0.0,6.0,0.0,1013.5
2026-03-22T04:00,17.4,78,17.9,0.0,4.5,0.0,1013.1
2026-03-22T05:00,18.5,78,19.6,0.0,2.5,0.0,1013.4
2026-03-22T06:00,18.6,77,19.5,0.0,3.9,0.0,1013.9
2026-03-22T07:00,19.1,74,19.8,35.0,5.2,0.0,1014.5
2026-03-22T08:00,21.0,69,22.1,193.0,3.8,0.0,1015.1
2026-03-22T09:00,23.4,58,24.2,446.0,4.8,0.0,1015.5
2026-03-22T10:00,25.1,50,26.0,644.0,5.9,0.0,1015.3
2026-03-22T11:00,26.5,45,28.0,787.0,6.9,0.0,1014.8
2026-03-22T12:00,27.5,39,28.9,802.0,6.0,0.0,1014.2
2026-03-22T13:00,28.2,36,29.5,840.0,6.7,0.0,1013.1
2026-03-22T14:00,28.5,36,29.0,700.0,7.1,0.0,1012.0
2026-03-22T15:00,28.4,36,28.3,609.0,7.0,0.0,1011.4
2026-03-22T16:00,28.1,36,27.9,373.0,4.4,0.0,1011.1
2026-03-22T17:00,27.9,37,27.4,228.0,6.9,0.0,1010.8
2026-03-22T18:00,24.8,52,25.5,64.0,5.0,0.0,1010.8
2026-03-22T19:00,23.2,58,23.9,0.0,5.2,0.0,1011.3
2026-03-22T20:00,22.2,60,22.7,0.0,5.7,0.0,1011.9
2026-03-22T21:00,22.5,55,23.0,0.0,2.5,0.0,1012.4
2026-03-22T22:00,21.7,58,22.0,0.0,5.0,0.0,1011.8
2026-03-22T23:00,21.1,62,21.4,0.0,5.2,0.0,1011.8
2026-03-23T00:00,21.6,57,21.5,0.0,6.4,0.0,1011.6
2026-03-23T01:00,21.0,60,21.7,0.0,1.5,0.0,1011.4
2026-03-23T02:00,19.5,68,19.8,0.0,5.9,0.0,1011.4
2026-03-23T03:00,18.3,76,19.1,0.0,3.3,0.0,1011.0
2026-03-23T04:00,18.4,74,19.2,0.0,2.1,0.0,1011.1
2026-03-23T05:00,20.7,62,20.3,0.0,9.5,0.1,1010.5
2026-03-23T06:00,19.2,74,18.4,0.0,15.2,0.0,1012.4
2026-03-23T07:00,18.8,81,19.1,16.0,10.6,0.2,1012.9
2026-03-23T08:00,19.0,84,19.8,110.0,9.8,0.4,1014.3
2026-03-23T09:00,21.0,73,20.9,370.0,13.8,0.0,1014.2
2026-03-23T10:00,22.3,64,22.4,373.0,10.5,0.0,1014.2
2026-03-23T11:00,23.8,58,23.9,627.0,13.3,0.0,1014.1
2026-03-23T12:00,24.8,55,25.6,715.0,11.8,0.0,1013.2
2026-03-23T13:00,25.9,51,27.5,769.0,9.1,0.0,1012.1
2026-03-23T14:00,26.6,49,28.5,748.0,6.9,0.0,1011.0
2026-03-23T15:00,26.7,48,27.7,587.0,5.8,0.0,1010.5
2026-03-23T16:00,26.7,48,27.1,441.0,7.3,0.0,1010.0
2026-03-23T17:00,26.2,51,27.0,237.0,6.5,0.0,1010.4
2026-03-23T18:00,24.2,68,26.4,70.0,3.6,0.0,1010.5
2026-03-23T19:00,23.1,67,24.4,0.0,6.8,0.0,1011.0
2026-03-23T20:00,21.7,78,24.0,0.0,3.1,0.0,1011.4
2026-03-23T21:00,21.1,80,23.4,0.0,2.5,0.0,1012.0
2026-03-23T22:00,21.3,75,23.2,0.0,2.4,0.0,1011.5
2026-03-23T23:00,21.8,72,23.8,0.0,1.7,0.0,1011.4
2026-03-24T00:00,21.8,72,23.9,0.0,1.0,0.0,1011.4
2026-03-24T01:00,21.1,74,23.1,0.0,1.5,0.0,1011.2
2026-03-24T02:00,20.5,77,22.2,0.0,3.1,0.0,1011.2
2026-03-24T03:00,19.7,82,21.5,0.0,3.1,0.0,1011.1
2026-03-24T04:00,18.8,85,19.7,0.0,8.1,0.0,1011.2
2026-03-24T05:00,17.7,86,18.9,0.0,4.5,0.0,1011.6
2026-03-24T06:00,18.2,84,19.4,0.0,4.4,0.0,1012.2
2026-03-24T07:00,19.1,81,20.2,59.0,5.4,0.0,1012.7
2026-03-24T08:00,21.7,72,23.4,243.0,3.7,0.0,1013.0
2026-03-24T09:00,24.4,61,25.9,463.0,4.3,0.0,1013.5
2026-03-24T10:00,26.3,53,28.3,654.0,4.6,0.0,1013.5
2026-03-24T11:00,27.8,46,30.5,786.0,3.7,0.0,1012.6
2026-03-24T12:00,28.8,38,30.1,732.0,5.8,0.0,1011.8
2026-03-24T13:00,29.7,34,31.1,818.0,6.7,0.0,1010.7
2026-03-24T14:00,30.4,29,30.8,809.0,8.4,0.0,1009.6
2026-03-24T15:00,30.2,27,29.1,660.0,10.3,0.0,1008.9
2026-03-24T16:00,29.8,27,28.0,477.0,9.5,0.0,1008.5
2026-03-24T17:00,29.1,31,27.9,275.0,8.5,0.0,1008.6
2026-03-24T18:00,26.3,39,25.5,75.0,7.6,0.0,1008.7
2026-03-24T19:00,24.2,54,24.9,0.0,4.6,0.0,1009.1
2026-03-24T20:00,23.1,55,23.7,0.0,3.5,0.0,1009.7
2026-03-24T21:00,22.0,56,21.5,0.0,9.1,0.0,1010.4
2026-03-24T22:00,21.9,48,20.8,0.0,8.2,0.0,1010.3
2026-03-24T23:00,22.4,44,20.8,0.0,10.5,0.0,1010.2
2026-03-25T00:00,21.6,47,19.9,0.0,11.3,0.0,1009.9
2026-03-25T01:00,20.4,54,19.2,0.0,9.3,0.0,1010.1
2026-03-25T02:00,19.6,60,18.9,0.0,8.0,0.0,1010.2
2026-03-25T03:00,18.9,65,18.7,0.0,5.7,0.0,1010.1
2026-03-25T04:00,18.5,66,18.2,0.0,5.8,0.0,1009.8
2026-03-25T05:00,18.6,70,18.7,0.0,5.5,0.0,1010.2
2026-03-25T06:00,18.8,68,18.8,0.0,6.0,0.0,1011.0
2026-03-25T07:00,20.0,64,20.1,61.0,5.3,0.0,1011.6
2026-03-25T08:00,23.0,54,23.2,251.0,5.1,0.0,1012.3
2026-03-25T09:00,25.6,45,25.6,462.0,5.2,0.0,1012.8
2026-03-25T10:00,27.6,36,27.7,663.0,7.0,0.0,1013.1
2026-03-25T11:00,29.3,33,30.2,804.0,7.8,0.0,1012.5
2026-03-25T12:00,30.6,30,32.1,876.0,5.6,0.0,1011.8
2026-03-25T13:00,31.0,27,31.2,718.0,5.0,0.0,1010.9
2026-03-25T14:00,31.4,25,31.3,687.0,5.1,0.0,1009.9
2026-03-25T15:00,31.5,25,30.8,589.0,4.3,0.0,1008.9
2026-03-25T16:00,31.3,25,30.6,441.0,2.4,0.0,1008.4
2026-03-25T17:00,31.4,24,30.3,259.0,4.3,0.0,1008.2
2026-03-25T18:00,28.3,40,28.7,70.0,4.2,0.0,1008.6
2026-03-25T19:00,25.9,53,27.2,0.0,3.6,0.0,1009.3
2026-03-25T20:00,24.9,52,25.9,0.0,2.9,0.0,1010.0
2026-03-25T21:00,24.7,54,26.1,0.0,1.3,0.0,1011.1
2026-03-25T22:00,24.4,47,24.5,0.0,4.0,0.0,1011.1
2026-03-25T23:00,24.4,47,24.6,0.0,3.6,0.0,1011.0
2026-03-26T00:00,23.5,44,22.3,0.0,8.8,0.0,1011.4
2026-03-26T01:00,22.4,45,20.9,0.0,9.7,0.0,1011.6
2026-03-26T02:00,22.1,47,21.2,0.0,6.6,0.0,1010.9
2026-03-26T03:00,21.7,48,20.7,0.0,7.7,0.0,1011.3
2026-03-26T04:00,21.3,49,20.3,0.0,7.1,0.0,1011.0
2026-03-26T05:00,21.3,55,21.0,0.0,6.1,0.0,1011.4
2026-03-26T06:00,21.6,49,20.5,0.0,8.1,0.0,1012.2
2026-03-26T07:00,22.2,47,20.9,63.0,9.0,0.0,1013.0
2026-03-26T08:00,24.8,42,24.4,250.0,4.8,0.0,1014.1
2026-03-26T09:00,27.6,36,27.0,466.0,6.0,0.0,1014.5
2026-03-26T10:00,29.7,31,29.6,651.0,6.4,0.0,1014.4
2026-03-26T11:00,31.6,28,32.1,785.0,7.9,0.0,1013.8
2026-03-26T12:00,33.0,24,33.5,854.0,8.3,0.0,1012.6
2026-03-26T13:00,33.6,23,34.0,822.0,8.1,0.0,1011.6
2026-03-26T14:00,33.8,22,33.5,717.0,7.7,0.0,1010.3
2026-03-26T15:00,34.1,22,33.1,638.0,9.2,0.0,1009.4
2026-03-26T16:00,33.6,22,32.0,453.0,9.9,0.0,1009.0
2026-03-26T17:00,33.2,21,31.5,240.0,7.2,0.0,1008.8
2026-03-26T18:00,31.2,25,30.2,45.0,5.0,0.0,1009.3
2026-03-26T19:00,29.8,29,28.9,0.0,5.4,0.0,1009.6
2026-03-26T20:00,28.5,39,29.5,0.0,0.4,0.0,1010.1
2026-03-26T21:00,27.1,37,26.8,0.0,4.0,0.0,1010.9
2026-03-26T22:00,26.4,37,24.7,0.0,12.1,0.0,1011.4
2026-03-26T23:00,25.5,41,23.9,0.0,13.3,0.0,1011.6
2026-03-27T00:00,25.2,40,23.7,0.0,11.0,0.0,1011.0
2026-03-27T01:00,24.5,43,23.3,0.0,10.3,0.0,1010.7
2026-03-27T02:00,23.7,48,22.9,0.0,9.8,0.0,1010.3
2026-03-27T03:00,22.6,54,22.1,0.0,9.1,0.0,1009.7
2026-03-27T04:00,22.2,56,22.0,0.0,6.9,0.0,1009.1
2026-03-27T05:00,21.9,65,23.4,0.0,1.0,0.0,1009.2
2026-03-27T06:00,22.2,61,22.5,0.0,8.0,0.0,1010.1
2026-03-27T07:00,23.3,58,23.9,47.0,5.9,0.0,1010.3
2026-03-27T08:00,25.5,50,26.4,247.0,3.3,0.0,1010.7
2026-03-27T09:00,28.4,39,29.2,471.0,1.3,0.0,1011.3
2026-03-27T10:00,30.4,32,31.2,662.0,3.1,0.0,1010.9
2026-03-27T11:00,30.9,25,31.6,759.0,2.6,0.0,1010.1
2026-03-27T12:00,32.3,25,32.6,831.0,8.4,0.0,1009.4
2026-03-27T13:00,32.3,25,31.9,800.0,11.4,0.0,1008.3
2026-03-27T14:00,31.9,26,31.0,703.0,12.5,0.0,1007.3
2026-03-27T15:00,32.3,25,31.2,577.0,9.1,0.0,1006.2
2026-03-27T16:00,32.0,26,29.9,446.0,14.6,0.0,1005.5
2026-03-27T17:00,31.0,29,29.2,268.0,13.3,0.0,1005.4
2026-03-27T18:00,29.9,31,28.7,78.0,10.0,0.0,1005.8
2026-03-27T19:00,28.7,34,28.1,1.0,6.9,0.0,1006.5
2026-03-27T20:00,27.8,37,27.3,0.0,6.9,0.0,1007.6
2026-03-27T21:00,26.8,38,26.2,0.0,6.8,0.0,1008.1
2026-03-27T22:00,26.2,39,25.2,0.0,8.7,0.0,1008.4
2026-03-27T23:00,25.6,42,24.7,0.0,9.5,0.0,1008.1
2026-03-28T00:00,25.5,42,24.7,0.0,8.4,0.0,1007.8
2026-03-28T01:00,24.5,45,23.9,0.0,7.4,0.0,1007.3
2026-03-28T02:00,23.2,49,22.8,0.0,6.1,0.0,1006.9
2026-03-28T03:00,22.3,53,22.4,0.0,3.7,0.0,1006.2
2026-03-28T04:00,21.5,56,21.6,0.0,4.1,0.0,1005.9
2026-03-28T05:00,20.2,73,21.7,0.0,2.1,0.0,1005.9
2026-03-28T06:00,20.5,73,22.2,0.0,1.0,0.0,1006.7
2026-03-28T07:00,21.7,65,22.8,70.0,3.1,0.0,1007.2
2026-03-28T08:00,24.9,53,26.1,262.0,1.5,0.0,1007.9
2026-03-28T09:00,27.9,40,28.7,466.0,1.3,0.0,1008.1
2026-03-28T10:00,30.0,33,30.9,659.0,2.8,0.0,1007.6
2026-03-28T11:00,31.7,28,32.3,801.0,8.5,0.0,1007.1
2026-03-28T12:00,32.9,26,33.4,875.0,10.7,0.0,1006.5
2026-03-28T13:00,33.9,24,34.0,876.0,12.3,0.0,1005.4
2026-03-28T14:00,34.1,22,32.9,752.0,14.5,0.0,1004.4
2026-03-28T15:00,33.4,23,31.3,325.0,12.1,0.0,1003.3
2026-03-28T16:00,34.3,20,32.5,396.0,9.1,0.0,1002.5
2026-03-28T17:00,33.7,19,31.1,193.0,11.6,0.0,1002.5
2026-03-28T18:00,31.8,24,30.7,73.0,5.1,0.0,1003.2
2026-03-28T19:00,29.4,29,28.9,1.0,3.0,0.0,1004.0
2026-03-28T20:00,28.6,31,27.4,0.0,7.2,0.0,1004.6
2026-03-28T21:00,27.6,37,27.5,0.0,3.2,0.0,1005.2
2026-03-28T22:00,27.5,33,26.3,0.0,7.7,0.0,1005.1
2026-03-28T23:00,27.0,37,26.7,0.0,4.9,0.0,1005.2
2026-03-29T00:00,26.8,42,27.3,0.0,2.9,0.0,1005.2
2026-03-29T01:00,26.1,40,25.8,0.0,4.7,0.0,1005.3
2026-03-29T02:00,24.5,43,24.2,0.0,3.9,0.0,1004.6
2026-03-29T03:00,23.6,56,24.9,0.0,1.1,0.0,1004.7
2026-03-29T04:00,23.4,56,24.6,0.0,1.1,0.0,1004.6
2026-03-29T05:00,22.6,51,22.3,0.0,6.5,0.0,1005.0
2026-03-29T06:00,23.0,52,23.3,0.0,3.7,0.0,1005.8
2026-03-29T07:00,24.2,49,24.5,68.0,4.0,0.0,1006.6
2026-03-29T08:00,27.0,43,27.4,258.0,3.8,0.0,1007.6
2026-03-29T09:00,29.2,40,29.5,471.0,6.7,0.0,1008.3
2026-03-29T10:00,31.0,35,31.5,661.0,9.0,0.0,1008.3
2026-03-29T11:00,32.6,32,33.8,800.0,10.0,0.0,1007.8
2026-03-29T12:00,34.0,26,34.5,835.0,11.5,0.0,1007.2
2026-03-29T13:00,34.9,22,34.7,845.0,11.7,0.0,1006.1
2026-03-29T14:00,35.2,21,34.6,812.0,12.6,0.0,1005.3
2026-03-29T15:00,35.4,21,33.9,669.0,13.2,0.0,1004.3
2026-03-29T16:00,34.9,21,32.2,486.0,16.9,0.0,1003.7
2026-03-29T17:00,33.7,14,29.3,258.0,18.7,0.0,1004.1
2026-03-29T18:00,32.4,19,29.2,82.0,13.8,0.0,1004.6
2026-03-29T19:00,30.8,22,28.5,1.0,9.6,0.0,1005.5
2026-03-29T20:00,29.4,24,27.5,0.0,7.5,0.0,1006.5
2026-03-29T21:00,28.4,25,25.9,0.0,10.9,0.0,1007.0
2026-03-29T22:00,28.1,26,25.2,0.0,13.9,0.0,1007.3
2026-03-29T23:00,28.0,32,26.4,0.0,10.0,0.0,1007.4
2026-03-30T00:00,26.9,35,25.9,0.0,7.6,0.0,1007.3
2026-03-30T01:00,26.3,37,25.5,0.0,6.2,0.0,1007.0
2026-03-30T02:00,26.1,39,25.3,0.0,7.7,0.0,1006.6
2026-03-30T03:00,25.4,42,24.5,0.0,8.8,0.0,1006.5
2026-03-30T04:00,24.8,44,24.3,0.0,7.2,0.0,1006.7
2026-03-30T05:00,24.5,50,24.3,0.0,8.1,0.0,1007.1
2026-03-30T06:00,25.0,49,24.9,0.0,8.0,0.0,1007.6
2026-03-30T07:00,25.8,48,25.9,64.0,7.9,0.0,1008.8
2026-03-30T08:00,27.8,43,28.1,232.0,7.6,0.0,1009.7
2026-03-30T09:00,29.9,39,29.7,461.0,10.6,0.0,1010.0
2026-03-30T10:00,30.8,36,30.7,521.0,9.2,0.0,1009.6
2026-03-30T11:00,32.6,27,32.3,687.0,10.5,4.0,1010.0
2026-03-30T12:00,29.5,38,28.0,521.0,18.4,0.0,1011.3
2026-03-30T13:00,28.8,42,28.5,306.0,12.5,0.1,1010.5
2026-03-30T14:00,29.8,38,30.6,751.0,10.9,0.3,1009.3
2026-03-30T15:00,29.5,38,29.4,512.0,8.9,0.0,1008.8
2026-03-30T16:00,29.3,38,29.0,389.0,10.1,0.0,1009.0
2026-03-30T17:00,29.6,36,29.7,211.0,5.5,0.0,1007.7
2026-03-30T18:00,28.6,41,29.5,36.0,2.7,0.0,1008.5
2026-03-30T19:00,26.9,44,26.4,1.0,10.9,0.0,1009.6
2026-03-30T20:00,26.2,50,27.7,0.0,0.5,0.0,1010.5
2026-03-30T21:00,25.2,50,25.0,0.0,10.4,0.0,1010.6
2026-03-30T22:00,24.5,54,25.1,0.0,6.3,0.0,1011.0
2026-03-30T23:00,24.8,59,26.1,0.0,5.8,0.0,1010.5
2026-03-31T00:00,24.6,56,25.8,0.0,3.4,0.1,1010.3
2026-03-31T01:00,23.9,59,25.1,0.0,4.5,0.0,1010.3
2026-03-31T02:00,23.2,64,24.5,0.0,5.3,0.0,1009.9
2026-03-31T03:00,22.4,68,23.9,0.0,4.4,0.0,1009.7
2026-03-31T04:00,21.9,72,23.8,0.0,3.1,0.0,1009.5
2026-03-31T05:00,22.1,66,22.8,0.0,8.0,0.0,1009.0
2026-03-31T06:00,22.2,66,23.0,1.0,7.8,0.0,1009.6
2026-03-31T07:00,23.2,65,24.2,72.0,7.7,0.0,1010.4
2026-03-31T08:00,25.7,57,27.1,245.0,6.2,0.0,1011.4
2026-03-31T09:00,28.1,46,28.6,414.0,8.3,0.1,1011.9
2026-03-31T10:00,29.5,41,29.8,572.0,9.4,0.0,1011.8
2026-03-31T11:00,31.4,35,32.3,728.0,10.1,0.0,1011.3
2026-03-31T12:00,32.3,31,32.9,824.0,13.0,0.1,1010.1
2026-03-31T13:00,31.7,30,30.9,694.0,14.8,0.1,1009.6
2026-03-31T14:00,32.2,29,31.6,643.0,12.2,0.0,1008.2
2026-03-31T15:00,32.9,26,31.3,488.0,12.7,0.0,1007.3
2026-03-31T16:00,29.0,33,27.1,241.0,14.7,0.2,1007.4
2026-03-31T17:00,25.2,54,25.3,228.0,11.4,0.0,1008.5
2026-03-31T18:00,22.9,69,23.5,39.0,12.6,0.4,1008.5
2026-03-31T19:00,21.4,76,21.4,1.0,16.8,0.0,1009.6
2026-03-31T20:00,21.6,73,22.0,0.0,12.2,0.0,1010.0
2026-03-31T21:00,21.4,72,21.9,0.0,10.9,0.0,1010.5
2026-03-31T22:00,21.0,73,21.6,0.0,10.0,0.0,1011.1
2026-03-31T23:00,21.7,71,22.3,0.0,10.6,0.0,1010.3
2026-04-01T00:00,21.1,72,21.9,0.0,7.5,0.0,1010.7
2026-04-01T01:00,20.4,73,21.1,0.0,7.2,0.0,1010.6
2026-04-01T02:00,19.9,73,20.3,0.0,8.7,0.0,1010.4
2026-04-01T03:00,19.6,74,19.8,0.0,8.6,0.0,1010.2
2026-04-01T04:00,19.3,75,19.9,0.0,6.2,0.0,1010.5
2026-04-01T05:00,19.5,77,20.1,0.0,8.0,0.0,1010.2
2026-04-01T06:00,19.7,74,20.1,1.0,8.2,0.0,1010.8
2026-04-01T07:00,21.3,66,21.7,77.0,7.7,0.0,1011.6
2026-04-01T08:00,23.4,58,23.9,263.0,6.9,0.0,1012.3
2026-04-01T09:00,25.6,51,26.2,482.0,6.2,0.0,1013.0
2026-04-01T10:00,27.6,45,28.6,634.0,7.2,0.0,1013.0
2026-04-01T11:00,29.3,39,30.2,766.0,11.1,0.0,1012.7
2026-04-01T12:00,30.4,35,31.6,820.0,9.9,0.0,1011.7
2026-04-01T13:00,31.5,32,33.0,880.0,9.0,0.0,1010.4
2026-04-01T14:00,31.0,31,31.0,693.0,9.6,0.0,1009.6
2026-04-01T15:00,30.4,32,30.0,354.0,7.3,0.0,1008.7
2026-04-01T16:00,30.4,32,30.4,368.0,3.3,0.0,1008.4
2026-04-01T17:00,29.7,37,29.6,225.0,7.7,0.0,1007.6
2026-04-01T18:00,27.5,46,28.3,73.0,5.2,0.0,1008.2
2026-04-01T19:00,26.1,47,26.2,1.0,8.2,0.0,1008.6
2026-04-01T20:00,24.7,55,25.6,0.0,5.4,0.0,1009.2
2026-04-01T21:00,23.9,59,24.9,0.0,5.5,0.0,1009.7
2026-04-01T22:00,23.2,61,24.1,0.0,6.0,0.0,1009.6
2026-04-01T23:00,22.8,67,24.2,0.0,5.2,0.0,1009.3
2026-04-02T00:00,22.8,65,23.8,0.0,7.1,0.0,1009.3
2026-04-02T01:00,22.9,60,23.3,0.0,8.0,0.0,1009.1
2026-04-02T02:00,23.3,56,23.4,0.0,7.9,0.0,1009.0
2026-04-02T03:00,23.5,54,23.3,0.0,9.5,0.1,1009.1
2026-04-02T04:00,23.2,55,23.2,0.0,8.1,0.0,1008.8
2026-04-02T05:00,22.0,61,22.3,0.0,7.2,0.0,1008.9
2026-04-02T06:00,21.9,64,22.5,1.0,5.9,0.0,1009.6
2026-04-02T07:00,23.1,61,23.6,78.0,7.4,0.0,1010.4
2026-04-02T08:00,25.6,53,26.5,238.0,6.3,0.0,1010.9
2026-04-02T09:00,27.3,48,28.0,295.0,6.8,0.0,1011.5
2026-04-02T10:00,29.8,39,30.2,584.0,8.1,0.0,1011.4
2026-04-02T11:00,31.8,36,32.9,814.0,12.6,0.0,1010.7
2026-04-02T12:00,32.9,31,34.0,881.0,12.2,0.0,1010.0
2026-04-02T13:00,33.5,27,34.5,895.0,10.8,0.0,1009.3
2026-04-02T14:00,34.0,22,33.4,811.0,12.1,0.0,1008.1
2026-04-02T15:00,33.8,20,32.0,685.0,13.4,0.0,1007.1
2026-04-02T16:00,33.5,21,31.4,492.0,10.6,0.0,1006.8
2026-04-02T17:00,32.5,22,30.7,274.0,8.9,0.0,1006.7
2026-04-02T18:00,29.9,31,29.2,85.0,6.1,0.0,1006.9
2026-04-02T19:00,27.6,43,28.1,1.0,4.5,0.0,1007.5
2026-04-02T20:00,27.0,50,28.4,0.0,3.5,0.0,1008.1
2026-04-02T21:00,26.7,48,27.6,0.0,3.6,0.0,1008.6
2026-04-02T22:00,26.4,45,26.9,0.0,4.4,0.0,1008.6
2026-04-02T23:00,27.8,33,25.3,0.0,16.9,0.0,1008.8
2026-04-03T00:00,26.5,38,24.1,0.0,18.4,0.0,1009.0
2026-04-03T01:00,25.2,41,23.2,0.0,15.8,0.0,1009.6
2026-04-03T02:00,24.4,44,22.6,0.0,14.5,0.0,1009.1
2026-04-03T03:00,23.5,47,21.5,0.0,16.3,0.0,1009.7
2026-04-03T04:00,22.3,53,20.7,0.0,15.7,0.0,1010.1
2026-04-03T05:00,21.7,65,21.7,0.0,10.2,0.0,1010.0
2026-04-03T06:00,21.0,68,21.3,1.0,9.4,0.0,1011.1
2026-04-03T07:00,21.9,66,22.3,82.0,9.1,0.0,1012.0
2026-04-03T08:00,23.2,60,23.9,159.0,7.2,0.0,1012.4
2026-04-03T09:00,25.9,47,26.2,467.0,6.1,0.0,1012.3
2026-04-03T10:00,27.9,39,28.8,678.0,4.7,0.0,1012.4
2026-04-03T11:00,29.2,34,30.1,737.0,5.5,0.0,1012.2
2026-04-03T12:00,29.5,32,29.0,559.0,6.2,0.0,1011.1
2026-04-03T13:00,30.1,28,28.6,681.0,14.5,0.2,1010.5
2026-04-03T14:00,29.1,33,27.3,416.0,14.4,0.2,1009.7
2026-04-03T15:00,29.6,30,27.2,537.0,17.1,0.1,1009.1
2026-04-03T16:00,27.0,39,25.6,170.0,12.9,0.0,1008.9
2026-04-03T17:00,21.7,68,22.3,141.0,8.6,0.0,1011.5
2026-04-03T18:00,22.0,67,22.9,25.0,6.9,0.6,1010.6
2026-04-03T19:00,21.7,68,22.7,1.0,6.0,0.0,1011.0
2026-04-03T20:00,21.4,69,22.3,0.0,6.6,0.0,1011.3
2026-04-03T21:00,21.1,71,22.0,0.0,6.4,0.0,1011.7
2026-04-03T22:00,20.8,73,22.0,0.0,4.7,0.0,1011.7
2026-04-03T23:00,21.6,71,22.6,0.0,7.3,0.0,1011.2
2026-04-04T00:00,21.4,72,22.5,0.0,6.4,0.0,1011.3
2026-04-04T01:00,20.8,74,21.9,0.0,6.3,0.0,1011.0
2026-04-04T02:00,20.6,75,21.9,0.0,4.8,0.0,1010.7
2026-04-04T03:00,20.2,77,21.5,0.0,4.8,0.0,1010.5
2026-04-04T04:00,19.9,78,21.4,0.0,3.7,0.0,1010.5
2026-04-04T05:00,20.3,81,21.9,0.0,6.2,0.0,1010.5
2026-04-04T06:00,20.5,82,22.3,1.0,5.4,0.0,1011.0
2026-04-04T07:00,21.3,79,23.2,50.0,5.1,0.0,1011.4
2026-04-04T08:00,23.3,60,24.3,183.0,4.5,0.0,1011.8
2026-04-04T09:00,25.2,50,25.4,479.0,6.5,0.0,1012.4
2026-04-04T10:00,26.2,47,26.9,568.0,4.5,0.0,1012.5
2026-04-04T11:00,28.1,40,29.3,746.0,6.6,0.0,1012.2
2026-04-04T12:00,28.5,39,29.7,761.0,6.7,0.0,1011.5
2026-04-04T13:00,28.5,39,29.6,729.0,7.2,0.0,1010.3
2026-04-04T14:00,28.2,40,28.7,694.0,8.9,0.0,1009.3
2026-04-04T15:00,23.6,59,23.9,359.0,9.1,1.0,1009.3
2026-04-04T16:00,20.9,76,21.9,173.0,8.6,1.7,1010.4
2026-04-04T17:00,27.1,38,26.6,200.0,6.5,0.0,1007.3
2026-04-04T18:00,25.9,49,26.8,81.0,3.0,0.0,1007.3
2026-04-04T19:00,23.6,54,23.1,1.0,11.5,0.0,1008.5
2026-04-04T20:00,22.0,63,22.8,0.0,5.4,0.0,1009.2
2026-04-04T21:00,21.2,66,21.7,0.0,6.5,0.0,1010.4
2026-04-04T22:00,20.8,66,21.4,0.0,5.2,0.0,1010.8
2026-04-04T23:00,20.2,66,19.7,0.0,10.5,0.0,1010.4
2026-04-05T00:00,19.8,67,20.2,0.0,4.9,0.0,1009.6
2026-04-05T01:00,20.1,66,20.4,0.0,4.9,0.0,1009.1
2026-04-05T02:00,20.0,66,20.1,0.0,6.6,0.0,1008.9
2026-04-05T03:00,20.1,65,20.0,0.0,7.9,0.0,1008.9
2026-04-05T04:00,20.0,65,19.5,0.0,9.7,0.0,1008.9
2026-04-05T05:00,20.9,60,20.3,0.0,9.7,0.0,1008.9
2026-04-05T06:00,21.0,58,20.4,2.0,9.2,0.0,1009.3
2026-04-05T07:00,22.0,55,21.5,90.0,8.8,0.0,1010.1
2026-04-05T08:00,24.4,46,24.0,288.0,6.9,0.0,1010.8
2026-04-05T09:00,27.0,33,25.9,505.0,6.9,0.0,1011.0
2026-04-05T10:00,28.3,25,26.8,620.0,6.9,0.0,1011.0
2026-04-05T11:00,29.2,24,28.2,737.0,7.9,0.0,1010.3
2026-04-05T12:00,29.8,23,29.5,875.0,8.5,0.0,1009.7
2026-04-05T13:00,30.5,22,30.0,883.0,10.2,0.0,1008.6
2026-04-05T14:00,30.7,21,29.5,798.0,10.8,0.0,1007.5
2026-04-05T15:00,30.4,22,28.1,634.0,11.7,0.0,1006.8
2026-04-05T16:00,29.8,22,27.0,442.0,11.9,0.0,1006.4
2026-04-05T17:00,29.2,23,26.5,255.0,11.7,0.0,1006.1
2026-04-05T18:00,28.2,25,26.0,83.0,8.1,0.0,1006.7
2026-04-05T19:00,26.4,30,24.5,2.0,7.5,0.0,1007.5
2026-04-05T20:00,25.5,32,23.7,0.0,7.1,0.0,1008.2
2026-04-05T21:00,24.6,34,22.7,0.0,8.2,0.0,1009.0
2026-04-05T22:00,23.8,36,21.9,0.0,8.6,0.0,1009.4
2026-04-05T23:00,24.0,38,22.8,0.0,6.2,0.0,1009.1
2026-04-06T00:00,22.9,43,21.8,0.0,6.9,0.0,1009.0
2026-04-06T01:00,22.5,43,21.3,0.0,7.4,0.0,1008.9
2026-04-06T02:00,21.4,48,20.6,0.0,5.6,0.0,1008.6
2026-04-06T03:00,21.1,47,19.5,0.0,9.4,0.0,1008.8
2026-04-06T04:00,20.2,49,18.9,0.0,6.8,0.0,1008.9
2026-04-06T05:00,20.1,50,18.7,0.0,8.2,0.0,1009.0
2026-04-06T06:00,19.6,54,18.7,2.0,6.1,0.0,1009.7
2026-04-06T07:00,21.0,51,20.3,92.0,6.0,0.0,1010.3
2026-04-06T08:00,24.1,43,23.9,285.0,3.1,0.0,1010.8
2026-04-06T09:00,26.9,34,26.4,477.0,3.0,0.0,1011.5
2026-04-06T10:00,26.2,36,25.1,579.0,8.7,0.2,1012.6
2026-04-06T11:00,29.5,24,27.2,640.0,13.2,0.0,1011.5
2026-04-06T12:00,28.6,27,26.6,677.0,14.1,0.0,1011.5
2026-04-06T13:00,29.7,25,29.4,852.0,9.4,0.0,1010.3
2026-04-06T14:00,30.0,23,28.9,771.0,10.2,0.0,1009.0
2026-04-06T15:00,30.6,22,29.5,655.0,6.0,0.0,1007.9
2026-04-06T16:00,28.5,27,25.6,445.0,15.3,0.0,1008.0
2026-04-06T17:00,28.6,26,27.1,238.0,5.4,0.0,1007.6
2026-04-06T18:00,27.4,35,27.4,82.0,1.4,0.0,1008.0
2026-04-06T19:00,26.0,39,26.0,2.0,1.3,0.0,1008.1
2026-04-06T20:00,24.6,37,23.4,0.0,6.3,0.0,1008.8
2026-04-06T21:00,23.2,43,22.1,0.0,7.2,0.0,1009.3
2026-04-06T22:00,22.2,46,21.2,0.0,6.6,0.0,1009.6
2026-04-06T23:00,22.8,43,21.9,0.0,5.7,0.0,1009.6
2026-04-07T00:00,23.1,44,22.0,0.0,7.4,0.1,1009.1
2026-04-07T01:00,22.7,43,21.3,0.0,8.5,0.0,1008.9
2026-04-07T02:00,21.5,49,21.0,0.0,3.6,0.0,1008.4
2026-04-07T03:00,21.2,54,21.3,0.0,1.9,0.0,1008.1
2026-04-07T04:00,20.7,50,19.9,0.0,5.2,0.0,1007.8
2026-04-07T05:00,20.3,56,20.0,0.0,5.0,0.0,1008.1
2026-04-07T06:00,20.5,57,20.1,2.0,5.5,0.0,1008.4
2026-04-07T07:00,21.6,53,21.4,72.0,4.6,0.0,1009.1
2026-04-07T08:00,22.4,50,22.3,115.0,3.4,0.0,1009.5
2026-04-07T09:00,24.4,42,23.9,319.0,4.5,0.0,1009.5
2026-04-07T10:00,25.7,39,24.1,441.0,11.7,0.0,1009.6
2026-04-07T11:00,18.4,85,18.6,268.0,12.4,1.5,1011.9
2026-04-07T12:00,19.3,84,20.1,184.0,9.6,0.8,1010.5
2026-04-07T13:00,21.4,70,22.0,278.0,8.5,0.0,1009.0
2026-04-07T14:00,24.8,57,26.2,791.0,12.4,0.0,1007.7
2026-04-07T15:00,25.1,56,25.5,543.0,10.7,0.0,1005.9
2026-04-07T16:00,25.5,55,26.2,482.0,8.1,0.0,1004.7
2026-04-07T17:00,25.7,47,24.5,259.0,15.4,0.6,1004.6
2026-04-07T18:00,18.6,84,18.9,48.0,11.3,3.9,1007.1
2026-04-07T19:00,18.9,88,20.2,0.0,8.3,1.0,1006.4
2026-04-07T20:00,18.9,88,19.6,0.0,11.7,0.2,1007.1
2026-04-07T21:00,18.3,90,20.0,0.0,4.3,0.0,1007.4
2026-04-07T22:00,17.9,92,19.6,0.0,4.2,0.0,1007.3
2026-04-07T23:00,18.9,93,20.3,0.0,9.3,0.0,1007.9
2026-04-08T00:00,18.8,92,20.5,0.0,7.1,0.7,1007.3
2026-04-08T01:00,18.4,90,19.7,0.0,7.4,0.0,1007.3
2026-04-08T02:00,17.4,93,18.9,0.0,3.8,0.0,1006.9
2026-04-08T03:00,18.4,91,20.0,0.0,4.8,0.0,1006.8
2026-04-08T04:00,17.9,92,19.7,0.0,3.4,0.0,1006.3
2026-04-08T05:00,16.7,97,18.2,0.0,4.5,0.0,1007.3
2026-04-08T06:00,16.8,97,18.3,3.0,4.3,0.0,1008.0
2026-04-08T07:00,18.0,91,19.8,72.0,2.8,0.0,1008.7
2026-04-08T08:00,20.0,80,21.9,292.0,2.6,0.0,1009.4
2026-04-08T09:00,22.1,66,23.0,511.0,6.7,0.1,1009.7
2026-04-08T10:00,23.8,54,24.4,639.0,7.8,0.1,1009.9
2026-04-08T11:00,24.5,50,25.8,785.0,7.5,0.0,1009.8
2026-04-08T12:00,25.5,41,25.8,693.0,6.8,0.0,1009.4
2026-04-08T13:00,26.4,36,26.3,755.0,9.2,0.0,1008.9
2026-04-08T14:00,26.5,34,25.3,697.0,12.6,0.0,1008.4
2026-04-08T15:00,26.5,35,24.7,548.0,11.7,0.0,1008.0
2026-04-08T16:00,26.6,30,24.6,402.0,9.2,0.0,1007.5
2026-04-08T17:00,26.9,26,24.0,262.0,12.6,0.0,1007.1
2026-04-08T18:00,24.6,44,24.4,88.0,4.6,0.0,1007.6
2026-04-08T19:00,23.5,47,23.2,2.0,4.9,0.0,1008.1
2026-04-08T20:00,22.2,52,22.0,0.0,5.1,0.0,1008.9
2026-04-08T21:00,21.4,57,21.5,0.0,4.1,0.0,1009.2
2026-04-08T22:00,20.7,54,19.6,0.0,9.4,0.0,1009.7
2026-04-08T23:00,21.0,52,19.2,0.0,13.6,0.0,1010.7
2026-04-09T00:00,20.3,57,19.2,0.0,10.1,0.0,1010.8
2026-04-09T01:00,19.3,65,18.4,0.0,10.9,0.0,1011.0
2026-04-09T02:00,18.6,68,17.9,0.0,10.4,0.0,1010.7
2026-04-09T03:00,18.2,70,17.4,0.0,10.3,0.0,1010.7
2026-04-09T04:00,17.6,74,17.1,0.0,9.3,0.0,1011.0
2026-04-09T05:00,17.7,74,17.0,0.0,10.8,0.0,1011.9
2026-04-09T06:00,17.8,75,17.3,3.0,10.6,0.0,1012.6
2026-04-09T07:00,19.0,74,19.3,96.0,7.6,0.0,1013.2
2026-04-09T08:00,21.2,68,22.1,271.0,4.9,0.0,1014.1
2026-04-09T09:00,23.6,56,24.1,481.0,5.8,0.0,1014.5
2026-04-09T10:00,25.9,44,26.5,673.0,6.2,0.0,1014.4
2026-04-09T11:00,27.1,34,28.1,774.0,3.5,0.0,1014.1
2026-04-09T12:00,28.6,31,29.5,827.0,5.0,0.0,1013.6
2026-04-09T13:00,29.6,27,30.3,881.0,6.0,0.0,1012.8
2026-04-09T14:00,29.9,24,28.8,654.0,6.5,0.0,1011.6
2026-04-09T15:00,30.1,21,27.6,514.0,9.1,0.0,1010.9
2026-04-09T16:00,29.3,19,25.9,391.0,12.3,0.0,1010.6
2026-04-09T17:00,28.4,21,25.0,267.0,13.2,0.0,1011.5
2026-04-09T18:00,26.7,26,24.5,89.0,7.8,0.0,1011.9
2026-04-09T19:00,25.3,39,25.0,2.0,2.1,0.0,1012.5
2026-04-09T20:00,24.2,43,24.1,0.0,1.9,0.0,1013.3
2026-04-09T21:00,22.9,45,22.4,0.0,3.9,0.0,1014.0
2026-04-09T22:00,22.0,41,20.1,0.0,9.3,0.0,1014.4
2026-04-09T23:00,22.1,42,20.4,0.0,8.7,0.0,1014.6
2026-04-10T00:00,21.9,40,19.7,0.0,10.5,0.0,1014.5
2026-04-10T01:00,21.4,36,18.3,0.0,13.8,0.0,1014.8
2026-04-10T02:00,20.7,42,17.9,0.0,14.6,0.0,1014.6
2026-04-10T03:00,20.1,48,17.8,0.0,13.2,0.0,1014.6
2026-04-10T04:00,19.3,52,17.3,0.0,12.2,0.0,1014.5
2026-04-10T05:00,18.7,52,16.8,0.0,10.7,0.0,1014.5
2026-04-10T06:00,19.0,52,17.4,4.0,9.4,0.0,1015.4
2026-04-10T07:00,20.4,50,19.1,104.0,8.1,0.0,1016.1
2026-04-10T08:00,23.3,42,22.4,308.0,5.6,0.0,1016.8
2026-04-10T09:00,25.8,31,23.8,527.0,8.5,0.0,1016.5
2026-04-10T10:00,27.7,24,26.3,717.0,8.6,0.0,1016.5
2026-04-10T11:00,29.4,20,28.5,855.0,8.9,0.0,1016.0
2026-04-10T12:00,30.8,18,29.7,924.0,11.2,0.0,1015.6
2026-04-10T13:00,31.6,16,30.2,920.0,12.1,0.0,1014.7
2026-04-10T14:00,32.1,15,29.9,845.0,13.3,0.0,1013.4
2026-04-10T15:00,32.2,14,29.2,704.0,13.2,0.0,1012.6
2026-04-10T16:00,31.9,15,28.1,510.0,13.1,0.0,1011.9
2026-04-10T17:00,31.3,16,27.7,291.0,12.8,0.0,1011.9
2026-04-10T18:00,29.8,19,27.1,92.0,7.7,0.0,1011.9
2026-04-10T19:00,28.4,22,25.8,2.0,8.5,0.0,1012.3
2026-04-10T20:00,27.2,25,24.6,0.0,10.4,0.0,1012.8
2026-04-10T21:00,26.1,27,23.7,0.0,9.6,0.0,1013.1
2026-04-10T22:00,25.2,30,22.8,0.0,9.7,0.0,1013.4
2026-04-10T23:00,25.1,32,22.7,0.0,11.0,0.0,1013.5
2026-04-11T00:00,24.1,36,22.1,0.0,10.1,0.0,1013.0
2026-04-11T01:00,23.3,38,21.4,0.0,9.6,0.0,1012.5
2026-04-11T02:00,22.6,40,20.8,0.0,9.2,0.0,1011.9
2026-04-11T03:00,22.0,42,20.5,0.0,7.6,0.0,1011.4
2026-04-11T04:00,20.9,49,20.1,0.0,4.9,0.0,1011.2
2026-04-11T05:00,20.9,56,21.5,0.0,0.3,0.0,1011.4
2026-04-11T06:00,20.1,61,20.4,4.0,2.3,0.0,1012.1
2026-04-11T07:00,21.6,53,22.0,104.0,0.6,0.0,1012.8
2026-04-11T08:00,25.1,43,25.3,305.0,1.8,0.0,1013.4
2026-04-11T09:00,28.3,32,27.9,521.0,2.6,0.0,1013.7
2026-04-11T10:00,30.2,26,30.3,710.0,3.9,0.0,1013.3
2026-04-11T11:00,31.3,23,31.4,846.0,7.3,0.0,1012.9
2026-04-11T12:00,32.6,20,32.8,916.0,8.5,0.0,1012.1
2026-04-11T13:00,33.6,18,33.5,912.0,8.1,0.0,1010.8
2026-04-11T14:00,35.5,14,34.3,838.0,9.5,0.0,1008.6
2026-04-11T15:00,35.1,13,30.8,593.0,19.0,0.0,1007.5
2026-04-11T16:00,34.8,13,30.0,439.0,20.6,0.0,1007.0
2026-04-11T17:00,32.9,16,29.7,250.0,11.9,0.0,1007.3
2026-04-11T18:00,31.1,19,28.6,91.0,8.5,0.0,1007.7
2026-04-11T19:00,29.5,22,26.5,2.0,12.2,0.0,1008.2
2026-04-11T20:00,28.3,24,25.8,0.0,9.1,0.0,1008.6
2026-04-11T21:00,27.0,27,25.5,0.0,3.1,0.0,1009.4
2026-04-11T22:00,26.6,26,24.7,0.0,5.2,0.0,1008.9
2026-04-11T23:00,26.6,30,25.5,0.0,3.6,0.0,1008.7
2026-04-12T00:00,26.6,30,24.9,0.0,7.1,0.0,1008.6
2026-04-12T01:00,25.1,35,23.1,0.0,10.5,0.0,1008.6
2026-04-12T02:00,23.5,43,21.5,0.0,13.8,0.0,1008.5
2026-04-12T03:00,23.6,41,21.8,0.0,11.6,0.0,1008.3
2026-04-12T04:00,23.0,42,21.3,0.0,10.5,0.0,1008.2
2026-04-12T05:00,23.5,43,21.5,0.0,13.8,0.0,1008.5
2026-04-12T06:00,23.2,43,21.7,5.0,10.2,0.0,1008.7
2026-04-12T07:00,24.2,41,23.0,108.0,8.5,0.0,1009.5
2026-04-12T08:00,26.9,35,26.2,312.0,4.9,0.0,1009.9
2026-04-12T09:00,30.1,25,28.4,535.0,7.2,0.0,1010.2
2026-04-12T10:00,32.1,14,29.6,729.0,11.1,0.0,1009.7
2026-04-12T11:00,33.2,12,31.0,869.0,12.8,0.0,1009.4
2026-04-12T12:00,33.8,13,32.0,936.0,14.0,0.0,1009.1
2026-04-12T13:00,34.1,14,32.5,928.0,13.0,0.0,1008.3
2026-04-12T14:00,34.4,13,32.5,850.0,12.5,0.0,1007.3
2026-04-12T15:00,34.2,14,31.4,708.0,13.1,0.0,1006.8
2026-04-12T16:00,33.6,15,30.0,515.0,13.1,0.0,1006.5
2026-04-12T17:00,32.7,15,29.4,295.0,11.3,0.0,1006.6
2026-04-12T18:00,31.6,17,28.9,96.0,7.8,0.0,1007.1
2026-04-12T19:00,30.0,19,27.7,3.0,5.5,0.0,1007.7
2026-04-12T20:00,28.9,21,26.6,0.0,6.1,0.0,1008.4
2026-04-12T21:00,27.8,23,25.6,0.0,6.6,0.0,1009.0
2026-04-12T22:00,26.6,26,24.8,0.0,4.6,0.0,1009.1
2026-04-12T23:00,26.0,28,24.5,0.0,3.9,0.0,1009.1
2026-04-13T00:00,25.2,30,23.7,0.0,3.8,0.0,1009.1
2026-04-13T01:00,24.1,33,22.4,0.0,5.8,0.0,1008.9
2026-04-13T02:00,23.5,35,22.0,0.0,5.6,0.0,1008.6
2026-04-13T03:00,23.0,37,21.4,0.0,6.1,0.0,1008.3
2026-04-13T04:00,22.2,37,20.0,0.0,9.5,0.0,1008.3
2026-04-13T05:00,22.1,38,19.8,0.0,10.0,0.0,1009.0
2026-04-13T06:00,21.4,40,19.3,5.0,9.4,0.0,1009.7
2026-04-13T07:00,23.1,37,21.1,111.0,8.9,0.0,1010.5
2026-04-13T08:00,26.2,31,24.8,315.0,5.5,0.0,1010.9
2026-04-13T09:00,29.0,26,27.4,532.0,5.5,0.0,1011.5
2026-04-13T10:00,31.1,21,30.2,719.0,6.9,0.0,1011.4
2026-04-13T11:00,32.5,18,32.3,855.0,6.5,0.0,1010.9
2026-04-13T12:00,34.2,16,34.5,926.0,5.1,0.0,1010.5
2026-04-13T13:00,35.1,14,34.9,920.0,6.5,0.0,1009.5
2026-04-13T14:00,35.4,13,34.1,846.0,9.7,0.0,1008.5
2026-04-13T15:00,35.3,13,33.1,705.0,10.2,0.0,1008.0
2026-04-13T16:00,35.0,13,32.2,512.0,7.9,0.0,1007.5
2026-04-13T17:00,34.6,14,31.5,295.0,9.2,0.0,1007.4
2026-04-13T18:00,33.2,15,30.6,96.0,7.1,0.0,1007.9
2026-04-13T19:00,30.9,20,29.1,3.0,3.7,0.0,1008.2
2026-04-13T20:00,29.8,31,29.9,0.0,0.4,0.0,1008.8
2026-04-13T21:00,28.2,23,26.7,0.0,1.8,0.0,1009.4
2026-04-13T22:00,27.3,24,25.8,0.0,2.0,0.0,1009.4
2026-04-13T23:00,26.2,29,24.8,0.0,3.6,0.0,1009.4
2026-04-14T00:00,25.1,31,23.7,0.0,3.5,0.0,1009.4
2026-04-14T01:00,24.6,31,22.8,0.0,6.1,0.0,1008.7
2026-04-14T02:00,24.3,31,22.6,0.0,4.6,0.0,1008.2
2026-04-14T03:00,24.1,31,22.7,0.0,3.1,0.0,1007.8
2026-04-14T04:00,23.6,31,21.8,0.0,4.7,0.0,1007.9
2026-04-14T05:00,22.9,36,21.9,0.0,1.7,0.0,1008.2
2026-04-14T06:00,23.0,34,21.4,6.0,4.9,0.0,1008.8
2026-04-14T07:00,24.6,32,23.5,111.0,1.5,0.0,1009.7
2026-04-14T08:00,28.5,25,27.3,313.0,1.8,0.0,1010.1
2026-04-14T09:00,31.4,21,29.9,528.0,4.3,0.0,1010.4
2026-04-14T10:00,33.7,18,32.7,714.0,7.4,0.0,1010.1
2026-04-14T11:00,35.2,16,34.1,847.0,11.4,0.0,1009.5
2026-04-14T12:00,36.5,14,35.9,915.0,10.2,0.0,1008.7
2026-04-14T13:00,37.3,14,36.9,911.0,8.6,0.0,1007.6
2026-04-14T14:00,37.7,13,36.8,840.0,8.9,0.0,1006.4
2026-04-14T15:00,37.4,13,35.4,658.0,9.4,0.0,1005.5
2026-04-14T16:00,37.2,13,34.9,492.0,6.3,0.0,1004.7
2026-04-14T17:00,36.5,14,34.1,231.0,7.3,0.0,1004.2
2026-04-14T18:00,34.7,16,32.7,94.0,5.1,0.0,1004.6
2026-04-14T19:00,33.0,18,30.8,3.0,7.1,0.0,1005.0
2026-04-14T20:00,33.1,18,30.9,0.0,7.3,0.0,1005.5
2026-04-14T21:00,30.8,22,29.3,0.0,3.6,0.0,1006.3
2026-04-14T22:00,29.5,25,28.6,0.0,1.7,0.0,1006.1
2026-04-14T23:00,29.1,25,26.3,0.0,13.7,0.0,1006.4
2026-04-15T00:00,27.6,30,25.2,0.0,13.8,0.0,1006.4
2026-04-15T01:00,27.2,30,24.7,0.0,13.3,0.0,1005.7
2026-04-15T02:00,26.5,30,24.1,0.0,11.9,0.0,1005.1
2026-04-15T03:00,25.9,30,23.7,0.0,10.0,0.0,1005.1
2026-04-15T04:00,25.1,31,23.0,0.0,8.6,0.0,1005.3
2026-04-15T05:00,25.8,34,24.1,0.0,9.2,0.0,1005.2
2026-04-15T06:00,25.7,34,23.9,6.0,9.5,0.0,1005.6
2026-04-15T07:00,27.3,30,25.5,114.0,9.4,0.0,1006.3
2026-04-15T08:00,30.5,25,29.0,315.0,6.8,0.0,1006.6
2026-04-15T09:00,33.7,19,31.9,529.0,7.4,0.0,1006.6
2026-04-15T10:00,35.9,16,34.9,716.0,6.7,0.0,1006.5
2026-04-15T11:00,36.7,14,36.3,851.0,6.7,0.0,1006.0
2026-04-15T12:00,38.0,13,38.1,921.0,6.1,0.0,1005.6
2026-04-15T13:00,38.6,12,38.6,917.0,6.2,0.0,1004.6
2026-04-15T14:00,39.4,10,38.2,836.0,7.8,0.0,1003.5
2026-04-15T15:00,38.7,10,35.0,608.0,13.9,0.0,1002.8
2026-04-15T16:00,37.7,10,33.6,486.0,14.0,0.0,1002.8
2026-04-15T17:00,37.2,10,33.5,282.0,9.9,0.0,1002.8
2026-04-15T18:00,34.9,12,31.5,96.0,10.1,0.0,1003.7
2026-04-15T19:00,33.0,14,29.9,3.0,8.7,0.0,1004.5
2026-04-15T20:00,31.9,15,28.5,0.0,10.9,0.0,1005.1
2026-04-15T21:00,30.6,18,27.6,0.0,9.4,0.0,1005.6
2026-04-15T22:00,29.4,19,26.8,0.0,7.0,0.0,1005.6
2026-04-15T23:00,28.8,19,26.2,0.0,6.6,0.0,1005.5
2026-04-16T00:00,28.1,19,25.3,0.0,7.4,0.0,1005.5
2026-04-16T01:00,27.8,20,24.8,0.0,9.0,0.0,1005.0
2026-04-16T02:00,26.9,23,24.2,0.0,7.8,0.0,1004.9
2026-04-16T03:00,25.8,25,23.4,0.0,7.2,0.0,1005.0
2026-04-16T04:00,25.1,27,22.8,0.0,6.8,0.0,1004.9
2026-04-16T05:00,24.5,34,23.2,0.0,5.0,0.0,1004.9
2026-04-16T06:00,25.0,32,23.6,7.0,4.3,0.0,1005.7
2026-04-16T07:00,27.6,27,25.8,117.0,6.7,0.0,1006.5
2026-04-16T08:00,30.1,23,28.4,320.0,5.2,0.0,1007.7
2026-04-16T09:00,32.6,20,30.8,535.0,5.7,0.0,1008.3
2026-04-16T10:00,35.0,16,33.4,710.0,8.8,0.0,1008.4
2026-04-16T11:00,36.5,14,35.2,840.0,10.4,0.0,1008.1
2026-04-16T12:00,38.0,12,37.3,919.0,9.2,0.0,1007.7
2026-04-16T13:00,38.8,11,38.2,916.0,7.7,0.0,1006.8
2026-04-16T14:00,39.0,11,38.1,840.0,7.2,0.0,1005.7
2026-04-16T15:00,39.0,11,36.8,699.0,9.9,0.0,1004.8
2026-04-16T16:00,38.2,11,34.6,514.0,13.9,0.0,1004.5
2026-04-16T17:00,37.5,12,34.8,251.0,7.9,0.0,1003.9
2026-04-16T18:00,36.2,14,34.0,88.0,5.3,0.0,1004.3
2026-04-16T19:00,34.2,16,32.1,3.0,6.1,0.0,1004.8
2026-04-16T20:00,32.6,19,31.0,0.0,3.5,0.0,1005.6
2026-04-16T21:00,30.9,22,29.2,0.0,5.8,0.0,1006.6
2026-04-16T22:00,30.4,22,29.0,0.0,3.2,0.0,1006.7
2026-04-16T23:00,30.0,24,28.9,0.0,2.8,0.0,1006.6
2026-04-17T00:00,29.5,23,27.9,0.0,4.4,0.0,1006.6
2026-04-17T01:00,28.4,25,26.9,0.0,4.7,0.0,1006.4
2026-04-17T02:00,28.3,26,26.6,0.0,6.2,0.0,1006.0
2026-04-17T03:00,28.4,25,26.7,0.0,6.2,0.0,1006.2
2026-04-17T04:00,27.6,27,25.8,0.0,6.5,0.0,1006.6
2026-04-17T05:00,26.2,31,25.1,0.0,3.6,0.0,1007.3
2026-04-17T06:00,27.2,31,26.6,6.0,1.6,0.0,1007.9
2026-04-17T07:00,28.7,26,27.3,93.0,4.1,0.0,1008.8
2026-04-17T08:00,31.4,23,30.3,259.0,2.8,0.0,1009.4
2026-04-17T09:00,33.7,21,32.7,425.0,3.7,0.0,1010.1
2026-04-17T10:00,35.7,19,35.3,614.0,3.2,0.0,1009.9
2026-04-17T11:00,36.7,16,36.9,755.0,2.5,0.0,1009.4
2026-04-17T12:00,38.5,15,38.5,856.0,6.8,0.0,1008.7
2026-04-17T13:00,38.7,15,38.1,810.0,9.4,0.0,1007.8
2026-04-17T14:00,38.9,15,38.2,776.0,9.3,0.0,1007.0
2026-04-17T15:00,38.9,14,37.1,628.0,9.8,0.0,1006.2
2026-04-17T16:00,38.3,14,36.0,449.0,8.8,0.0,1005.5
2026-04-17T17:00,38.5,12,35.3,291.0,11.9,0.0,1004.5
2026-04-17T18:00,37.1,13,34.6,99.0,7.5,0.0,1005.0
2026-04-17T19:00,34.8,18,33.4,4.0,3.8,0.0,1005.5
2026-04-17T20:00,33.8,20,32.7,0.0,3.1,0.0,1006.1
2026-04-17T21:00,32.0,20,29.0,0.0,13.5,0.0,1007.9
2026-04-17T22:00,28.8,29,26.8,0.0,11.2,0.0,1008.7
2026-04-17T23:00,28.4,31,26.4,0.0,12.9,0.0,1009.1
2026-04-18T00:00,28.0,33,26.2,0.0,12.4,0.0,1008.8
2026-04-18T01:00,27.1,35,25.7,0.0,10.1,0.0,1008.3
2026-04-18T02:00,26.3,37,25.3,0.0,8.1,0.0,1007.8
2026-04-18T03:00,25.3,40,25.0,0.0,3.8,0.0,1007.8
2026-04-18T04:00,24.9,41,24.5,0.0,4.0,0.0,1007.5
2026-04-18T05:00,25.0,44,25.0,0.0,4.2,0.0,1007.7
2026-04-18T06:00,24.9,44,25.0,8.0,3.3,0.0,1008.5
2026-04-18T07:00,26.8,39,26.9,120.0,2.9,0.0,1009.0
2026-04-18T08:00,29.7,32,29.5,322.0,3.7,0.0,1009.5
2026-04-18T09:00,32.3,26,31.7,537.0,5.2,0.0,1009.6
2026-04-18T10:00,35.0,22,35.2,722.0,6.5,0.0,1009.3
2026-04-18T11:00,36.3,19,36.5,857.0,8.9,0.0,1008.9
2026-04-18T12:00,38.0,16,38.5,924.0,7.5,0.0,1008.3
2026-04-18T13:00,38.9,14,39.0,920.0,8.5,0.0,1007.5
2026-04-18T14:00,39.1,14,38.5,843.0,10.2,0.0,1006.5
2026-04-18T15:00,39.0,14,37.3,697.0,11.4,0.0,1005.8
2026-04-18T16:00,38.6,13,35.8,502.0,11.6,0.0,1005.3
2026-04-18T17:00,38.1,13,34.9,293.0,12.9,0.0,1005.0
2026-04-18T18:00,37.2,13,34.4,100.0,9.2,0.0,1005.1
2026-04-18T19:00,35.1,15,33.2,4.0,4.3,0.0,1005.6
2026-04-18T20:00,32.9,18,31.2,0.0,4.0,0.0,1006.3
2026-04-18T21:00,32.0,22,31.1,0.0,2.2,0.0,1006.8
2026-04-18T22:00,31.1,22,29.6,0.0,4.6,0.0,1007.0
2026-04-18T23:00,30.4,25,29.0,0.0,5.2,0.0,1007.1
2026-04-19T00:00,30.1,24,28.4,0.0,6.9,0.0,1006.8
2026-04-19T01:00,29.5,24,27.2,0.0,9.3,0.0,1006.4
2026-04-19T02:00,29.4,22,26.6,0.0,11.9,0.0,1005.9
2026-04-19T03:00,28.7,21,25.7,0.0,11.0,0.0,1005.6
2026-04-19T04:00,27.7,23,24.9,0.0,10.1,0.0,1005.5
2026-04-19T05:00,27.3,29,25.4,0.0,8.2,0.0,1005.6
2026-04-19T06:00,27.4,29,25.4,9.0,9.9,0.0,1006.2
2026-04-19T07:00,29.4,26,27.4,122.0,9.8,0.0,1006.7
2026-04-19T08:00,32.7,22,31.4,320.0,5.5,0.0,1007.0
2026-04-19T09:00,35.3,18,33.6,489.0,6.3,0.0,1007.6
2026-04-19T10:00,37.0,15,35.9,688.0,5.8,0.0,1007.7
2026-04-19T11:00,37.9,13,37.3,834.0,7.2,0.0,1007.3
2026-04-19T12:00,39.0,11,37.9,889.0,10.5,0.0,1006.8
2026-04-19T13:00,39.1,11,37.3,836.0,11.6,0.0,1006.2
2026-04-19T14:00,39.0,10,36.8,784.0,12.5,0.0,1005.4
2026-04-19T15:00,38.5,10,35.2,625.0,12.8,0.0,1004.6
2026-04-19T16:00,38.1,10,34.6,495.0,11.7,0.0,1004.1
2026-04-19T17:00,37.3,9,33.0,296.0,14.5,0.0,1004.3
2026-04-19T18:00,36.2,9,32.3,101.0,11.0,0.0,1004.6
2026-04-19T19:00,34.5,11,31.0,4.0,8.6,0.0,1005.4
2026-04-19T20:00,33.1,13,29.9,0.0,8.3,0.0,1006.0
2026-04-19T21:00,32.6,13,29.4,0.0,8.7,0.0,1006.3
2026-04-19T22:00,31.8,14,28.5,0.0,8.7,0.0,1006.2
2026-04-19T23:00,30.6,16,27.8,0.0,7.0,0.0,1006.3
2026-04-20T00:00,29.9,17,26.9,0.0,8.0,0.0,1005.6
2026-04-20T01:00,29.5,17,26.0,0.0,11.4,0.0,1005.2
2026-04-20T02:00,28.1,19,24.4,0.0,13.9,0.0,1005.5
2026-04-20T03:00,27.4,20,24.3,0.0,9.6,0.0,1005.3
2026-04-20T04:00,26.7,23,24.0,0.0,7.8,0.0,1005.6
2026-04-20T05:00,26.9,30,24.9,0.0,9.9,0.0,1005.9
2026-04-20T06:00,26.5,32,24.5,9.0,10.5,0.0,1006.4
2026-04-20T07:00,28.2,30,26.4,124.0,10.7,0.0,1007.2
2026-04-20T08:00,31.2,26,30.2,326.0,6.0,0.0,1007.7
2026-04-20T09:00,34.2,22,33.4,539.0,3.2,0.0,1008.2
2026-04-20T10:00,36.1,17,35.8,723.0,3.7,0.0,1008.2
2026-04-20T11:00,37.0,13,37.2,854.0,2.2,0.0,1007.3
2026-04-20T12:00,38.7,11,38.5,924.0,5.8,0.0,1006.5
2026-04-20T13:00,39.2,11,38.0,918.0,11.2,0.0,1005.5
2026-04-20T14:00,38.9,10,36.2,829.0,16.2,0.0,1004.4
2026-04-20T15:00,38.5,10,35.1,697.0,16.0,0.0,1003.7
2026-04-20T16:00,38.2,11,34.2,509.0,14.7,0.0,1003.4
2026-04-20T17:00,37.2,11,32.9,296.0,16.8,0.0,1003.6
2026-04-20T18:00,35.7,13,32.2,101.0,12.2,0.0,1004.5
2026-04-20T19:00,34.1,14,30.9,4.0,10.5,0.0,1005.0
2026-04-20T20:00,33.7,14,30.5,0.0,9.9,0.0,1005.6
2026-04-20T21:00,32.0,16,29.1,0.0,8.8,0.0,1006.3
2026-04-20T22:00,30.9,19,28.3,0.0,8.2,0.0,1006.5
2026-04-20T23:00,30.1,21,28.2,0.0,5.4,0.0,1006.5
2026-04-21T00:00,29.7,22,27.7,0.0,6.5,0.0,1006.3
2026-04-21T01:00,28.7,24,26.4,0.0,9.0,0.0,1006.1
2026-04-21T02:00,27.9,25,25.9,0.0,6.8,0.0,1005.9
2026-04-21T03:00,26.5,28,25.4,0.0,1.5,0.0,1006.2
2026-04-21T04:00,26.2,30,25.4,0.0,1.0,0.0,1006.0
2026-04-21T05:00,26.0,30,23.9,0.0,8.3,0.0,1006.4
2026-04-21T06:00,26.8,29,24.9,10.0,8.2,0.0,1006.6
2026-04-21T07:00,28.9,26,27.1,126.0,7.6,0.0,1007.3
2026-04-21T08:00,32.1,22,30.8,326.0,4.0,0.0,1007.6
2026-04-21T09:00,34.7,17,32.8,539.0,5.9,0.0,1007.8
2026-04-21T10:00,36.1,15,34.9,723.0,7.3,0.0,1007.7
2026-04-21T11:00,37.2,13,35.8,854.0,11.4,0.0,1007.2
2026-04-21T12:00,38.4,12,36.9,914.0,13.5,0.0,1006.4
2026-04-21T13:00,39.2,11,37.6,894.0,13.0,0.0,1005.5
2026-04-21T14:00,39.3,11,36.9,795.0,14.2,0.0,1004.3
2026-04-21T15:00,38.7,11,35.1,652.0,18.0,0.0,1003.7
2026-04-21T16:00,38.2,11,34.1,478.0,16.8,0.0,1003.5
2026-04-21T17:00,37.6,8,32.9,290.0,15.1,0.0,1003.1
2026-04-21T18:00,36.1,9,32.2,101.0,11.0,0.0,1003.7
2026-04-21T19:00,34.9,15,31.8,5.0,12.1,0.0,1004.4
2026-04-21T20:00,34.9,15,31.8,0.0,12.3,0.0,1004.6
2026-04-21T21:00,33.6,16,30.9,0.0,8.7,0.0,1005.2
2026-04-21T22:00,31.4,18,28.9,0.0,7.6,0.0,1006.0
2026-04-21T23:00,30.8,20,28.4,0.0,7.8,0.0,1006.1
2026-04-22T00:00,31.0,19,28.5,0.0,9.0,0.0,1005.8
2026-04-22T01:00,30.4,21,27.7,0.0,11.2,0.0,1005.9
2026-04-22T02:00,29.2,22,25.9,0.0,14.1,0.0,1005.9
2026-04-22T03:00,28.3,21,24.8,0.0,13.7,0.0,1006.1
2026-04-22T04:00,27.7,20,23.9,0.0,13.8,0.0,1006.1
2026-04-22T05:00,28.0,17,23.6,0.0,16.3,0.0,1006.1
2026-04-22T06:00,28.3,16,23.8,11.0,15.8,0.0,1006.6
2026-04-22T07:00,29.3,15,25.1,128.0,14.1,0.0,1007.5
2026-04-22T08:00,31.2,14,27.3,330.0,13.0,0.0,1008.0
2026-04-22T09:00,33.4,13,29.6,544.0,12.8,0.0,1008.2
2026-04-22T10:00,35.7,12,32.9,729.0,13.4,0.0,1008.0
2026-04-22T11:00,37.2,12,35.2,861.0,13.5,0.0,1007.4
2026-04-22T12:00,38.6,11,37.2,926.0,12.8,0.0,1006.7
2026-04-22T13:00,39.1,11,37.6,920.0,13.1,0.0,1005.8
2026-04-22T14:00,39.3,11,37.1,842.0,14.0,0.0,1004.8
2026-04-22T15:00,38.9,10,35.7,701.0,15.5,0.0,1004.2
2026-04-22T16:00,38.2,10,33.9,511.0,17.1,0.0,1003.8
2026-04-22T17:00,37.5,11,33.2,298.0,17.5,0.0,1003.5
2026-04-22T18:00,36.5,12,32.7,102.0,13.7,0.0,1004.0
2026-04-22T19:00,34.9,13,31.5,5.0,10.8,0.0,1004.3
2026-04-22T20:00,33.3,13,29.1,0.0,14.8,0.0,1005.3
2026-04-22T21:00,32.6,11,27.9,0.0,16.2,0.0,1006.0
2026-04-22T22:00,31.6,12,27.1,0.0,15.0,0.0,1006.5
2026-04-22T23:00,30.8,14,26.8,0.0,13.4,0.0,1006.4
2026-04-23T00:00,30.2,16,26.5,0.0,12.4,0.0,1006.6
2026-04-23T01:00,29.1,17,25.3,0.0,13.3,0.0,1006.6
2026-04-23T02:00,28.5,18,24.7,0.0,13.1,0.0,1006.5
2026-04-23T03:00,27.6,19,23.8,0.0,12.5,0.0,1006.7
2026-04-23T04:00,26.9,19,23.2,0.0,12.1,0.0,1007.0
2026-04-23T05:00,26.5,22,23.4,0.0,9.7,0.0,1007.2
2026-04-23T06:00,26.9,22,23.9,12.0,9.6,0.0,1007.8
2026-04-23T07:00,28.3,21,25.5,135.0,8.8,0.0,1008.5
2026-04-23T08:00,30.8,19,28.3,342.0,7.0,0.0,1009.1
2026-04-23T09:00,33.4,16,30.7,559.0,8.8,0.0,1009.2
2026-04-23T10:00,34.9,13,32.7,744.0,11.0,0.0,1009.1
2026-04-23T11:00,35.8,12,34.3,876.0,10.3,0.0,1008.4
2026-04-23T12:00,37.2,10,36.1,943.0,9.5,0.0,1007.6
2026-04-23T13:00,38.1,9,37.0,937.0,8.7,0.0,1006.5
2026-04-23T14:00,38.6,8,36.7,859.0,8.8,0.0,1005.3
2026-04-23T15:00,38.6,7,35.6,716.0,9.9,0.0,1004.4
2026-04-23T16:00,38.1,7,33.8,523.0,11.1,0.0,1003.9
2026-04-23T17:00,37.1,9,33.2,305.0,10.9,0.0,1003.6
2026-04-23T18:00,35.7,10,32.0,105.0,9.3,0.0,1004.2
2026-04-23T19:00,34.0,11,30.6,5.0,7.8,0.0,1005.0
2026-04-23T20:00,33.1,13,30.3,0.0,5.6,0.0,1005.3
2026-04-23T21:00,31.6,16,29.3,0.0,3.8,0.0,1005.5
2026-04-23T22:00,31.0,15,28.1,0.0,6.2,0.0,1005.9
2026-04-23T23:00,30.0,18,27.0,0.0,9.1,0.0,1006.1
2026-04-24T00:00,30.1,17,27.2,0.0,7.9,0.0,1005.7
2026-04-24T01:00,29.4,18,26.3,0.0,9.2,0.0,1005.4
2026-04-24T02:00,29.0,19,25.6,0.0,12.0,0.0,1005.3
2026-04-24T03:00,28.6,21,25.2,0.0,13.1,0.0,1005.5
2026-04-24T04:00,28.0,23,25.0,0.0,12.3,0.0,1005.9
2026-04-24T05:00,28.2,28,25.4,0.0,14.5,0.0,1006.0
2026-04-24T06:00,28.1,29,25.6,12.0,14.2,0.0,1006.8
2026-04-24T07:00,29.6,28,27.3,129.0,13.6,0.0,1007.6
2026-04-24T08:00,32.0,25,30.3,325.0,11.4,0.0,1007.9
2026-04-24T09:00,34.9,22,33.1,532.0,12.2,0.0,1007.9
2026-04-24T10:00,37.6,18,36.5,712.0,11.2,0.0,1007.4
2026-04-24T11:00,38.8,15,39.0,841.0,6.5,0.0,1006.7
2026-04-24T12:00,40.4,14,41.2,891.0,4.6,0.0,1006.0
2026-04-24T13:00,41.0,13,41.6,876.0,5.0,0.0,1004.9
2026-04-24T14:00,41.3,12,40.9,797.0,7.3,0.0,1003.7
2026-04-24T15:00,40.8,12,38.6,602.0,10.2,0.0,1003.0
2026-04-24T16:00,40.2,12,37.2,408.0,12.0,0.0,1002.8
2026-04-24T17:00,39.2,12,36.0,258.0,13.3,0.0,1002.7
2026-04-24T18:00,38.5,13,35.7,94.0,10.3,0.0,1003.4
2026-04-24T19:00,36.2,15,34.5,5.0,4.7,0.0,1004.0
2026-04-24T20:00,34.3,18,32.8,0.0,4.2,0.0,1004.8
2026-04-24T21:00,33.2,23,32.7,0.0,1.5,0.0,1005.9
2026-04-24T22:00,32.8,24,32.4,0.0,0.9,0.0,1006.4
2026-04-24T23:00,32.5,22,31.1,0.0,5.3,0.0,1006.4
2026-04-25T00:00,32.0,22,31.0,0.0,2.2,0.0,1006.1
2026-04-25T01:00,30.3,26,29.5,0.0,3.3,0.0,1005.9
2026-04-25T02:00,30.0,28,29.2,0.0,4.1,0.0,1005.8
2026-04-25T03:00,29.9,27,27.9,0.0,11.8,0.0,1006.5
2026-04-25T04:00,30.2,24,28.2,0.0,8.8,0.0,1006.8
2026-04-25T05:00,30.5,27,28.5,0.0,12.0,0.0,1006.8
2026-04-25T06:00,30.5,27,28.8,12.0,10.1,0.0,1007.5
2026-04-25T07:00,31.4,27,30.1,128.0,9.1,0.0,1008.3
2026-04-25T08:00,34.0,24,33.2,324.0,6.9,0.0,1008.7
2026-04-25T09:00,36.9,21,36.5,530.0,4.2,0.0,1009.1
2026-04-25T10:00,39.0,17,39.2,709.0,4.2,0.0,1008.8
2026-04-25T11:00,39.7,15,40.8,835.0,2.1,0.0,1008.2
2026-04-25T12:00,41.6,13,42.5,875.0,4.3,0.0,1007.5
2026-04-25T13:00,41.0,13,39.3,625.0,10.2,0.0,1006.7
2026-04-25T14:00,40.8,14,38.8,664.0,14.1,0.0,1005.9
2026-04-25T15:00,40.3,14,38.5,596.0,9.7,0.0,1005.6
2026-04-25T16:00,40.0,14,38.0,353.0,9.7,0.0,1005.4
2026-04-25T17:00,39.3,14,36.2,204.0,15.7,0.0,1004.4
2026-04-25T18:00,38.4,15,35.8,92.0,12.4,0.0,1004.8
2026-04-25T19:00,36.8,17,34.4,5.0,11.8,0.0,1005.8
2026-04-25T20:00,35.4,19,33.8,0.0,7.7,0.0,1006.4
2026-04-25T21:00,34.4,20,32.9,0.0,7.1,0.0,1007.1
2026-04-25T22:00,33.6,21,32.2,0.0,6.3,0.0,1007.0
2026-04-25T23:00,32.8,25,32.2,0.0,3.6,0.0,1006.4
2026-04-26T00:00,33.2,22,31.5,0.0,9.1,0.0,1006.5
2026-04-26T01:00,32.8,23,31.1,0.0,9.2,0.0,1006.4
2026-04-26T02:00,32.4,23,30.6,0.0,10.2,0.0,1005.6
2026-04-26T03:00,31.5,24,29.9,0.0,8.3,0.0,1005.6
2026-04-26T04:00,30.5,26,29.1,0.0,7.0,0.0,1005.9
2026-04-26T05:00,30.6,28,29.3,0.0,8.3,0.0,1005.5
2026-04-26T06:00,30.8,28,29.7,13.0,7.3,0.0,1005.9
2026-04-26T07:00,32.3,26,31.4,128.0,6.7,0.0,1006.8
2026-04-26T08:00,35.5,22,35.2,322.0,2.7,0.0,1007.3
2026-04-26T09:00,38.3,17,37.6,526.0,2.2,0.0,1007.3
2026-04-26T10:00,39.3,16,38.3,705.0,10.8,0.0,1007.1
2026-04-26T11:00,39.8,16,39.0,822.0,13.4,0.0,1006.2
2026-04-26T12:00,40.4,15,39.4,767.0,13.0,0.0,1005.7
2026-04-26T13:00,41.1,14,39.7,714.0,12.8,0.0,1004.7
2026-04-26T14:00,40.9,13,38.1,631.0,16.2,0.0,1003.6
2026-04-26T15:00,40.5,13,37.4,472.0,16.2,0.0,1002.8
2026-04-26T16:00,40.4,13,37.4,413.0,15.2,0.0,1002.1
2026-04-26T17:00,40.4,12,37.2,219.0,14.3,0.0,1001.3
2026-04-26T18:00,39.3,13,36.8,88.0,10.0,0.0,1001.6
2026-04-26T19:00,37.7,15,35.7,6.0,6.8,0.0,1002.2
2026-04-26T20:00,36.5,16,34.6,0.0,6.9,0.0,1002.7
2026-04-26T21:00,35.1,17,33.3,0.0,6.0,0.0,1003.1
2026-04-26T22:00,34.3,18,32.1,0.0,8.6,0.0,1003.5
2026-04-26T23:00,33.8,20,31.7,0.0,9.9,0.0,1003.3
2026-04-27T00:00,33.3,21,31.1,0.0,11.5,0.0,1003.0
2026-04-27T01:00,33.3,21,31.2,0.0,10.7,0.0,1002.5
2026-04-27T02:00,32.5,22,30.4,0.0,11.0,0.0,1002.3
2026-04-27T03:00,31.1,24,29.1,0.0,10.7,0.0,1002.3
2026-04-27T04:00,30.4,26,28.4,0.0,10.8,0.0,1002.3
2026-04-27T05:00,31.1,27,28.9,0.0,14.5,0.0,1002.6
2026-04-27T06:00,31.9,25,29.5,13.0,14.3,0.0,1002.9
2026-04-27T07:00,32.9,23,30.9,126.0,11.8,0.0,1003.5
2026-04-27T08:00,34.6,21,32.8,323.0,10.4,0.0,1003.7
2026-04-27T09:00,37.0,19,35.3,525.0,10.1,0.0,1003.9
2026-04-27T10:00,38.8,17,37.9,702.0,10.1,0.0,1003.7
2026-04-27T11:00,40.8,15,40.7,830.0,9.3,0.0,1002.8
2026-04-27T12:00,41.5,14,40.9,834.0,11.7,0.0,1002.3
2026-04-27T13:00,42.1,13,41.3,865.0,13.6,0.0,1001.6
2026-04-27T14:00,41.8,13,40.2,768.0,14.8,0.0,1000.5
2026-04-27T15:00,41.5,13,39.7,644.0,12.2,0.0,999.6
2026-04-27T16:00,36.0,26,34.0,371.0,21.6,0.5,1001.2
2026-04-27T17:00,41.9,10,38.5,102.0,13.2,0.1,997.8
2026-04-27T18:00,35.3,24,33.2,65.0,18.2,0.0,1000.2
2026-04-27T19:00,33.6,27,31.7,3.0,16.5,0.0,1001.9
2026-04-27T20:00,32.5,29,30.7,0.0,16.5,0.0,1002.3
2026-04-27T21:00,32.3,29,30.9,0.0,12.8,0.0,1002.8
2026-04-27T22:00,32.0,28,30.8,0.0,10.5,0.0,1002.8
2026-04-27T23:00,31.6,29,30.3,0.0,10.8,0.0,1002.6
2026-04-28T00:00,31.2,29,30.3,0.0,8.6,0.0,1002.4
2026-04-28T01:00,30.5,31,30.0,0.0,6.3,0.0,1002.2
2026-04-28T02:00,29.4,34,29.4,0.0,3.4,0.0,1002.1
2026-04-28T03:00,28.9,36,29.3,0.0,1.9,0.0,1002.0
2026-04-28T04:00,28.4,36,28.4,0.0,3.0,0.0,1002.3
2026-04-28T05:00,27.8,39,27.6,0.0,7.6,0.0,1002.9
2026-04-28T06:00,28.4,38,28.2,14.0,7.2,0.0,1003.8
2026-04-28T07:00,29.9,35,29.9,133.0,6.2,0.0,1004.8
2026-04-28T08:00,32.3,30,32.4,326.0,4.2,0.0,1005.2
2026-04-28T09:00,34.8,25,34.8,530.0,2.9,0.0,1005.0
2026-04-28T10:00,36.3,22,37.0,707.0,4.9,0.0,1005.0
2026-04-28T11:00,36.3,23,38.6,835.0,0.7,0.0,1004.4
2026-04-28T12:00,38.5,19,40.2,898.0,4.9,0.0,1003.5
2026-04-28T13:00,39.3,17,39.9,888.0,9.4,0.0,1002.3
2026-04-28T14:00,39.1,14,37.0,730.0,14.7,0.0,1001.3
2026-04-28T15:00,38.6,14,35.8,625.0,15.9,0.0,1000.6
2026-04-28T16:00,38.2,16,35.5,404.0,13.9,0.0,999.9
2026-04-28T17:00,38.2,15,36.3,275.0,7.7,0.0,999.3
2026-04-28T18:00,37.4,15,36.1,103.0,3.1,0.0,999.5
2026-04-28T19:00,35.2,19,33.5,6.0,8.0,0.0,1000.1
2026-04-28T20:00,33.6,21,32.6,0.0,4.3,0.0,1000.9
2026-04-28T21:00,32.6,23,31.5,0.0,5.1,0.0,1001.5
2026-04-28T22:00,31.5,26,30.6,0.0,5.0,0.0,1001.9
2026-04-28T23:00,31.7,23,30.3,0.0,6.0,0.0,1001.0
2026-04-29T00:00,32.1,22,30.3,0.0,7.4,0.0,1000.8
2026-04-29T01:00,32.2,22,29.8,0.0,11.6,0.0,1000.5
2026-04-29T02:00,31.5,23,29.4,0.0,11.0,0.0,1000.3
2026-04-29T03:00,30.7,24,28.5,0.0,11.1,0.0,1001.5
2026-04-29T04:00,29.8,28,28.1,0.0,10.0,0.0,1001.9
2026-04-29T05:00,30.4,31,28.8,0.0,13.0,0.0,1002.2
2026-04-29T06:00,30.4,30,29.3,14.0,9.9,0.0,1002.4
2026-04-29T07:00,30.0,32,28.7,134.0,11.9,0.0,1003.2
2026-04-29T08:00,31.0,32,30.1,325.0,11.2,0.0,1003.8
2026-04-29T09:00,33.5,28,33.0,519.0,8.0,0.0,1004.3
2026-04-29T10:00,34.9,25,34.8,687.0,10.2,0.0,1004.0
2026-04-29T11:00,35.6,25,36.7,826.0,8.3,0.0,1003.7
2026-04-29T12:00,36.6,21,36.5,743.0,10.0,0.0,1003.1
2026-04-29T13:00,38.8,15,37.7,783.0,11.5,0.0,1001.5
2026-04-29T14:00,39.2,12,36.4,790.0,18.0,0.0,1000.2
2026-04-29T15:00,39.2,11,35.5,682.0,18.6,0.0,999.6
2026-04-29T16:00,38.4,12,34.3,502.0,18.5,0.0,999.3
2026-04-29T17:00,38.1,12,34.8,289.0,12.6,0.0,999.0
2026-04-29T18:00,36.7,13,33.9,99.0,9.0,0.0,999.4
2026-04-29T19:00,34.9,16,33.0,6.0,4.0,0.0,999.9
2026-04-29T20:00,33.5,17,31.7,0.0,4.3,0.0,1000.7
2026-04-29T21:00,32.6,18,30.6,0.0,5.4,0.0,1001.5
2026-04-29T22:00,32.6,19,30.0,0.0,10.4,0.0,1001.7
2026-04-29T23:00,31.8,22,30.3,0.0,5.2,0.0,1001.7
2026-04-30T00:00,30.5,25,28.7,0.0,9.5,0.0,1001.8
2026-04-30T01:00,29.1,27,27.0,0.0,10.5,0.0,1001.7
2026-04-30T02:00,27.5,29,26.0,0.0,6.9,0.0,1002.0
2026-04-30T03:00,26.7,32,25.3,0.0,7.2,0.0,1002.2
2026-04-30T04:00,26.5,36,25.7,0.0,6.0,0.0,1002.5
2026-04-30T05:00,26.3,46,27.1,0.0,2.4,0.0,1002.7
2026-04-30T06:00,27.4,42,27.7,14.0,5.3,0.0,1003.3
2026-04-30T07:00,28.8,40,29.1,131.0,5.9,0.0,1004.3
2026-04-30T08:00,31.2,35,31.3,324.0,7.2,0.0,1004.5
2026-04-30T09:00,33.2,31,33.2,527.0,8.1,0.0,1004.6
2026-04-30T10:00,35.0,28,35.8,704.0,8.6,0.0,1004.4
2026-04-30T11:00,36.3,22,36.8,829.0,9.3,0.0,1004.2
2026-04-30T12:00,37.7,18,38.1,847.0,8.5,0.0,1003.4
2026-04-30T13:00,38.6,16,38.5,846.0,9.7,0.0,1002.6
2026-04-30T14:00,39.0,15,38.2,797.0,11.1,0.0,1001.3
2026-04-30T15:00,39.0,13,36.1,624.0,15.2,0.0,1000.7
2026-04-30T16:00,38.5,13,34.7,459.0,17.7,0.0,1000.5
2026-04-30T17:00,38.0,13,34.3,248.0,15.7,0.0,999.7
2026-04-30T18:00,36.3,16,32.9,67.0,16.2,0.0,1000.7
2026-04-30T19:00,34.3,20,32.1,7.0,11.1,0.0,1001.4
2026-04-30T20:00,34.2,20,32.5,0.0,7.1,0.0,1001.4
2026-04-30T21:00,32.7,22,31.6,0.0,4.2,0.0,1002.0
2026-04-30T22:00,32.3,21,30.6,0.0,6.0,0.0,1002.8
2026-04-30T23:00,28.3,35,25.9,0.0,18.7,0.0,1005.2
2026-05-01T00:00,25.3,49,24.8,0.0,11.7,0.0,1004.8
2026-05-01T01:00,24.2,55,24.1,0.0,10.5,0.0,1004.4
2026-05-01T02:00,23.5,59,23.6,0.0,10.4,0.0,1003.8
2026-05-01T03:00,23.1,61,23.7,0.0,7.4,0.0,1004.0
2026-05-01T04:00,23.1,62,24.5,0.0,2.6,0.0,1003.6
2026-05-01T05:00,23.4,60,24.4,0.0,4.8,0.0,1004.2
2026-05-01T06:00,24.2,54,24.1,16.0,10.5,0.0,1004.8
2026-05-01T07:00,25.9,49,26.1,135.0,8.7,0.0,1004.9
2026-05-01T08:00,28.4,42,28.4,327.0,9.7,0.0,1005.1
2026-05-01T09:00,31.1,36,31.0,530.0,9.9,0.0,1005.5
2026-05-01T10:00,33.5,32,34.4,707.0,10.0,0.0,1004.9
2026-05-01T11:00,33.6,34,35.8,838.0,9.7,0.0,1004.8
2026-05-01T12:00,35.7,30,38.0,897.0,9.5,0.0,1004.2
2026-05-01T13:00,37.3,25,39.2,887.0,8.8,0.0,1003.1
2026-05-01T14:00,38.1,20,38.0,661.0,7.7,0.0,1001.7
2026-05-01T15:00,39.4,14,37.4,572.0,8.3,0.0,1000.1
2026-05-01T16:00,39.7,12,36.4,488.0,13.7,0.0,999.2
2026-05-01T17:00,38.9,13,35.4,281.0,16.1,0.0,999.3
2026-05-01T18:00,38.0,14,35.4,101.0,10.9,0.0,999.8
2026-05-01T19:00,35.8,17,34.2,7.0,5.0,0.0,1000.3
2026-05-01T20:00,34.1,22,33.4,0.0,3.3,0.0,1000.5
2026-05-01T21:00,33.3,23,32.6,0.0,3.0,0.0,1001.2
2026-05-01T22:00,31.4,23,28.8,0.0,13.8,0.0,1002.3
2026-05-01T23:00,30.0,27,28.6,0.0,8.1,0.0,1002.4
2026-05-02T00:00,28.8,35,28.4,0.0,7.1,0.0,1002.3
2026-05-02T01:00,27.8,43,28.2,0.0,5.9,0.0,1001.9
2026-05-02T02:00,27.0,48,27.8,0.0,5.6,0.0,1001.6
2026-05-02T03:00,26.1,52,26.9,0.0,7.1,0.0,1001.5
2026-05-02T04:00,25.2,56,25.9,0.0,8.8,0.0,1001.6
2026-05-02T05:00,25.2,58,26.2,0.0,7.9,0.0,1001.7
2026-05-02T06:00,25.7,57,27.0,17.0,6.1,0.0,1002.2
2026-05-02T07:00,28.2,49,30.0,135.0,2.7,0.0,1003.0
2026-05-02T08:00,32.0,36,33.5,326.0,0.8,0.0,1003.2
2026-05-02T09:00,35.0,27,35.3,530.0,5.1,0.0,1003.5
2026-05-02T10:00,37.2,21,37.6,705.0,6.5,0.0,1003.1
2026-05-02T11:00,37.5,19,38.4,832.0,5.4,0.0,1003.2
2026-05-02T12:00,39.1,17,39.6,881.0,8.9,0.0,1002.3
2026-05-02T13:00,39.4,16,39.0,855.0,12.8,0.0,1001.5
2026-05-02T14:00,39.2,17,37.9,688.0,12.2,0.0,1000.3
2026-05-02T15:00,39.7,17,38.1,631.0,13.2,0.0,999.0
2026-05-02T16:00,39.2,16,36.7,428.0,14.2,0.0,998.6
2026-05-02T17:00,38.3,16,36.5,266.0,8.6,0.0,998.1
2026-05-02T18:00,36.8,19,35.4,96.0,7.9,0.0,998.7
2026-05-02T19:00,34.9,23,34.3,6.0,5.6,0.0,999.7
2026-05-02T20:00,33.6,26,33.6,0.0,2.5,0.0,1000.4
2026-05-02T21:00,33.8,24,32.3,0.0,10.9,0.0,1001.3
2026-05-02T22:00,33.0,24,30.9,0.0,13.6,0.0,1001.9
2026-05-02T23:00,31.3,29,30.5,0.0,7.6,0.0,1003.8
2026-05-03T00:00,29.6,32,29.0,0.0,5.8,0.0,1002.8
2026-05-03T01:00,31.4,28,29.0,0.0,17.9,0.0,1001.5
2026-05-03T02:00,32.6,26,30.7,0.0,13.5,0.0,1000.6
2026-05-03T03:00,31.8,26,29.4,0.0,15.5,0.0,1000.5
2026-05-03T04:00,29.6,31,27.6,0.0,14.9,0.0,1000.3
2026-05-03T05:00,27.3,51,28.3,0.0,7.3,0.0,1000.8
2026-05-03T06:00,26.3,56,27.1,16.0,10.6,0.0,1001.6
2026-05-03T07:00,27.2,55,28.7,129.0,7.0,0.0,1002.5
2026-05-03T08:00,30.0,47,31.3,328.0,8.8,0.0,1002.9
2026-05-03T09:00,33.4,33,33.2,531.0,12.9,0.0,1003.0
2026-05-03T10:00,35.6,26,35.1,707.0,15.7,0.0,1002.9
2026-05-03T11:00,36.5,22,36.0,832.0,16.8,0.0,1002.6
2026-05-03T12:00,37.9,19,37.9,900.0,13.9,0.0,1002.1
2026-05-03T13:00,39.0,17,39.2,875.0,10.1,0.0,1001.3
2026-05-03T14:00,39.3,13,37.7,645.0,8.3,0.0,1000.6
2026-05-03T15:00,39.4,13,37.5,590.0,7.9,0.0,999.8
2026-05-03T16:00,39.3,13,37.2,452.0,7.4,0.0,999.0
2026-05-03T17:00,37.9,13,35.7,274.0,6.8,0.0,999.5
2026-05-03T18:00,36.5,15,33.9,103.0,10.3,0.0,999.3
2026-05-03T19:00,34.5,18,32.3,8.0,8.9,0.0,999.8
2026-05-03T20:00,32.4,22,31.4,0.0,3.1,0.0,1000.8
2026-05-03T21:00,31.7,23,30.5,0.0,4.1,0.0,1001.4
2026-05-03T22:00,31.9,23,30.6,0.0,5.0,0.0,1001.9
2026-05-03T23:00,29.3,31,28.1,0.0,9.2,0.0,1002.7
2026-05-04T00:00,28.2,33,27.0,0.0,9.2,0.0,1002.8
2026-05-04T01:00,27.7,34,26.4,0.0,10.0,0.0,1002.8
2026-05-04T02:00,26.7,37,25.9,0.0,7.1,0.0,1003.0
2026-05-04T03:00,26.1,40,24.5,0.0,13.2,0.0,1003.5
2026-05-04T04:00,25.4,45,24.5,0.0,11.2,0.0,1004.0
2026-05-04T05:00,22.8,67,23.5,0.0,10.7,0.0,1003.9
2026-05-04T06:00,22.8,66,23.8,17.0,7.5,0.0,1004.7
2026-05-04T07:00,24.0,59,24.5,138.0,8.7,0.0,1005.8
2026-05-04T08:00,25.7,55,25.8,328.0,12.5,0.0,1006.0
2026-05-04T09:00,28.0,45,27.9,535.0,11.9,0.0,1006.6
2026-05-04T10:00,30.6,36,31.1,709.0,10.8,0.0,1006.9
2026-05-04T11:00,30.2,40,31.7,831.0,12.2,0.0,1007.6
2026-05-04T12:00,31.2,39,33.2,880.0,11.8,0.0,1006.9
2026-05-04T13:00,32.0,38,34.0,877.0,12.7,0.0,1005.9
2026-05-04T14:00,32.7,36,34.9,792.0,7.9,0.0,1005.0
2026-05-04T15:00,30.4,36,31.1,474.0,2.5,0.3,1005.6
2026-05-04T16:00,31.0,36,30.9,423.0,9.0,0.0,1004.1
2026-05-04T17:00,33.8,20,31.4,275.0,12.5,0.0,1002.4
2026-05-04T18:00,30.6,35,30.9,70.0,5.5,0.0,1003.1
2026-05-04T19:00,29.6,47,31.5,7.0,3.8,0.0,1003.8
2026-05-04T20:00,29.0,35,28.3,0.0,9.4,0.0,1005.0
2026-05-04T21:00,27.2,57,29.7,0.0,3.2,0.0,1006.1
2026-05-04T22:00,26.6,57,28.7,0.0,3.7,0.0,1006.6
2026-05-04T23:00,24.6,54,24.8,0.0,8.9,0.0,1008.3
2026-05-05T00:00,23.6,55,23.6,0.0,9.2,0.0,1007.3
2026-05-05T01:00,23.1,57,23.7,0.0,5.5,0.0,1008.1
2026-05-05T02:00,22.8,60,23.3,0.0,6.1,0.0,1007.9
2026-05-05T03:00,22.5,63,23.3,0.0,6.2,0.0,1007.2
2026-05-05T04:00,22.0,67,22.9,0.0,6.4,0.0,1007.0
2026-05-05T05:00,23.1,66,24.4,0.0,6.8,0.0,1008.7
2026-05-05T06:00,22.8,72,24.8,13.0,4.8,0.0,1009.9
2026-05-05T07:00,24.0,66,26.2,125.0,2.0,0.0,1010.3
2026-05-05T08:00,25.5,61,27.5,321.0,4.0,0.0,1010.5
2026-05-05T09:00,27.0,58,29.4,520.0,3.2,0.0,1010.7
2026-05-05T10:00,28.6,54,32.3,693.0,1.9,0.0,1010.5
2026-05-05T11:00,29.4,50,33.3,817.0,3.7,0.0,1010.7
2026-05-05T12:00,30.7,45,35.2,871.0,1.3,0.0,1010.0
2026-05-05T13:00,31.6,40,35.5,860.0,2.6,0.0,1009.1
2026-05-05T14:00,32.4,37,35.2,753.0,4.0,0.0,1008.1
2026-05-05T15:00,32.8,34,33.8,597.0,5.4,0.0,1007.3
2026-05-05T16:00,32.8,30,32.4,441.0,8.8,0.0,1006.5
2026-05-05T17:00,32.3,27,31.1,259.0,9.9,0.0,1006.2
2026-05-05T18:00,30.6,33,30.3,103.0,7.4,0.0,1006.8
2026-05-05T19:00,28.6,40,28.7,8.0,7.5,0.0,1007.6
2026-05-05T20:00,27.3,43,27.2,0.0,8.6,0.0,1008.3
2026-05-05T21:00,26.4,46,26.6,0.0,7.4,0.0,1009.1
2026-05-05T22:00,25.4,48,25.4,0.0,7.9,0.0,1009.6
2026-05-05T23:00,25.6,49,25.3,0.0,10.4,0.0,1009.5
2026-05-06T00:00,25.0,49,24.7,0.0,9.6,0.0,1009.0
2026-05-06T01:00,23.8,53,23.8,0.0,8.1,0.0,1008.7
2026-05-06T02:00,22.9,59,23.5,0.0,5.4,0.0,1008.3
2026-05-06T03:00,22.3,68,23.9,0.0,2.7,0.0,1008.3
2026-05-06T04:00,22.2,72,24.5,0.0,0.7,0.0,1008.1
2026-05-06T05:00,22.3,76,24.6,0.0,3.7,0.0,1008.3
2026-05-06T06:00,23.1,72,25.2,20.0,4.5,0.0,1009.3
2026-05-06T07:00,24.6,67,27.2,142.0,1.7,0.0,1009.9
2026-05-06T08:00,26.8,58,29.4,331.0,2.3,0.0,1010.2
2026-05-06T09:00,29.4,43,30.5,531.0,5.1,0.0,1010.1
2026-05-06T10:00,31.2,33,32.3,704.0,5.3,0.0,1009.7
2026-05-06T11:00,32.0,30,33.9,829.0,4.0,0.0,1009.2
2026-05-06T12:00,33.7,25,35.3,888.0,5.4,0.0,1008.4
2026-05-06T13:00,34.4,22,34.9,828.0,7.3,0.0,1007.4
2026-05-06T14:00,35.0,20,34.5,774.0,9.2,0.0,1006.2
2026-05-06T15:00,35.2,19,33.6,653.0,10.7,0.0,1005.3
2026-05-06T16:00,34.6,20,32.6,443.0,11.0,0.0,1004.8
2026-05-06T17:00,34.2,21,32.9,258.0,6.6,0.0,1004.4
2026-05-06T18:00,33.4,21,32.0,102.0,6.0,0.0,1004.2
2026-05-06T19:00,31.6,25,30.7,8.0,4.8,0.0,1004.5
2026-05-06T20:00,30.1,29,29.4,0.0,5.5,0.0,1004.9
2026-05-06T21:00,28.8,34,28.4,0.0,5.2,0.0,1005.3
2026-05-06T22:00,27.2,39,26.8,0.0,7.2,0.0,1005.6
2026-05-06T23:00,27.7,37,27.5,0.0,4.5,0.0,1005.3
2026-05-07T00:00,27.2,39,27.1,0.0,4.9,0.0,1004.9
2026-05-07T01:00,26.3,43,26.8,0.0,2.5,0.0,1004.3
2026-05-07T02:00,25.8,41,25.9,0.0,2.6,0.0,1004.3
2026-05-07T03:00,24.9,44,24.6,0.0,5.5,0.0,1004.7
2026-05-07T04:00,24.4,45,23.9,0.0,7.4,0.0,1005.2
2026-05-07T05:00,24.4,49,24.0,0.0,8.7,0.0,1005.3
2026-05-07T06:00,24.7,48,24.5,20.0,7.9,0.0,1006.2
2026-05-07T07:00,26.2,44,26.0,132.0,7.0,0.0,1007.0
2026-05-07T08:00,28.2,39,27.7,296.0,9.8,0.0,1007.5
2026-05-07T09:00,30.5,34,29.9,490.0,9.9,0.0,1007.7
2026-05-07T10:00,32.8,26,32.1,654.0,10.6,0.0,1007.4
2026-05-07T11:00,33.8,25,33.6,740.0,10.3,0.0,1007.1
2026-05-07T12:00,35.6,22,35.6,804.0,10.3,0.0,1006.5
2026-05-07T13:00,36.3,19,35.6,783.0,11.3,0.0,1006.0
2026-05-07T14:00,37.7,14,36.5,728.0,8.8,0.0,1004.2
2026-05-07T15:00,38.0,14,35.0,606.0,15.0,0.0,1003.4
2026-05-07T16:00,37.5,14,34.4,398.0,13.4,0.0,1003.7
2026-05-07T17:00,36.8,12,34.7,226.0,2.0,0.0,1003.9
2026-05-07T18:00,30.5,36,28.8,86.0,19.6,0.0,1005.3
2026-05-07T19:00,28.6,39,27.7,9.0,13.0,0.0,1005.8
2026-05-07T20:00,28.0,41,27.5,0.0,10.5,0.0,1006.1
2026-05-07T21:00,27.0,43,26.6,0.0,10.2,0.0,1006.9
2026-05-07T22:00,26.1,46,25.6,0.0,11.3,0.0,1007.2
2026-05-07T23:00,25.2,52,25.0,0.0,11.0,0.0,1007.5
2026-05-08T00:00,24.5,54,24.6,0.0,10.1,0.0,1007.0
2026-05-08T01:00,23.7,58,24.0,0.0,9.4,0.0,1006.8
2026-05-08T02:00,23.3,60,23.6,0.0,9.3,0.0,1006.8
2026-05-08T03:00,22.7,61,22.9,0.0,9.1,0.0,1006.9
2026-05-08T04:00,22.3,62,22.4,0.0,9.0,0.0,1006.9
2026-05-08T05:00,22.0,64,22.5,0.0,7.6,0.0,1007.0
2026-05-08T06:00,22.3,63,22.6,20.0,9.3,0.0,1007.5
2026-05-08T07:00,23.8,58,24.4,140.0,7.0,0.0,1008.2
2026-05-08T08:00,26.2,50,26.7,314.0,7.8,0.0,1008.6
2026-05-08T09:00,28.7,42,28.8,482.0,8.6,0.0,1008.9
2026-05-08T10:00,31.0,35,31.5,643.0,8.1,0.0,1008.4
2026-05-08T11:00,33.1,30,34.4,720.0,5.2,0.0,1007.4
2026-05-08T12:00,35.3,26,38.0,878.0,3.0,0.0,1006.9
2026-05-08T13:00,35.7,23,36.4,829.0,9.4,0.0,1007.3
2026-05-08T14:00,34.7,24,33.5,382.0,9.7,0.0,1005.9
2026-05-08T15:00,36.5,21,36.7,627.0,3.4,0.0,1004.9
2026-05-08T16:00,37.4,18,36.5,407.0,4.3,0.0,1004.0
2026-05-08T17:00,37.1,17,35.3,252.0,9.5,0.0,1003.7
2026-05-08T18:00,35.6,19,34.2,105.0,7.0,0.0,1004.3
2026-05-08T19:00,33.1,26,32.1,9.0,8.3,0.0,1005.2
2026-05-08T20:00,31.3,31,30.6,0.0,9.4,0.0,1005.9
2026-05-08T21:00,30.0,34,29.3,0.0,9.8,0.0,1006.5
2026-05-08T22:00,29.2,36,28.1,0.0,12.7,0.0,1007.0
2026-05-08T23:00,28.5,39,27.7,0.0,12.2,0.0,1007.5
2026-05-09T00:00,27.7,42,26.9,0.0,12.9,0.0,1007.2
2026-05-09T01:00,27.1,44,26.5,0.0,11.7,0.0,1006.8
2026-05-09T02:00,26.4,46,25.9,0.0,11.6,0.0,1006.9
2026-05-09T03:00,25.9,48,25.6,0.0,10.5,0.0,1006.7
2026-05-09T04:00,25.5,50,25.3,0.0,10.4,0.0,1007.1
2026-05-09T05:00,25.5,53,25.6,0.0,11.4,0.0,1007.3
2026-05-09T06:00,25.7,53,25.9,20.0,11.4,0.0,1008.0
2026-05-09T07:00,26.8,51,27.4,127.0,9.2,0.0,1008.8
2026-05-09T08:00,28.7,47,29.3,321.0,10.1,0.0,1009.2
2026-05-09T09:00,31.0,40,31.7,521.0,9.1,0.0,1009.3
2026-05-09T10:00,33.1,34,34.5,691.0,8.1,0.0,1009.0
2026-05-09T11:00,34.6,30,36.3,816.0,8.5,0.0,1008.3
2026-05-09T12:00,36.0,27,38.2,869.0,6.9,0.0,1007.7
2026-05-09T13:00,36.7,24,38.5,806.0,4.9,0.0,1006.8
2026-05-09T14:00,37.8,21,38.9,743.0,4.2,0.0,1005.6
2026-05-09T15:00,38.1,19,37.3,603.0,7.4,0.0,1004.6
2026-05-09T16:00,37.4,20,35.9,438.0,11.1,0.0,1004.4
2026-05-09T17:00,37.1,20,35.1,272.0,13.8,0.0,1004.1
2026-05-09T18:00,35.8,23,34.9,101.0,8.7,0.0,1004.9
2026-05-09T19:00,33.8,27,33.3,9.0,7.5,0.0,1005.4
2026-05-09T20:00,31.6,33,31.5,0.0,7.8,0.0,1006.3
2026-05-09T21:00,30.5,37,30.7,0.0,7.1,0.0,1007.3
2026-05-09T22:00,29.9,38,29.9,0.0,9.3,0.0,1007.4
2026-05-09T23:00,29.4,41,29.3,0.0,11.1,0.0,1007.3
2026-05-10T00:00,28.5,44,28.1,0.0,13.6,0.0,1007.4
2026-05-10T01:00,27.5,48,27.4,0.0,12.7,0.0,1007.1
2026-05-10T02:00,26.8,50,27.1,0.0,11.2,0.0,1007.0
2026-05-10T03:00,26.2,53,26.9,0.0,8.5,0.0,1007.5
2026-05-10T04:00,25.8,54,26.7,0.0,7.4,0.0,1007.8
2026-05-10T05:00,25.7,57,27.1,0.0,6.3,0.0,1007.9
2026-05-10T06:00,26.3,56,28.0,22.0,4.2,0.0,1008.8
2026-05-10T07:00,27.6,53,29.6,142.0,3.5,0.0,1009.5
2026-05-10T08:00,29.7,47,31.8,326.0,3.5,0.0,1009.8
2026-05-10T09:00,32.3,40,34.1,522.0,4.1,0.0,1009.7
2026-05-10T10:00,34.2,33,36.2,693.0,5.1,0.0,1009.2
2026-05-10T11:00,35.0,31,37.5,814.0,5.8,0.0,1008.3
2026-05-10T12:00,36.5,28,39.3,873.0,5.6,0.0,1007.5
2026-05-10T13:00,37.3,26,40.1,864.0,4.8,0.0,1006.7
2026-05-10T14:00,37.9,25,40.0,757.0,4.3,0.0,1005.5
2026-05-10T15:00,38.1,24,38.7,599.0,6.4,0.0,1004.3
2026-05-10T16:00,38.2,24,38.4,474.0,6.7,0.0,1003.6
2026-05-10T17:00,37.9,24,38.3,260.0,5.5,0.0,1003.0
2026-05-10T18:00,36.5,27,37.0,104.0,5.3,0.0,1003.6
2026-05-10T19:00,34.3,33,35.0,9.0,8.4,0.0,1004.3
2026-05-10T20:00,32.8,36,33.5,0.0,8.8,0.0,1004.7
2026-05-10T21:00,31.7,38,32.2,0.0,9.9,0.0,1005.5
2026-05-10T22:00,30.9,40,31.0,0.0,11.7,0.0,1005.7
2026-05-10T23:00,30.7,40,31.1,0.0,9.8,0.0,1005.5
2026-05-11T00:00,30.2,41,30.8,0.0,8.7,0.0,1006.0
2026-05-11T01:00,29.3,44,29.7,0.0,10.2,0.0,1005.9
2026-05-11T02:00,28.6,46,29.1,0.0,10.2,0.0,1006.0
2026-05-11T03:00,28.1,49,28.7,0.0,11.1,0.0,1006.2
2026-05-11T04:00,27.7,51,28.3,0.0,10.9,0.0,1006.6
2026-05-11T05:00,27.3,53,28.1,0.0,11.3,0.0,1007.3
2026-05-11T06:00,27.7,52,28.7,22.0,10.2,0.0,1008.4
2026-05-11T07:00,28.9,48,29.9,137.0,10.1,0.0,1009.1
2026-05-11T08:00,30.8,43,31.8,313.0,9.7,0.0,1009.4
2026-05-11T09:00,33.2,37,34.0,508.0,9.9,0.0,1009.2
2026-05-11T10:00,35.2,31,36.4,677.0,10.3,0.0,1008.7
2026-05-11T11:00,36.7,27,38.5,797.0,8.5,0.0,1008.2
2026-05-11T12:00,38.0,25,40.4,852.0,6.2,0.0,1008.4
2026-05-11T13:00,37.1,26,38.3,652.0,5.8,0.0,1006.7
2026-05-11T14:00,38.3,24,40.3,768.0,5.0,0.0,1005.4
2026-05-11T15:00,38.5,23,39.2,628.0,7.2,0.0,1004.5
2026-05-11T16:00,38.4,23,38.1,464.0,9.5,0.0,1003.9
2026-05-11T17:00,38.6,20,37.9,274.0,8.4,0.0,1003.7
2026-05-11T18:00,37.5,21,37.0,82.0,6.8,0.0,1003.9
2026-05-11T19:00,35.6,26,36.3,10.0,1.8,0.0,1004.1
2026-05-11T20:00,34.2,27,34.2,0.0,5.7,0.0,1004.1
2026-05-11T21:00,32.6,32,33.1,0.0,4.9,0.0,1004.7
2026-05-11T22:00,31.6,35,32.2,0.0,5.7,0.0,1005.2
2026-05-11T23:00,31.2,38,31.8,0.0,8.1,0.0,1004.8
2026-05-12T00:00,31.0,39,31.5,0.0,8.7,0.0,1004.5
2026-05-12T01:00,30.3,41,31.1,0.0,7.6,0.0,1004.5
2026-05-12T02:00,29.8,42,30.5,0.0,7.9,0.0,1004.4
2026-05-12T03:00,29.2,44,29.9,0.0,7.8,0.0,1004.4
2026-05-12T04:00,28.6,46,29.4,0.0,8.2,0.0,1004.5
2026-05-12T05:00,28.1,52,29.7,0.0,7.3,0.0,1004.5
2026-05-12T06:00,28.6,51,30.2,22.0,7.4,0.0,1005.3
2026-05-12T07:00,29.9,47,31.8,141.0,5.5,0.0,1005.7
2026-05-12T08:00,32.4,40,33.8,323.0,7.1,0.0,1006.2
2026-05-12T09:00,35.3,28,35.5,519.0,7.3,0.0,1005.9
2026-05-12T10:00,37.8,21,37.6,688.0,10.1,0.0,1005.4
2026-05-12T11:00,39.7,18,39.3,810.0,13.6,0.0,1004.6
2026-05-12T12:00,41.1,15,40.2,898.0,16.6,0.4,1003.7
2026-05-12T13:00,40.9,14,38.5,750.0,20.6,0.0,1003.0
2026-05-12T14:00,41.5,13,39.4,815.0,19.5,0.0,1001.8
2026-05-12T15:00,41.5,12,38.3,690.0,20.4,0.0,1000.8
2026-05-12T16:00,41.2,12,37.3,510.0,19.4,0.0,1000.3
2026-05-12T17:00,41.5,10,37.1,315.0,20.4,0.0,999.2
2026-05-12T18:00,40.6,11,36.7,118.0,18.3,0.0,999.9
2026-05-12T19:00,39.6,12,35.9,11.0,16.5,0.0,1000.6
2026-05-12T20:00,37.5,15,34.3,0.0,15.7,0.0,1001.7
2026-05-12T21:00,35.1,21,34.2,0.0,4.9,0.0,1002.4
2026-05-12T22:00,33.4,24,33.2,0.0,1.9,0.0,1003.0
2026-05-12T23:00,32.0,32,32.2,0.0,6.1,0.0,1003.3
2026-05-13T00:00,31.0,38,32.2,0.0,2.7,0.0,1002.9
2026-05-13T01:00,30.3,39,31.5,0.0,3.2,0.0,1002.5
2026-05-13T02:00,30.0,40,30.9,0.0,4.3,0.0,1002.2
2026-05-13T03:00,29.7,43,31.5,0.0,1.3,0.0,1002.0
2026-05-13T04:00,29.4,42,30.9,0.0,1.7,0.0,1002.1
2026-05-13T05:00,29.4,44,30.9,0.0,3.5,0.0,1002.2
2026-05-13T06:00,29.2,44,30.2,26.0,5.8,0.0,1002.8
2026-05-13T07:00,30.7,41,32.1,167.0,3.7,0.0,1003.5
2026-05-13T08:00,33.2,34,34.5,368.0,3.4,0.0,1004.0
2026-05-13T09:00,36.1,26,36.8,570.0,4.6,0.0,1004.0
2026-05-13T10:00,38.7,20,39.3,745.0,7.6,0.0,1003.6
2026-05-13T11:00,41.1,13,41.1,870.0,7.6,0.0,1003.2
2026-05-13T12:00,41.8,11,40.7,873.0,10.8,0.0,1002.2
2026-05-13T13:00,41.6,11,39.6,812.0,15.3,0.0,1001.5
2026-05-13T14:00,42.1,11,40.4,831.0,13.9,0.0,1000.4
2026-05-13T15:00,41.6,10,38.1,688.0,19.6,0.0,999.7
2026-05-13T16:00,40.9,11,37.0,522.0,18.8,0.0,999.4
2026-05-13T17:00,41.0,11,37.9,318.0,13.3,0.0,998.2
2026-05-13T18:00,40.0,12,37.2,125.0,11.1,0.0,998.5
2026-05-13T19:00,38.0,15,35.6,11.0,10.3,0.0,999.6
2026-05-13T20:00,36.7,16,34.2,0.0,12.1,0.0,1000.6
2026-05-13T21:00,34.8,23,32.8,0.0,14.7,0.0,1001.1
2026-05-13T22:00,33.8,26,31.8,0.0,16.3,0.0,1001.4
2026-05-13T23:00,32.2,28,31.6,0.0,6.3,0.0,1001.5
2026-05-14T00:00,31.4,30,31.3,0.0,3.8,0.0,1001.1
2026-05-14T01:00,31.0,32,31.2,0.0,3.1,0.0,1000.8
2026-05-14T02:00,30.5,34,31.1,0.0,1.9,0.0,1000.7
2026-05-14T03:00,29.0,35,28.5,0.0,8.0,0.0,1001.6
2026-05-14T04:00,28.4,38,28.4,0.0,5.0,0.0,1001.8
2026-05-14T05:00,27.1,42,27.0,0.0,7.8,0.0,1002.1
2026-05-14T06:00,26.8,45,27.1,27.0,5.8,0.0,1003.0
2026-05-14T07:00,28.9,39,29.6,166.0,3.0,0.0,1003.5
2026-05-14T08:00,31.6,32,31.9,366.0,4.0,0.0,1003.8
2026-05-14T09:00,34.3,26,33.9,568.0,7.2,0.0,1004.1
2026-05-14T10:00,36.3,23,36.5,739.0,9.4,0.0,1004.0
2026-05-14T11:00,38.6,19,39.8,862.0,6.6,0.0,1003.5
2026-05-14T12:00,39.7,17,41.1,925.0,6.1,0.0,1002.4
2026-05-14T13:00,40.1,16,40.3,791.0,7.6,0.0,1001.5
2026-05-14T14:00,40.3,16,39.9,751.0,9.7,0.0,1000.4
2026-05-14T15:00,39.7,17,38.2,635.0,12.4,0.0,1000.0
2026-05-14T16:00,39.0,17,37.1,459.0,11.6,0.0,999.5
2026-05-14T17:00,40.3,14,38.7,282.0,5.8,0.0,997.8
2026-05-14T18:00,38.6,15,36.3,111.0,10.8,0.0,998.6
2026-05-14T19:00,33.2,27,31.0,10.0,18.4,0.0,1000.3
2026-05-14T20:00,31.8,34,30.7,0.0,15.9,0.0,1000.9
2026-05-14T21:00,31.1,38,30.5,0.0,15.0,0.0,1001.4
2026-05-14T22:00,30.5,38,29.3,0.0,18.6,0.0,1001.9
2026-05-14T23:00,30.6,37,30.0,0.0,13.3,0.0,1001.6
2026-05-15T00:00,31.0,34,29.8,0.0,14.5,0.0,1001.7
2026-05-15T01:00,30.0,36,28.6,0.0,16.2,0.0,1001.7
2026-05-15T02:00,28.1,44,27.6,0.0,13.6,0.1,1001.4
2026-05-15T03:00,28.3,45,28.6,0.0,10.6,0.2,1001.3
2026-05-15T04:00,28.3,41,27.7,0.0,12.5,0.0,1001.9
2026-05-15T05:00,27.3,51,28.3,0.0,7.4,0.0,1003.2
2026-05-15T06:00,26.5,58,28.4,27.0,6.0,0.0,1003.6
2026-05-15T07:00,27.9,57,30.2,165.0,5.4,0.0,1003.8
2026-05-15T08:00,30.3,47,32.8,363.0,2.0,0.0,1004.4
2026-05-15T09:00,32.5,38,34.3,551.0,2.6,0.0,1005.1
2026-05-15T10:00,34.7,30,36.3,710.0,5.9,0.0,1004.7
2026-05-15T11:00,36.6,22,38.1,843.0,5.2,0.0,1004.5
2026-05-15T12:00,37.6,21,39.3,920.0,7.6,0.0,1003.7
2026-05-15T13:00,38.4,20,39.5,912.0,9.8,0.0,1002.9
2026-05-15T14:00,38.7,19,39.1,801.0,9.0,0.0,1001.7
2026-05-15T15:00,38.8,19,38.4,644.0,7.7,0.0,1001.0
2026-05-15T16:00,38.8,18,37.7,499.0,8.0,0.0,1000.1
2026-05-15T17:00,38.9,16,37.1,310.0,9.5,0.0,999.7
2026-05-15T18:00,37.7,17,35.9,106.0,8.8,0.0,999.7
2026-05-15T19:00,36.3,18,34.4,11.0,10.0,0.0,1000.3
2026-05-15T20:00,34.6,23,33.2,0.0,10.7,0.0,1001.1
2026-05-15T21:00,33.3,28,32.6,0.0,9.6,0.0,1001.8
2026-05-15T22:00,32.7,28,32.0,0.0,8.7,0.0,1002.2
2026-05-15T23:00,32.1,32,31.9,0.0,8.3,0.0,1002.6
2026-05-16T00:00,30.5,37,30.7,0.0,7.9,0.0,1002.3
2026-05-16T01:00,30.0,37,29.8,0.0,9.1,0.0,1002.5
2026-05-16T02:00,29.1,38,28.7,0.0,9.9,0.0,1002.5
2026-05-16T03:00,28.4,39,27.9,0.0,10.7,0.0,1002.7
2026-05-16T04:00,27.9,41,27.6,0.0,9.7,0.0,1002.9
2026-05-16T05:00,28.5,40,29.1,0.0,4.2,0.0,1003.4
2026-05-16T06:00,28.7,42,29.1,28.0,6.7,0.0,1004.1
2026-05-16T07:00,30.6,37,31.4,167.0,4.1,0.0,1004.5
2026-05-16T08:00,33.1,33,34.2,364.0,3.3,0.0,1004.7
2026-05-16T09:00,35.5,28,36.4,567.0,3.4,0.0,1004.9
2026-05-16T10:00,37.1,23,38.5,739.0,3.6,0.0,1004.8
2026-05-16T11:00,38.6,19,40.1,838.0,3.8,0.0,1004.5
2026-05-16T12:00,39.5,17,40.7,860.0,4.3,0.0,1003.7
2026-05-16T13:00,40.0,15,40.5,812.0,4.9,0.0,1002.9
2026-05-16T14:00,40.2,15,39.7,717.0,7.1,0.0,1002.2
2026-05-16T15:00,40.1,15,38.7,658.0,10.1,0.0,1001.5
2026-05-16T16:00,39.7,14,37.5,499.0,10.6,0.0,1001.1
2026-05-16T17:00,39.5,13,36.7,279.0,12.9,0.0,1001.0
2026-05-16T18:00,38.3,15,35.5,125.0,13.3,0.0,1001.2
2026-05-16T19:00,36.9,18,34.4,13.0,13.4,0.0,1001.8
2026-05-16T20:00,35.9,19,34.1,0.0,10.3,0.0,1002.4
2026-05-16T21:00,34.7,22,33.2,0.0,9.4,0.0,1003.2
2026-05-16T22:00,33.9,23,32.5,0.0,9.5,0.0,1003.7
2026-05-16T23:00,33.4,25,32.1,0.0,10.3,0.0,1003.8
2026-05-17T00:00,31.9,28,30.8,0.0,9.5,0.0,1003.6
2026-05-17T01:00,30.8,31,30.1,0.0,7.8,0.0,1003.3
2026-05-17T02:00,30.1,33,29.4,0.0,8.4,0.0,1003.1
2026-05-17T03:00,29.9,33,29.2,0.0,8.7,0.0,1003.1
2026-05-17T04:00,29.3,35,29.1,0.0,5.2,0.0,1003.3
2026-05-17T05:00,29.3,41,30.7,0.0,0.5,0.0,1003.6
2026-05-17T06:00,28.8,38,28.5,29.0,8.0,0.0,1004.8
2026-05-17T07:00,31.1,33,31.4,170.0,4.2,0.0,1005.4
2026-05-17T08:00,34.1,26,33.8,368.0,6.1,0.0,1006.0
2026-05-17T09:00,36.3,22,35.7,569.0,6.7,0.0,1006.1
2026-05-17T10:00,38.1,19,38.2,741.0,7.7,0.0,1005.8
2026-05-17T11:00,40.3,16,40.7,865.0,8.8,0.0,1004.8
2026-05-17T12:00,40.9,15,41.1,919.0,10.6,0.0,1004.2
2026-05-17T13:00,41.4,14,41.1,892.0,11.8,0.0,1003.2
2026-05-17T14:00,41.7,13,40.8,794.0,11.2,0.0,1002.3
2026-05-17T15:00,41.5,13,39.5,667.0,14.1,0.0,1001.4
2026-05-17T16:00,40.9,13,37.8,500.0,16.3,0.0,1000.8
2026-05-17T17:00,40.7,13,37.4,288.0,17.3,0.0,1000.6
2026-05-17T18:00,39.9,14,36.9,130.0,15.7,0.0,1000.8
2026-05-17T19:00,39.0,15,36.7,13.0,11.4,0.0,1000.7
2026-05-17T20:00,37.6,17,36.0,0.0,7.4,0.0,1001.2
2026-05-17T21:00,36.3,19,35.2,0.0,5.9,0.0,1001.6
2026-05-17T22:00,35.2,22,34.2,0.0,7.0,0.0,1002.1
2026-05-17T23:00,35.0,24,34.3,0.0,8.0,0.0,1001.6
2026-05-18T00:00,34.4,24,33.3,0.0,10.0,0.0,1000.9
2026-05-18T01:00,34.0,25,32.7,0.0,11.1,0.0,1000.7
2026-05-18T02:00,33.6,26,32.2,0.0,13.0,0.0,1000.6
2026-05-18T03:00,32.6,29,31.4,0.0,12.2,0.0,1000.7
2026-05-18T04:00,31.8,30,30.9,0.0,10.3,0.0,1001.2
2026-05-18T05:00,30.8,33,30.5,0.0,7.9,0.0,1001.4
2026-05-18T06:00,30.9,33,30.4,30.0,9.4,0.0,1002.0
2026-05-18T07:00,32.6,31,32.4,172.0,8.6,0.0,1003.0
2026-05-18T08:00,35.1,26,34.5,371.0,9.5,0.0,1003.5
2026-05-18T09:00,37.1,22,35.9,575.0,13.1,0.0,1003.8
2026-05-18T10:00,39.1,17,37.9,750.0,15.0,0.0,1003.8
2026-05-18T11:00,41.4,14,40.3,875.0,16.3,0.0,1003.1
2026-05-18T12:00,42.0,13,41.0,935.0,16.4,0.0,1002.7
2026-05-18T13:00,42.5,12,41.4,927.0,16.1,0.0,1001.8
2026-05-18T14:00,42.6,12,41.2,849.0,15.4,0.0,1001.2
2026-05-18T15:00,42.6,12,40.5,712.0,15.3,0.0,1000.8
2026-05-18T16:00,42.1,12,39.1,529.0,14.7,0.0,1000.5
2026-05-18T17:00,41.7,12,38.7,324.0,14.5,0.0,1000.2
2026-05-18T18:00,40.7,13,38.0,132.0,12.0,0.0,1000.6
2026-05-18T19:00,39.4,14,37.5,14.0,7.2,0.0,1000.7
2026-05-18T20:00,38.5,14,36.4,0.0,7.7,0.0,1001.0
2026-05-18T21:00,37.2,16,35.2,0.0,8.2,0.0,1001.4
2026-05-18T22:00,36.8,17,34.6,0.0,10.2,0.0,1001.5
2026-05-18T23:00,35.8,20,34.1,0.0,10.1,0.0,1001.4
2026-05-19T00:00,34.2,23,32.7,0.0,9.3,0.0,1001.1
2026-05-19T01:00,33.6,23,31.8,0.0,11.5,0.0,1000.6
2026-05-19T02:00,33.3,23,31.1,0.0,13.6,0.0,1000.8
2026-05-19T03:00,32.9,22,30.2,0.0,15.5,0.0,1001.1
2026-05-19T04:00,32.3,21,29.2,0.0,16.3,0.0,1001.7
2026-05-19T05:00,31.9,21,29.0,0.0,14.3,0.0,1002.0
2026-05-19T06:00,31.7,21,28.8,30.0,13.9,0.0,1002.7
2026-05-19T07:00,32.8,21,30.2,174.0,13.0,0.0,1003.6
2026-05-19T08:00,34.7,19,32.1,374.0,14.0,0.0,1003.9
2026-05-19T09:00,36.7,18,34.4,576.0,14.3,0.0,1004.3
2026-05-19T10:00,38.9,16,37.8,748.0,13.0,0.0,1004.2
2026-05-19T11:00,41.3,14,41.2,869.0,10.5,0.0,1003.8
2026-05-19T12:00,42.0,13,42.6,929.0,7.8,0.0,1003.1
2026-05-19T13:00,42.7,12,43.1,922.0,7.6,0.0,1002.2
2026-05-19T14:00,42.7,12,42.0,846.0,11.4,0.0,1001.3
2026-05-19T15:00,42.3,12,40.6,710.0,12.5,0.0,1001.0
2026-05-19T16:00,41.8,13,39.5,529.0,10.8,0.0,1000.5
2026-05-19T17:00,41.7,13,39.7,323.0,7.9,0.0,1000.2
2026-05-19T18:00,40.6,14,39.2,133.0,5.2,0.0,1000.3
2026-05-19T19:00,38.7,18,38.3,14.0,2.4,0.0,1000.8
2026-05-19T20:00,37.9,16,36.3,0.0,6.4,0.0,1001.5
2026-05-19T21:00,37.4,15,35.2,0.0,8.7,0.0,1002.0
2026-05-19T22:00,35.9,16,33.8,0.0,7.6,0.0,1002.3
2026-05-19T23:00,35.1,18,32.7,0.0,11.1,0.0,1002.6
2026-05-20T00:00,34.4,18,31.9,0.0,12.0,0.0,1002.1
2026-05-20T01:00,33.6,20,31.1,0.0,12.3,0.0,1001.8
2026-05-20T02:00,33.0,21,30.5,0.0,12.7,0.0,1001.5
2026-05-20T03:00,32.3,23,30.2,0.0,12.2,0.0,1001.6
2026-05-20T04:00,31.7,26,29.9,0.0,12.3,0.0,1002.0
2026-05-20T05:00,31.5,30,30.3,0.0,12.3,0.0,1002.3
2026-05-20T06:00,31.5,32,30.6,30.0,11.9,0.0,1002.9
2026-05-20T07:00,32.8,30,32.3,173.0,10.0,0.0,1003.5
2026-05-20T08:00,34.6,28,34.0,371.0,11.5,0.0,1003.9
2026-05-20T09:00,36.4,26,35.8,572.0,12.7,0.0,1004.3
2026-05-20T10:00,38.0,23,38.3,744.0,11.6,0.0,1004.0
2026-05-20T11:00,39.9,17,40.2,868.0,9.7,0.0,1003.1
2026-05-20T12:00,40.3,15,40.5,934.0,10.4,0.0,1002.5
2026-05-20T13:00,40.8,13,40.5,928.0,11.5,0.0,1001.5
2026-05-20T14:00,40.9,13,39.9,858.0,12.8,0.0,1000.7
2026-05-20T15:00,40.7,12,38.5,725.0,14.3,0.0,999.9
2026-05-20T16:00,40.2,13,37.2,542.0,14.6,0.0,999.5
2026-05-20T17:00,39.9,14,37.1,333.0,13.7,0.0,999.2
2026-05-20T18:00,38.9,15,36.5,137.0,11.6,0.0,999.5
2026-05-20T19:00,37.3,18,35.7,15.0,9.3,0.0,1000.0
2026-05-20T20:00,35.9,21,34.7,0.0,9.1,0.0,1001.0
2026-05-20T21:00,34.8,24,33.6,0.0,10.0,0.0,1001.7
2026-05-20T22:00,33.9,26,32.7,0.0,11.4,0.0,1002.1
2026-05-20T23:00,33.9,27,32.6,0.0,13.4,0.0,1002.0
2026-05-21T00:00,33.3,29,32.4,0.0,12.2,0.0,1001.8
2026-05-21T01:00,32.6,30,31.7,0.0,12.6,0.0,1001.4
2026-05-21T02:00,32.4,29,31.0,0.0,13.6,0.0,1001.2
2026-05-21T03:00,32.0,27,30.0,0.0,15.5,0.0,1001.4
2026-05-21T04:00,31.9,26,29.4,0.0,17.3,0.0,1001.9
2026-05-21T05:00,31.7,27,29.2,0.0,18.2,0.0,1002.6
2026-05-21T06:00,31.7,28,29.3,32.0,17.7,0.0,1003.4
2026-05-21T07:00,32.5,27,30.2,176.0,17.1,0.0,1004.0
2026-05-21T08:00,33.9,24,31.4,377.0,17.8,0.0,1004.4
2026-05-21T09:00,35.7,20,33.0,581.0,17.3,0.0,1004.4
2026-05-21T10:00,37.3,16,35.0,755.0,18.0,0.0,1004.3
2026-05-21T11:00,39.1,12,37.1,880.0,16.9,0.0,1004.2
2026-05-21T12:00,39.9,11,38.5,946.0,14.4,0.0,1003.7
2026-05-21T13:00,40.6,10,39.2,941.0,13.4,0.0,1002.6
2026-05-21T14:00,40.7,10,38.8,869.0,13.6,0.0,1001.9
2026-05-21T15:00,40.5,10,37.8,733.0,13.8,0.0,1001.3
2026-05-21T16:00,40.1,9,36.2,549.0,13.9,0.0,1000.9
2026-05-21T17:00,40.1,9,36.2,340.0,13.8,0.0,1000.5
2026-05-21T18:00,38.8,10,34.9,141.0,13.4,0.0,1001.1
2026-05-21T19:00,37.0,12,33.7,16.0,11.4,0.0,1001.8
2026-05-21T20:00,35.8,14,32.8,0.0,10.4,0.0,1002.6
2026-05-21T21:00,35.1,16,32.2,0.0,11.8,0.0,1003.4
2026-05-21T22:00,34.6,17,31.5,0.0,14.2,0.0,1004.0
2026-05-21T23:00,33.5,19,31.1,0.0,11.1,0.0,1003.9
2026-05-22T00:00,32.8,21,30.2,0.0,12.8,0.0,1004.1
2026-05-22T01:00,32.4,21,29.8,0.0,12.6,0.0,1004.2
2026-05-22T02:00,32.0,23,29.7,0.0,12.1,0.0,1004.3
2026-05-22T03:00,31.6,25,29.6,0.0,12.1,0.0,1004.4
2026-05-22T04:00,31.4,26,29.4,0.0,13.2,0.0,1004.9
2026-05-22T05:00,31.1,29,29.4,0.0,13.1,0.0,1005.2
2026-05-22T06:00,31.2,29,29.6,32.0,13.3,0.0,1005.8
2026-05-22T07:00,32.4,29,31.2,175.0,12.1,0.0,1006.6
2026-05-22T08:00,34.2,28,33.0,372.0,14.5,0.0,1007.0
2026-05-22T09:00,36.0,27,35.0,573.0,16.3,0.0,1007.0
2026-05-22T10:00,37.3,25,37.2,746.0,16.2,0.0,1007.1
2026-05-22T11:00,39.0,20,39.0,867.0,15.5,0.0,1006.5
2026-05-22T12:00,39.3,19,39.5,931.0,15.7,0.0,1006.0
2026-05-22T13:00,39.9,18,39.8,925.0,15.6,0.0,1005.2
2026-05-22T14:00,40.2,16,39.5,851.0,15.3,0.0,1004.2
2026-05-22T15:00,40.3,16,39.0,716.0,14.0,0.0,1003.6
2026-05-22T16:00,39.9,16,37.7,534.0,13.7,0.0,1003.0
2026-05-22T17:00,39.9,14,37.3,329.0,13.3,0.0,1002.9
2026-05-22T18:00,38.9,15,36.3,137.0,12.5,0.0,1003.0
2026-05-22T19:00,37.3,17,35.5,16.0,8.4,0.0,1003.4
2026-05-22T20:00,36.2,18,34.4,0.0,9.4,0.0,1004.0
2026-05-22T21:00,35.5,18,33.2,0.0,11.2,0.0,1004.6
2026-05-22T22:00,34.3,19,32.0,0.0,10.6,0.0,1004.9
2026-05-22T23:00,34.2,19,31.9,0.0,11.7,0.0,1004.8
2026-05-23T00:00,33.5,21,31.0,0.0,13.3,0.0,1004.7
2026-05-23T01:00,33.0,22,30.7,0.0,12.8,0.0,1004.6
2026-05-23T02:00,32.3,23,30.1,0.0,12.8,0.0,1004.7
2026-05-23T03:00,31.8,25,29.7,0.0,12.5,0.0,1005.1
2026-05-23T04:00,31.3,27,29.5,0.0,11.9,0.0,1005.4
2026-05-23T05:00,31.5,32,30.5,0.0,12.4,0.0,1005.4
2026-05-23T06:00,32.0,32,31.2,32.0,13.0,0.0,1005.8
2026-05-23T07:00,33.4,31,32.9,173.0,11.9,0.0,1006.0
2026-05-23T08:00,34.9,29,34.3,369.0,14.4,0.0,1006.4
2026-05-23T09:00,36.9,28,36.1,569.0,17.7,0.0,1006.6
2026-05-23T10:00,38.8,21,37.4,738.0,21.2,0.0,1006.6
2026-05-23T11:00,39.5,17,37.1,657.0,20.4,0.0,1006.4
2026-05-23T12:00,39.7,17,38.1,775.0,17.9,0.0,1005.9
2026-05-23T13:00,40.5,15,39.0,674.0,12.6,0.0,1004.9
2026-05-23T14:00,41.2,13,38.5,644.0,17.2,0.0,1003.6
2026-05-23T15:00,40.7,14,37.6,593.0,18.1,0.0,1003.3
2026-05-23T16:00,41.0,13,37.9,474.0,15.9,0.0,1002.3
2026-05-23T17:00,39.1,14,36.1,225.0,14.1,0.0,1003.0
2026-05-23T18:00,38.3,15,36.0,124.0,10.4,0.0,1003.0
2026-05-23T19:00,37.1,17,36.0,16.0,3.5,0.0,1002.9
2026-05-23T20:00,36.3,20,35.8,0.0,2.0,0.0,1003.0
2026-05-23T21:00,35.6,20,35.0,0.0,2.9,0.0,1003.2
2026-05-23T22:00,34.8,20,33.3,0.0,7.8,0.0,1003.7
2026-05-23T23:00,34.2,25,33.0,0.0,9.9,0.0,1003.8
2026-05-24T00:00,33.6,26,32.0,0.0,14.8,0.0,1003.4
2026-05-24T01:00,33.3,25,31.6,0.0,13.5,0.0,1003.2
2026-05-24T02:00,32.8,28,31.1,0.0,14.9,0.0,1003.3
2026-05-24T03:00,32.1,30,30.6,0.0,14.9,0.0,1003.4
2026-05-24T04:00,31.7,31,30.2,0.0,15.6,0.0,1004.0
2026-05-24T05:00,31.8,30,30.0,0.0,16.4,0.0,1004.5
2026-05-24T06:00,31.9,30,30.2,32.0,15.5,0.0,1005.3
2026-05-24T07:00,32.9,29,31.6,177.0,14.2,0.0,1006.2
2026-05-24T08:00,34.7,26,33.1,375.0,15.9,0.0,1006.5
2026-05-24T09:00,36.5,24,34.9,575.0,17.2,0.0,1006.4
2026-05-24T10:00,38.3,21,37.3,745.0,18.4,0.0,1006.3
2026-05-24T11:00,40.7,18,40.2,864.0,18.6,0.0,1005.3
2026-05-24T12:00,41.4,16,40.5,921.0,19.6,0.0,1004.7
2026-05-24T13:00,41.7,15,40.4,830.0,18.3,0.0,1004.0
2026-05-24T14:00,41.9,13,39.7,746.0,18.8,0.0,1003.1
2026-05-24T15:00,41.8,12,38.4,614.0,19.3,0.0,1002.8
2026-05-24T16:00,41.3,12,37.4,474.0,19.5,0.0,1002.5
2026-05-24T17:00,41.1,11,37.0,323.0,19.0,0.0,1002.1
2026-05-24T18:00,39.9,13,36.4,140.0,17.5,0.0,1002.3
2026-05-24T19:00,38.6,15,35.5,17.0,16.8,0.0,1003.0
2026-05-24T20:00,37.7,17,34.9,0.0,15.3,0.0,1003.5
2026-05-24T21:00,36.3,19,33.9,0.0,14.1,0.0,1004.3
2026-05-24T22:00,35.3,21,33.0,0.0,14.9,0.0,1004.4
2026-05-24T23:00,34.5,24,32.4,0.0,16.0,0.0,1004.2
2026-05-25T00:00,33.7,26,31.7,0.0,16.9,0.0,1003.9
2026-05-25T01:00,33.0,28,31.1,0.0,16.6,0.0,1003.4
2026-05-25T02:00,32.4,29,30.6,0.0,16.6,0.0,1003.2
2026-05-25T03:00,31.9,30,30.1,0.0,16.3,0.0,1003.3
2026-05-25T04:00,31.4,31,29.7,0.0,15.9,0.0,1003.4
2026-05-25T05:00,30.9,31,29.2,0.0,15.3,0.0,1003.5
2026-05-25T06:00,31.0,31,29.4,33.0,15.0,0.0,1004.3
2026-05-25T07:00,32.2,29,30.6,178.0,15.3,0.0,1005.0
2026-05-25T08:00,33.5,29,32.0,377.0,17.2,0.0,1005.2
2026-05-25T09:00,35.0,28,34.0,577.0,16.6,0.0,1005.2
2026-05-25T10:00,37.0,25,36.8,749.0,16.4,0.0,1004.8
2026-05-25T11:00,39.8,17,39.1,870.0,16.3,0.0,1004.2
2026-05-25T12:00,40.9,14,40.0,937.0,16.4,0.0,1003.3
2026-05-25T13:00,41.9,12,40.6,931.0,16.9,0.0,1002.1
2026-05-25T14:00,42.2,11,40.1,857.0,18.6,0.0,1000.9
2026-05-25T15:00,41.6,14,39.2,669.0,18.4,0.0,1000.6
2026-05-25T16:00,40.9,18,38.7,477.0,18.2,0.0,1000.2
2026-05-25T17:00,40.9,14,37.7,298.0,18.1,0.0,1000.1
2026-05-25T18:00,39.6,16,36.7,136.0,17.4,0.0,1000.4
2026-05-25T19:00,38.2,19,36.2,16.0,14.6,0.0,1001.3
2026-05-25T20:00,37.2,22,35.7,0.0,13.9,0.0,1002.1
2026-05-25T21:00,36.1,27,35.5,0.0,13.6,0.0,1002.7
2026-05-25T22:00,35.3,32,35.1,0.0,15.0,0.0,1003.3
2026-05-25T23:00,35.1,37,35.7,0.0,15.5,0.0,1003.1
2026-05-26T00:00,34.2,40,35.1,0.0,16.3,0.0,1003.0
2026-05-26T01:00,33.6,43,34.7,0.0,15.4,0.0,1002.8
2026-05-26T02:00,33.1,44,34.5,0.0,14.2,0.0,1003.1
2026-05-26T03:00,32.7,46,34.1,0.0,14.6,0.0,1003.4
2026-05-26T04:00,32.5,46,34.0,0.0,14.4,0.0,1003.7
2026-05-26T05:00,32.0,48,33.6,0.0,13.6,0.0,1004.3
2026-05-26T06:00,32.0,47,33.8,33.0,12.0,0.0,1005.1
2026-05-26T07:00,32.9,45,34.6,174.0,12.8,0.0,1005.4
2026-05-26T08:00,34.5,42,36.4,371.0,12.1,0.0,1005.7
2026-05-26T09:00,36.5,36,38.2,570.0,11.6,0.0,1005.9
2026-05-26T10:00,38.3,30,40.4,738.0,11.7,0.0,1005.8
2026-05-26T11:00,40.2,22,41.5,842.0,11.7,0.0,1005.5
2026-05-26T12:00,40.7,19,41.7,874.0,11.5,0.1,1004.8
2026-05-26T13:00,41.6,16,42.1,899.0,11.7,0.0,1003.5
2026-05-26T14:00,41.5,15,40.2,700.0,13.5,0.0,1002.6
2026-05-26T15:00,41.3,16,39.3,545.0,13.4,0.0,1001.8
2026-05-26T16:00,41.2,15,39.4,462.0,11.7,0.0,1001.6
2026-05-26T17:00,41.5,12,38.5,298.0,15.1,0.0,1001.0
2026-05-26T18:00,40.6,13,37.8,139.0,14.2,0.0,1001.3
2026-05-26T19:00,39.4,15,37.2,17.0,11.2,0.0,1002.0
2026-05-26T20:00,38.0,17,36.1,0.0,10.1,0.0,1002.6
2026-05-26T21:00,37.0,19,35.2,0.0,10.3,0.0,1003.4
2026-05-26T22:00,36.5,20,34.7,0.0,12.1,0.0,1003.7
2026-05-26T23:00,36.2,23,34.8,0.0,13.4,0.0,1003.3
2026-05-27T00:00,35.0,26,33.8,0.0,14.3,0.0,1002.9
2026-05-27T01:00,34.2,29,33.2,0.0,13.7,0.0,1002.7
2026-05-27T02:00,33.8,30,33.0,0.0,13.9,0.0,1002.2
2026-05-27T03:00,33.4,31,32.3,0.0,16.1,0.0,1002.6
2026-05-27T04:00,32.9,34,32.1,0.0,15.8,0.0,1002.9
2026-05-27T05:00,32.5,39,32.5,0.0,16.9,0.0,1003.3
2026-05-27T06:00,32.4,41,32.8,33.0,15.8,0.0,1004.0
2026-05-27T07:00,33.4,40,34.1,177.0,15.1,0.0,1004.8
2026-05-27T08:00,35.0,37,35.4,374.0,17.4,0.0,1005.3
2026-05-27T09:00,36.8,32,36.8,572.0,19.1,0.0,1005.5
2026-05-27T10:00,38.7,26,39.1,743.0,18.2,0.0,1005.4
2026-05-27T11:00,41.2,18,41.3,865.0,15.9,0.0,1004.6
2026-05-27T12:00,42.0,15,41.5,923.0,16.6,0.0,1003.9
2026-05-27T13:00,42.5,14,41.6,892.0,17.3,0.0,1003.2
2026-05-27T14:00,42.7,14,41.2,825.0,18.3,0.0,1002.5
2026-05-27T15:00,42.6,13,40.2,683.0,18.3,0.0,1002.0
2026-05-27T16:00,42.2,13,39.1,505.0,17.9,0.0,1001.6
2026-05-27T17:00,42.3,12,39.1,314.0,16.5,0.0,1001.3
2026-05-27T18:00,41.3,13,38.5,140.0,14.8,0.0,1001.6
2026-05-27T19:00,40.0,15,37.8,18.0,11.8,0.0,1002.0
2026-05-27T20:00,38.7,18,36.6,0.0,14.2,0.0,1002.4
2026-05-27T21:00,38.1,19,35.9,0.0,16.3,0.0,1002.8
2026-05-27T22:00,37.1,22,35.2,0.0,16.6,0.0,1003.3
2026-05-27T23:00,36.7,25,35.1,0.0,17.1,0.0,1003.1
2026-05-28T00:00,35.9,25,34.3,0.0,16.8,0.0,1002.4
2026-05-28T01:00,35.4,25,33.5,0.0,17.3,0.0,1002.0
2026-05-28T02:00,34.7,27,33.0,0.0,16.9,0.0,1001.7
2026-05-28T03:00,34.0,29,32.8,0.0,16.3,0.0,1001.9
2026-05-28T04:00,33.5,32,32.7,0.0,15.8,0.0,1002.6
2026-05-28T05:00,32.7,35,31.9,0.0,18.2,0.0,1002.8
2026-05-28T06:00,32.8,36,32.0,34.0,18.2,0.0,1003.4
2026-05-28T07:00,33.7,35,33.2,178.0,17.8,0.0,1004.1
2026-05-28T08:00,34.9,34,34.6,375.0,17.3,0.0,1004.5
2026-05-28T09:00,36.5,30,36.5,573.0,16.0,0.0,1004.7
2026-05-28T10:00,38.3,26,38.9,743.0,15.0,0.0,1004.4
2026-05-28T11:00,41.0,21,42.1,865.0,13.0,0.0,1003.4
2026-05-28T12:00,42.1,18,43.1,920.0,13.2,0.0,1002.6
2026-05-28T13:00,43.3,16,43.6,921.0,14.7,0.0,1001.3
2026-05-28T14:00,43.7,14,42.7,845.0,16.7,0.0,999.9
2026-05-28T15:00,42.8,14,40.9,707.0,17.9,0.0,999.5
2026-05-28T16:00,42.0,16,40.2,486.0,14.5,0.0,999.3
2026-05-28T17:00,42.0,12,38.9,245.0,14.9,0.0,999.1
2026-05-28T18:00,40.9,14,38.7,141.0,10.4,0.0,999.1
2026-05-28T19:00,39.1,17,38.0,19.0,5.4,0.0,1000.0
2026-05-28T20:00,37.7,18,36.9,0.0,4.6,0.0,1001.4
2026-05-28T21:00,36.3,19,34.6,0.0,9.9,0.0,1002.9
2026-05-28T22:00,34.3,27,33.6,0.0,10.8,0.0,1003.6
2026-05-28T23:00,31.0,39,31.0,0.0,12.8,0.0,1004.5
2026-05-29T00:00,30.6,41,31.1,0.0,10.2,0.0,1003.7
2026-05-29T01:00,30.5,39,30.9,0.0,7.9,0.0,1003.5
2026-05-29T02:00,30.4,36,30.4,0.0,7.9,0.0,1003.5
2026-05-29T03:00,30.1,36,30.2,0.0,6.8,0.0,1003.3
2026-05-29T04:00,29.9,37,30.0,0.0,7.0,0.0,1003.4
2026-05-29T05:00,27.5,58,29.0,0.0,11.4,0.2,1002.7
2026-05-29T06:00,27.6,57,29.2,34.0,9.8,0.0,1003.8
2026-05-29T07:00,29.3,53,31.0,174.0,10.2,0.0,1004.5
2026-05-29T08:00,31.0,50,32.9,364.0,11.3,0.0,1005.5
2026-05-29T09:00,32.6,45,34.5,551.0,10.8,0.0,1005.2
2026-05-29T10:00,35.0,36,36.8,724.0,13.0,0.0,1004.4
2026-05-29T11:00,36.6,27,37.3,848.0,16.4,0.0,1004.0
2026-05-29T12:00,37.4,28,39.1,913.0,14.7,0.0,1003.3
2026-05-29T13:00,38.0,28,40.0,835.0,11.8,0.0,1002.5
2026-05-29T14:00,38.7,26,40.9,774.0,7.6,0.0,1001.3
2026-05-29T15:00,39.5,24,41.1,636.0,4.8,0.0,1000.3
2026-05-29T16:00,39.5,23,40.1,438.0,6.1,0.0,999.7
2026-05-29T17:00,31.6,43,31.9,239.0,15.5,0.0,1003.0
2026-05-29T18:00,27.8,59,28.8,83.0,16.6,0.6,1004.0
2026-05-29T19:00,27.2,62,28.6,17.0,14.3,0.0,1004.0
2026-05-29T20:00,27.3,64,29.6,0.0,9.6,0.0,1004.1
2026-05-29T21:00,27.5,59,29.5,0.0,8.5,0.0,1004.2
2026-05-29T22:00,27.6,58,29.8,0.0,6.0,0.0,1004.9
2026-05-29T23:00,25.4,63,26.5,0.0,12.1,0.0,1005.6
2026-05-30T00:00,25.3,63,26.9,0.0,8.2,0.0,1004.9
2026-05-30T01:00,25.4,62,27.0,0.0,8.0,0.0,1004.2
2026-05-30T02:00,25.4,63,27.2,0.0,7.1,0.0,1004.2
2026-05-30T03:00,25.3,64,27.3,0.0,5.5,0.0,1004.5
2026-05-30T04:00,24.8,66,27.0,0.0,5.1,0.0,1005.3
2026-05-30T05:00,24.1,78,26.4,0.0,9.7,0.0,1004.6
2026-05-30T06:00,24.0,81,26.7,32.0,9.3,0.0,1005.3
2026-05-30T07:00,25.1,77,28.0,175.0,8.4,0.0,1005.9
2026-05-30T08:00,26.8,69,29.9,363.0,7.5,0.0,1006.3
2026-05-30T09:00,28.8,60,31.7,568.0,8.4,0.0,1006.4
2026-05-30T10:00,30.6,53,34.2,736.0,8.9,0.0,1006.5
2026-05-30T11:00,31.7,43,35.7,854.0,4.2,0.0,1005.9
2026-05-30T12:00,33.0,40,37.9,927.0,1.9,0.0,1005.7
2026-05-30T13:00,34.2,36,38.7,917.0,3.2,0.0,1005.2
2026-05-30T14:00,34.9,34,38.2,823.0,5.4,0.0,1004.1
2026-05-30T15:00,35.5,32,37.8,706.0,6.0,0.0,1003.4
2026-05-30T16:00,35.7,29,36.6,489.0,4.9,0.0,1003.5
2026-05-30T17:00,30.0,47,31.1,274.0,10.4,0.0,1004.4
2026-05-30T18:00,29.5,43,28.4,136.0,19.8,0.0,1005.7
2026-05-30T19:00,28.1,48,28.4,15.0,12.1,0.0,1006.3
2026-05-30T20:00,28.3,48,29.7,0.0,5.2,0.0,1006.1
2026-05-30T21:00,28.3,48,30.2,0.0,1.9,0.0,1005.8
2026-05-30T22:00,28.2,49,30.3,0.0,1.4,0.0,1006.1
2026-05-30T23:00,26.7,54,27.5,0.0,9.6,0.0,1006.6
2026-05-31T00:00,25.6,60,27.3,0.0,5.5,0.0,1005.8
2026-05-31T01:00,25.2,64,27.4,0.0,4.0,0.0,1005.3
2026-05-31T02:00,24.6,65,26.5,0.0,5.2,0.0,1005.7
2026-05-31T03:00,24.1,69,26.4,0.0,3.6,0.0,1005.6
2026-05-31T04:00,23.8,72,26.4,0.0,2.9,0.0,1005.6
2026-05-31T05:00,23.9,68,25.7,0.0,6.3,0.0,1006.9
2026-05-31T06:00,24.2,67,26.3,34.0,3.6,0.0,1008.0
2026-05-31T07:00,25.9,59,27.7,171.0,5.1,0.0,1008.6
2026-05-31T08:00,28.0,51,28.7,366.0,11.3,0.0,1009.0
2026-05-31T09:00,29.7,45,30.0,559.0,13.3,0.0,1009.1
2026-05-31T10:00,31.4,39,32.6,678.0,10.4,0.0,1008.7
2026-05-31T11:00,32.6,36,34.6,848.0,10.9,0.0,1008.6
2026-05-31T12:00,33.3,36,35.9,908.0,10.5,0.0,1008.0
2026-05-31T13:00,34.6,33,37.1,904.0,10.7,0.0,1007.2
2026-05-31T14:00,35.3,32,37.1,795.0,11.8,0.0,1006.2
2026-05-31T15:00,35.5,32,36.5,655.0,12.2,0.0,1005.4
2026-05-31T16:00,34.0,35,34.3,477.0,12.5,0.1,1005.3
2026-05-31T17:00,33.9,33,33.7,272.0,13.5,0.2,1005.2
2026-05-31T18:00,33.0,37,33.8,133.0,9.3,0.0,1005.2
2026-05-31T19:00,31.4,42,32.6,17.0,8.2,0.0,1006.0
2026-05-31T20:00,30.5,46,32.3,0.0,6.1,0.0,1006.5
2026-05-31T21:00,29.7,46,30.7,0.0,8.9,0.0,1007.1
2026-05-31T22:00,29.1,47,30.1,0.0,8.7,0.0,1007.8
2026-05-31T23:00,28.3,53,30.0,0.0,7.7,0.0,1007.3
2026-06-01T00:00,27.1,59,29.5,0.0,4.8,0.0,1007.2
2026-06-01T01:00,26.5,62,29.0,0.0,4.4,0.0,1007.0
2026-06-01T02:00,26.0,64,28.7,0.0,4.1,0.0,1006.8
2026-06-01T03:00,24.7,67,26.1,0.0,10.5,0.0,1007.6
2026-06-01T04:00,23.5,84,26.7,0.0,6.2,0.7,1007.6
2026-06-01T05:00,22.8,86,25.6,0.0,8.5,0.2,1008.2
2026-06-01T06:00,23.4,83,26.1,29.0,8.9,0.0,1008.5
2026-06-01T07:00,25.1,72,27.6,161.0,8.5,0.0,1008.6
2026-06-01T08:00,27.6,61,30.0,357.0,7.5,0.0,1008.8
2026-06-01T09:00,30.1,53,32.5,553.0,8.0,0.0,1009.0
2026-06-01T10:00,32.3,46,35.4,712.0,8.4,0.0,1008.6
2026-06-01T11:00,34.0,41,37.8,837.0,8.2,0.0,1007.7
2026-06-01T12:00,34.5,39,38.3,826.0,7.0,0.0,1007.0
2026-06-01T13:00,35.5,37,39.2,830.0,7.5,0.0,1006.1
2026-06-01T14:00,36.0,35,39.1,770.0,7.7,0.0,1005.1
2026-06-01T15:00,35.1,34,36.3,643.0,12.1,0.0,1004.6
2026-06-01T16:00,35.1,33,36.0,420.0,9.6,0.0,1004.0
2026-06-01T17:00,32.2,41,33.4,277.0,9.4,0.3,1004.4
2026-06-01T18:00,28.8,56,31.5,52.0,4.0,0.1,1005.2
2026-06-01T19:00,29.4,56,31.2,16.0,13.9,0.0,1006.0
2026-06-01T20:00,26.2,67,28.6,0.0,8.2,0.0,1006.9
2026-06-01T21:00,26.5,69,29.5,0.0,7.2,0.0,1007.3
2026-06-01T22:00,26.8,70,29.8,0.0,9.6,0.0,1007.9
2026-06-01T23:00,26.2,71,28.8,0.0,10.3,0.0,1008.1
2026-06-02T00:00,25.6,71,28.0,0.0,9.3,0.0,1007.4
2026-06-02T01:00,25.2,73,28.0,0.0,7.2,0.0,1007.0
2026-06-02T02:00,24.9,74,27.8,0.0,6.8,0.0,1006.6
2026-06-02T03:00,24.6,77,27.9,0.0,5.0,0.0,1006.6
2026-06-02T04:00,24.5,78,28.2,0.0,2.6,0.0,1006.9
2026-06-02T05:00,24.4,76,27.0,0.0,8.6,0.0,1007.0
2026-06-02T06:00,24.9,72,28.5,30.0,0.7,0.0,1007.7
2026-06-02T07:00,25.6,71,27.9,150.0,9.7,0.1,1008.6
2026-06-02T08:00,27.0,65,29.7,327.0,7.1,0.0,1008.7
2026-06-02T09:00,28.5,59,31.0,531.0,7.6,0.0,1008.7
2026-06-02T10:00,30.2,52,33.6,709.0,6.9,0.0,1008.2
2026-06-02T11:00,31.1,47,34.5,832.0,8.9,0.0,1008.3
2026-06-02T12:00,31.9,44,35.9,893.0,7.3,0.0,1007.5
2026-06-02T13:00,32.8,41,36.9,858.0,4.5,0.1,1006.6
2026-06-02T14:00,33.4,38,37.0,793.0,3.3,0.1,1005.4
2026-06-02T15:00,33.8,37,36.4,656.0,3.2,0.1,1004.4
2026-06-02T16:00,33.8,36,35.4,491.0,4.7,0.1,1003.6
2026-06-02T17:00,33.5,37,34.9,302.0,6.3,0.0,1003.4
2026-06-02T18:00,32.8,38,34.1,133.0,7.2,0.0,1003.3
2026-06-02T19:00,31.8,43,34.1,20.0,3.6,0.0,1003.4
2026-06-02T20:00,31.2,46,33.7,0.0,3.6,0.0,1004.0
2026-06-02T21:00,30.3,50,32.6,0.0,5.5,0.0,1004.5
2026-06-02T22:00,29.5,53,32.3,0.0,3.6,0.0,1005.0
2026-06-02T23:00,29.5,52,31.5,0.0,8.1,0.0,1004.7
2026-06-03T00:00,28.9,54,31.0,0.0,7.0,0.0,1004.5
2026-06-03T01:00,28.5,55,30.8,0.0,5.9,0.0,1004.2
2026-06-03T02:00,28.2,55,30.3,0.0,7.1,0.0,1004.1
2026-06-03T03:00,27.9,56,30.0,0.0,7.1,0.0,1003.9
2026-06-03T04:00,27.5,59,29.6,0.0,7.1,0.0,1004.0
2026-06-03T05:00,27.6,62,30.1,0.0,8.0,0.0,1004.6
2026-06-03T06:00,28.2,60,30.6,34.0,8.6,0.0,1004.7
2026-06-03T07:00,29.8,56,32.5,173.0,7.7,0.0,1004.9
2026-06-03T08:00,32.1,48,34.6,366.0,7.4,0.0,1004.8
2026-06-03T09:00,34.1,36,35.7,561.0,6.4,0.0,1004.4
2026-06-03T10:00,35.5,32,37.9,729.0,5.6,0.0,1004.0
2026-06-03T11:00,36.8,30,40.0,849.0,5.7,0.0,1003.6
2026-06-03T12:00,37.7,28,40.8,895.0,7.0,0.0,1002.8
2026-06-03T13:00,38.2,26,40.7,846.0,8.1,0.0,1001.9
2026-06-03T14:00,38.6,24,40.3,805.0,8.7,0.0,1000.7
2026-06-03T15:00,38.5,24,39.2,662.0,8.4,0.0,999.9
2026-06-03T16:00,38.3,23,37.6,510.0,11.9,0.0,999.3
2026-06-03T17:00,38.2,21,37.3,320.0,10.4,0.0,999.1
2026-06-03T18:00,37.5,21,36.9,137.0,6.5,0.0,999.0
2026-06-03T19:00,35.9,24,36.1,20.0,3.9,0.0,999.4
2026-06-03T20:00,34.4,29,35.2,0.0,3.3,0.0,999.8
2026-06-03T21:00,33.1,34,34.2,0.0,3.0,0.0,1000.6
2026-06-03T22:00,32.2,37,33.9,0.0,2.0,0.0,1001.3
2026-06-03T23:00,31.5,40,32.6,0.0,7.2,0.0,1001.6
2026-06-04T00:00,30.7,42,32.4,0.0,4.0,0.0,1001.3
2026-06-04T01:00,30.3,44,32.0,0.0,4.5,0.0,1001.0
2026-06-04T02:00,29.7,47,31.6,0.0,4.5,0.0,1000.5
2026-06-04T03:00,28.9,51,31.1,0.0,3.6,0.0,1000.6
2026-06-04T04:00,29.1,47,30.6,0.0,5.6,0.0,1000.5
2026-06-04T05:00,28.8,47,29.3,0.0,11.0,0.0,1001.7
2026-06-04T06:00,28.9,47,29.4,35.0,11.4,0.0,1002.0
2026-06-04T07:00,30.3,45,31.1,177.0,10.8,0.0,1002.3
2026-06-04T08:00,32.1,44,33.2,368.0,13.0,0.0,1002.3
2026-06-04T09:00,34.1,39,35.0,563.0,15.3,0.0,1002.3
2026-06-04T10:00,36.0,34,37.5,729.0,15.4,0.0,1002.2
2026-06-04T11:00,36.7,29,37.9,838.0,16.1,0.0,1002.0
2026-06-04T12:00,38.0,27,39.1,809.0,14.4,0.0,1001.3
2026-06-04T13:00,35.2,32,37.5,853.0,10.1,0.3,1001.8
2026-06-04T14:00,36.7,31,38.3,574.0,5.9,0.2,1000.5
2026-06-04T15:00,35.6,34,36.1,657.0,17.2,0.0,1000.5
2026-06-04T16:00,36.0,32,36.4,489.0,13.1,0.0,999.9
2026-06-04T17:00,35.1,33,36.6,281.0,5.2,0.0,999.2
2026-06-04T18:00,34.6,33,36.1,140.0,3.8,0.0,999.3
2026-06-04T19:00,33.5,43,36.9,20.0,0.4,0.0,999.9
2026-06-04T20:00,32.3,42,34.4,0.0,5.1,0.0,1000.7
2026-06-04T21:00,31.1,46,33.1,0.0,6.2,0.0,1002.1
2026-06-04T22:00,30.1,49,32.3,0.0,5.6,0.0,1002.4
2026-06-04T23:00,27.2,58,28.9,0.0,8.9,0.0,1003.1
2026-06-05T00:00,26.7,60,28.6,0.0,8.4,0.0,1002.9
2026-06-05T01:00,26.4,63,28.2,0.0,10.4,0.0,1002.8
2026-06-05T02:00,26.1,62,27.5,0.0,10.9,0.0,1002.5
2026-06-05T03:00,25.6,63,26.7,0.0,11.8,0.0,1002.2
2026-06-05T04:00,25.3,66,26.6,0.0,12.3,0.0,1002.5
2026-06-05T05:00,23.5,79,26.5,0.0,4.6,0.0,1004.2
2026-06-05T06:00,21.9,96,24.3,6.0,14.5,1.3,1003.4
2026-06-05T07:00,22.2,94,24.6,23.0,14.1,0.5,1003.2
2026-06-05T08:00,24.4,76,26.6,210.0,10.1,0.0,1004.9
2026-06-05T09:00,27.3,60,28.8,525.0,11.3,0.0,1004.7
2026-06-05T10:00,29.0,51,30.3,524.0,10.4,0.0,1004.3
2026-06-05T11:00,29.4,55,33.5,792.0,6.1,0.0,1005.3
2026-06-05T12:00,31.9,46,36.2,837.0,5.5,0.0,1004.5
2026-06-05T13:00,33.4,40,38.4,897.0,1.1,0.0,1003.4
2026-06-05T14:00,33.9,37,38.2,830.0,1.3,0.0,1002.6
2026-06-05T15:00,33.9,37,36.9,637.0,0.9,0.0,1002.1
2026-06-05T16:00,33.9,37,36.0,496.0,2.4,0.0,1001.5
2026-06-05T17:00,34.9,29,36.0,323.0,1.8,0.0,1000.8
2026-06-05T18:00,34.1,30,35.3,149.0,1.5,0.0,1000.9
2026-06-05T19:00,32.6,35,33.8,22.0,3.8,0.0,1001.4
2026-06-05T20:00,31.1,42,32.6,0.0,5.6,0.0,1002.0
2026-06-05T21:00,30.3,46,32.0,0.0,5.8,0.0,1002.5
2026-06-05T22:00,29.8,48,31.8,0.0,4.9,0.0,1003.2
2026-06-05T23:00,29.6,51,31.4,0.0,8.4,0.0,1003.1
2026-06-06T00:00,28.8,53,30.5,0.0,8.9,0.0,1002.8
2026-06-06T01:00,28.2,55,29.9,0.0,9.1,0.0,1002.6
2026-06-06T02:00,27.9,56,29.5,0.0,9.2,0.0,1002.4
2026-06-06T03:00,27.5,56,29.1,0.0,8.9,0.0,1002.7
2026-06-06T04:00,27.1,59,29.0,0.0,8.0,0.0,1003.0
2026-06-06T05:00,27.4,61,29.6,0.0,8.1,0.0,1003.1
2026-06-06T06:00,27.8,60,30.1,34.0,8.2,0.0,1003.8
2026-06-06T07:00,29.5,54,32.0,173.0,7.0,0.0,1004.5
2026-06-06T08:00,31.8,48,34.4,363.0,7.0,0.0,1004.7
2026-06-06T09:00,34.3,45,37.2,555.0,8.6,0.0,1004.5
2026-06-06T10:00,36.5,35,38.9,722.0,11.5,0.0,1004.1
2026-06-06T11:00,37.5,32,39.7,696.0,10.3,0.0,1003.9
2026-06-06T12:00,38.1,30,41.0,835.0,9.6,0.0,1003.3
2026-06-06T13:00,38.7,28,41.4,808.0,8.5,0.0,1002.4
2026-06-06T14:00,39.3,26,41.8,789.0,8.2,0.0,1001.5
2026-06-06T15:00,39.2,26,40.5,650.0,8.9,0.1,1000.8
2026-06-06T16:00,37.8,28,38.9,443.0,6.4,0.1,1000.5
2026-06-06T17:00,36.5,28,37.2,231.0,5.7,0.3,1000.9
2026-06-06T18:00,35.5,30,36.6,127.0,5.0,0.0,1001.1
2026-06-06T19:00,34.3,36,36.3,21.0,3.0,0.0,1001.6
2026-06-06T20:00,33.2,42,36.0,0.0,2.1,0.0,1002.1
2026-06-06T21:00,32.2,49,35.8,0.0,1.1,0.0,1002.6
2026-06-06T22:00,31.2,52,35.0,0.0,0.5,0.0,1003.1
2026-06-06T23:00,29.0,53,30.8,0.0,8.7,0.0,1004.9
2026-06-07T00:00,27.6,58,29.6,0.0,8.5,0.0,1004.1
2026-06-07T01:00,27.3,59,29.2,0.0,8.6,0.0,1003.8
2026-06-07T02:00,27.1,59,28.9,0.0,9.2,0.0,1003.7
2026-06-07T03:00,26.9,60,28.6,0.0,8.8,0.0,1003.7
2026-06-07T04:00,26.5,62,28.4,0.0,8.6,0.0,1004.0
2026-06-07T05:00,27.4,59,29.0,0.0,10.6,0.0,1004.1
2026-06-07T06:00,27.3,62,29.4,34.0,9.6,0.0,1004.8
2026-06-07T07:00,29.1,58,31.9,172.0,7.1,0.0,1005.2
2026-06-07T08:00,31.5,51,34.1,362.0,9.3,0.0,1005.3
2026-06-07T09:00,33.3,47,35.9,554.0,10.7,0.0,1005.0
2026-06-07T10:00,35.1,42,38.3,722.0,11.8,0.0,1004.7
2026-06-07T11:00,36.3,39,40.6,840.0,8.6,0.0,1004.8
2026-06-07T12:00,37.1,36,41.9,894.0,6.7,0.0,1004.0
2026-06-07T13:00,37.9,33,42.4,861.0,5.6,0.0,1003.0
2026-06-07T14:00,38.6,31,41.9,773.0,7.2,0.0,1002.0
2026-06-07T15:00,38.6,29,40.5,613.0,8.2,0.0,1001.2
2026-06-07T16:00,38.4,29,39.7,458.0,8.5,0.0,1000.6
2026-06-07T17:00,37.8,27,37.8,280.0,12.0,0.1,1000.3
2026-06-07T18:00,36.6,30,37.6,141.0,7.9,0.0,1000.2
2026-06-07T19:00,35.5,35,37.1,22.0,7.2,0.0,1000.3
2026-06-07T20:00,34.6,37,35.9,0.0,9.6,0.0,1001.0
2026-06-07T21:00,33.6,39,35.4,0.0,6.1,0.0,1001.7
2026-06-07T22:00,32.7,41,34.4,0.0,7.6,0.0,1002.1
2026-06-07T23:00,32.2,46,34.9,0.0,4.7,0.0,1002.6
2026-06-08T00:00,31.4,49,34.4,0.0,4.3,0.0,1002.3
2026-06-08T01:00,30.6,52,33.2,0.0,6.5,0.0,1001.9
2026-06-08T02:00,29.9,54,32.3,0.0,7.7,0.0,1001.6
2026-06-08T03:00,29.5,52,30.9,0.0,11.8,0.0,1001.8
2026-06-08T04:00,29.6,49,30.3,0.0,13.9,0.0,1001.9
2026-06-08T05:00,28.6,57,30.7,0.0,9.3,0.0,1002.6
2026-06-08T06:00,29.1,56,31.3,34.0,9.5,0.0,1002.8
2026-06-08T07:00,30.9,52,33.4,173.0,8.3,0.0,1003.0
2026-06-08T08:00,33.0,48,35.2,365.0,12.3,0.0,1003.1
2026-06-08T09:00,34.8,45,37.1,562.0,14.6,0.0,1003.1
2026-06-08T10:00,36.5,41,39.5,729.0,16.3,0.0,1002.8
2026-06-08T11:00,37.9,35,40.8,848.0,15.3,0.0,1002.9
2026-06-08T12:00,38.7,29,41.2,894.0,14.1,0.0,1002.1
2026-06-08T13:00,39.4,25,40.8,817.0,13.9,0.0,1001.1
2026-06-08T14:00,39.8,23,39.8,709.0,16.2,0.0,1000.0
2026-06-08T15:00,39.5,22,38.3,570.0,16.0,0.0,999.8
2026-06-08T16:00,39.4,21,38.7,472.0,11.3,0.0,999.2
2026-06-08T17:00,40.4,18,39.1,319.0,11.2,0.0,998.4
2026-06-08T18:00,38.8,21,38.3,139.0,8.9,0.0,998.5
2026-06-08T19:00,36.4,27,36.9,23.0,6.8,0.0,999.0
2026-06-08T20:00,34.7,34,35.8,0.0,7.0,0.0,999.7
2026-06-08T21:00,34.1,35,34.8,0.0,9.8,0.0,1000.2
2026-06-08T22:00,34.0,34,34.4,0.0,10.8,0.0,1000.5
2026-06-08T23:00,33.8,37,35.0,0.0,9.3,0.0,1000.3
2026-06-09T00:00,33.0,40,34.2,0.0,10.6,0.0,1000.2
2026-06-09T01:00,32.4,43,33.2,0.0,15.0,0.0,1000.2
2026-06-09T02:00,32.0,48,33.3,0.0,15.6,0.0,1000.0
2026-06-09T03:00,31.5,53,33.6,0.0,15.0,0.0,1000.1
2026-06-09T04:00,31.0,56,33.4,0.0,14.2,0.0,1000.6
2026-06-09T05:00,31.1,56,33.3,0.0,16.4,0.0,1000.5
2026-06-09T06:00,31.2,55,33.4,35.0,15.3,0.0,1001.1
2026-06-09T07:00,32.2,52,34.3,175.0,16.2,0.0,1001.6
2026-06-09T08:00,33.3,51,35.4,367.0,17.7,0.0,1001.8
2026-06-09T09:00,34.8,47,37.1,562.0,17.8,0.0,1001.8
2026-06-09T10:00,36.7,41,39.6,730.0,16.9,0.0,1001.5
2026-06-09T11:00,38.6,31,41.0,851.0,15.7,0.0,1001.4
2026-06-09T12:00,39.3,28,41.5,904.0,15.3,0.0,1000.9
2026-06-09T13:00,40.1,25,41.9,902.0,14.6,0.0,999.9
2026-06-09T14:00,40.5,22,41.2,777.0,14.0,0.0,998.9
2026-06-09T15:00,41.0,19,40.5,671.0,13.0,0.0,998.3
2026-06-09T16:00,40.8,17,39.3,486.0,12.8,0.0,997.9
2026-06-09T17:00,40.9,15,38.5,321.0,13.7,0.0,997.3
2026-06-09T18:00,39.7,16,37.7,156.0,11.8,0.0,997.5
2026-06-09T19:00,38.2,19,36.9,24.0,9.5,0.0,998.2
2026-06-09T20:00,36.6,22,35.6,0.0,10.3,0.0,999.1
2026-06-09T21:00,35.5,25,34.8,0.0,9.8,0.0,999.8
2026-06-09T22:00,34.8,29,34.4,0.0,10.9,0.0,1000.2
2026-06-09T23:00,34.1,31,35.0,0.0,4.2,0.0,1000.2
2026-06-10T00:00,32.5,37,32.9,0.0,10.5,0.0,1000.3
2026-06-10T01:00,31.9,43,33.1,0.0,11.1,0.0,1000.2
2026-06-10T02:00,31.9,49,33.7,0.0,13.2,0.0,999.9
2026-06-10T03:00,31.4,53,33.6,0.0,13.0,0.0,999.9
2026-06-10T04:00,30.9,56,33.2,0.0,13.5,0.0,1000.5
2026-06-10T05:00,30.2,58,32.8,0.0,12.4,0.0,1001.2
2026-06-10T06:00,30.5,58,33.1,35.0,12.9,0.0,1001.5
2026-06-10T07:00,31.6,56,34.2,178.0,14.2,0.0,1001.8
2026-06-10T08:00,32.8,53,34.8,370.0,20.4,0.0,1002.0
2026-06-10T09:00,34.1,50,36.2,567.0,20.3,0.0,1001.7
2026-06-10T10:00,35.5,44,38.1,708.0,19.1,0.0,1001.5
2026-06-10T11:00,37.6,36,40.2,819.0,17.5,0.0,1001.0
2026-06-10T12:00,38.7,32,41.3,880.0,16.3,0.0,1000.6
2026-06-10T13:00,39.8,28,42.4,916.0,14.9,0.0,999.6
2026-06-10T14:00,40.3,26,42.1,823.0,15.3,0.0,998.4
2026-06-10T15:00,40.3,27,41.3,640.0,14.7,0.0,997.7
2026-06-10T16:00,40.4,26,40.8,536.0,14.3,0.0,997.3
2026-06-10T17:00,40.9,20,40.3,339.0,12.2,0.0,996.8
2026-06-10T18:00,39.9,22,39.6,157.0,11.2,0.0,997.0
2026-06-10T19:00,38.3,27,38.8,25.0,10.6,0.0,997.6
2026-06-10T20:00,37.2,31,38.2,0.0,11.0,0.0,997.9
2026-06-10T21:00,36.0,37,37.5,0.0,12.0,0.0,998.7
2026-06-10T22:00,35.3,41,37.2,0.0,13.2,0.0,999.4
2026-06-10T23:00,34.9,44,37.1,0.0,13.3,0.0,999.0
2026-06-11T00:00,34.2,46,36.5,0.0,14.1,0.0,999.0
2026-06-11T01:00,33.7,48,36.1,0.0,13.9,0.0,998.8
2026-06-11T02:00,33.1,50,35.6,0.0,13.3,0.0,998.6
2026-06-11T03:00,32.6,51,35.2,0.0,12.2,0.0,998.6
2026-06-11T04:00,32.1,53,34.8,0.0,11.9,0.0,998.7
2026-06-11T05:00,31.3,55,34.1,0.0,11.4,0.0,998.6
2026-06-11T06:00,31.4,56,34.3,35.0,12.3,0.0,999.4
2026-06-11T07:00,32.4,55,35.1,175.0,15.6,0.0,999.9
2026-06-11T08:00,33.5,53,36.4,366.0,16.0,0.0,1000.4
2026-06-11T09:00,34.9,50,38.1,559.0,14.9,0.0,1000.8
2026-06-11T10:00,36.5,45,40.8,724.0,13.4,0.0,1000.6
2026-06-11T11:00,38.1,37,42.8,842.0,9.1,0.0,1000.7
2026-06-11T12:00,38.7,35,43.5,900.0,9.6,0.1,999.9
2026-06-11T13:00,39.4,32,43.5,885.0,10.3,0.0,999.2
2026-06-11T14:00,39.8,29,42.6,801.0,11.2,0.0,998.2
2026-06-11T15:00,40.1,27,41.7,675.0,11.4,0.0,997.9
2026-06-11T16:00,39.8,27,40.8,478.0,11.0,0.0,997.3
2026-06-11T17:00,40.0,23,39.8,296.0,12.0,0.3,996.5
2026-06-11T18:00,38.5,26,38.2,126.0,14.1,0.0,997.0
2026-06-11T19:00,36.2,29,35.9,22.0,14.6,0.0,997.6
2026-06-11T20:00,35.5,31,35.3,0.0,13.7,0.0,998.3
2026-06-11T21:00,35.5,34,35.7,0.0,15.6,0.0,999.3
2026-06-11T22:00,34.8,37,35.8,0.0,11.9,0.0,999.8
2026-06-11T23:00,28.6,64,32.3,0.0,4.2,0.4,1000.3
2026-06-12T00:00,28.7,61,31.4,0.0,9.2,0.3,1000.2
2026-06-12T01:00,28.6,64,31.7,0.0,9.3,0.0,1000.0
2026-06-12T02:00,28.4,66,31.6,0.0,8.6,0.0,999.6
2026-06-12T03:00,28.6,63,31.7,0.0,7.4,0.0,999.9
2026-06-12T04:00,23.9,79,24.1,0.0,25.2,0.2,1003.0
2026-06-12T05:00,26.2,71,28.1,0.0,14.8,3.9,1002.7
2026-06-12T06:00,26.1,73,28.2,34.0,15.0,0.0,1003.3
2026-06-12T07:00,27.1,71,29.7,170.0,12.8,0.0,1003.7
2026-06-12T08:00,28.8,65,31.9,359.0,10.8,0.0,1004.0
2026-06-12T09:00,31.0,58,34.0,551.0,11.7,0.0,1003.9
2026-06-12T10:00,32.8,53,36.8,718.0,11.8,0.0,1003.9
2026-06-12T11:00,33.8,49,38.5,834.0,10.3,0.0,1004.2
2026-06-12T12:00,34.7,47,39.8,899.0,10.6,0.0,1003.8
2026-06-12T13:00,35.6,44,40.7,893.0,10.3,0.0,1003.2
2026-06-12T14:00,36.2,42,40.5,771.0,10.1,0.0,1002.4
2026-06-12T15:00,35.9,43,39.1,587.0,10.7,0.0,1002.0
2026-06-12T16:00,36.8,41,40.4,472.0,6.2,0.1,1001.1
2026-06-12T17:00,34.0,45,37.4,211.0,4.4,2.7,1001.7
2026-06-12T18:00,30.3,63,34.0,115.0,10.4,0.8,1002.1
2026-06-12T19:00,29.6,66,33.8,24.0,6.7,0.2,1002.0
2026-06-12T20:00,29.0,68,32.7,0.0,9.9,0.0,1002.6
2026-06-12T21:00,28.4,67,31.1,0.0,13.8,0.0,1004.0
2026-06-12T22:00,27.8,67,30.6,0.0,11.3,0.0,1004.7
2026-06-12T23:00,26.9,71,30.1,0.0,9.3,0.0,1006.1
2026-06-13T00:00,26.8,69,29.3,0.0,10.8,0.0,1005.3
2026-06-13T01:00,26.8,69,29.6,0.0,9.6,0.0,1004.4
2026-06-13T02:00,26.7,68,29.5,0.0,7.7,0.0,1004.2
2026-06-13T03:00,26.1,70,29.0,0.0,7.4,0.0,1004.4
2026-06-13T04:00,25.8,72,28.6,0.0,8.5,0.0,1004.5
2026-06-13T05:00,23.4,86,27.4,0.0,2.2,0.0,1006.8
2026-06-13T06:00,23.7,83,27.3,33.0,3.2,0.0,1006.8
2026-06-13T07:00,24.7,77,27.7,170.0,7.1,0.0,1006.3
2026-06-13T08:00,26.3,70,29.1,357.0,7.6,0.0,1006.2
2026-06-13T09:00,26.6,67,29.1,228.0,8.5,0.0,1006.4
2026-06-13T10:00,27.6,63,30.3,293.0,8.3,0.0,1006.5
2026-06-13T11:00,28.3,63,32.3,754.0,9.0,0.0,1006.9
2026-06-13T12:00,29.9,57,34.6,881.0,9.2,0.0,1006.2
2026-06-13T13:00,31.5,52,36.6,899.0,7.7,0.0,1005.4
2026-06-13T14:00,32.6,49,37.4,828.0,6.8,0.0,1004.6
2026-06-13T15:00,33.3,47,37.3,707.0,6.5,0.0,1003.6
2026-06-13T16:00,33.4,46,36.4,519.0,6.8,0.0,1002.6
2026-06-13T17:00,33.8,41,36.3,336.0,3.7,0.0,1002.9
2026-06-13T18:00,32.2,49,35.3,110.0,5.9,0.0,1002.5
2026-06-13T19:00,30.5,59,34.5,25.0,3.6,0.0,1002.9
2026-06-13T20:00,30.0,60,34.3,0.0,2.0,0.0,1003.6
2026-06-13T21:00,29.4,62,33.6,0.0,2.7,0.0,1004.3
2026-06-13T22:00,28.6,66,32.8,0.0,3.2,0.0,1004.7
2026-06-13T23:00,28.4,67,32.5,0.0,4.0,0.0,1004.6
2026-06-14T00:00,27.6,71,31.7,0.0,5.7,0.0,1004.7
2026-06-14T01:00,27.2,75,31.7,0.0,3.7,0.0,1004.1
2026-06-14T02:00,27.0,73,30.8,0.0,6.5,0.0,1003.6
2026-06-14T03:00,26.9,72,30.5,0.0,6.1,0.0,1003.5
2026-06-14T04:00,26.6,72,30.2,0.0,5.7,0.0,1003.8
2026-06-14T05:00,26.2,77,30.5,0.0,3.8,0.0,1003.7
2026-06-14T06:00,26.9,73,31.0,34.0,3.6,0.0,1004.4
2026-06-14T07:00,28.4,67,32.7,173.0,2.6,0.0,1004.9
2026-06-14T08:00,30.4,57,34.2,362.0,3.9,0.0,1005.2
2026-06-14T09:00,32.2,50,35.5,554.0,6.0,0.0,1005.3
2026-06-14T10:00,33.5,49,37.8,720.0,8.6,0.0,1005.0
2026-06-14T11:00,34.3,46,39.0,816.0,8.4,0.1,1004.9
2026-06-14T12:00,35.1,43,39.9,849.0,8.3,0.0,1004.1
2026-06-14T13:00,35.9,39,40.2,842.0,8.6,0.0,1002.9
2026-06-14T14:00,36.7,35,40.0,784.0,8.8,0.0,1001.7
2026-06-14T15:00,36.7,33,38.5,652.0,10.5,0.0,1000.7
2026-06-14T16:00,33.6,42,35.8,400.0,7.5,0.8,1001.2
2026-06-14T17:00,31.8,46,32.7,292.0,16.1,0.1,1002.0
2026-06-14T18:00,30.9,52,33.3,86.0,9.1,0.0,1001.9
2026-06-14T19:00,29.7,57,32.8,5.0,6.3,0.0,1002.2
2026-06-14T20:00,28.8,59,31.6,0.0,7.7,0.0,1002.5
2026-06-14T21:00,28.6,60,31.1,0.0,9.6,0.0,1003.1
2026-06-14T22:00,28.1,62,30.6,0.0,9.4,0.0,1003.6
2026-06-14T23:00,27.2,64,29.1,0.0,12.5,0.0,1004.2
2026-06-15T00:00,27.1,65,29.1,0.0,11.8,0.0,1004.0
2026-06-15T01:00,26.8,66,29.2,0.0,9.6,0.0,1003.4
2026-06-15T02:00,26.7,67,29.3,0.0,8.9,0.0,1002.9
2026-06-15T03:00,26.4,68,28.7,0.0,10.3,0.0,1002.7
2026-06-15T04:00,25.9,69,28.3,0.0,9.0,0.0,1003.1
2026-06-15T05:00,25.6,77,29.6,0.0,3.0,0.0,1002.9
2026-06-15T06:00,26.1,73,29.8,34.0,4.2,0.0,1003.8
2026-06-15T07:00,27.9,67,31.7,152.0,4.7,0.0,1004.7
2026-06-15T08:00,30.0,59,33.4,350.0,6.7,0.0,1005.2
2026-06-15T09:00,31.5,54,34.3,536.0,10.4,0.0,1005.3
2026-06-15T10:00,33.0,50,36.9,711.0,9.9,0.0,1005.3
2026-06-15T11:00,33.6,45,38.0,837.0,8.0,0.0,1004.5
2026-06-15T12:00,34.5,41,39.3,910.0,6.7,0.0,1003.9
2026-06-15T13:00,35.1,39,39.9,892.0,5.2,0.0,1003.3
2026-06-15T14:00,35.5,37,39.5,812.0,6.0,0.0,1002.8
2026-06-15T15:00,35.5,35,37.7,621.0,6.6,0.0,1002.2
2026-06-15T16:00,35.2,35,36.9,485.0,6.5,0.0,1001.8
2026-06-15T17:00,30.5,52,32.6,319.0,10.6,0.0,1002.8
2026-06-15T18:00,30.8,48,32.2,131.0,10.9,0.0,1002.8
2026-06-15T19:00,28.7,56,31.3,26.0,4.6,0.0,1002.9
2026-06-15T20:00,28.2,59,31.0,0.0,5.0,0.0,1003.4
2026-06-15T21:00,28.3,57,31.2,0.0,2.4,0.0,1003.7
2026-06-15T22:00,27.3,60,30.0,0.0,3.8,0.0,1004.5
2026-06-15T23:00,27.0,64,30.1,0.0,3.4,0.0,1004.6
2026-06-16T00:00,27.0,63,30.1,0.0,2.3,0.0,1004.2
2026-06-16T01:00,27.1,63,30.6,0.0,0.4,0.0,1004.2
2026-06-16T02:00,26.7,64,29.7,0.0,2.7,0.0,1003.8
2026-06-16T03:00,26.0,66,28.9,0.0,3.8,0.0,1003.8
2026-06-16T04:00,25.9,67,28.8,0.0,3.3,0.0,1003.9
2026-06-16T05:00,26.4,65,29.1,0.0,4.8,0.0,1003.9
2026-06-16T06:00,26.8,63,29.3,34.0,6.8,0.0,1004.4
2026-06-16T07:00,28.8,58,31.7,171.0,5.6,0.0,1005.1
2026-06-16T08:00,31.2,50,34.3,351.0,3.2,0.0,1005.7
2026-06-16T09:00,32.8,47,35.3,544.0,8.3,0.0,1006.6
2026-06-16T10:00,33.7,46,37.6,701.0,6.9,0.0,1006.6
2026-06-16T11:00,33.4,44,37.6,811.0,6.7,0.0,1006.3
2026-06-16T12:00,34.0,44,38.8,838.0,4.9,0.0,1005.9
2026-06-16T13:00,34.6,42,39.8,844.0,2.9,0.0,1004.9
2026-06-16T14:00,35.2,40,39.9,774.0,2.4,0.0,1003.9
2026-06-16T15:00,35.8,37,39.3,682.0,4.1,0.0,1003.1
2026-06-16T16:00,35.9,37,38.3,485.0,6.5,0.0,1002.3
2026-06-16T17:00,34.2,38,35.1,315.0,13.6,0.0,1002.6
2026-06-16T18:00,33.3,45,36.2,149.0,5.3,0.0,1003.1
2026-06-16T19:00,31.4,55,35.2,25.0,4.2,0.0,1003.8
2026-06-16T20:00,30.6,61,35.1,0.0,3.1,0.0,1004.0
2026-06-16T21:00,29.9,61,34.0,0.0,3.6,0.0,1004.0
2026-06-16T22:00,29.1,65,32.9,0.0,6.9,0.0,1005.4
2026-06-16T23:00,27.5,69,30.5,0.0,10.6,0.0,1005.8
2026-06-17T00:00,26.6,64,29.0,0.0,7.2,0.0,1005.6
2026-06-17T01:00,25.8,70,29.0,0.0,3.7,0.0,1005.4
2026-06-17T02:00,25.5,71,28.7,0.0,4.4,0.0,1005.5
2026-06-17T03:00,25.4,73,29.0,0.0,2.9,0.0,1005.5
2026-06-17T04:00,25.4,74,29.0,0.0,2.7,0.0,1005.6
2026-06-17T05:00,25.1,80,29.0,0.0,4.3,0.0,1005.9
2026-06-17T06:00,25.5,79,30.1,30.0,1.1,0.0,1006.3
2026-06-17T07:00,26.9,70,31.0,103.0,1.3,0.0,1006.8
2026-06-17T08:00,28.9,59,32.3,300.0,3.1,0.0,1007.1
2026-06-17T09:00,30.7,53,33.7,527.0,5.6,0.0,1006.9
2026-06-17T10:00,32.3,49,35.9,696.0,7.6,0.0,1006.6
2026-06-17T11:00,34.5,42,38.8,810.0,6.1,0.0,1006.1
2026-06-17T12:00,34.1,40,37.9,847.0,7.8,1.0,1006.0
2026-06-17T13:00,34.5,40,38.2,746.0,6.0,0.2,1005.2
2026-06-17T14:00,35.2,40,39.5,782.0,5.1,0.0,1004.0
2026-06-17T15:00,35.5,39,38.9,666.0,6.0,0.0,1003.3
2026-06-17T16:00,35.2,40,37.8,484.0,6.2,0.0,1002.5
2026-06-17T17:00,36.0,32,37.1,316.0,8.1,0.0,1001.6
2026-06-17T18:00,34.6,38,36.4,145.0,7.6,0.0,1002.0
2026-06-17T19:00,33.0,47,36.3,25.0,4.6,0.0,1002.4
2026-06-17T20:00,32.0,52,35.6,0.0,5.1,0.0,1003.1
2026-06-17T21:00,31.4,52,34.3,0.0,7.2,0.0,1003.9
2026-06-17T22:00,30.8,52,32.9,0.0,10.8,0.0,1004.6
2026-06-17T23:00,30.7,54,33.2,0.0,9.8,0.0,1004.9
2026-06-18T00:00,29.6,60,32.5,0.0,9.0,0.0,1004.9
2026-06-18T01:00,29.4,61,32.1,0.0,11.0,0.0,1004.8
2026-06-18T02:00,28.7,64,31.6,0.0,10.3,0.0,1004.6
2026-06-18T03:00,27.7,68,30.8,0.0,9.2,0.0,1004.9
2026-06-18T04:00,27.1,69,30.2,0.0,8.0,0.0,1005.0
2026-06-18T05:00,28.0,74,33.0,0.0,3.4,0.0,1004.4
2026-06-18T06:00,28.2,74,33.0,32.0,5.2,0.0,1004.7
2026-06-18T07:00,29.9,66,34.6,167.0,4.5,0.0,1005.3
2026-06-18T08:00,31.4,59,35.5,352.0,7.3,0.0,1005.6
2026-06-18T09:00,33.0,52,36.5,543.0,8.1,0.0,1005.7
2026-06-18T10:00,34.0,48,38.1,656.0,7.2,0.1,1005.7
2026-06-18T11:00,35.0,42,39.1,805.0,9.4,0.0,1005.8
2026-06-18T12:00,36.0,37,39.7,844.0,9.4,0.0,1005.0
2026-06-18T13:00,36.4,36,40.1,876.0,9.7,0.0,1004.2
2026-06-18T14:00,36.1,34,38.2,773.0,12.2,0.1,1003.4
2026-06-18T15:00,35.4,38,37.3,558.0,9.5,0.1,1002.8
2026-06-18T16:00,36.0,35,37.9,519.0,7.8,0.0,1002.2
2026-06-18T17:00,35.9,32,36.8,330.0,9.5,0.0,1001.0
2026-06-18T18:00,34.5,39,36.3,147.0,8.9,0.0,1001.5
2026-06-18T19:00,32.0,47,33.8,24.0,11.4,0.0,1002.3
2026-06-18T20:00,31.1,50,33.3,0.0,9.0,0.0,1002.9
2026-06-18T21:00,30.5,53,33.1,0.0,7.6,0.0,1003.7
2026-06-18T22:00,30.2,55,33.0,0.0,7.1,0.0,1004.2
2026-06-18T23:00,28.8,59,31.2,0.0,10.3,0.0,1004.3
2026-06-19T00:00,28.2,61,30.9,0.0,7.5,0.0,1004.4
2026-06-19T01:00,28.2,60,30.8,0.0,8.2,0.0,1004.4
2026-06-19T02:00,27.7,63,30.7,0.0,5.9,0.0,1003.9
2026-06-19T03:00,27.1,65,29.9,0.0,6.9,0.0,1004.4
2026-06-19T04:00,26.6,66,29.5,0.0,5.8,0.0,1004.4
2026-06-19T05:00,27.1,65,29.3,0.0,11.5,0.0,1004.0
2026-06-19T06:00,27.0,68,30.6,32.0,4.0,0.0,1004.8
2026-06-19T07:00,28.2,63,31.4,167.0,6.2,0.0,1005.1
2026-06-19T08:00,29.1,61,32.5,345.0,5.2,0.0,1005.1
2026-06-19T09:00,29.8,60,33.4,416.0,6.1,0.0,1005.5
2026-06-19T10:00,31.8,54,36.0,711.0,8.1,0.0,1005.7
2026-06-19T11:00,33.5,47,37.9,835.0,9.0,0.0,1005.8
2026-06-19T12:00,34.2,42,38.3,863.0,8.8,0.0,1005.2
2026-06-19T13:00,34.6,39,37.9,784.0,8.8,0.0,1004.7
2026-06-19T14:00,34.7,38,37.6,735.0,8.1,0.2,1003.9
2026-06-19T15:00,35.0,37,37.4,655.0,7.6,0.1,1003.4
2026-06-19T16:00,34.7,37,36.3,503.0,8.3,0.2,1002.9
2026-06-19T17:00,34.7,33,35.3,323.0,9.3,0.1,1002.9
2026-06-19T18:00,33.6,35,34.7,143.0,7.4,0.0,1002.8
2026-06-19T19:00,32.2,39,33.3,26.0,7.7,0.0,1003.2
2026-06-19T20:00,31.4,42,32.7,0.0,6.7,0.0,1004.1
2026-06-19T21:00,30.7,46,32.8,0.0,4.5,0.0,1005.0
2026-06-19T22:00,29.8,50,32.1,0.0,5.1,0.0,1005.5
2026-06-19T23:00,29.3,55,31.5,0.0,8.7,0.0,1005.7
2026-06-20T00:00,28.9,56,31.0,0.0,9.0,0.0,1005.4
2026-06-20T01:00,28.2,61,30.5,0.0,10.7,0.0,1005.2
2026-06-20T02:00,27.8,65,30.5,0.0,9.6,0.0,1004.9
2026-06-20T03:00,27.5,67,30.4,0.0,9.1,0.0,1004.5
2026-06-20T04:00,27.3,69,30.2,0.0,9.6,0.0,1004.8
2026-06-20T05:00,27.3,72,30.9,0.0,8.0,0.0,1004.8
2026-06-20T06:00,27.7,72,31.6,32.0,7.6,0.0,1005.5
2026-06-20T07:00,29.4,66,33.4,164.0,7.0,0.0,1005.9
2026-06-20T08:00,30.8,59,34.3,328.0,9.2,0.0,1006.3
2026-06-20T09:00,32.4,53,35.0,532.0,14.2,0.0,1006.3
2026-06-20T10:00,33.9,47,37.1,709.0,13.9,0.0,1006.4
2026-06-20T11:00,35.3,40,38.5,797.0,12.2,0.0,1005.9
2026-06-20T12:00,34.2,42,36.3,574.0,11.6,1.0,1005.7
2026-06-20T13:00,34.9,39,37.6,797.0,13.0,0.1,1005.0
2026-06-20T14:00,35.1,36,36.8,675.0,12.8,0.0,1004.4
2026-06-20T15:00,33.9,41,35.3,604.0,15.6,0.5,1004.2
2026-06-20T16:00,33.0,46,34.9,448.0,13.0,0.1,1004.1
2026-06-20T17:00,35.7,34,37.1,317.0,8.1,0.1,1002.4
2026-06-20T18:00,33.8,42,36.3,142.0,6.2,0.0,1002.9
2026-06-20T19:00,31.9,49,34.4,26.0,9.0,0.0,1003.8
2026-06-20T20:00,30.9,52,33.7,0.0,6.2,0.0,1004.2
2026-06-20T21:00,30.4,53,32.8,0.0,8.8,0.0,1005.0
2026-06-20T22:00,30.2,53,32.3,0.0,10.2,0.0,1005.3
2026-06-20T23:00,29.7,56,32.2,0.0,9.0,0.0,1005.1
2026-06-21T00:00,29.1,58,31.6,0.0,9.1,0.0,1004.9
2026-06-21T01:00,28.5,61,31.1,0.0,9.2,0.0,1004.5
2026-06-21T02:00,27.9,65,30.6,0.0,10.1,0.0,1004.2
2026-06-21T03:00,27.3,68,30.2,0.0,10.0,0.0,1004.2
2026-06-21T04:00,26.9,70,29.9,0.0,9.2,0.0,1004.4
2026-06-21T05:00,26.6,72,29.6,0.0,9.3,0.0,1004.2
2026-06-21T06:00,26.8,72,30.0,32.0,9.4,0.0,1005.0
2026-06-21T07:00,28.3,67,31.6,154.0,9.2,0.0,1005.3
2026-06-21T08:00,30.0,59,32.5,325.0,12.8,0.0,1005.5
2026-06-21T09:00,31.4,56,34.0,501.0,13.8,0.0,1005.2
2026-06-21T10:00,32.9,50,35.9,689.0,14.4,0.0,1004.9
2026-06-21T11:00,33.2,40,34.6,742.0,16.9,0.1,1004.8
2026-06-21T12:00,33.3,40,35.4,819.0,14.6,0.0,1004.2
2026-06-21T13:00,34.0,38,36.5,813.0,11.7,0.0,1003.5
2026-06-21T14:00,34.6,37,37.2,745.0,8.7,0.0,1002.7
2026-06-21T15:00,34.7,37,37.1,670.0,7.3,0.1,1002.1
2026-06-21T16:00,34.0,41,36.2,469.0,7.7,0.3,1002.0
2026-06-21T17:00,34.9,37,36.6,311.0,6.9,0.6,1000.8
2026-06-21T18:00,34.1,39,35.9,148.0,7.6,0.0,1001.1
2026-06-21T19:00,29.6,55,31.6,18.0,11.4,0.0,1002.4
2026-06-21T20:00,29.5,57,32.0,0.0,9.0,0.0,1002.5
2026-06-21T21:00,29.8,55,32.3,0.0,8.3,0.0,1003.0
2026-06-21T22:00,29.8,56,32.6,0.0,7.6,0.0,1003.7
2026-06-21T23:00,26.8,67,28.6,0.0,13.8,0.0,1004.2
2026-06-22T00:00,26.5,65,28.4,0.0,11.6,0.1,1003.4
2026-06-22T01:00,26.8,65,28.6,0.0,13.0,0.0,1003.6
2026-06-22T02:00,26.9,66,28.8,0.0,13.9,0.0,1003.4
2026-06-22T03:00,24.8,74,27.4,0.0,7.4,0.1,1004.6
2026-06-22T04:00,22.9,96,27.5,0.0,2.2,1.7,1005.2
2026-06-22T05:00,26.5,67,28.6,0.0,11.2,0.2,1004.3
2026-06-22T06:00,26.4,66,28.1,23.0,13.3,0.1,1005.0
2026-06-22T07:00,25.8,73,28.6,60.0,9.4,0.2,1005.3
2026-06-22T08:00,26.3,73,29.5,102.0,8.1,0.0,1005.5
2026-06-22T09:00,27.1,72,30.8,128.0,7.0,0.0,1005.6
2026-06-22T10:00,31.4,55,34.6,585.0,10.0,0.0,1005.2
2026-06-22T11:00,32.9,47,36.9,812.0,9.4,0.0,1004.9
2026-06-22T12:00,35.0,38,38.4,858.0,11.0,0.0,1003.9
2026-06-22T13:00,35.5,32,36.9,805.0,14.9,0.0,1003.3
2026-06-22T14:00,35.5,33,36.8,657.0,10.9,0.1,1002.5
2026-06-22T15:00,35.9,32,37.0,657.0,12.2,0.0,1001.8
2026-06-22T16:00,35.6,32,36.1,484.0,11.4,0.0,1001.5
2026-06-22T17:00,35.3,31,35.8,298.0,8.6,0.0,1001.1
2026-06-22T18:00,34.4,34,35.7,147.0,5.9,0.0,1001.1
2026-06-22T19:00,32.4,43,34.1,26.0,8.8,0.0,1001.9
2026-06-22T20:00,30.9,48,33.1,0.0,6.5,0.0,1002.5
2026-06-22T21:00,30.1,52,32.9,0.0,3.9,0.0,1003.1
2026-06-22T22:00,29.7,58,33.7,0.0,0.5,0.0,1003.1
2026-06-22T23:00,29.8,62,33.8,0.0,5.2,0.0,1002.9
2026-06-23T00:00,29.6,61,33.4,0.0,5.5,0.0,1002.5
2026-06-23T01:00,29.1,58,31.9,0.0,7.4,0.0,1002.2
2026-06-23T02:00,28.6,53,30.3,0.0,8.1,0.0,1002.1
2026-06-23T03:00,28.1,51,29.3,0.0,8.9,0.0,1001.9
2026-06-23T04:00,27.8,52,29.1,0.0,7.8,0.0,1001.7
2026-06-23T05:00,27.5,59,29.5,0.0,8.8,0.0,1002.2
2026-06-23T06:00,27.7,59,29.8,32.0,8.8,0.0,1002.4
2026-06-23T07:00,29.5,55,31.9,169.0,7.9,0.0,1003.0
2026-06-23T08:00,31.7,47,33.6,358.0,9.9,0.0,1003.1
2026-06-23T09:00,33.4,43,34.9,551.0,13.0,0.0,1003.0
2026-06-23T10:00,34.7,40,36.8,719.0,14.6,0.0,1002.6
2026-06-23T11:00,36.5,31,38.5,829.0,11.9,0.0,1002.0
2026-06-23T12:00,37.1,28,38.9,838.0,11.1,0.0,1001.4
2026-06-23T13:00,37.3,26,38.4,808.0,11.5,0.0,1000.8
2026-06-23T14:00,37.2,25,37.9,738.0,11.5,0.0,1000.0
2026-06-23T15:00,36.9,26,36.8,620.0,12.7,0.0,999.6
2026-06-23T16:00,35.2,33,35.7,514.0,12.5,0.0,999.5
2026-06-23T17:00,33.4,43,36.5,330.0,1.9,0.0,999.2
2026-06-23T18:00,33.2,42,35.8,154.0,3.8,0.0,999.5
2026-06-23T19:00,32.1,47,35.2,24.0,2.8,0.0,1000.2
2026-06-23T20:00,31.7,52,35.5,0.0,2.0,0.0,1000.7
2026-06-23T21:00,30.9,55,34.7,0.0,3.1,0.0,1001.2
2026-06-23T22:00,29.9,61,33.9,0.0,4.7,0.0,1002.0
2026-06-23T23:00,29.8,56,32.5,0.0,7.9,0.0,1001.4
2026-06-24T00:00,29.2,55,31.4,0.0,8.0,0.0,1001.1
2026-06-24T01:00,28.5,58,30.8,0.0,8.7,0.0,1000.9
2026-06-24T02:00,28.1,61,30.5,0.0,8.5,0.0,1000.9
2026-06-24T03:00,27.9,61,30.1,0.0,10.5,0.0,1000.7
2026-06-24T04:00,27.7,61,29.7,0.0,10.5,0.0,1001.1
2026-06-24T05:00,26.6,64,29.3,0.0,5.8,0.1,1001.8
2026-06-24T06:00,26.8,65,29.6,29.0,6.3,0.0,1002.4
2026-06-24T07:00,28.2,61,31.1,131.0,5.6,0.0,1002.6
2026-06-24T08:00,30.6,53,33.8,330.0,4.0,0.0,1002.7
2026-06-24T09:00,30.9,51,32.5,521.0,14.2,0.0,1003.7
2026-06-24T10:00,28.3,65,31.7,274.0,7.1,0.3,1004.0
2026-06-24T11:00,33.6,40,35.9,289.0,4.1,0.3,1002.7
2026-06-24T12:00,34.6,37,38.4,839.0,5.4,0.0,1001.9
2026-06-24T13:00,34.0,38,35.7,455.0,6.8,0.0,1001.2
2026-06-24T14:00,34.8,36,37.0,606.0,5.7,0.0,1000.6
2026-06-24T15:00,35.5,34,38.0,687.0,6.2,0.0,1000.0
2026-06-24T16:00,35.4,33,36.8,549.0,6.5,0.0,999.6
2026-06-24T17:00,36.2,26,36.4,329.0,6.3,0.0,998.7
2026-06-24T18:00,35.3,29,35.8,155.0,5.8,0.0,998.9
2026-06-24T19:00,33.6,36,35.3,27.0,3.5,0.0,999.6
2026-06-24T20:00,32.6,42,35.1,0.0,2.8,0.0,1000.2
2026-06-24T21:00,31.4,47,34.0,0.0,4.4,0.0,1001.1
2026-06-24T22:00,31.0,50,34.1,0.0,3.1,0.0,1002.2
2026-06-24T23:00,30.7,54,33.7,0.0,6.3,0.0,1002.2
2026-06-25T00:00,29.7,60,32.9,0.0,8.7,0.0,1002.2
2026-06-25T01:00,29.4,61,32.2,0.0,10.5,0.0,1001.8
2026-06-25T02:00,29.2,58,32.0,0.0,7.9,0.0,1001.7
2026-06-25T03:00,28.7,61,31.5,0.0,7.7,0.0,1001.9
2026-06-25T04:00,28.0,63,30.7,0.0,8.7,0.0,1002.3
2026-06-25T05:00,27.8,62,30.1,0.0,9.5,0.0,1002.2
2026-06-25T06:00,27.6,65,30.6,31.0,8.0,0.0,1003.1
2026-06-25T07:00,28.7,62,31.8,165.0,7.8,0.0,1003.7
2026-06-25T08:00,30.5,56,33.4,346.0,9.5,0.0,1003.9
2026-06-25T09:00,32.6,49,35.2,541.0,10.4,0.0,1004.0
2026-06-25T10:00,34.4,43,37.5,712.0,11.3,0.0,1003.9
2026-06-25T11:00,35.1,39,38.2,802.0,12.4,0.0,1003.6
2026-06-25T12:00,32.2,47,34.1,441.0,11.0,0.5,1003.9
2026-06-25T13:00,34.2,43,38.2,786.0,7.7,0.1,1003.0
2026-06-25T14:00,33.6,47,36.9,491.0,5.4,0.7,1002.4
2026-06-25T15:00,34.9,43,39.1,657.0,3.5,0.0,1001.5
2026-06-25T16:00,34.8,42,38.0,427.0,4.5,0.0,1000.7
2026-06-25T17:00,33.8,41,36.1,273.0,6.4,0.0,1000.7
2026-06-25T18:00,33.4,44,36.3,40.0,4.4,0.0,1000.9
2026-06-25T19:00,32.7,48,36.0,12.0,4.3,0.0,1001.8
2026-06-25T20:00,31.6,56,35.6,0.0,5.4,0.0,1002.7
2026-06-25T21:00,31.0,59,35.1,0.0,5.9,0.0,1003.5
2026-06-25T22:00,30.7,60,34.8,0.0,5.3,0.0,1003.9
2026-06-25T23:00,30.3,59,32.9,0.0,12.6,0.0,1004.0
2026-06-26T00:00,29.0,61,31.7,0.0,9.8,0.0,1003.9
2026-06-26T01:00,28.4,62,31.1,0.0,9.1,0.0,1003.8
2026-06-26T02:00,27.8,63,30.0,0.0,11.7,0.0,1003.9
2026-06-26T03:00,27.4,68,30.3,0.0,9.5,0.0,1003.7
2026-06-26T04:00,27.0,71,30.3,0.0,8.2,0.0,1004.0
2026-06-26T05:00,28.1,69,31.6,0.0,8.6,0.0,1003.7
2026-06-26T06:00,28.2,69,31.9,30.0,7.6,0.0,1004.3
2026-06-26T07:00,29.7,63,33.7,164.0,5.6,0.0,1004.7
2026-06-26T08:00,31.8,55,35.6,348.0,6.0,0.0,1005.1
2026-06-26T09:00,33.6,47,36.6,542.0,7.6,0.0,1005.2
2026-06-26T10:00,35.0,42,38.9,706.0,6.7,0.0,1005.1
2026-06-26T11:00,36.6,38,41.3,819.0,5.9,0.0,1004.7
2026-06-26T12:00,36.7,39,42.3,878.0,3.5,0.0,1004.1
2026-06-26T13:00,37.0,38,42.4,864.0,3.6,0.0,1003.4
2026-06-26T14:00,37.2,37,42.2,784.0,2.3,0.0,1002.4
2026-06-26T15:00,36.6,37,40.3,657.0,3.5,0.1,1001.9
2026-06-26T16:00,36.2,37,39.5,444.0,2.1,0.4,1001.4
2026-06-26T17:00,36.3,36,38.8,284.0,4.9,0.3,1000.7
2026-06-26T18:00,34.6,43,37.5,141.0,7.4,0.0,1001.6
2026-06-26T19:00,32.8,55,37.3,27.0,4.2,0.0,1002.6
2026-06-26T20:00,31.9,61,37.0,0.0,3.8,0.0,1003.0
2026-06-26T21:00,31.1,66,36.4,0.0,4.9,0.0,1003.7
2026-06-26T22:00,30.6,69,36.5,0.0,3.1,0.0,1004.1
2026-06-26T23:00,30.9,64,35.5,0.0,6.6,0.0,1004.0
2026-06-27T00:00,30.7,59,34.5,0.0,7.4,0.0,1003.9
2026-06-27T01:00,29.9,61,33.2,0.0,9.4,0.0,1003.8
2026-06-27T02:00,29.2,65,32.6,0.0,9.8,0.0,1003.6
2026-06-27T03:00,28.8,68,32.4,0.0,9.7,0.0,1003.5
2026-06-27T04:00,28.6,69,32.3,0.0,9.6,0.0,1003.5
2026-06-27T05:00,29.0,65,32.4,0.0,9.7,0.0,1003.2
2026-06-27T06:00,29.1,65,32.6,30.0,9.5,0.0,1003.8
2026-06-27T07:00,30.4,61,34.1,164.0,8.4,0.0,1004.1
2026-06-27T08:00,32.2,55,35.8,351.0,8.7,0.0,1004.4
2026-06-27T09:00,34.1,47,37.1,543.0,9.6,0.0,1004.6
2026-06-27T10:00,35.5,42,39.2,709.0,8.9,0.0,1004.3
2026-06-27T11:00,37.3,36,41.1,799.0,8.8,0.1,1003.7
2026-06-27T12:00,37.6,35,41.8,863.0,8.0,0.0,1003.1
2026-06-27T13:00,38.0,33,41.9,882.0,8.8,0.0,1002.3
2026-06-27T14:00,38.1,31,41.4,815.0,8.2,0.0,1001.4
2026-06-27T15:00,38.0,31,40.3,680.0,8.9,0.0,1000.5
2026-06-27T16:00,37.3,33,38.7,505.0,10.4,0.1,999.5
2026-06-27T17:00,37.9,28,38.8,343.0,8.5,0.0,998.7
2026-06-27T18:00,37.1,32,39.0,162.0,5.4,0.0,999.2
2026-06-27T19:00,35.6,42,39.5,29.0,1.4,0.0,999.8
2026-06-27T20:00,34.6,46,38.6,0.0,3.1,0.0,1000.5
2026-06-27T21:00,33.9,47,37.5,0.0,4.8,0.0,1001.0
2026-06-27T22:00,32.9,46,34.8,0.0,12.4,0.0,1001.9
2026-06-27T23:00,32.3,50,35.1,0.0,9.1,0.0,1001.9
2026-06-28T00:00,31.8,53,34.5,0.0,10.3,0.0,1001.6
2026-06-28T01:00,30.9,58,33.9,0.0,11.3,0.0,1001.3
2026-06-28T02:00,30.1,64,33.6,0.0,11.0,0.0,1001.1
2026-06-28T03:00,29.0,69,32.2,0.0,14.0,0.0,1001.5
2026-06-28T04:00,28.3,72,31.7,0.0,12.8,0.0,1001.8
2026-06-28T05:00,28.1,75,32.2,0.0,10.8,0.0,1001.6
2026-06-28T06:00,28.9,70,33.1,27.0,7.6,0.0,1001.9
2026-06-28T07:00,30.3,62,34.4,151.0,6.9,0.0,1002.1
2026-06-28T08:00,32.4,53,35.7,336.0,9.3,0.0,1002.5
2026-06-28T09:00,34.2,46,36.8,528.0,12.4,0.0,1002.5
2026-06-28T10:00,35.8,42,39.1,695.0,13.0,0.0,1002.4
2026-06-28T11:00,37.4,37,41.1,821.0,12.1,0.0,1001.7
2026-06-28T12:00,38.1,35,41.8,839.0,11.1,0.0,1001.1
2026-06-28T13:00,38.6,33,42.0,789.0,10.5,0.1,1000.1
2026-06-28T14:00,39.0,32,42.3,779.0,10.1,0.0,999.1
2026-06-28T15:00,39.3,30,41.6,678.0,10.8,0.0,998.2
2026-06-28T16:00,38.7,31,40.1,524.0,11.7,0.0,997.5
2026-06-28T17:00,37.8,33,39.5,329.0,10.4,0.0,997.5
2026-06-28T18:00,36.7,36,38.4,157.0,12.2,0.0,998.0
2026-06-28T19:00,35.3,39,37.8,27.0,7.1,0.0,998.9
2026-06-28T20:00,34.7,43,37.0,0.0,10.7,0.0,999.5
2026-06-28T21:00,33.7,48,36.9,0.0,7.8,0.0,1000.1
2026-06-28T22:00,29.9,67,34.7,0.0,5.5,0.5,1001.2
2026-06-28T23:00,33.0,50,36.4,0.0,7.8,0.9,1000.6
2026-06-29T00:00,31.7,56,35.3,0.0,7.8,0.0,1000.1
2026-06-29T01:00,31.0,59,34.4,0.0,10.0,0.0,999.7
2026-06-29T02:00,30.5,60,34.0,0.0,9.5,0.0,999.5
2026-06-29T03:00,30.1,62,33.6,0.0,9.3,0.0,999.7
2026-06-29T04:00,29.8,63,33.6,0.0,8.2,0.0,1000.1
2026-06-29T05:00,28.4,75,32.8,0.0,8.4,0.0,1000.1
2026-06-29T06:00,28.4,75,33.3,27.0,6.6,0.0,1000.5
2026-06-29T07:00,29.8,69,34.6,136.0,6.4,0.0,1000.9
2026-06-29T08:00,31.7,58,35.6,307.0,8.5,0.0,1001.3
2026-06-29T09:00,33.4,48,36.2,504.0,10.7,0.0,1001.5
2026-06-29T10:00,34.9,43,38.0,677.0,11.6,0.0,1001.7
2026-06-29T11:00,36.4,39,40.1,817.0,12.5,0.0,1001.0
2026-06-29T12:00,36.8,39,40.9,868.0,12.1,0.0,1000.4
2026-06-29T13:00,37.6,37,41.9,876.0,11.2,0.0,999.8
2026-06-29T14:00,38.2,36,42.1,815.0,10.9,0.0,999.0
2026-06-29T15:00,37.9,36,41.0,676.0,10.7,0.1,998.1
2026-06-29T16:00,37.2,37,39.7,466.0,9.8,0.3,997.5
2026-06-29T17:00,38.3,31,40.1,329.0,8.0,0.0,996.8
2026-06-29T18:00,37.4,33,39.3,157.0,7.4,0.0,997.2
2026-06-29T19:00,36.2,37,39.0,28.0,4.3,0.0,997.8
2026-06-29T20:00,34.7,44,37.9,0.0,5.8,0.0,998.4
2026-06-29T21:00,33.7,49,37.1,0.0,8.8,0.0,999.2
2026-06-29T22:00,33.4,48,36.4,0.0,8.1,0.0,999.8
2026-06-29T23:00,33.0,51,36.2,0.0,9.1,0.0,999.7
2026-06-30T00:00,32.3,51,35.3,0.0,8.6,0.0,999.7
2026-06-30T01:00,32.1,51,34.6,0.0,11.5,0.0,999.1
2026-06-30T02:00,31.8,50,33.6,0.0,13.5,0.0,998.6
2026-06-30T03:00,31.5,49,32.9,0.0,15.1,0.0,998.6
2026-06-30T04:00,31.1,50,32.6,0.0,14.1,0.0,999.1
2026-06-30T05:00,31.2,52,32.8,0.0,15.5,0.0,998.7
2026-06-30T06:00,31.2,52,32.9,29.0,15.5,0.0,999.5
2026-06-30T07:00,32.1,50,33.8,163.0,16.3,0.0,1000.2
2026-06-30T08:00,33.3,48,35.2,343.0,16.1,0.0,1000.7
2026-06-30T09:00,34.6,45,36.6,542.0,15.7,0.0,1001.1
2026-06-30T10:00,35.9,42,38.8,708.0,14.9,0.0,1001.1
2026-06-30T11:00,37.5,37,41.1,830.0,12.3,0.0,1000.9
2026-06-30T12:00,37.4,37,42.0,894.0,9.7,0.0,1000.7
2026-06-30T13:00,37.5,37,41.5,797.0,9.2,0.0,999.9
2026-06-30T14:00,38.0,36,41.8,760.0,9.7,0.1,999.0
2026-06-30T15:00,37.9,36,40.9,657.0,10.3,0.0,998.4
2026-06-30T16:00,37.6,36,40.1,503.0,9.3,0.0,997.5
2026-06-30T17:00,38.2,32,40.1,336.0,8.9,0.0,997.1
2026-06-30T18:00,37.4,34,39.6,159.0,6.3,0.0,997.8
2026-06-30T19:00,36.3,36,38.8,28.0,4.7,0.0,998.3
2026-06-30T20:00,35.2,40,38.1,0.0,4.6,0.0,998.7
2026-06-30T21:00,34.3,45,37.6,0.0,5.5,0.0,999.3
2026-06-30T22:00,33.5,49,37.2,0.0,6.1,0.0,999.9
2026-06-30T23:00,32.8,53,36.2,0.0,9.4,0.0,1000.0
2026-07-01T00:00,32.1,54,35.0,0.0,11.6,0.0,1000.0
2026-07-01T01:00,31.2,55,33.9,0.0,10.8,0.0,1000.0
2026-07-01T02:00,30.4,57,33.0,0.0,11.1,0.0,999.7
2026-07-01T03:00,29.8,59,32.8,0.0,9.2,0.0,999.6
2026-07-01T04:00,29.3,62,32.6,0.0,7.8,0.0,999.9
2026-07-01T05:00,30.1,64,34.1,0.0,7.3,0.0,999.6
2026-07-01T06:00,30.2,63,34.2,28.0,7.0,0.0,1000.4
2026-07-01T07:00,31.3,56,34.6,155.0,8.6,0.0,1001.0
2026-07-01T08:00,32.6,51,35.3,346.0,11.1,0.0,1001.1
2026-07-01T09:00,33.9,46,36.6,522.0,10.8,0.0,1001.4
2026-07-01T10:00,35.0,43,38.4,637.0,8.6,0.0,1001.6
2026-07-01T11:00,36.1,39,40.0,719.0,5.7,0.1,1001.2
2026-07-01T12:00,36.2,38,40.9,776.0,3.2,0.2,1001.0
2026-07-01T13:00,36.7,37,41.6,749.0,0.4,0.1,1000.1
2026-07-01T14:00,37.2,36,42.3,795.0,1.3,0.1,999.0
2026-07-01T15:00,33.6,50,36.8,605.0,12.6,0.8,998.9
2026-07-01T16:00,32.7,55,36.8,424.0,7.2,0.3,998.7
2026-07-01T17:00,33.2,54,36.7,259.0,11.1,0.1,998.5
2026-07-01T18:00,31.1,65,35.5,132.0,11.3,0.1,998.8
2026-07-01T19:00,30.1,71,35.1,25.0,8.9,0.0,999.6
2026-07-01T20:00,29.6,75,35.3,0.0,5.6,0.0,999.9
2026-07-01T21:00,29.8,74,35.7,0.0,4.1,0.0,1000.6
2026-07-01T22:00,29.9,74,35.7,0.0,4.9,0.0,1001.6
2026-07-01T23:00,29.1,74,34.4,0.0,5.2,0.1,1002.3
2026-07-02T00:00,26.5,93,32.2,0.0,7.4,4.6,1002.7
2026-07-02T01:00,25.5,94,30.2,0.0,11.1,1.5,1002.0
2026-07-02T02:00,25.4,94,30.6,0.0,7.4,1.4,1001.7
2026-07-02T03:00,24.9,96,30.1,0.0,6.3,1.9,1002.1
2026-07-02T04:00,24.4,96,28.9,0.0,9.5,1.7,1001.8
2026-07-02T05:00,26.3,86,32.0,0.0,2.2,0.9,1001.2
2026-07-02T06:00,26.4,87,32.3,14.0,1.4,0.4,1001.5
2026-07-02T07:00,26.7,86,32.3,47.0,3.7,0.1,1002.0
2026-07-02T08:00,27.4,80,32.8,95.0,3.0,0.0,1002.4
2026-07-02T09:00,29.1,71,34.3,257.0,2.8,0.0,1002.8
2026-07-02T10:00,29.3,71,34.6,248.0,3.6,0.0,1003.1
2026-07-02T11:00,31.6,61,37.0,620.0,4.1,0.2,1002.9
2026-07-02T12:00,32.4,60,39.4,823.0,3.9,0.1,1002.3
2026-07-02T13:00,31.7,61,36.9,315.0,3.6,0.0,1001.6
2026-07-02T14:00,33.1,57,39.3,675.0,2.6,0.0,1000.3
2026-07-02T15:00,33.6,56,39.4,617.0,2.9,0.0,999.4
2026-07-02T16:00,33.8,55,39.1,506.0,2.8,0.0,998.8
2026-07-02T17:00,33.0,59,38.0,329.0,6.5,0.2,998.7
2026-07-02T18:00,32.4,62,37.9,149.0,4.7,0.0,998.8
2026-07-02T19:00,31.2,71,37.2,27.0,5.9,0.0,999.4
2026-07-02T20:00,30.5,73,36.4,0.0,6.6,0.0,1000.0
2026-07-02T21:00,30.0,75,35.6,0.0,7.9,0.0,1001.0
2026-07-02T22:00,29.5,76,34.7,0.0,8.9,0.0,1001.7
2026-07-02T23:00,26.5,89,29.9,0.0,20.4,4.8,1003.8
2026-07-03T00:00,25.4,96,31.5,0.0,2.4,2.5,1003.0
2026-07-03T01:00,25.6,96,31.8,0.0,3.6,1.6,1002.2
2026-07-03T02:00,25.6,97,31.8,0.0,4.1,0.5,1001.9
2026-07-03T03:00,25.6,96,31.6,0.0,4.2,0.0,1001.3
2026-07-03T04:00,25.6,97,31.3,0.0,7.6,0.0,1001.1
2026-07-03T05:00,26.0,95,31.5,0.0,8.0,0.0,1001.9
2026-07-03T06:00,26.0,89,31.0,11.0,7.9,0.0,1002.1
2026-07-03T07:00,26.4,86,31.4,58.0,6.7,0.0,1002.6
2026-07-03T08:00,28.3,78,33.0,294.0,9.1,0.0,1002.6
2026-07-03T09:00,29.9,70,34.2,485.0,11.3,0.0,1002.6
2026-07-03T10:00,31.0,64,35.3,607.0,11.3,0.0,1002.5
2026-07-03T11:00,32.0,62,38.6,760.0,5.2,0.0,1002.2
2026-07-03T12:00,32.5,60,38.2,619.0,3.2,0.0,1001.6
2026-07-03T13:00,33.1,57,38.8,608.0,2.7,0.0,1000.9
2026-07-03T14:00,33.2,56,38.1,544.0,4.6,0.0,999.8
2026-07-03T15:00,33.4,56,38.5,592.0,5.7,0.0,999.3
2026-07-03T16:00,33.3,57,38.3,463.0,5.6,0.0,998.5
2026-07-03T17:00,32.7,58,37.6,283.0,4.9,0.7,997.7
2026-07-03T18:00,31.2,69,36.9,110.0,5.5,0.0,998.3
2026-07-03T19:00,28.9,82,35.3,23.0,4.7,0.1,999.4
2026-07-03T20:00,28.3,86,35.0,0.0,3.2,0.1,999.9
2026-07-03T21:00,28.4,84,34.7,0.0,5.5,0.1,1000.5
2026-07-03T22:00,28.4,84,34.8,0.0,3.9,0.0,1000.6
2026-07-03T23:00,28.7,85,35.5,0.0,3.5,0.6,1000.7
2026-07-04T00:00,28.3,87,35.1,0.0,3.8,0.0,1000.6
2026-07-04T01:00,28.0,87,34.5,0.0,4.4,0.0,1000.3
2026-07-04T02:00,27.5,88,33.6,0.0,5.0,0.0,1000.1
2026-07-04T03:00,27.3,87,33.1,0.0,6.0,0.0,1000.1
2026-07-04T04:00,27.0,86,32.3,0.0,7.1,0.0,1000.2
2026-07-04T05:00,27.2,89,33.4,0.0,3.7,0.0,1000.0
2026-07-04T06:00,27.5,87,33.7,24.0,3.7,0.0,1000.8
2026-07-04T07:00,28.2,80,34.1,102.0,3.0,0.0,1001.1
2026-07-04T08:00,28.4,79,33.6,232.0,7.3,0.2,1001.5
2026-07-04T09:00,28.5,79,33.7,265.0,7.3,0.0,1000.9
2026-07-04T10:00,30.1,71,36.0,564.0,3.1,0.1,1000.4
2026-07-04T11:00,31.1,66,36.8,564.0,3.2,0.0,1000.2
2026-07-04T12:00,32.1,63,38.6,676.0,3.3,0.0,999.9
2026-07-04T13:00,32.6,61,38.7,612.0,2.7,0.0,999.1
2026-07-04T14:00,33.3,58,39.7,669.0,2.7,0.0,997.9
2026-07-04T15:00,33.3,57,38.5,578.0,5.1,0.0,997.0
2026-07-04T16:00,33.3,56,38.2,458.0,4.8,0.0,996.2
2026-07-04T17:00,32.7,58,37.9,312.0,3.4,0.0,996.6
2026-07-04T18:00,32.7,58,38.1,138.0,2.1,0.0,996.5
2026-07-04T19:00,31.3,69,37.4,24.0,4.2,0.0,996.9
2026-07-04T20:00,30.4,74,36.4,0.0,5.2,0.0,997.7
2026-07-04T21:00,29.7,77,35.9,0.0,4.2,0.0,998.4
2026-07-04T22:00,29.3,78,35.5,0.0,4.3,0.0,999.0
2026-07-04T23:00,29.8,81,37.1,0.0,1.2,0.0,998.4
2026-07-05T00:00,29.4,81,36.4,0.0,1.9,0.0,998.5
2026-07-05T01:00,29.1,83,36.0,0.0,2.5,0.0,998.4
2026-07-05T02:00,28.9,84,35.7,0.0,2.7,0.0,998.1
2026-07-05T03:00,28.6,85,35.3,0.0,4.2,0.0,997.9
2026-07-05T04:00,28.4,85,34.9,0.0,4.5,0.0,997.8
2026-07-05T05:00,28.4,87,35.1,0.0,4.1,0.0,998.2
2026-07-05T06:00,28.6,86,35.4,25.0,3.6,0.0,998.6
2026-07-05T07:00,29.6,80,35.9,128.0,6.7,0.0,999.4
2026-07-05T08:00,31.2,69,37.0,306.0,6.0,0.0,999.5
2026-07-05T09:00,32.7,62,38.5,512.0,3.9,0.0,999.4
2026-07-05T10:00,33.4,58,39.7,668.0,4.2,0.1,999.2
2026-07-05T11:00,32.1,62,37.8,730.0,9.2,0.2,999.1
2026-07-05T12:00,33.0,61,39.3,613.0,3.0,0.4,998.7
2026-07-05T13:00,34.2,54,41.1,842.0,4.2,0.1,997.6
2026-07-05T14:00,34.5,52,40.9,733.0,3.3,0.1,997.2
2026-07-05T15:00,34.9,52,40.7,669.0,4.2,0.0,996.6
2026-07-05T16:00,34.6,52,39.4,523.0,5.6,0.6,996.1
2026-07-05T17:00,34.9,53,40.0,323.0,6.2,0.2,995.2
2026-07-05T18:00,33.4,63,39.3,159.0,7.3,0.0,995.7
2026-07-05T19:00,29.8,86,37.2,25.0,5.0,0.8,997.3
2026-07-05T20:00,28.4,93,35.6,0.0,7.1,0.5,998.3
2026-07-05T21:00,26.9,97,33.4,0.0,8.1,2.2,1000.5
2026-07-05T22:00,26.8,96,33.9,0.0,2.7,4.3,1001.5
2026-07-05T23:00,26.1,96,31.1,0.0,13.3,3.2,1000.3
2026-07-06T00:00,26.0,96,32.0,0.0,5.4,1.2,1000.2
2026-07-06T01:00,26.1,96,32.4,0.0,4.0,0.5,999.5
2026-07-06T02:00,26.1,96,32.4,0.0,4.5,0.0,999.0
2026-07-06T03:00,26.3,95,33.0,0.0,1.5,0.0,998.5
2026-07-06T04:00,26.1,95,32.3,0.0,5.1,0.0,998.6
2026-07-06T05:00,27.2,85,32.8,0.0,5.3,0.0,998.4
2026-07-06T06:00,27.3,86,33.2,26.0,4.0,0.0,998.8
2026-07-06T07:00,28.4,82,34.7,141.0,2.7,0.0,999.4
2026-07-06T08:00,29.5,78,36.1,246.0,2.3,0.0,999.8
2026-07-06T09:00,30.7,74,37.3,356.0,2.8,0.0,1000.2
2026-07-06T10:00,31.7,68,37.7,455.0,4.6,0.0,1000.1
2026-07-06T11:00,32.0,66,39.0,714.0,3.9,0.1,999.9
2026-07-06T12:00,33.7,60,41.7,861.0,4.3,0.0,998.8
2026-07-06T13:00,34.4,57,42.2,868.0,5.0,0.0,998.2
2026-07-06T14:00,34.7,56,42.2,800.0,3.8,0.0,997.4
2026-07-06T15:00,34.8,54,41.4,696.0,4.0,0.0,996.8
2026-07-06T16:00,34.6,55,40.1,528.0,5.2,0.0,996.1
2026-07-06T17:00,33.7,53,38.9,336.0,1.3,0.2,996.3
2026-07-06T18:00,32.9,62,39.0,143.0,2.0,0.1,996.6
2026-07-06T19:00,31.2,72,37.6,27.0,4.0,0.0,997.0
2026-07-06T20:00,30.5,76,37.1,0.0,4.3,0.0,997.7
2026-07-06T21:00,29.9,79,36.3,0.0,6.1,0.0,998.5
2026-07-06T22:00,29.5,79,35.7,0.0,5.6,0.0,998.9
2026-07-06T23:00,29.4,81,35.9,0.0,4.3,0.0,999.1
2026-07-07T00:00,28.9,82,35.3,0.0,3.5,0.0,999.2
2026-07-07T01:00,28.6,81,34.9,0.0,2.8,0.0,998.7
2026-07-07T02:00,28.1,83,34.3,0.0,3.1,0.0,999.0
2026-07-07T03:00,27.3,88,33.5,0.0,4.2,0.2,998.4
2026-07-07T04:00,27.2,90,33.7,0.0,3.5,0.0,998.5
2026-07-07T05:00,28.5,89,35.9,0.0,2.4,0.0,998.4
2026-07-07T06:00,27.5,91,33.8,24.0,7.4,0.4,999.1
2026-07-07T07:00,27.6,90,33.9,114.0,6.8,0.1,1000.2
2026-07-07T08:00,28.7,83,34.4,224.0,9.2,0.1,1000.0
2026-07-07T09:00,26.9,95,32.9,216.0,9.6,1.2,1000.5
2026-07-07T10:00,28.3,86,34.4,302.0,7.5,0.6,1000.4
2026-07-07T11:00,29.5,76,35.7,719.0,8.9,0.1,1000.2
2026-07-07T12:00,30.8,71,36.4,592.0,8.7,0.3,999.4
2026-07-07T13:00,32.5,63,39.6,807.0,6.3,0.0,997.9
2026-07-07T14:00,33.4,55,39.0,706.0,6.3,0.0,997.1
2026-07-07T15:00,33.8,54,38.9,607.0,5.8,0.0,996.4
2026-07-07T16:00,33.5,55,38.3,471.0,6.1,0.0,996.0
2026-07-07T17:00,31.1,65,36.0,227.0,7.5,0.0,996.4
2026-07-07T18:00,29.2,77,34.7,61.0,7.1,0.4,997.1
2026-07-07T19:00,28.9,77,34.6,5.0,4.9,0.0,997.6
2026-07-07T20:00,28.5,80,34.3,0.0,4.2,0.1,998.5
2026-07-07T21:00,27.9,84,33.9,0.0,4.2,0.1,999.3
2026-07-07T22:00,27.6,85,33.7,0.0,4.0,0.0,999.4
2026-07-07T23:00,27.1,80,32.5,0.0,1.5,0.0,999.4
2026-07-08T00:00,26.7,83,32.1,0.0,3.1,0.1,999.0
2026-07-08T01:00,25.3,93,30.6,0.0,6.4,1.9,999.0
2026-07-08T02:00,25.5,95,31.1,0.0,5.4,1.0,997.9
2026-07-08T03:00,25.5,94,30.7,0.0,8.0,0.0,997.6
2026-07-08T04:00,25.5,93,30.4,0.0,8.8,0.0,997.7
2026-07-08T05:00,26.4,90,32.0,0.0,5.7,0.0,997.3
2026-07-08T06:00,26.6,89,32.2,23.0,6.0,0.0,997.6
2026-07-08T07:00,27.5,83,32.6,132.0,8.2,0.0,997.9
2026-07-08T08:00,28.7,76,33.4,271.0,9.6,0.0,998.1
2026-07-08T09:00,29.6,70,33.6,331.0,11.3,0.1,998.1
2026-07-08T10:00,30.0,68,33.8,402.0,13.1,0.1,998.2
2026-07-08T11:00,31.3,58,34.8,605.0,12.1,0.3,997.9
2026-07-08T12:00,32.1,57,36.0,691.0,13.3,0.4,997.4
2026-07-08T13:00,32.0,57,36.0,713.0,13.8,0.3,996.9
2026-07-08T14:00,31.6,60,35.5,590.0,12.2,0.0,996.3
2026-07-08T15:00,31.7,59,35.6,624.0,12.1,0.0,996.0
2026-07-08T16:00,31.3,62,35.3,526.0,9.7,0.0,995.4
2026-07-08T17:00,29.5,75,34.9,330.0,7.6,0.0,995.8
2026-07-08T18:00,29.5,75,35.2,104.0,4.4,0.0,996.3
2026-07-08T19:00,29.0,78,34.8,10.0,4.6,0.0,996.8
2026-07-08T20:00,28.6,79,34.4,0.0,4.6,0.0,997.4
2026-07-08T21:00,28.3,80,34.0,0.0,4.3,0.0,998.2
2026-07-08T22:00,27.4,84,33.2,0.0,3.7,0.0,998.4
2026-07-08T23:00,27.1,84,32.8,0.0,3.7,0.0,998.4
2026-07-09T00:00,26.7,85,31.6,0.0,7.3,0.0,998.0
2026-07-09T01:00,26.5,84,31.3,0.0,7.4,0.0,997.6
2026-07-09T02:00,26.4,84,31.0,0.0,7.7,0.0,997.5
2026-07-09T03:00,26.4,84,31.2,0.0,7.1,0.0,997.7
2026-07-09T04:00,26.2,87,31.3,0.0,6.5,0.0,998.0
2026-07-09T05:00,26.4,84,30.8,0.0,8.3,0.0,997.9
2026-07-09T06:00,26.6,83,31.2,21.0,7.7,0.0,998.1
2026-07-09T07:00,27.6,80,32.5,122.0,6.8,0.0,999.0
2026-07-09T08:00,29.0,74,33.8,327.0,8.0,0.0,999.4
2026-07-09T09:00,30.3,68,34.7,490.0,9.7,0.0,999.6
2026-07-09T10:00,31.6,63,36.2,610.0,11.3,0.0,999.8
2026-07-09T11:00,31.8,60,36.8,793.0,13.1,0.0,1000.2
2026-07-09T12:00,32.2,63,37.5,751.0,13.7,0.1,1000.1
2026-07-09T13:00,32.8,61,38.2,780.0,14.4,0.0,999.1
2026-07-09T14:00,33.1,59,38.2,751.0,14.8,0.1,998.5
2026-07-09T15:00,33.5,56,38.1,700.0,14.2,0.0,998.1
2026-07-09T16:00,32.9,56,36.6,469.0,12.5,0.0,997.7
2026-07-09T17:00,32.7,56,36.4,277.0,11.3,0.1,998.5
2026-07-09T18:00,29.9,70,34.1,148.0,11.6,0.1,999.2
2026-07-09T19:00,29.1,73,33.6,27.0,9.1,0.0,999.4
2026-07-09T20:00,28.6,76,33.4,0.0,8.0,0.0,1000.2
2026-07-09T21:00,28.3,78,33.3,0.0,8.2,0.0,1001.0
2026-07-09T22:00,28.1,79,32.7,0.0,10.3,0.0,1001.4
2026-07-09T23:00,28.2,80,32.9,0.0,11.2,0.0,1001.4
2026-07-10T00:00,27.9,81,32.7,0.0,10.4,0.0,1000.9
2026-07-10T01:00,27.7,83,32.5,0.0,11.0,0.0,1000.3
2026-07-10T02:00,27.4,83,32.1,0.0,10.3,0.0,1000.2
2026-07-10T03:00,27.2,82,31.7,0.0,10.4,0.0,999.9
2026-07-10T04:00,27.1,80,31.1,0.0,11.7,0.0,1000.2
2026-07-10T05:00,27.7,76,31.3,0.0,13.7,0.0,1000.3
2026-07-10T06:00,28.0,75,31.6,25.0,12.8,0.0,1001.0
2026-07-10T07:00,28.9,73,32.9,154.0,12.1,0.0,1001.6
2026-07-10T08:00,29.9,70,33.6,340.0,15.8,0.0,1001.8
2026-07-10T09:00,31.1,67,35.1,532.0,15.4,0.0,1002.0
2026-07-10T10:00,32.2,64,37.0,683.0,15.2,0.0,1001.8
2026-07-10T11:00,32.7,60,37.7,812.0,15.3,0.0,1001.7
2026-07-10T12:00,33.4,56,38.9,868.0,13.9,0.0,1001.5
2026-07-10T13:00,33.9,55,39.6,858.0,12.9,0.0,1000.8
2026-07-10T14:00,34.0,54,38.9,768.0,13.7,0.0,1000.1
2026-07-10T15:00,34.1,52,38.1,676.0,14.3,0.0,999.6
2026-07-10T16:00,33.8,52,36.9,548.0,14.3,0.0,998.9
2026-07-10T17:00,33.1,54,36.4,364.0,13.4,0.0,998.5
2026-07-10T18:00,31.9,58,35.5,169.0,11.6,0.0,998.9
2026-07-10T19:00,30.6,62,34.5,30.0,9.6,0.0,999.5
2026-07-10T20:00,29.9,65,33.8,0.0,9.1,0.0,1000.4
2026-07-10T21:00,29.6,66,33.2,0.0,11.2,0.0,1001.1
2026-07-10T22:00,29.2,67,32.5,0.0,12.6,0.0,1001.5
2026-07-10T23:00,28.9,67,31.7,0.0,15.0,0.0,1001.0
2026-07-11T00:00,28.4,67,31.0,0.0,14.4,0.0,1000.6
2026-07-11T01:00,28.0,67,30.5,0.0,13.8,0.0,999.9
2026-07-11T02:00,27.6,69,30.3,0.0,12.8,0.0,999.5
2026-07-11T03:00,27.3,71,30.1,0.0,12.0,0.0,999.4
2026-07-11T04:00,27.1,72,30.1,0.0,11.8,0.0,999.6
2026-07-11T05:00,26.8,75,29.5,0.0,15.3,0.0,1000.0
2026-07-11T06:00,26.7,76,29.4,25.0,15.4,0.0,1000.5
2026-07-11T07:00,27.3,74,30.1,158.0,15.6,0.0,1000.6
2026-07-11T08:00,28.2,70,30.7,350.0,17.3,0.0,1001.0
2026-07-11T09:00,29.3,65,31.7,531.0,16.9,0.0,1001.1
2026-07-11T10:00,30.4,61,33.9,682.0,13.7,0.0,1001.1
2026-07-11T11:00,31.2,58,35.6,832.0,13.6,0.0,1000.7
2026-07-11T12:00,31.8,57,36.8,876.0,12.8,0.0,1000.4
2026-07-11T13:00,32.4,56,37.4,873.0,12.4,0.0,999.5
2026-07-11T14:00,32.9,54,37.6,836.0,13.2,0.0,998.5
2026-07-11T15:00,33.0,54,37.1,724.0,13.6,0.0,998.0
2026-07-11T16:00,32.8,54,35.9,558.0,13.3,0.0,997.5
2026-07-11T17:00,32.8,55,36.1,366.0,12.6,0.0,997.2
2026-07-11T18:00,31.9,60,36.1,155.0,8.7,0.0,997.6
2026-07-11T19:00,30.8,64,35.1,28.0,8.9,0.0,997.9
2026-07-11T20:00,30.2,66,34.6,0.0,8.6,0.0,998.4
2026-07-11T21:00,30.0,66,33.9,0.0,10.6,0.0,999.2
2026-07-11T22:00,29.8,66,33.2,0.0,12.7,0.0,999.5
2026-07-11T23:00,29.5,67,33.2,0.0,11.0,0.0,999.3
2026-07-12T00:00,28.8,70,32.9,0.0,8.6,0.0,999.2
2026-07-12T01:00,28.4,71,32.1,0.0,10.0,0.0,998.5
2026-07-12T02:00,28.1,71,31.6,0.0,10.7,0.0,998.0
2026-07-12T03:00,27.7,72,31.0,0.0,12.2,0.0,997.3
2026-07-12T04:00,27.5,72,30.4,0.0,13.6,0.0,997.3
2026-07-12T05:00,26.9,76,29.8,0.0,15.5,0.0,997.8
2026-07-12T06:00,26.8,78,30.0,24.0,13.9,0.0,998.4
2026-07-12T07:00,27.3,75,30.3,156.0,15.4,0.0,998.6
2026-07-12T08:00,28.1,72,31.0,350.0,15.6,0.0,998.9
2026-07-12T09:00,29.2,67,32.3,541.0,14.5,0.0,999.2
2026-07-12T10:00,30.5,61,34.4,704.0,12.7,0.0,999.2
2026-07-12T11:00,31.9,55,36.7,848.0,11.2,0.0,998.8
2026-07-12T12:00,32.8,51,37.7,895.0,11.3,0.0,998.7
2026-07-12T13:00,33.5,49,38.1,889.0,12.0,0.0,997.9
2026-07-12T14:00,33.9,48,38.1,848.0,13.1,0.0,997.2
2026-07-12T15:00,33.9,48,37.5,731.0,13.4,0.0,997.1
2026-07-12T16:00,33.9,48,36.6,558.0,12.5,0.0,997.0
2026-07-12T17:00,33.8,50,37.2,352.0,10.1,0.0,996.8
2026-07-12T18:00,33.0,56,37.3,160.0,7.5,0.0,997.1
2026-07-12T19:00,31.5,60,35.4,27.0,10.7,0.0,997.6
2026-07-12T20:00,30.8,62,34.2,0.0,11.7,0.0,998.2
2026-07-12T21:00,30.2,63,33.5,0.0,12.4,0.0,999.0
2026-07-12T22:00,29.8,64,33.0,0.0,12.5,0.0,999.3
2026-07-12T23:00,29.7,64,32.7,0.0,13.3,0.0,999.1
2026-07-13T00:00,29.5,64,32.4,0.0,13.8,0.0,999.0
2026-07-13T01:00,29.1,65,31.9,0.0,14.1,0.0,998.8
2026-07-13T02:00,28.9,64,31.6,0.0,13.2,0.0,998.5
2026-07-13T03:00,28.4,67,31.5,0.0,11.3,0.0,998.1
2026-07-13T04:00,27.9,69,31.0,0.0,11.8,0.0,998.2
2026-07-13T05:00,27.8,71,30.7,0.0,13.8,0.0,998.8
2026-07-13T06:00,27.7,72,30.8,23.0,12.5,0.0,999.4
2026-07-13T07:00,28.4,70,31.7,148.0,12.2,0.0,1000.1
2026-07-13T08:00,29.3,67,32.7,332.0,12.8,0.0,1000.6
2026-07-13T09:00,30.9,61,34.2,533.0,12.6,0.0,1000.6
2026-07-13T10:00,31.8,59,35.9,650.0,11.4,0.0,1000.7
2026-07-13T11:00,32.2,58,36.0,425.0,10.0,0.0,1000.7
2026-07-13T12:00,32.6,57,37.6,747.0,10.3,0.2,1000.6
2026-07-13T13:00,33.5,53,39.1,837.0,9.4,0.1,999.8
2026-07-13T14:00,34.0,52,39.2,776.0,9.8,0.1,999.3
2026-07-13T15:00,34.1,52,38.2,631.0,10.6,0.0,998.8
2026-07-13T16:00,34.0,51,37.5,507.0,10.6,0.0,998.3
2026-07-13T17:00,34.4,47,37.8,337.0,8.2,0.0,998.0
2026-07-13T18:00,33.5,52,37.5,163.0,6.6,0.0,998.3
2026-07-13T19:00,32.0,59,36.3,29.0,7.8,0.0,999.0
2026-07-13T20:00,31.4,59,35.2,0.0,9.5,0.0,999.6
2026-07-13T21:00,31.2,59,34.6,0.0,10.3,0.0,1000.2
2026-07-13T22:00,31.0,58,33.7,0.0,14.3,0.0,1001.0
2026-07-13T23:00,30.5,61,33.6,0.0,12.5,0.0,1001.0
2026-07-14T00:00,30.0,62,33.1,0.0,11.8,0.0,1000.9
2026-07-14T01:00,29.3,63,32.3,0.0,11.5,0.0,1000.2
2026-07-14T02:00,28.8,64,31.6,0.0,11.7,0.0,1000.1
2026-07-14T03:00,28.4,65,31.1,0.0,11.7,0.0,999.9
2026-07-14T04:00,27.9,67,30.7,0.0,11.6,0.0,1000.2
2026-07-14T05:00,28.7,66,31.2,0.0,15.4,0.0,1000.3
2026-07-14T06:00,28.8,65,31.2,23.0,15.4,0.0,1001.0
2026-07-14T07:00,29.3,62,31.6,157.0,14.8,0.0,1001.5
2026-07-14T08:00,29.9,61,32.3,351.0,15.2,0.0,1001.8
2026-07-14T09:00,30.8,60,33.3,549.0,16.2,0.0,1002.5
2026-07-14T10:00,32.4,54,35.8,715.0,15.9,0.0,1002.6
2026-07-14T11:00,33.3,51,37.6,805.0,13.0,0.0,1002.9
2026-07-14T12:00,33.8,49,38.7,870.0,11.4,0.0,1002.3
2026-07-14T13:00,34.2,48,39.0,840.0,10.8,0.1,1001.8
2026-07-14T14:00,34.6,47,39.1,806.0,11.4,0.0,1001.2
2026-07-14T15:00,34.5,48,38.2,684.0,11.9,0.0,1000.6
2026-07-14T16:00,34.3,48,37.3,542.0,11.6,0.0,1000.4
2026-07-14T17:00,33.8,46,36.4,348.0,9.9,0.0,1000.2
2026-07-14T18:00,33.1,47,35.6,164.0,10.4,0.0,1000.4
2026-07-14T19:00,32.2,51,35.0,29.0,9.5,0.0,1001.0
2026-07-14T20:00,31.5,53,34.3,0.0,10.4,0.0,1001.6
2026-07-14T21:00,30.8,55,33.4,0.0,11.1,0.0,1002.5
2026-07-14T22:00,30.4,56,33.0,0.0,10.0,0.0,1003.1
2026-07-14T23:00,30.7,56,33.0,0.0,13.5,0.0,1002.5
2026-07-15T00:00,30.4,57,32.9,0.0,11.7,0.0,1002.4
2026-07-15T01:00,30.1,56,32.4,0.0,12.0,0.0,1002.3
2026-07-15T02:00,29.8,56,32.1,0.0,10.7,0.0,1002.1
2026-07-15T03:00,29.1,58,31.5,0.0,10.4,0.0,1001.8
2026-07-15T04:00,28.6,61,31.0,0.0,10.2,0.0,1002.0
2026-07-15T05:00,29.1,58,31.2,0.0,12.7,0.0,1002.1
2026-07-15T06:00,28.9,60,31.0,16.0,13.0,0.0,1002.7
2026-07-15T07:00,29.5,60,31.6,123.0,14.6,0.0,1003.2
2026-07-15T08:00,30.4,58,32.5,292.0,15.2,0.0,1003.8
2026-07-15T09:00,31.5,54,33.8,498.0,14.6,0.0,1004.3
2026-07-15T10:00,31.9,53,34.5,465.0,12.4,0.0,1004.6
2026-07-15T11:00,33.6,48,36.4,453.0,10.9,0.0,1004.6
2026-07-15T12:00,34.1,47,38.9,823.0,8.8,0.1,1004.3
2026-07-15T13:00,34.7,45,39.4,793.0,7.2,0.0,1003.5
2026-07-15T14:00,34.8,44,38.9,683.0,6.8,0.0,1002.9
2026-07-15T15:00,34.6,44,37.9,608.0,8.8,0.0,1002.3
2026-07-15T16:00,34.1,46,36.9,490.0,9.7,0.0,1002.0
2026-07-15T17:00,33.8,44,36.3,314.0,8.4,0.1,1001.3
2026-07-15T18:00,33.0,47,35.6,161.0,8.0,0.0,1001.8
2026-07-15T19:00,32.2,51,35.6,28.0,4.7,0.0,1002.4
2026-07-15T20:00,31.5,55,35.5,0.0,3.4,0.0,1002.9
2026-07-15T21:00,31.1,55,34.4,0.0,6.9,0.0,1003.6
2026-07-15T22:00,30.7,54,33.7,0.0,7.5,0.0,1004.1
2026-07-15T23:00,31.2,53,34.1,0.0,8.5,0.0,1003.8
2026-07-16T00:00,30.6,56,33.8,0.0,7.7,0.0,1003.8
2026-07-16T01:00,30.4,58,33.6,0.0,7.7,0.0,1003.2
2026-07-16T02:00,30.2,57,33.2,0.0,8.3,0.0,1003.2
2026-07-16T03:00,29.7,57,32.2,0.0,9.5,0.0,1003.3
2026-07-16T04:00,29.3,58,31.6,0.0,10.3,0.0,1003.3
2026-07-16T05:00,29.1,60,31.5,0.0,11.5,0.0,1003.6
2026-07-16T06:00,29.1,60,31.4,22.0,13.2,0.0,1004.3
2026-07-16T07:00,29.8,60,32.0,151.0,14.7,0.0,1004.7
2026-07-16T08:00,30.7,58,33.1,343.0,15.6,0.0,1005.0
2026-07-16T09:00,32.1,53,34.4,538.0,15.6,0.0,1005.2
2026-07-16T10:00,33.5,47,36.4,695.0,13.9,0.0,1005.1
2026-07-16T11:00,35.1,43,38.6,748.0,12.1,0.0,1004.7
2026-07-16T12:00,35.6,42,40.0,866.0,10.9,0.0,1004.3
2026-07-16T13:00,36.2,40,40.5,876.0,10.4,0.0,1003.6
2026-07-16T14:00,36.1,40,39.8,795.0,11.3,0.0,1002.7
2026-07-16T15:00,35.8,41,38.8,647.0,11.2,0.1,1002.0
2026-07-16T16:00,35.4,42,37.8,515.0,11.7,0.0,1001.5
2026-07-16T17:00,35.7,37,36.9,340.0,13.1,0.0,1000.9
2026-07-16T18:00,35.0,37,36.3,163.0,11.3,0.0,1001.3
2026-07-16T19:00,34.5,38,36.2,28.0,8.8,0.0,1002.0
2026-07-16T20:00,33.6,43,35.7,0.0,8.8,0.0,1002.4
2026-07-16T21:00,33.0,43,34.8,0.0,9.9,0.0,1003.1
2026-07-16T22:00,32.3,45,34.2,0.0,8.9,0.0,1003.4
2026-07-16T23:00,32.3,47,34.4,0.0,9.7,0.0,1002.7
2026-07-17T00:00,31.3,52,33.8,0.0,9.5,0.0,1002.6
2026-07-17T01:00,31.0,54,33.4,0.0,11.5,0.0,1002.5
2026-07-17T02:00,30.7,53,32.7,0.0,12.9,0.0,1002.2
2026-07-17T03:00,30.4,53,32.3,0.0,13.0,0.0,1002.1
2026-07-17T04:00,30.1,55,32.0,0.0,12.4,0.0,1002.4
2026-07-17T05:00,29.8,56,31.6,0.0,14.3,0.0,1002.5
2026-07-17T06:00,29.6,57,31.5,21.0,13.9,0.0,1003.3
2026-07-17T07:00,30.2,55,31.8,144.0,16.1,0.0,1003.9
2026-07-17T08:00,31.1,53,32.8,313.0,15.9,0.0,1004.1
2026-07-17T09:00,32.3,50,34.1,482.0,15.9,0.0,1004.3
2026-07-17T10:00,33.6,47,36.1,658.0,15.1,0.0,1004.4
2026-07-17T11:00,34.8,44,38.5,814.0,13.3,0.0,1004.0
2026-07-17T12:00,35.7,41,40.1,873.0,10.5,0.0,1003.6
2026-07-17T13:00,36.7,39,41.5,880.0,9.0,0.0,1002.8
2026-07-17T14:00,37.0,38,41.2,823.0,9.7,0.0,1001.6
2026-07-17T15:00,36.8,39,40.1,702.0,10.9,0.0,1000.9
2026-07-17T16:00,35.9,41,38.3,496.0,12.0,0.0,1000.5
2026-07-17T17:00,35.7,40,37.9,303.0,10.6,0.0,1000.5
2026-07-17T18:00,34.9,42,37.3,118.0,9.4,0.0,1000.7
2026-07-17T19:00,34.4,43,37.0,27.0,7.7,0.0,1001.3
2026-07-17T20:00,34.1,43,36.9,0.0,5.8,0.0,1002.2
2026-07-17T21:00,33.4,46,36.7,0.0,4.2,0.0,1003.0
2026-07-17T22:00,32.9,50,36.2,0.0,6.7,0.0,1003.1
2026-07-17T23:00,32.8,49,35.7,0.0,8.7,0.0,1002.6
2026-07-18T00:00,32.2,49,34.7,0.0,9.8,0.0,1002.1
2026-07-18T01:00,31.8,49,34.2,0.0,9.6,0.0,1002.1
2026-07-18T02:00,31.0,52,33.4,0.0,9.7,0.0,1002.1
2026-07-18T03:00,30.4,55,32.5,0.0,12.6,0.0,1001.9
2026-07-18T04:00,30.0,56,32.0,0.0,13.5,0.0,1002.0
2026-07-18T05:00,29.8,58,31.9,0.0,14.6,0.0,1002.2
2026-07-18T06:00,29.6,59,31.8,21.0,13.6,0.0,1002.9
2026-07-18T07:00,30.3,57,32.4,150.0,14.8,0.0,1003.3
2026-07-18T08:00,31.5,53,33.5,342.0,15.1,0.0,1003.4
2026-07-18T09:00,32.8,49,34.8,535.0,14.7,0.0,1003.5
2026-07-18T10:00,34.0,46,37.1,704.0,12.9,0.0,1003.4
2026-07-18T11:00,35.8,40,39.5,794.0,10.5,0.0,1002.8
2026-07-18T12:00,36.1,39,40.4,887.0,10.8,0.0,1002.2
2026-07-18T13:00,36.2,39,40.1,826.0,10.8,0.0,1001.4
2026-07-18T14:00,36.6,39,40.5,777.0,10.2,0.1,1000.8
2026-07-18T15:00,36.2,41,39.5,636.0,9.9,0.1,1000.2
2026-07-18T16:00,35.9,42,38.8,494.0,9.5,0.0,999.6
2026-07-18T17:00,36.2,38,38.4,270.0,9.1,0.0,999.6
2026-07-18T18:00,35.4,40,37.9,162.0,8.0,0.0,1000.3
2026-07-18T19:00,34.7,42,37.5,24.0,7.3,0.0,1001.1
2026-07-18T20:00,34.1,45,37.1,0.0,7.3,0.0,1001.5
2026-07-18T21:00,33.5,49,36.8,0.0,7.8,0.0,1002.1
2026-07-18T22:00,32.9,52,36.7,0.0,7.1,0.0,1002.6
2026-07-18T23:00,32.9,51,36.2,0.0,8.4,0.0,1002.2
2026-07-19T00:00,32.4,51,35.7,0.0,7.9,0.0,1002.1
2026-07-19T01:00,32.1,52,35.2,0.0,8.7,0.0,1001.7
2026-07-19T02:00,31.6,55,35.0,0.0,8.6,0.0,1001.4
2026-07-19T03:00,31.2,58,35.0,0.0,6.7,0.0,1001.4
2026-07-19T04:00,30.9,58,34.8,0.0,6.1,0.0,1001.7
2026-07-19T05:00,31.2,57,34.9,0.0,7.2,0.0,1001.7
2026-07-19T06:00,30.9,58,34.3,16.0,8.6,0.0,1002.3
2026-07-19T07:00,31.2,55,33.9,90.0,11.7,0.0,1002.5
2026-07-19T08:00,31.7,53,34.2,240.0,12.9,0.0,1002.9
2026-07-19T09:00,33.0,50,35.5,498.0,13.0,0.0,1003.3
2026-07-19T10:00,34.1,47,37.4,662.0,12.1,0.0,1003.3
2026-07-19T11:00,35.0,45,39.4,777.0,10.1,0.0,1003.0
2026-07-19T12:00,35.8,44,40.5,754.0,7.4,0.0,1002.4
2026-07-19T13:00,36.5,42,42.0,846.0,6.6,0.0,1001.7
2026-07-19T14:00,35.5,45,39.3,535.0,6.0,0.2,1001.4
2026-07-19T15:00,33.9,52,38.1,448.0,6.6,0.0,1001.0
2026-07-19T16:00,32.4,61,37.6,240.0,4.8,0.8,1000.8
2026-07-19T17:00,34.4,46,38.2,191.0,4.1,0.1,1000.5
2026-07-19T18:00,34.5,46,38.1,110.0,5.1,0.0,1000.4
2026-07-19T19:00,33.9,47,37.8,20.0,3.0,0.0,1001.1
2026-07-19T20:00,33.7,47,37.5,0.0,2.4,0.0,1001.8
2026-07-19T21:00,32.9,52,36.8,0.0,5.6,0.0,1002.7
2026-07-19T22:00,32.0,57,36.3,0.0,6.5,0.0,1003.1
2026-07-19T23:00,31.9,60,36.4,0.0,7.8,0.0,1002.9
2026-07-20T00:00,31.5,60,35.5,0.0,9.6,0.0,1002.8
2026-07-20T01:00,31.2,61,35.0,0.0,10.9,0.0,1001.7
2026-07-20T02:00,30.7,62,34.4,0.0,10.2,0.0,1001.4
2026-07-20T03:00,30.4,63,33.9,0.0,11.2,0.0,1001.4
2026-07-20T04:00,30.0,64,33.7,0.0,9.8,0.0,1001.8
2026-07-20T05:00,30.1,67,34.3,0.0,9.8,0.0,1001.7
2026-07-20T06:00,30.1,67,34.3,16.0,9.1,0.0,1002.1
2026-07-20T07:00,30.7,61,34.1,97.0,10.8,0.0,1002.5
2026-07-20T08:00,31.5,56,34.4,228.0,12.1,0.0,1002.7
2026-07-20T09:00,32.5,53,35.5,410.0,11.6,0.0,1003.0
2026-07-20T10:00,33.2,51,36.5,484.0,9.6,0.0,1003.2
2026-07-20T11:00,34.4,45,37.9,404.0,4.9,0.1,1003.2
2026-07-20T12:00,33.5,48,37.2,531.0,4.4,0.0,1002.8
2026-07-20T13:00,33.2,49,36.7,583.0,7.7,0.0,1002.5
2026-07-20T14:00,31.5,59,35.2,333.0,10.0,0.2,1002.1
2026-07-20T15:00,31.1,64,35.4,443.0,10.0,0.5,1001.5
2026-07-20T16:00,30.6,65,35.3,183.0,5.7,0.1,1001.2
2026-07-20T17:00,29.0,78,34.4,210.0,7.4,0.0,1002.0
2026-07-20T18:00,28.8,76,34.1,71.0,5.8,0.0,1002.0
2026-07-20T19:00,28.6,76,34.3,12.0,2.8,0.0,1002.1
2026-07-20T20:00,28.5,77,34.0,0.0,4.4,0.0,1002.8
2026-07-20T21:00,28.4,78,33.8,0.0,5.7,0.0,1003.6
2026-07-20T22:00,28.1,80,33.5,0.0,6.4,0.0,1004.1
2026-07-20T23:00,27.0,91,32.7,0.0,8.5,0.1,1003.7
2026-07-21T00:00,26.0,95,31.6,0.0,8.9,3.1,1003.7
2026-07-21T01:00,25.1,98,30.7,0.0,6.7,3.8,1003.0
2026-07-21T02:00,24.8,97,30.3,0.0,5.1,8.5,1003.1
2026-07-21T03:00,24.7,97,30.1,0.0,6.1,2.8,1002.7
2026-07-21T04:00,24.8,98,30.4,0.0,5.1,0.4,1002.5
2026-07-21T05:00,26.0,97,32.1,0.0,6.2,0.2,1001.8
2026-07-21T06:00,26.0,96,32.0,5.0,6.0,1.1,1002.3
2026-07-21T07:00,26.3,95,32.4,66.0,5.6,0.5,1002.6
2026-07-21T08:00,26.7,92,32.7,138.0,6.2,0.5,1003.1
2026-07-21T09:00,26.8,90,32.7,152.0,6.1,0.9,1003.2
2026-07-21T10:00,26.8,90,32.6,159.0,6.6,1.3,1003.1
2026-07-21T11:00,30.3,71,35.4,203.0,8.3,1.3,1002.9
2026-07-21T12:00,27.1,83,31.3,366.0,12.5,0.9,1002.2
2026-07-21T13:00,26.3,92,31.9,385.0,6.7,3.9,1002.0
2026-07-21T14:00,26.5,91,32.2,186.0,5.6,0.8,1001.3
2026-07-21T15:00,28.4,79,33.9,361.0,5.5,0.1,1000.8
2026-07-21T16:00,28.4,78,33.8,194.0,5.0,0.0,1000.2
2026-07-21T17:00,29.4,71,34.9,231.0,2.0,0.0,999.6
2026-07-21T18:00,28.4,78,34.0,93.0,4.6,0.2,1000.2
2026-07-21T19:00,27.5,86,33.5,13.0,4.3,0.3,1000.8
2026-07-21T20:00,26.9,91,33.0,0.0,5.1,0.1,1001.5
2026-07-21T21:00,26.7,91,32.6,0.0,5.6,0.0,1002.4
2026-07-21T22:00,26.4,93,32.5,0.0,4.8,0.0,1002.4
2026-07-21T23:00,25.9,96,32.4,0.0,2.3,0.0,1002.4
2026-07-22T00:00,25.7,96,32.2,0.0,1.3,0.2,1001.9
2026-07-22T01:00,25.3,99,31.6,0.0,3.3,0.3,1001.4
2026-07-22T02:00,25.0,99,30.7,0.0,5.6,0.5,1000.9
2026-07-22T03:00,25.1,98,31.4,0.0,1.6,0.1,1000.6
2026-07-22T04:00,25.2,97,31.4,0.0,2.2,0.0,1001.0
2026-07-22T05:00,25.8,96,31.8,0.0,5.1,0.0,1000.0
2026-07-22T06:00,25.7,92,30.7,16.0,8.4,0.1,1000.7
2026-07-22T07:00,25.9,92,30.9,103.0,8.9,0.9,1001.2
2026-07-22T08:00,26.9,88,32.2,237.0,8.8,0.2,1001.2
2026-07-22T09:00,28.4,83,34.2,447.0,7.1,0.2,1001.7
2026-07-22T10:00,29.5,75,34.9,607.0,9.1,0.3,1001.7
2026-07-22T11:00,29.4,71,33.6,492.0,10.8,0.5,1001.3
2026-07-22T12:00,29.5,70,33.5,460.0,11.2,0.2,1000.9
2026-07-22T13:00,29.6,70,33.8,578.0,11.2,0.4,1000.2
2026-07-22T14:00,30.3,69,35.9,726.0,9.9,0.6,999.2
2026-07-22T15:00,30.8,68,36.1,616.0,9.0,0.1,998.4
2026-07-22T16:00,30.9,68,35.7,498.0,9.4,0.1,997.5
2026-07-22T17:00,28.5,83,34.7,329.0,4.9,0.0,998.1
2026-07-22T18:00,28.9,79,34.6,144.0,6.7,0.0,998.5
2026-07-22T19:00,27.7,83,33.5,22.0,4.2,0.2,999.4
2026-07-22T20:00,26.0,94,31.7,0.0,6.2,1.7,1000.3
2026-07-22T21:00,25.8,95,31.4,0.0,7.8,1.4,1000.9
2026-07-22T22:00,25.4,97,31.8,0.0,2.2,2.5,1001.8
2026-07-22T23:00,26.6,92,32.9,0.0,3.2,0.2,1000.6
2026-07-23T00:00,26.4,93,32.9,0.0,2.0,0.0,1000.1
2026-07-23T01:00,25.8,94,32.0,0.0,2.2,0.1,999.6
2026-07-23T02:00,25.8,95,32.2,0.0,1.2,0.5,999.4
2026-07-23T03:00,25.2,96,30.0,0.0,11.1,0.1,999.0
2026-07-23T04:00,24.8,95,29.3,0.0,10.7,0.1,999.0
2026-07-23T05:00,25.4,97,30.8,0.0,8.4,0.0,999.0
2026-07-23T06:00,25.5,95,30.6,17.0,9.8,0.0,999.4
2026-07-23T07:00,26.2,89,31.1,129.0,8.6,0.2,999.7
2026-07-23T08:00,27.3,83,32.0,262.0,9.9,0.1,999.3
2026-07-23T09:00,29.0,74,33.5,500.0,10.3,0.1,999.5
2026-07-23T10:00,30.1,68,35.1,668.0,10.5,0.1,999.0
2026-07-23T11:00,30.8,64,36.0,778.0,11.7,0.1,999.0
2026-07-23T12:00,30.9,63,35.9,754.0,11.5,0.2,998.4
2026-07-23T13:00,31.7,60,36.9,823.0,11.9,0.1,997.6
2026-07-23T14:00,31.9,59,37.0,763.0,10.5,0.1,997.1
2026-07-23T15:00,32.1,59,36.8,687.0,10.5,0.0,996.4
2026-07-23T16:00,32.0,58,35.7,522.0,10.6,0.1,995.9
2026-07-23T17:00,28.9,82,35.2,314.0,5.7,0.6,997.2
2026-07-23T18:00,29.1,79,35.1,133.0,5.3,0.2,997.3
2026-07-23T19:00,28.2,85,34.2,15.0,6.0,0.1,997.7
2026-07-23T20:00,27.6,88,33.6,0.0,6.3,0.0,998.5
2026-07-23T21:00,27.2,90,33.2,0.0,6.1,0.0,999.0
2026-07-23T22:00,26.9,90,32.5,0.0,8.2,0.0,999.7
2026-07-23T23:00,26.7,90,32.1,0.0,8.8,0.3,999.5
2026-07-24T00:00,26.2,92,31.8,0.0,6.6,0.0,999.2
2026-07-24T01:00,25.8,93,31.1,0.0,7.3,0.0,999.0
2026-07-24T02:00,25.5,95,31.1,0.0,5.8,0.0,998.6
2026-07-24T03:00,25.4,91,30.7,0.0,4.7,0.2,998.6
2026-07-24T04:00,25.2,93,30.6,0.0,5.2,0.2,998.7
2026-07-24T05:00,25.2,97,30.9,0.0,6.3,0.0,998.3
2026-07-24T06:00,25.0,97,30.1,16.0,8.7,0.2,998.4
2026-07-24T07:00,25.7,96,31.3,121.0,7.1,0.1,999.2
2026-07-24T08:00,26.9,88,32.8,269.0,4.8,0.0,999.4
2026-07-24T09:00,28.4,80,34.2,496.0,4.8,0.0,1000.0
2026-07-24T10:00,29.4,73,34.7,593.0,7.1,0.1,1000.1
2026-07-24T11:00,29.7,69,34.0,503.0,10.4,0.1,999.7
2026-07-24T12:00,30.4,68,35.3,595.0,9.1,0.1,998.8
2026-07-24T13:00,31.1,66,37.4,874.0,11.1,0.1,997.9
2026-07-24T14:00,30.5,67,35.3,721.0,13.6,0.9,997.5
2026-07-24T15:00,31.2,65,36.0,626.0,10.3,0.0,996.9
2026-07-24T16:00,30.9,64,34.9,515.0,11.7,0.1,996.6
2026-07-24T17:00,30.8,63,34.5,339.0,11.6,0.1,996.2
2026-07-24T18:00,29.9,69,34.5,146.0,8.1,0.1,996.6
2026-07-24T19:00,28.9,76,34.4,24.0,5.0,0.0,997.4
2026-07-24T20:00,28.6,74,33.2,0.0,7.4,0.0,998.6
2026-07-24T21:00,28.1,72,31.9,0.0,10.2,0.0,999.4
2026-07-24T22:00,27.6,74,31.1,0.0,11.7,0.0,999.7
2026-07-24T23:00,26.7,83,30.5,0.0,14.2,0.0,1000.2
2026-07-25T00:00,26.3,83,30.3,0.0,11.5,0.0,999.9
2026-07-25T01:00,25.9,85,29.8,0.0,11.0,0.0,1000.1
2026-07-25T02:00,25.8,85,29.7,0.0,11.0,0.0,1000.1
2026-07-25T03:00,25.6,85,29.4,0.0,10.3,0.0,999.9
2026-07-25T04:00,25.4,85,29.4,0.0,9.2,0.0,999.9
2026-07-25T05:00,25.2,89,29.5,0.0,9.0,0.0,1000.3
2026-07-25T06:00,25.5,88,30.0,10.0,7.8,0.1,1001.2
2026-07-25T07:00,25.9,85,29.9,90.0,10.7,0.1,1001.6
2026-07-25T08:00,27.1,79,30.7,315.0,13.0,0.1,1001.5
2026-07-25T09:00,28.1,73,31.7,492.0,12.6,0.1,1001.8
2026-07-25T10:00,29.0,69,32.6,530.0,11.8,0.2,1002.0
2026-07-25T11:00,29.4,67,33.2,632.0,13.2,0.2,1001.6
2026-07-25T12:00,29.8,65,34.3,745.0,12.9,0.4,1001.3
2026-07-25T13:00,31.1,60,35.6,784.0,12.8,0.2,1000.4
2026-07-25T14:00,31.7,58,35.9,765.0,13.6,0.2,999.5
2026-07-25T15:00,31.8,57,35.3,639.0,13.1,0.2,999.1
2026-07-25T16:00,31.8,57,35.1,509.0,12.2,0.1,998.5
2026-07-25T17:00,31.0,60,34.4,333.0,11.7,0.0,999.0
2026-07-25T18:00,30.0,67,34.5,143.0,7.1,0.0,999.6
2026-07-25T19:00,29.0,72,33.9,23.0,6.1,0.0,1000.2
2026-07-25T20:00,28.5,75,33.3,0.0,6.8,0.0,1001.0
2026-07-25T21:00,28.1,75,32.6,0.0,7.6,0.0,1002.1
2026-07-25T22:00,27.6,77,32.1,0.0,7.6,0.0,1002.5
2026-07-25T23:00,27.1,84,32.3,0.0,6.2,0.0,1002.2
2026-07-26T00:00,26.7,85,31.9,0.0,5.9,0.0,1002.0
2026-07-26T01:00,26.4,86,31.8,0.0,4.5,0.0,1001.9
2026-07-26T02:00,26.3,87,31.5,0.0,5.3,0.0,1001.7
2026-07-26T03:00,26.1,87,31.5,0.0,3.6,0.0,1001.5
2026-07-26T04:00,25.9,89,31.6,0.0,1.9,0.0,1001.9
2026-07-26T05:00,26.2,87,31.6,0.0,3.8,0.0,1001.3
2026-07-26T06:00,26.3,87,31.7,16.0,4.3,0.0,1002.0
2026-07-26T07:00,27.1,83,32.7,134.0,3.1,0.0,1002.4
2026-07-26T08:00,28.2,77,33.3,325.0,5.3,0.0,1002.1
2026-07-26T09:00,29.4,71,34.1,530.0,8.1,0.0,1002.3
2026-07-26T10:00,30.1,68,35.1,645.0,8.8,0.1,1002.4
2026-07-26T11:00,31.0,63,36.4,783.0,10.6,0.1,1002.6
2026-07-26T12:00,31.4,62,37.0,816.0,9.8,0.1,1002.4
2026-07-26T13:00,32.0,59,37.7,812.0,8.8,0.2,1001.9
2026-07-26T14:00,32.4,58,38.0,745.0,7.1,0.2,1001.0
2026-07-26T15:00,32.6,57,37.5,637.0,7.0,0.3,1000.1
2026-07-26T16:00,32.5,57,36.8,502.0,7.2,0.3,999.1
2026-07-26T17:00,31.9,59,36.5,326.0,6.3,0.1,999.3
2026-07-26T18:00,31.0,66,36.3,144.0,4.7,0.0,999.4
2026-07-26T19:00,29.7,73,35.2,23.0,4.9,0.0,1000.1
2026-07-26T20:00,29.0,76,34.6,0.0,4.6,0.0,1000.7
2026-07-26T21:00,28.9,78,35.0,0.0,2.1,0.0,1001.3
2026-07-26T22:00,28.5,80,34.7,0.0,2.2,0.0,1001.5
2026-07-26T23:00,28.6,77,34.2,0.0,3.5,0.0,1000.9
2026-07-27T00:00,27.9,80,33.4,0.0,4.0,0.0,1000.6
2026-07-27T01:00,27.3,83,32.7,0.0,5.0,0.0,1000.4
2026-07-27T02:00,26.7,86,32.2,0.0,4.7,0.0,1000.1
2026-07-27T03:00,26.4,88,31.9,0.0,5.6,0.0,1000.4
2026-07-27T04:00,26.2,90,31.6,0.0,5.8,0.0,1000.5
2026-07-27T05:00,26.9,89,32.8,0.0,4.8,0.0,1000.4
2026-07-27T06:00,26.9,89,32.6,16.0,6.2,0.0,1000.4
2026-07-27T07:00,27.8,85,33.7,132.0,5.6,0.0,1000.3
2026-07-27T08:00,29.1,79,35.2,325.0,4.3,0.0,1000.5
2026-07-27T09:00,30.4,69,36.3,512.0,2.1,0.1,1000.5
2026-07-27T10:00,31.4,64,37.8,661.0,2.3,0.1,1000.6
2026-07-27T11:00,32.2,59,38.8,754.0,2.5,0.0,1000.3
2026-07-27T12:00,32.9,60,40.7,856.0,2.1,0.1,999.9
2026-07-27T13:00,33.3,59,40.7,832.0,3.7,0.0,999.0
2026-07-27T14:00,33.6,59,41.1,805.0,3.3,0.0,998.2
2026-07-27T15:00,33.6,59,40.3,699.0,4.5,0.0,997.6
2026-07-27T16:00,32.8,62,38.4,495.0,5.7,0.0,996.7
2026-07-27T17:00,31.7,62,36.8,279.0,5.3,1.2,997.0
2026-07-27T18:00,31.2,69,37.5,144.0,2.0,0.1,997.5
2026-07-27T19:00,30.4,76,37.0,20.0,3.9,0.0,997.9
2026-07-27T20:00,29.8,76,35.4,0.0,8.1,0.1,998.5
2026-07-27T21:00,29.1,80,35.0,0.0,6.5,0.0,998.7
2026-07-27T22:00,28.2,83,34.1,0.0,5.2,0.0,1000.0
2026-07-27T23:00,29.2,81,35.4,0.0,6.1,2.0,999.6
2026-07-28T00:00,26.6,88,30.5,0.0,17.3,0.4,1000.5
2026-07-28T01:00,25.5,95,31.6,0.0,2.2,0.3,999.2
2026-07-28T02:00,25.7,96,31.5,0.0,6.2,0.0,999.1
2026-07-28T03:00,25.8,96,32.0,0.0,3.8,0.0,998.5
2026-07-28T04:00,25.8,97,32.0,0.0,5.2,0.0,998.9
2026-07-28T05:00,26.3,94,32.1,0.0,7.8,0.0,998.9
2026-07-28T06:00,25.8,96,31.9,12.0,5.4,2.6,999.3
2026-07-28T07:00,25.3,96,31.1,52.0,4.2,7.2,1000.1
2026-07-28T08:00,25.4,93,31.1,97.0,2.8,14.3,1001.5
2026-07-28T09:00,25.2,95,30.5,73.0,6.3,5.8,1001.2
2026-07-28T10:00,25.6,95,31.0,193.0,7.5,1.9,1001.3
2026-07-28T11:00,29.7,77,34.9,368.0,10.9,0.1,1000.8
2026-07-28T12:00,28.6,81,34.0,181.0,8.8,0.2,1000.4
2026-07-28T13:00,30.9,73,37.3,581.0,4.6,0.1,999.2
2026-07-28T14:00,32.0,66,38.2,634.0,6.8,0.0,998.4
2026-07-28T15:00,32.0,66,38.2,608.0,4.7,0.2,998.4
2026-07-28T16:00,29.9,75,35.5,401.0,7.5,0.8,998.3
2026-07-28T17:00,27.2,90,33.2,245.0,7.2,0.2,998.8
2026-07-28T18:00,26.7,93,31.8,101.0,12.2,0.9,999.3
2026-07-28T19:00,25.5,96,31.1,17.0,6.9,1.0,1000.3
2026-07-28T20:00,25.7,96,32.2,0.0,1.8,0.3,1000.2
2026-07-28T21:00,25.7,98,32.3,0.0,1.4,0.1,1000.9
2026-07-28T22:00,25.7,97,32.3,0.0,1.9,0.0,1001.5
2026-07-28T23:00,25.7,97,32.0,0.0,4.2,0.0,1001.2
2026-07-29T00:00,25.5,97,31.5,0.0,4.7,0.0,1001.0
2026-07-29T01:00,25.4,96,31.3,0.0,4.6,0.0,1001.0
2026-07-29T02:00,25.3,96,31.0,0.0,5.3,0.0,1000.6
2026-07-29T03:00,25.3,96,30.8,0.0,6.4,0.0,1000.5
2026-07-29T04:00,25.4,95,31.2,0.0,4.8,0.0,1000.5
2026-07-29T05:00,26.7,93,33.0,0.0,4.5,0.0,1000.3
2026-07-29T06:00,26.7,92,32.7,12.0,6.2,0.0,1000.5
2026-07-29T07:00,26.4,89,31.2,123.0,10.1,0.1,1001.2
2026-07-29T08:00,26.8,89,31.7,186.0,11.4,0.7,1001.7
2026-07-29T09:00,27.4,86,32.8,249.0,8.4,0.3,1002.1
2026-07-29T10:00,27.9,84,33.2,422.0,9.9,0.7,1002.1
2026-07-29T11:00,31.1,70,37.5,713.0,7.8,0.3,1001.6
2026-07-29T12:00,32.3,64,39.5,867.0,7.1,0.2,1000.9
2026-07-29T13:00,32.2,63,37.7,626.0,7.7,0.2,1000.1
2026-07-29T14:00,32.4,62,37.6,518.0,6.0,0.2,999.4
2026-07-29T15:00,30.1,75,35.8,553.0,8.2,0.0,998.9
2026-07-29T16:00,30.9,72,37.3,410.0,3.1,0.1,998.3
2026-07-29T17:00,30.4,74,37.2,305.0,1.3,0.1,998.4
2026-07-29T18:00,30.1,76,36.9,104.0,1.9,0.0,998.3
2026-07-29T19:00,29.1,84,36.1,19.0,3.2,0.0,998.9
2026-07-29T20:00,28.8,87,36.0,0.0,2.4,0.0,999.9
2026-07-29T21:00,28.4,89,35.6,0.0,2.3,0.0,1000.5
2026-07-29T22:00,28.1,89,35.2,0.0,2.5,0.0,1000.6
2026-07-29T23:00,28.2,89,35.1,0.0,4.9,0.0,1000.6
2026-07-30T00:00,27.8,91,34.8,0.0,4.0,0.0,999.6
2026-07-30T01:00,27.6,92,34.4,0.0,5.1,0.0,999.5
2026-07-30T02:00,27.5,93,34.4,0.0,3.9,0.0,998.8
2026-07-30T03:00,27.4,92,34.2,0.0,4.0,0.0,998.6
2026-07-30T04:00,24.9,98,30.3,0.0,6.9,2.6,999.7
2026-07-30T05:00,25.5,98,31.4,0.0,6.2,1.2,999.1
2026-07-30T06:00,25.2,95,30.5,10.0,7.1,1.6,999.5
2026-07-30T07:00,26.4,93,32.1,98.0,7.2,0.0,999.9
2026-07-30T08:00,27.9,83,33.6,292.0,5.8,0.0,1000.2
2026-07-30T09:00,29.6,75,35.6,501.0,3.3,0.0,1000.4
2026-07-30T10:00,31.1,68,37.9,684.0,2.7,0.0,1000.3
2026-07-30T11:00,31.8,61,38.4,817.0,5.0,0.1,1000.1
2026-07-30T12:00,32.6,58,39.2,880.0,6.6,0.2,999.5
2026-07-30T13:00,33.1,56,39.3,840.0,7.2,0.3,998.8
2026-07-30T14:00,33.5,55,39.3,794.0,7.9,0.1,997.5
2026-07-30T15:00,33.5,54,38.5,687.0,8.1,0.1,996.7
2026-07-30T16:00,33.3,55,37.6,511.0,7.7,0.0,996.1
2026-07-30T17:00,31.6,65,36.7,338.0,7.1,0.0,996.2
2026-07-30T18:00,31.4,68,37.7,146.0,2.6,0.0,996.2
2026-07-30T19:00,30.4,75,36.9,21.0,3.7,0.0,997.1
2026-07-30T20:00,29.7,76,35.4,0.0,7.0,0.0,998.0
2026-07-30T21:00,29.4,75,34.6,0.0,7.3,0.0,999.0
2026-07-30T22:00,29.0,75,34.0,0.0,7.6,0.0,999.5
2026-07-30T23:00,29.0,75,33.3,0.0,13.1,0.0,999.4
2026-07-31T00:00,28.3,78,32.9,0.0,10.5,0.0,998.8
2026-07-31T01:00,27.7,81,32.4,0.0,10.2,0.0,998.8
2026-07-31T02:00,27.0,84,31.6,0.0,10.6,0.0,998.6
2026-07-31T03:00,26.6,86,31.3,0.0,9.9,0.0,998.5
2026-07-31T04:00,26.4,87,31.1,0.0,9.9,0.0,998.7
2026-07-31T05:00,27.1,88,32.4,0.0,9.3,0.0,998.3
2026-07-31T06:00,27.0,88,31.9,14.0,11.0,0.0,998.3
2026-07-31T07:00,27.5,84,32.0,130.0,13.5,0.1,999.2
2026-07-31T08:00,28.1,82,32.6,301.0,13.7,0.1,999.5
2026-07-31T09:00,29.0,76,33.4,472.0,13.3,0.1,999.7
2026-07-31T10:00,30.4,68,35.1,654.0,12.9,0.1,999.7
2026-07-31T11:00,31.2,64,36.3,813.0,14.5,0.0,999.6
2026-07-31T12:00,31.8,60,36.7,830.0,15.0,0.1,998.8
2026-07-31T13:00,32.1,62,37.6,856.0,14.3,0.1,998.3
2026-07-31T14:00,32.4,60,37.4,819.0,15.2,0.0,997.1
2026-07-31T15:00,31.9,62,36.2,684.0,16.0,0.1,996.4
2026-07-31T16:00,31.6,64,35.5,483.0,14.7,0.0,995.9
2026-07-31T17:00,31.1,65,34.7,304.0,15.6,0.2,995.9
2026-07-31T18:00,30.4,68,34.8,146.0,11.4,0.0,996.6
2026-07-31T19:00,29.5,72,33.9,20.0,11.4,0.0,997.4
2026-07-31T20:00,29.1,74,33.3,0.0,13.3,0.0,998.3
2026-07-31T21:00,28.5,79,32.9,0.0,13.0,0.0,999.2
2026-07-31T22:00,27.7,81,32.2,0.0,11.8,0.0,999.7
2026-07-31T23:00,27.7,83,32.2,0.0,13.5,0.0,999.3
2026-08-01T00:00,27.4,85,32.2,0.0,11.5,0.1,999.0
2026-08-01T01:00,27.2,84,31.5,0.0,13.5,0.0,998.5
2026-08-01T02:00,26.8,84,31.0,0.0,12.8,0.0,998.1
2026-08-01T03:00,26.5,86,30.7,0.0,12.4,0.0,998.1
2026-08-01T04:00,26.2,88,30.4,0.0,13.2,0.0,998.2
2026-08-01T05:00,25.9,95,30.8,0.0,12.6,0.0,998.3
2026-08-01T06:00,26.2,93,31.0,13.0,12.8,0.0,998.6
2026-08-01T07:00,26.7,90,31.3,123.0,13.9,0.1,998.9
2026-08-01T08:00,27.6,85,32.0,283.0,15.0,0.1,999.1
2026-08-01T09:00,28.8,79,33.3,459.0,14.3,0.0,999.1
2026-08-01T10:00,30.1,74,35.3,643.0,13.9,0.0,999.0
2026-08-01T11:00,30.3,68,34.7,682.0,15.3,0.0,998.8
2026-08-01T12:00,31.3,67,37.0,842.0,14.3,0.1,998.4
2026-08-01T13:00,32.1,63,37.6,859.0,15.1,0.0,997.5
2026-08-01T14:00,31.9,63,37.0,787.0,15.1,0.1,996.6
2026-08-01T15:00,32.1,61,36.6,699.0,14.0,0.1,996.0
2026-08-01T16:00,31.7,61,35.3,501.0,13.5,0.1,995.6
2026-08-01T17:00,30.9,66,34.9,322.0,13.1,0.0,996.0
2026-08-01T18:00,30.0,70,34.5,147.0,10.5,0.0,996.3
2026-08-01T19:00,29.0,74,33.9,20.0,8.3,0.0,997.3
2026-08-01T20:00,28.4,78,33.5,0.0,7.8,0.0,998.2
2026-08-01T21:00,26.7,88,31.4,0.0,11.6,0.4,999.3
2026-08-01T22:00,25.5,95,30.6,0.0,9.7,4.3,1000.6
2026-08-01T23:00,26.0,96,31.4,0.0,10.6,2.2,999.9
2026-08-02T00:00,25.9,95,31.4,0.0,8.2,0.0,999.6
2026-08-02T01:00,25.7,94,30.9,0.0,8.8,0.0,999.3
2026-08-02T02:00,25.6,94,30.7,0.0,8.4,0.0,999.0
2026-08-02T03:00,25.6,94,30.9,0.0,7.4,0.0,999.1
2026-08-02T04:00,25.6,93,31.1,0.0,6.2,0.0,999.4
2026-08-02T05:00,25.6,97,31.3,0.0,7.3,0.0,999.7
2026-08-02T06:00,25.7,96,31.2,13.0,8.1,0.0,1000.2
2026-08-02T07:00,26.5,91,32.0,119.0,7.5,0.0,1000.5
2026-08-02T08:00,27.6,83,32.5,301.0,9.6,0.1,1000.8
2026-08-02T09:00,28.7,76,33.3,387.0,10.3,0.0,1000.5
2026-08-02T10:00,30.0,70,35.0,637.0,10.1,0.1,1000.5
2026-08-02T11:00,30.8,65,35.8,718.0,11.4,0.0,1000.6
2026-08-02T12:00,31.6,62,37.2,823.0,11.1,0.0,1000.0
2026-08-02T13:00,32.2,59,38.0,849.0,10.9,0.1,999.5
2026-08-02T14:00,32.6,57,37.9,788.0,10.4,0.2,998.4
2026-08-02T15:00,31.1,64,35.6,668.0,13.1,0.6,998.3
2026-08-02T16:00,27.8,88,34.3,361.0,4.9,1.2,998.4
2026-08-02T17:00,30.2,75,35.9,215.0,8.1,3.6,997.8
2026-08-02T18:00,29.4,80,35.5,140.0,6.5,0.0,998.9
2026-08-02T19:00,28.9,83,35.2,16.0,6.6,0.0,999.0
2026-08-02T20:00,28.3,86,35.0,0.0,3.5,0.0,1000.4
2026-08-02T21:00,28.1,88,35.1,0.0,2.3,0.1,1001.0
2026-08-02T22:00,27.0,91,32.6,0.0,10.1,0.2,1001.4
2026-08-02T23:00,26.6,95,33.2,0.0,3.3,0.1,1001.4
2026-08-03T00:00,26.7,95,33.2,0.0,4.5,0.0,1001.0
2026-08-03T01:00,26.4,95,32.7,0.0,4.8,0.2,1000.8
2026-08-03T02:00,26.1,97,32.3,0.0,5.5,0.1,1000.5
2026-08-03T03:00,26.0,97,32.4,0.0,4.6,0.0,1000.6
2026-08-03T04:00,25.9,96,31.8,0.0,6.2,0.3,1000.7
2026-08-03T05:00,26.0,97,32.2,0.0,5.6,0.0,1000.2
2026-08-03T06:00,26.2,97,32.7,11.0,4.0,0.1,1001.1
2026-08-03T07:00,26.4,93,32.4,67.0,6.2,0.2,1001.3
2026-08-03T08:00,27.8,85,33.2,254.0,9.1,0.1,1001.4
2026-08-03T09:00,28.7,78,33.9,395.0,8.6,0.5,1002.2
2026-08-03T10:00,28.1,86,33.8,366.0,9.5,1.1,1002.8
2026-08-03T11:00,29.5,74,34.3,424.0,9.9,0.5,1002.1
2026-08-03T12:00,30.1,74,35.5,630.0,11.4,0.4,1002.0
2026-08-03T13:00,30.7,72,35.9,524.0,9.8,0.2,1001.5
2026-08-03T14:00,29.1,79,34.0,446.0,12.7,2.0,1000.8
2026-08-03T15:00,29.6,75,34.6,343.0,10.8,0.3,1000.2
2026-08-03T16:00,29.4,75,34.1,289.0,11.3,0.2,1000.0
2026-08-03T17:00,29.2,78,33.9,136.0,13.0,0.5,999.9
2026-08-03T18:00,28.4,84,33.8,79.0,10.5,0.2,1000.0
2026-08-03T19:00,27.3,91,33.8,12.0,4.7,0.7,1001.2
2026-08-03T20:00,27.0,94,33.0,0.0,9.5,0.5,1001.7
2026-08-03T21:00,27.2,92,33.6,0.0,5.8,0.0,1002.7
2026-08-03T22:00,27.1,91,32.9,0.0,8.9,0.0,1002.5
2026-08-03T23:00,27.3,92,34.0,0.0,3.2,0.0,1003.0
2026-08-04T00:00,26.2,95,31.8,0.0,9.1,0.3,1002.8
2026-08-04T01:00,25.8,97,31.8,0.0,5.6,0.3,1002.8
2026-08-04T02:00,25.7,97,32.0,0.0,3.6,0.2,1002.4
2026-08-04T03:00,25.7,96,31.9,0.0,4.5,0.1,1002.5
2026-08-04T04:00,25.9,96,32.0,0.0,5.1,0.0,1002.5
2026-08-04T05:00,26.3,93,31.4,0.0,10.7,0.0,1001.8
2026-08-04T06:00,26.0,93,31.2,5.0,10.2,0.7,1002.6
2026-08-04T07:00,26.2,93,31.3,61.0,11.5,0.7,1003.5
2026-08-04T08:00,26.4,90,30.6,133.0,15.8,0.7,1004.0
2026-08-04T09:00,27.2,84,31.2,269.0,15.4,0.1,1004.3
2026-08-04T10:00,28.0,79,31.8,400.0,15.2,0.0,1004.4
2026-08-04T11:00,29.0,73,32.8,429.0,14.5,0.0,1004.5
2026-08-04T12:00,29.7,73,34.2,548.0,12.4,0.1,1003.8
2026-08-04T13:00,29.7,73,33.9,465.0,14.4,0.1,1003.0
2026-08-04T14:00,29.8,72,34.2,403.0,12.8,0.1,1002.6
2026-08-04T15:00,26.2,90,30.5,294.0,13.6,2.7,1002.7
2026-08-04T16:00,26.8,93,32.8,164.0,7.3,1.4,1001.8
2026-08-04T17:00,28.7,79,34.1,257.0,8.4,0.0,1001.7
2026-08-04T18:00,28.3,81,33.9,90.0,6.8,0.1,1002.2
2026-08-04T19:00,27.6,86,33.3,12.0,7.3,0.0,1002.3
2026-08-04T20:00,27.5,87,33.1,0.0,7.9,0.0,1002.6
2026-08-04T21:00,27.6,86,33.0,0.0,8.5,0.0,1003.2
2026-08-04T22:00,27.4,85,32.7,0.0,8.5,0.0,1003.4
2026-08-04T23:00,27.5,86,32.8,0.0,9.0,0.0,1002.8
2026-08-05T00:00,27.2,87,32.6,0.0,7.9,0.0,1002.1
2026-08-05T01:00,26.9,87,32.2,0.0,7.6,0.0,1002.0
2026-08-05T02:00,26.3,90,31.6,0.0,7.7,0.0,1001.5
2026-08-05T03:00,26.0,91,31.1,0.0,8.2,0.0,1001.5
2026-08-05T04:00,25.4,92,29.9,0.0,11.0,0.0,1001.8
2026-08-05T05:00,26.2,86,30.0,0.0,14.5,0.0,1001.2
2026-08-05T06:00,25.9,87,30.0,12.0,12.0,0.0,1001.8
2026-08-05T07:00,26.6,87,31.4,112.0,9.4,0.0,1002.2
2026-08-05T08:00,27.9,83,32.5,285.0,12.9,0.0,1002.2
2026-08-05T09:00,29.0,77,33.4,452.0,14.2,0.0,1002.2
2026-08-05T10:00,30.3,71,35.1,596.0,12.2,0.0,1001.8
2026-08-05T11:00,30.5,71,35.9,703.0,13.2,0.1,1001.6
2026-08-05T12:00,31.3,67,37.3,762.0,11.5,0.1,1001.1
2026-08-05T13:00,32.3,63,38.9,826.0,8.9,0.0,1000.2
2026-08-05T14:00,26.0,94,31.3,532.0,9.7,4.2,1000.8
2026-08-05T15:00,27.9,84,34.0,403.0,3.3,0.7,999.9
2026-08-05T16:00,29.2,76,34.3,440.0,8.4,0.1,999.2
2026-08-05T17:00,30.9,71,36.7,281.0,6.1,0.1,998.7
2026-08-05T18:00,27.6,87,33.4,99.0,7.0,0.6,999.9
2026-08-05T19:00,27.1,92,33.7,15.0,3.4,0.2,1000.1
2026-08-05T20:00,27.2,90,33.3,0.0,6.4,0.0,1000.7
2026-08-05T21:00,27.1,90,32.9,0.0,8.1,0.0,1001.5
2026-08-05T22:00,26.9,90,32.6,0.0,7.3,0.0,1001.5
2026-08-05T23:00,27.7,91,33.8,0.0,9.8,0.0,1001.2
2026-08-06T00:00,27.2,91,32.8,0.0,9.9,0.0,1000.3
2026-08-06T01:00,27.0,91,32.4,0.0,10.2,0.0,999.8
2026-08-06T02:00,26.8,91,32.2,0.0,9.5,0.0,999.7
2026-08-06T03:00,26.9,89,32.1,0.0,9.8,0.0,999.9
2026-08-06T04:00,26.7,89,32.2,0.0,7.1,0.0,1000.3
2026-08-06T05:00,26.8,85,31.3,0.0,10.5,0.0,999.7
2026-08-06T06:00,26.7,85,31.2,9.0,10.1,0.0,1000.5
2026-08-06T07:00,27.3,81,31.3,87.0,12.8,0.1,1001.1
2026-08-06T08:00,27.1,79,32.1,225.0,3.6,0.1,1002.3
2026-08-06T09:00,27.4,80,31.9,250.0,9.2,0.0,1002.4
2026-08-06T10:00,28.3,77,32.9,293.0,9.2,0.0,1002.4
2026-08-06T11:00,29.3,74,34.3,306.0,7.1,0.0,1002.1
2026-08-06T12:00,29.9,71,35.5,414.0,4.1,0.1,1001.9
2026-08-06T13:00,30.6,69,36.2,470.0,3.8,0.0,1001.1
2026-08-06T14:00,26.2,93,30.7,393.0,14.1,3.5,1001.2
2026-08-06T15:00,25.7,95,31.5,152.0,5.2,1.5,1000.5
2026-08-06T16:00,26.6,89,32.6,174.0,2.8,0.0,999.9
2026-08-06T17:00,29.4,75,34.8,140.0,6.1,0.0,999.2
2026-08-06T18:00,28.7,80,34.8,49.0,3.6,0.0,999.5
2026-08-06T19:00,28.0,86,34.2,13.0,4.6,0.0,1000.3
2026-08-06T20:00,27.4,89,33.2,0.0,7.2,0.0,1000.8
2026-08-06T21:00,27.1,89,32.9,0.0,6.5,0.0,1001.4
2026-08-06T22:00,25.5,94,30.4,0.0,10.5,4.6,1002.8
2026-08-06T23:00,26.8,89,32.1,0.0,9.6,4.1,1001.7
2026-08-07T00:00,25.4,90,29.5,0.0,11.5,0.0,1001.3
2026-08-07T01:00,25.0,90,28.9,0.0,11.9,0.0,1000.9
2026-08-07T02:00,25.2,88,29.1,0.0,10.8,0.0,1000.4
2026-08-07T03:00,25.0,89,28.9,0.0,10.9,0.0,1000.3
2026-08-07T04:00,25.2,87,28.8,0.0,12.2,0.0,1000.2
2026-08-07T05:00,25.9,90,30.3,0.0,12.8,0.0,999.8
2026-08-07T06:00,26.1,88,30.3,4.0,12.5,0.0,1000.4
2026-08-07T07:00,26.6,87,30.9,67.0,12.7,0.1,1000.9
2026-08-07T08:00,26.2,89,30.1,78.0,15.8,0.4,1001.3
2026-08-07T09:00,25.9,91,30.0,147.0,14.5,0.5,1001.7
2026-08-07T10:00,26.9,85,30.9,254.0,14.4,0.1,1001.7
2026-08-07T11:00,28.0,75,30.7,333.0,18.9,0.0,1002.2
2026-08-07T12:00,28.1,77,32.0,535.0,13.8,0.1,1001.2
2026-08-07T13:00,29.1,72,32.9,560.0,14.0,0.0,1000.4
2026-08-07T14:00,29.3,71,33.2,496.0,13.0,0.0,1000.1
2026-08-07T15:00,29.6,69,33.5,408.0,11.9,0.0,999.5
2026-08-07T16:00,29.3,71,33.2,287.0,12.0,0.0,998.9
2026-08-07T17:00,29.0,76,33.2,201.0,14.0,0.0,998.6
2026-08-07T18:00,28.5,80,33.8,122.0,8.2,0.0,998.7
2026-08-07T19:00,27.8,83,32.9,15.0,9.1,0.0,999.6
2026-08-07T20:00,27.3,86,32.4,0.0,9.5,0.0,1000.2
2026-08-07T21:00,27.0,88,32.6,0.0,6.9,0.0,1001.0
2026-08-07T22:00,26.6,88,31.9,0.0,7.4,0.0,1001.5
2026-08-07T23:00,26.9,86,31.9,0.0,8.8,0.0,1000.9
2026-08-08T00:00,26.2,89,31.3,0.0,7.6,0.0,1001.0
2026-08-08T01:00,25.7,91,30.7,0.0,8.1,0.0,1000.2
2026-08-08T02:00,25.3,93,30.3,0.0,7.3,0.0,1000.2
2026-08-08T03:00,25.1,94,30.4,0.0,5.7,0.0,1000.4
2026-08-08T04:00,24.9,95,30.0,0.0,6.4,0.0,1000.4
2026-08-08T05:00,24.9,97,29.8,0.0,9.1,0.0,1000.2
2026-08-08T06:00,24.9,96,29.7,7.0,9.2,0.4,1000.7
2026-08-08T07:00,25.1,96,29.8,73.0,11.0,0.6,1001.0
2026-08-08T08:00,26.1,90,30.9,157.0,9.9,0.1,1001.4
2026-08-08T09:00,28.1,79,32.9,441.0,9.6,0.1,1001.6
2026-08-08T10:00,29.2,76,34.2,554.0,10.2,0.2,1001.9
2026-08-08T11:00,29.3,68,33.2,630.0,13.5,0.2,1002.1
2026-08-08T12:00,29.8,68,33.8,592.0,12.1,0.1,1001.6
2026-08-08T13:00,29.6,69,33.8,479.0,10.7,0.2,1001.0
2026-08-08T14:00,30.7,65,35.4,621.0,9.4,0.1,1000.3
2026-08-08T15:00,30.4,65,34.6,510.0,9.6,0.2,999.8
2026-08-08T16:00,29.9,69,34.3,365.0,10.0,0.0,999.1
2026-08-08T17:00,30.1,74,35.8,222.0,6.3,0.1,999.2
2026-08-08T18:00,28.9,80,35.1,109.0,4.3,0.2,999.9
2026-08-08T19:00,27.7,88,34.0,12.0,4.3,0.4,1000.6
2026-08-08T20:00,27.3,90,33.8,0.0,3.4,0.0,1001.5
2026-08-08T21:00,27.0,92,33.6,0.0,3.1,0.0,1002.3
2026-08-08T22:00,26.6,94,32.8,0.0,5.4,0.0,1002.8
2026-08-08T23:00,26.6,95,33.0,0.0,6.0,0.0,1002.4
2026-08-09T00:00,26.2,95,32.4,0.0,5.2,0.0,1002.6
2026-08-09T01:00,25.8,96,31.9,0.0,4.0,1.0,1002.4
2026-08-09T02:00,25.8,96,31.8,0.0,5.4,0.4,1002.2
2026-08-09T03:00,25.6,97,31.9,0.0,3.3,0.2,1002.0
2026-08-09T04:00,25.6,98,31.9,0.0,3.1,0.0,1002.0
2026-08-09T05:00,25.2,98,31.0,0.0,5.6,0.0,1001.6
2026-08-09T06:00,25.4,97,31.0,11.0,6.7,0.0,1002.4
2026-08-09T07:00,26.2,94,32.3,107.0,4.8,0.1,1002.9
2026-08-09T08:00,27.4,89,33.8,249.0,3.4,0.2,1003.3
2026-08-09T09:00,28.8,83,35.3,444.0,4.2,0.1,1003.6
2026-08-09T10:00,30.5,73,36.5,602.0,6.8,0.2,1003.5
2026-08-09T11:00,30.6,71,36.9,348.0,1.4,0.4,1002.9
2026-08-09T12:00,29.8,77,36.5,552.0,1.8,0.4,1002.9
2026-08-09T13:00,29.4,79,35.3,464.0,6.2,0.3,1002.2
2026-08-09T14:00,30.7,74,38.0,723.0,5.4,0.2,1001.5
2026-08-09T15:00,30.8,74,37.5,536.0,2.7,0.2,1000.5
2026-08-09T16:00,31.0,73,37.9,429.0,0.9,0.1,1000.0
2026-08-09T17:00,31.4,67,37.4,281.0,2.4,0.2,1000.0
2026-08-09T18:00,30.4,75,37.0,118.0,2.8,0.0,1000.6
2026-08-09T19:00,29.2,83,36.4,13.0,1.3,0.0,1001.4
2026-08-09T20:00,27.2,89,32.6,0.0,10.4,0.6,1002.7
2026-08-09T21:00,27.0,93,34.0,0.0,1.3,0.3,1002.8
2026-08-09T22:00,26.6,96,33.1,0.0,4.7,0.0,1003.4
2026-08-09T23:00,27.1,95,34.1,0.0,4.1,0.0,1002.3
2026-08-10T00:00,26.7,95,33.4,0.0,4.6,0.0,1002.5
2026-08-10T01:00,26.5,95,32.8,0.0,5.5,0.0,1001.9
2026-08-10T02:00,26.2,95,32.3,0.0,6.1,0.0,1001.7
2026-08-10T03:00,26.1,95,32.0,0.0,6.9,0.0,1001.3
2026-08-10T04:00,26.1,96,32.0,0.0,6.9,0.0,1001.5
2026-08-10T05:00,26.4,93,31.9,0.0,8.4,0.0,1001.1
2026-08-10T06:00,26.1,91,31.3,10.0,8.4,0.1,1001.6
2026-08-10T07:00,26.4,94,32.5,89.0,6.1,1.1,1002.0
2026-08-10T08:00,27.0,89,32.9,245.0,5.8,0.8,1002.8
2026-08-10T09:00,28.3,87,34.8,309.0,5.9,0.6,1002.7
2026-08-10T10:00,30.5,75,37.1,621.0,5.8,0.2,1002.6
2026-08-10T11:00,31.6,66,38.0,691.0,5.6,0.0,1002.0
2026-08-10T12:00,31.8,65,38.1,690.0,6.6,0.1,1001.4
2026-08-10T13:00,32.2,65,39.5,817.0,6.7,0.2,1001.1
2026-08-10T14:00,30.0,75,36.6,677.0,6.6,1.0,1000.5
2026-08-10T15:00,31.5,69,38.3,645.0,4.8,0.0,999.7
2026-08-10T16:00,31.6,70,38.3,421.0,1.6,0.1,999.1
2026-08-10T17:00,28.9,82,35.2,201.0,5.3,2.7,1000.0
2026-08-10T18:00,28.5,81,34.4,128.0,5.7,0.0,1000.4
2026-08-10T19:00,27.9,84,33.4,12.0,7.7,0.0,1000.7
2026-08-10T20:00,27.8,87,33.7,0.0,7.5,0.0,1001.4
2026-08-10T21:00,27.4,88,33.3,0.0,6.8,0.0,1001.9
2026-08-10T22:00,27.0,89,33.0,0.0,4.8,0.0,1002.2
2026-08-10T23:00,27.4,90,33.8,0.0,4.7,0.0,1001.2
2026-08-11T00:00,27.0,91,33.3,0.0,4.8,0.0,1001.6
2026-08-11T01:00,26.4,93,32.9,0.0,2.0,0.7,1001.6
2026-08-11T02:00,26.1,97,32.7,0.0,3.4,0.5,1001.2
2026-08-11T03:00,25.9,98,32.7,0.0,1.9,0.1,1001.1
2026-08-11T04:00,26.0,97,33.0,0.0,0.9,0.0,1001.0
2026-08-11T05:00,26.2,98,32.6,0.0,5.6,0.0,1001.4
2026-08-11T06:00,26.0,98,32.8,7.0,2.4,0.0,1001.9
2026-08-11T07:00,26.8,94,33.4,105.0,4.0,0.0,1002.3
2026-08-11T08:00,28.0,88,34.4,267.0,5.4,0.1,1002.8
2026-08-11T09:00,29.4,81,36.3,451.0,3.1,0.1,1003.0
2026-08-11T10:00,30.4,78,37.6,607.0,3.8,0.2,1002.8
2026-08-11T11:00,31.8,70,39.7,743.0,3.1,0.2,1002.1
2026-08-11T12:00,31.9,69,39.0,658.0,3.9,0.1,1001.5
2026-08-11T13:00,32.5,66,40.1,766.0,5.2,0.1,1000.8
2026-08-11T14:00,31.5,70,37.7,610.0,7.0,0.2,999.4
2026-08-11T15:00,27.5,86,32.0,382.0,15.6,4.2,1000.0
2026-08-11T16:00,27.1,92,33.1,201.0,7.9,2.1,1000.3
2026-08-11T17:00,27.2,93,33.0,206.0,10.3,0.3,1000.2
2026-08-11T18:00,27.5,92,34.2,77.0,4.2,0.4,1001.6
2026-08-11T19:00,27.1,93,34.0,10.0,2.9,0.0,1001.7
2026-08-11T20:00,27.0,95,33.9,0.0,4.0,0.2,1002.1
2026-08-11T21:00,27.0,96,34.5,0.0,0.9,0.5,1002.7
2026-08-11T22:00,26.8,97,34.1,0.0,2.2,0.2,1002.9
2026-08-11T23:00,27.2,98,34.2,0.0,6.3,0.4,1002.9
2026-08-12T00:00,26.2,94,31.9,0.0,7.8,1.5,1002.9
2026-08-12T01:00,26.1,97,32.6,0.0,4.0,0.8,1002.4
2026-08-12T02:00,25.9,98,32.3,0.0,4.4,0.0,1002.0
2026-08-12T03:00,25.8,99,32.2,0.0,4.2,0.0,1002.1
2026-08-12T04:00,25.8,96,31.9,0.0,4.6,0.0,1002.1
2026-08-12T05:00,25.9,99,32.8,0.0,1.6,0.3,1002.1
2026-08-12T06:00,25.7,99,31.7,9.0,6.7,0.2,1002.7
2026-08-12T07:00,26.5,96,32.9,123.0,6.4,0.0,1003.3
2026-08-12T08:00,28.1,88,34.9,310.0,3.2,0.0,1003.6
2026-08-12T09:00,29.4,78,35.8,461.0,2.4,0.2,1003.8
2026-08-12T10:00,30.6,73,37.4,632.0,3.0,0.2,1003.6
2026-08-12T11:00,31.9,65,38.7,736.0,5.0,0.2,1003.1
2026-08-12T12:00,31.8,64,37.5,620.0,5.4,0.0,1002.6
2026-08-12T13:00,31.7,64,37.3,536.0,3.4,0.1,1001.9
2026-08-12T14:00,31.4,66,37.1,400.0,3.7,0.2,1001.5
2026-08-12T15:00,31.3,69,37.7,401.0,1.9,0.3,1001.3
2026-08-12T16:00,29.3,81,35.7,460.0,5.7,2.4,1000.7
2026-08-12T17:00,29.7,77,36.0,253.0,3.9,0.3,1001.2
2026-08-12T18:00,28.9,81,35.1,105.0,5.1,0.0,1002.1
2026-08-12T19:00,27.9,87,33.8,12.0,7.5,0.0,1003.1
2026-08-12T20:00,26.4,86,31.7,0.0,5.0,0.0,1003.9
2026-08-12T21:00,26.0,88,31.5,0.0,3.7,0.0,1004.7
2026-08-12T22:00,25.7,91,31.5,0.0,2.2,0.0,1004.6
2026-08-12T23:00,26.5,90,32.4,0.0,4.5,0.0,1004.6
2026-08-13T00:00,26.1,92,31.9,0.0,4.6,0.0,1004.4
2026-08-13T01:00,25.8,92,31.6,0.0,4.2,0.0,1003.9
2026-08-13T02:00,25.6,94,31.6,0.0,2.2,0.0,1003.6
2026-08-13T03:00,25.5,94,31.7,0.0,1.4,0.0,1003.3
2026-08-13T04:00,25.5,95,31.4,0.0,3.7,0.0,1003.2
2026-08-13T05:00,25.8,100,32.2,0.0,5.3,0.0,1003.1
2026-08-13T06:00,25.5,100,31.6,9.0,5.9,0.0,1003.4
2026-08-13T07:00,26.7,95,33.5,115.0,3.5,0.0,1003.6
2026-08-13T08:00,28.5,82,34.9,314.0,3.1,0.0,1003.9
2026-08-13T09:00,29.8,73,35.6,505.0,3.3,0.1,1004.0
2026-08-13T10:00,30.9,65,36.8,652.0,3.7,0.1,1004.0
2026-08-13T11:00,31.2,66,37.8,778.0,6.2,0.1,1004.3
2026-08-13T12:00,32.0,63,39.3,868.0,4.9,0.1,1003.7
2026-08-13T13:00,32.3,60,39.0,879.0,7.6,0.1,1002.6
2026-08-13T14:00,32.5,58,38.6,815.0,7.7,0.1,1002.0
2026-08-13T15:00,32.3,58,37.4,687.0,7.9,0.1,1001.2
2026-08-13T16:00,30.7,69,35.8,493.0,8.0,0.6,1001.1
2026-08-13T17:00,31.1,66,36.2,274.0,6.9,0.1,1001.3
2026-08-13T18:00,30.3,73,36.6,123.0,3.2,0.0,1001.8
2026-08-13T19:00,29.5,80,36.5,11.0,1.5,0.0,1002.2
2026-08-13T20:00,29.0,83,35.9,0.0,2.2,0.0,1003.3
2026-08-13T21:00,28.6,83,34.9,0.0,4.8,0.0,1003.8
2026-08-13T22:00,28.2,80,33.6,0.0,6.9,0.0,1003.9
2026-08-13T23:00,28.0,85,33.9,0.0,6.5,0.0,1003.4
2026-08-14T00:00,27.5,86,33.1,0.0,6.9,0.0,1003.1
2026-08-14T01:00,27.3,84,32.4,0.0,8.3,0.0,1002.8
2026-08-14T02:00,26.9,86,32.1,0.0,7.6,0.0,1002.7
2026-08-14T03:00,26.6,87,31.6,0.0,8.4,0.0,1002.4
2026-08-14T04:00,26.4,87,31.2,0.0,8.7,0.0,1002.7
2026-08-14T05:00,26.6,88,31.4,0.0,10.9,0.0,1002.8
2026-08-14T06:00,26.4,89,31.2,9.0,10.9,0.0,1003.2
2026-08-14T07:00,27.2,86,32.1,111.0,10.6,0.0,1003.7
2026-08-14T08:00,28.1,82,33.2,268.0,10.2,0.0,1004.3
2026-08-14T09:00,29.3,78,34.8,487.0,8.8,0.0,1004.4
2026-08-14T10:00,30.0,75,35.8,618.0,9.3,0.1,1003.9
2026-08-14T11:00,30.5,69,36.5,649.0,5.2,0.3,1004.3
2026-08-14T12:00,31.1,67,37.7,716.0,4.3,0.2,1004.2
2026-08-14T13:00,31.8,63,38.5,748.0,4.2,0.0,1003.7
2026-08-14T14:00,31.8,62,37.3,607.0,5.1,0.0,1003.0
2026-08-14T15:00,31.5,65,36.8,484.0,5.4,0.0,1002.3
2026-08-14T16:00,28.8,81,34.6,232.0,7.1,0.5,1001.9
2026-08-14T17:00,29.4,78,35.2,148.0,6.8,0.5,1002.1
2026-08-14T18:00,29.0,82,35.6,70.0,3.0,0.0,1002.4
2026-08-14T19:00,28.5,86,35.6,10.0,0.9,0.0,1002.8
2026-08-14T20:00,28.2,88,35.5,0.0,0.2,0.0,1003.7
2026-08-14T21:00,28.1,89,35.3,0.0,1.0,0.0,1004.2
2026-08-14T22:00,27.7,91,34.7,0.0,3.1,0.0,1004.3
2026-08-14T23:00,27.7,90,34.2,0.0,5.5,0.0,1003.9
2026-08-15T00:00,27.1,91,33.4,0.0,5.1,0.0,1003.3
2026-08-15T01:00,27.0,89,33.1,0.0,4.9,0.0,1003.5
2026-08-15T02:00,26.8,89,32.8,0.0,4.7,0.0,1003.4
2026-08-15T03:00,26.7,90,32.4,0.0,5.9,0.2,1003.4
2026-08-15T04:00,26.5,91,32.2,0.0,6.1,0.0,1003.4
2026-08-15T05:00,26.1,91,31.0,0.0,9.6,0.0,1003.6
2026-08-15T06:00,25.9,89,30.5,8.0,10.1,0.0,1004.5
2026-08-15T07:00,26.8,84,31.3,83.0,9.7,0.0,1004.7
2026-08-15T08:00,28.1,78,32.5,287.0,10.9,0.0,1005.0
2026-08-15T09:00,28.9,74,33.3,414.0,10.7,0.0,1005.3
2026-08-15T10:00,29.6,71,34.2,548.0,9.9,0.1,1005.2
2026-08-15T11:00,30.7,66,36.4,769.0,9.5,0.4,1004.9
2026-08-15T12:00,31.5,65,37.6,773.0,8.9,0.0,1004.0
2026-08-15T13:00,32.1,63,38.6,796.0,7.7,0.0,1003.6
2026-08-15T14:00,32.1,62,37.8,717.0,8.5,0.0,1002.6
2026-08-15T15:00,29.8,74,34.9,556.0,9.6,0.4,1002.1
2026-08-15T16:00,27.2,92,33.6,317.0,5.9,3.6,1002.3
2026-08-15T17:00,28.1,84,34.5,114.0,3.1,0.8,1002.6
2026-08-15T18:00,27.0,93,33.6,18.0,4.4,1.0,1002.6
2026-08-15T19:00,26.9,94,33.9,4.0,2.1,0.5,1003.0
2026-08-15T20:00,26.7,95,33.4,0.0,3.3,1.0,1003.6
2026-08-15T21:00,26.5,95,32.9,0.0,4.8,1.0,1004.0
2026-08-15T22:00,26.1,95,32.1,0.0,6.1,0.9,1004.4
2026-08-15T23:00,26.5,97,32.8,0.0,7.0,0.9,1003.7
2026-08-16T00:00,26.5,96,32.6,0.0,8.0,0.1,1003.6
2026-08-16T01:00,26.3,96,32.1,0.0,9.0,0.1,1002.8
2026-08-16T02:00,26.1,93,31.2,0.0,9.9,0.1,1002.3
2026-08-16T03:00,25.8,92,30.5,0.0,10.5,0.0,1002.4
2026-08-16T04:00,25.5,89,29.7,0.0,10.5,0.0,1002.7
2026-08-16T05:00,26.0,83,29.5,0.0,13.2,0.0,1001.9
2026-08-16T06:00,25.9,82,29.4,9.0,11.9,0.0,1002.8
2026-08-16T07:00,26.6,80,30.4,104.0,10.5,0.0,1003.2
2026-08-16T08:00,27.2,77,30.8,203.0,12.0,0.0,1003.8
2026-08-16T09:00,28.0,75,31.8,349.0,11.8,0.0,1004.2
2026-08-16T10:00,29.1,71,33.1,511.0,11.7,0.0,1004.1
2026-08-16T11:00,30.0,67,33.9,395.0,11.1,0.0,1003.7
2026-08-16T12:00,30.9,64,35.9,667.0,8.5,0.1,1003.2
2026-08-16T13:00,31.7,62,37.6,768.0,7.7,0.0,1002.6
2026-08-16T14:00,32.0,62,37.9,763.0,8.6,0.0,1001.7
2026-08-16T15:00,32.0,61,37.3,656.0,8.3,0.0,1001.1
2026-08-16T16:00,31.8,62,36.3,497.0,8.7,0.0,1000.8
2026-08-16T17:00,31.2,64,35.7,313.0,9.0,0.0,1001.3
2026-08-16T18:00,29.9,70,34.9,108.0,7.3,0.0,1001.5
2026-08-16T19:00,28.7,77,34.1,10.0,5.9,0.0,1002.2
2026-08-16T20:00,28.2,80,33.7,0.0,5.3,0.0,1002.9
2026-08-16T21:00,27.7,82,33.0,0.0,6.7,0.0,1003.7
2026-08-16T22:00,27.5,81,32.2,0.0,8.9,0.0,1003.9
2026-08-16T23:00,27.7,81,32.3,0.0,10.4,0.0,1003.3
2026-08-17T00:00,27.3,81,31.9,0.0,8.7,0.0,1003.4
2026-08-17T01:00,27.3,80,31.8,0.0,8.8,0.0,1003.1
2026-08-17T02:00,27.1,79,31.3,0.0,9.9,0.0,1002.8
2026-08-17T03:00,26.9,79,30.9,0.0,10.1,0.0,1002.7
2026-08-17T04:00,26.6,80,30.5,0.0,10.0,0.0,1002.9
2026-08-17T05:00,26.5,82,30.1,0.0,12.8,0.0,1002.8
2026-08-17T06:00,26.2,83,30.1,4.0,11.1,0.0,1003.7
2026-08-17T07:00,26.4,82,30.3,73.0,11.7,0.0,1004.1
2026-08-17T08:00,27.0,79,30.5,204.0,13.2,0.0,1004.4
2026-08-17T09:00,27.7,76,31.3,321.0,12.9,0.0,1004.8
2026-08-17T10:00,29.0,70,32.7,514.0,11.7,0.0,1005.0
2026-08-17T11:00,29.2,69,32.9,343.0,11.5,0.0,1005.0
2026-08-17T12:00,29.7,66,33.6,455.0,9.8,0.0,1004.5
2026-08-17T13:00,31.0,61,35.2,649.0,10.3,0.0,1003.6
2026-08-17T14:00,30.9,62,34.8,512.0,10.3,0.0,1002.8
2026-08-17T15:00,31.1,62,35.3,615.0,11.0,0.2,1002.4
2026-08-17T16:00,31.0,62,34.8,477.0,10.8,0.1,1001.8
2026-08-17T17:00,30.5,66,34.7,270.0,10.7,0.0,1001.7
2026-08-17T18:00,29.6,71,34.5,121.0,7.1,0.0,1002.2
2026-08-17T19:00,28.4,77,33.2,9.0,8.1,0.0,1002.8
2026-08-17T20:00,27.7,80,32.6,0.0,7.5,0.0,1003.6
2026-08-17T21:00,27.4,81,32.4,0.0,6.9,0.0,1004.4
2026-08-17T22:00,27.1,82,32.1,0.0,6.4,0.0,1005.0
2026-08-17T23:00,27.7,79,32.2,0.0,9.2,0.0,1004.6
2026-08-18T00:00,27.3,77,31.1,0.0,11.4,0.0,1004.5
2026-08-18T01:00,26.9,76,30.4,0.0,11.5,0.0,1004.2
2026-08-18T02:00,26.4,78,30.0,0.0,9.9,0.0,1003.9
2026-08-18T03:00,25.9,81,29.8,0.0,8.1,0.0,1003.6
2026-08-18T04:00,25.4,83,29.4,0.0,7.2,0.0,1004.0
2026-08-18T05:00,25.6,84,29.5,0.0,9.5,0.0,1004.1
2026-08-18T06:00,25.5,84,29.3,8.0,9.9,0.0,1004.6
2026-08-18T07:00,26.3,82,30.4,120.0,8.9,0.0,1005.0
2026-08-18T08:00,27.4,77,31.1,313.0,12.3,0.0,1005.5
2026-08-18T09:00,28.7,71,32.3,505.0,12.1,0.0,1005.7
2026-08-18T10:00,29.7,67,34.0,603.0,9.4,0.0,1005.8
2026-08-18T11:00,30.6,62,35.7,750.0,8.6,0.0,1005.9
2026-08-18T12:00,31.0,60,36.0,733.0,8.1,0.0,1005.4
2026-08-18T13:00,31.6,58,36.9,765.0,7.6,0.0,1004.6
2026-08-18T14:00,31.9,56,36.4,692.0,7.9,0.0,1003.6
2026-08-18T15:00,31.8,55,35.2,534.0,9.2,0.0,1003.0
2026-08-18T16:00,31.4,58,34.9,387.0,9.5,0.0,1002.6
2026-08-18T17:00,30.9,62,34.9,296.0,9.1,0.0,1002.2
2026-08-18T18:00,29.9,69,35.1,115.0,4.8,0.0,1003.0
2026-08-18T19:00,28.9,75,34.3,8.0,4.7,0.0,1003.6
2026-08-18T20:00,28.3,78,33.9,0.0,4.4,0.0,1004.4
2026-08-18T21:00,27.8,82,33.6,0.0,3.5,0.0,1005.2
2026-08-18T22:00,27.5,81,32.7,0.0,6.1,0.0,1005.3
2026-08-18T23:00,27.5,77,31.6,0.0,9.2,0.0,1005.0
2026-08-19T00:00,26.9,76,30.7,0.0,8.8,0.0,1004.7
2026-08-19T01:00,26.3,77,29.9,0.0,8.5,0.0,1004.4
2026-08-19T02:00,25.8,78,29.3,0.0,8.0,0.0,1004.1
2026-08-19T03:00,25.3,80,28.8,0.0,7.4,0.0,1004.0
2026-08-19T04:00,24.9,82,28.6,0.0,6.4,0.0,1004.6
2026-08-19T05:00,25.6,83,29.4,0.0,8.7,0.0,1004.2
2026-08-19T06:00,25.5,84,29.6,8.0,8.0,0.0,1004.9
2026-08-19T07:00,26.5,81,31.0,121.0,7.0,0.0,1005.6
2026-08-19T08:00,27.6,76,31.8,317.0,9.2,0.0,1006.1
2026-08-19T09:00,28.9,71,33.0,523.0,9.9,0.0,1006.4
2026-08-19T10:00,30.0,66,35.0,656.0,6.8,0.0,1006.0
2026-08-19T11:00,30.7,61,36.4,796.0,6.2,0.0,1006.1
2026-08-19T12:00,31.2,59,37.1,862.0,6.8,0.0,1005.4
2026-08-19T13:00,31.6,56,37.3,873.0,6.9,0.0,1004.8
2026-08-19T14:00,32.1,54,37.3,814.0,7.2,0.0,1003.9
2026-08-19T15:00,32.1,53,36.4,687.0,7.9,0.0,1003.3
2026-08-19T16:00,31.8,54,35.1,499.0,7.9,0.0,1002.9
2026-08-19T17:00,31.5,57,35.3,308.0,7.2,0.0,1003.1
2026-08-19T18:00,30.2,66,34.9,119.0,5.8,0.0,1003.3
2026-08-19T19:00,29.0,73,34.2,8.0,4.1,0.0,1004.1
2026-08-19T20:00,28.5,74,33.3,0.0,5.9,0.0,1004.8
2026-08-19T21:00,28.0,75,32.8,0.0,6.1,0.0,1005.6
2026-08-19T22:00,27.8,76,32.4,0.0,6.4,0.0,1005.7
2026-08-19T23:00,27.5,75,31.4,0.0,9.6,0.0,1005.5
2026-08-20T00:00,26.9,76,30.9,0.0,7.5,0.0,1005.4
2026-08-20T01:00,26.5,77,30.4,0.0,7.5,0.0,1005.3
2026-08-20T02:00,26.1,78,29.8,0.0,8.4,0.0,1004.8
2026-08-20T03:00,25.9,79,29.4,0.0,9.0,0.0,1004.7
2026-08-20T04:00,25.6,80,29.1,0.0,9.0,0.0,1005.0
2026-08-20T05:00,26.2,77,29.5,0.0,10.4,0.0,1004.8
2026-08-20T06:00,25.9,79,29.4,6.0,9.2,0.0,1005.5
2026-08-20T07:00,26.5,77,30.1,53.0,9.0,0.0,1006.1
2026-08-20T08:00,27.2,76,31.2,138.0,8.2,0.0,1006.2
2026-08-20T09:00,28.1,74,32.2,258.0,9.0,0.0,1006.7
2026-08-20T10:00,29.5,70,33.9,491.0,8.9,0.0,1006.6
2026-08-20T11:00,30.9,59,35.7,699.0,7.1,0.0,1006.1
2026-08-20T12:00,31.7,56,36.7,699.0,5.1,0.0,1005.2
2026-08-20T13:00,32.1,55,37.0,662.0,4.7,0.0,1004.7
2026-08-20T14:00,32.2,55,37.1,676.0,5.4,0.0,1003.6
2026-08-20T15:00,32.0,55,36.1,461.0,4.8,0.2,1003.3
2026-08-20T16:00,31.8,57,36.0,426.0,5.6,0.2,1002.8
2026-08-20T17:00,31.5,59,35.9,234.0,4.9,0.2,1003.2
2026-08-20T18:00,30.1,65,35.2,78.0,2.4,0.1,1003.7
2026-08-20T19:00,28.8,78,34.8,6.0,3.1,0.0,1004.0
2026-08-20T20:00,28.1,85,34.6,0.0,2.5,0.0,1004.5
2026-08-20T21:00,27.8,85,34.0,0.0,3.5,0.0,1005.2
2026-08-20T22:00,27.5,80,32.5,0.0,6.8,0.0,1005.4
2026-08-20T23:00,27.7,79,32.5,0.0,7.9,0.0,1005.0
2026-08-21T00:00,27.3,78,31.6,0.0,8.0,0.0,1004.9
2026-08-21T01:00,26.9,78,30.9,0.0,8.8,0.0,1004.5
2026-08-21T02:00,26.6,78,30.4,0.0,9.0,0.0,1004.3
2026-08-21T03:00,26.3,77,29.8,0.0,9.8,0.0,1004.1
2026-08-21T04:00,26.1,77,29.5,0.0,10.2,0.0,1004.3
2026-08-21T05:00,26.2,78,29.4,0.0,11.8,0.0,1004.2
2026-08-21T06:00,26.1,78,29.3,6.0,11.5,0.0,1004.5
2026-08-21T07:00,26.7,77,30.3,101.0,9.5,0.0,1005.2
2026-08-21T08:00,27.8,74,31.7,272.0,9.5,0.0,1005.7
2026-08-21T09:00,28.4,73,32.6,265.0,8.8,0.0,1005.8
2026-08-21T10:00,30.1,66,34.2,522.0,9.5,0.0,1006.0
2026-08-21T11:00,30.7,63,34.6,560.0,10.0,0.0,1005.6
2026-08-21T12:00,31.8,58,36.6,657.0,7.6,0.0,1004.6
2026-08-21T13:00,32.5,55,38.1,749.0,5.6,0.1,1003.5
2026-08-21T14:00,33.0,53,38.5,726.0,4.2,0.1,1002.8
2026-08-21T15:00,32.9,54,37.7,627.0,5.2,0.1,1002.3
2026-08-21T16:00,30.1,66,34.1,409.0,10.1,0.7,1002.4
2026-08-21T17:00,32.3,56,36.5,245.0,6.8,0.1,1001.8
2026-08-21T18:00,30.4,71,36.1,111.0,4.6,0.4,1002.4
2026-08-21T19:00,29.3,75,34.6,7.0,7.2,0.0,1003.0
2026-08-21T20:00,28.9,76,34.0,0.0,7.2,0.0,1003.3
2026-08-21T21:00,28.6,76,33.7,0.0,6.9,0.0,1003.8
2026-08-21T22:00,28.1,78,33.0,0.0,7.6,0.0,1004.1
2026-08-21T23:00,28.0,77,32.3,0.0,9.7,0.0,1003.6
2026-08-22T00:00,27.7,74,31.5,0.0,10.3,0.0,1003.5
2026-08-22T01:00,27.3,74,30.8,0.0,9.8,0.0,1003.5
2026-08-22T02:00,26.7,75,30.2,0.0,9.6,0.0,1003.4
2026-08-22T03:00,26.3,77,29.7,0.0,10.2,0.0,1003.4
2026-08-22T04:00,26.0,79,29.2,0.0,11.7,0.0,1003.6
2026-08-22T05:00,26.4,78,29.5,0.0,12.6,0.0,1003.5
2026-08-22T06:00,26.2,78,29.4,7.0,11.7,0.0,1004.3
2026-08-22T07:00,26.9,76,30.5,117.0,10.3,0.0,1005.0
2026-08-22T08:00,27.9,72,31.3,312.0,11.9,0.0,1005.1
2026-08-22T09:00,29.1,68,32.6,518.0,11.6,0.0,1005.8
2026-08-22T10:00,30.2,65,34.8,687.0,10.3,0.0,1005.9
2026-08-22T11:00,31.4,59,36.7,822.0,9.7,0.0,1005.3
2026-08-22T12:00,32.0,58,37.5,838.0,9.4,0.0,1004.5
2026-08-22T13:00,32.7,56,38.8,877.0,8.1,0.0,1003.6
2026-08-22T14:00,32.9,56,38.6,805.0,8.5,0.0,1002.6
2026-08-22T15:00,32.7,57,37.7,659.0,8.1,0.0,1002.0
2026-08-22T16:00,32.4,57,36.5,508.0,8.6,0.0,1001.2
2026-08-22T17:00,31.9,58,35.9,307.0,7.7,0.0,1001.6
2026-08-22T18:00,30.8,64,35.6,112.0,5.8,0.1,1002.4
2026-08-22T19:00,29.6,71,34.5,6.0,6.5,0.0,1002.8
2026-08-22T20:00,29.1,71,33.7,0.0,7.4,0.0,1003.2
2026-08-22T21:00,28.5,74,33.1,0.0,7.1,0.0,1004.0
2026-08-22T22:00,28.0,76,32.7,0.0,6.8,0.0,1004.4
2026-08-22T23:00,28.1,78,33.0,0.0,7.3,0.0,1004.2
2026-08-23T00:00,27.5,80,32.4,0.0,6.6,0.0,1004.2
2026-08-23T01:00,27.2,80,31.7,0.0,7.7,0.0,1004.0
2026-08-23T02:00,26.8,81,31.6,0.0,5.9,0.0,1003.7
2026-08-23T03:00,26.5,82,31.2,0.0,5.6,0.0,1003.6
2026-08-23T04:00,26.2,83,30.6,0.0,6.9,0.0,1003.7
2026-08-23T05:00,26.9,79,30.9,0.0,9.3,0.0,1003.7
2026-08-23T06:00,26.5,80,30.4,7.0,9.1,0.0,1004.8
2026-08-23T07:00,27.2,77,31.1,116.0,10.2,0.0,1005.1
2026-08-23T08:00,28.4,71,32.0,312.0,10.8,0.0,1005.5
2026-08-23T09:00,29.6,65,33.3,519.0,9.6,0.0,1005.9
2026-08-23T10:00,31.0,60,35.7,697.0,8.2,0.0,1006.1
2026-08-23T11:00,31.9,57,37.5,808.0,7.3,0.0,1006.3
2026-08-23T12:00,32.4,56,38.3,866.0,7.4,0.0,1005.6
2026-08-23T13:00,33.0,54,39.3,885.0,6.2,0.0,1004.6
2026-08-23T14:00,33.1,54,38.9,790.0,5.4,0.0,1003.6
2026-08-23T15:00,32.9,54,37.7,651.0,5.8,0.1,1003.1
2026-08-23T16:00,32.6,54,36.7,484.0,6.1,0.1,1002.5
2026-08-23T17:00,32.9,51,36.4,286.0,7.8,0.0,1002.0
2026-08-23T18:00,31.8,57,35.7,109.0,7.1,0.0,1002.8
2026-08-23T19:00,30.5,64,35.1,6.0,5.8,0.0,1003.6
2026-08-23T20:00,30.0,66,34.7,0.0,5.3,0.0,1004.7
2026-08-23T21:00,29.4,70,34.5,0.0,3.6,0.0,1005.5
2026-08-23T22:00,28.8,73,34.1,0.0,3.5,0.0,1005.6
2026-08-23T23:00,28.7,72,33.2,0.0,8.0,0.0,1005.2
2026-08-24T00:00,28.4,70,32.3,0.0,7.8,0.0,1004.9
2026-08-24T01:00,27.9,71,31.4,0.0,9.7,0.0,1004.6
2026-08-24T02:00,27.4,72,30.6,0.0,11.3,0.0,1004.2
2026-08-24T03:00,27.0,74,30.2,0.0,11.6,0.0,1004.2
2026-08-24T04:00,26.7,76,29.9,0.0,11.6,0.0,1004.5
2026-08-24T05:00,26.9,75,30.0,0.0,13.2,0.0,1004.8
2026-08-24T06:00,26.5,78,29.6,7.0,14.0,0.0,1005.3
2026-08-24T07:00,27.0,77,30.5,115.0,12.6,0.0,1005.5
2026-08-24T08:00,28.3,72,31.6,309.0,13.4,0.0,1005.6
2026-08-24T09:00,29.8,66,33.1,513.0,13.6,0.0,1006.1
2026-08-24T10:00,31.2,61,35.2,683.0,14.1,0.0,1005.8
2026-08-24T11:00,32.2,56,37.0,813.0,11.8,0.0,1005.6
2026-08-24T12:00,32.2,56,36.2,604.0,9.1,0.1,1004.9
2026-08-24T13:00,32.9,52,37.3,687.0,8.9,0.0,1004.4
2026-08-24T14:00,28.9,67,31.9,437.0,13.5,0.2,1004.3
2026-08-24T15:00,27.1,84,32.6,350.0,4.9,1.8,1004.3
2026-08-24T16:00,28.0,77,33.1,257.0,4.5,0.0,1003.8
2026-08-24T17:00,30.0,68,35.3,207.0,3.9,0.0,1002.7
2026-08-24T18:00,29.6,72,35.2,66.0,3.3,0.0,1003.4
2026-08-24T19:00,28.8,78,34.8,4.0,3.6,0.0,1004.2
2026-08-24T20:00,28.5,81,34.6,0.0,3.8,0.0,1004.8
2026-08-24T21:00,28.1,83,34.1,0.0,4.4,0.0,1005.2
2026-08-24T22:00,24.2,99,29.5,0.0,5.0,3.3,1006.7
2026-08-24T23:00,26.6,88,32.0,0.0,5.6,0.8,1005.3
2026-08-25T00:00,25.8,91,31.2,0.0,4.7,0.0,1005.1
2026-08-25T01:00,25.5,91,30.7,0.0,5.1,0.0,1004.7
2026-08-25T02:00,25.3,92,30.6,0.0,5.2,0.0,1004.2
2026-08-25T03:00,25.3,93,31.3,0.0,0.5,0.0,1004.3
2026-08-25T04:00,24.2,96,28.5,0.0,10.6,0.4,1004.9
2026-08-25T05:00,25.5,99,31.2,0.0,7.5,0.3,1004.4
2026-08-25T06:00,24.8,99,30.5,5.0,5.3,0.0,1004.9
2026-08-25T07:00,23.9,99,28.9,66.0,6.2,1.7,1006.4
2026-08-25T08:00,24.5,96,30.0,93.0,3.2,2.1,1006.4
2026-08-25T09:00,26.5,89,32.2,330.0,4.3,0.3,1006.3
2026-08-25T10:00,28.9,76,34.5,621.0,6.4,0.0,1006.3
2026-08-25T11:00,28.7,77,35.1,781.0,7.6,0.0,1006.1
2026-08-25T12:00,30.5,65,35.8,699.0,7.9,0.1,1005.5
2026-08-25T13:00,30.0,65,34.0,262.0,9.0,0.1,1004.6
2026-08-25T14:00,30.5,64,34.7,336.0,8.4,0.0,1003.8
2026-08-25T15:00,31.3,59,35.0,543.0,9.9,0.0,1003.4
2026-08-25T16:00,30.8,59,34.3,412.0,9.4,0.0,1003.0
2026-08-25T17:00,30.9,63,35.7,160.0,4.4,0.0,1003.3
2026-08-25T18:00,29.8,71,35.4,37.0,2.2,0.0,1003.8
2026-08-25T19:00,28.5,82,34.9,1.0,2.9,0.1,1004.4
2026-08-25T20:00,27.5,86,33.1,0.0,7.4,0.0,1005.3
2026-08-25T21:00,26.9,88,32.4,0.0,6.5,0.0,1005.6
2026-08-25T22:00,26.5,89,31.9,0.0,6.5,0.0,1005.3
2026-08-25T23:00,27.2,89,33.2,0.0,6.1,0.0,1004.8
2026-08-26T00:00,26.9,90,33.0,0.0,5.0,0.0,1005.0
2026-08-26T01:00,26.8,91,33.1,0.0,3.3,0.0,1004.9
2026-08-26T02:00,26.5,92,32.8,0.0,2.8,0.0,1004.6
2026-08-26T03:00,26.2,93,32.2,0.0,5.0,0.0,1004.2
2026-08-26T04:00,26.0,93,31.4,0.0,7.2,0.0,1004.5
2026-08-26T05:00,26.3,93,32.0,0.0,7.4,0.0,1004.5
2026-08-26T06:00,26.2,91,31.2,5.0,10.2,0.0,1004.4
2026-08-26T07:00,27.1,86,32.0,96.0,9.9,0.0,1004.9
2026-08-26T08:00,28.2,78,32.2,259.0,13.5,0.0,1005.0
2026-08-26T09:00,29.5,72,33.7,442.0,11.9,0.0,1005.7
2026-08-26T10:00,30.5,69,34.9,559.0,12.7,0.0,1005.8
2026-08-26T11:00,31.6,62,35.5,625.0,14.7,0.1,1005.1
2026-08-26T12:00,32.3,58,37.0,736.0,12.2,0.1,1004.7
2026-08-26T13:00,32.9,54,37.3,678.0,10.0,0.0,1003.6
2026-08-26T14:00,33.1,52,36.8,606.0,9.7,0.0,1002.8
2026-08-26T15:00,33.2,51,36.8,478.0,7.9,0.0,1002.1
2026-08-26T16:00,32.8,53,36.5,340.0,7.5,0.0,1001.4
2026-08-26T17:00,32.0,59,36.5,218.0,6.2,0.0,1001.2
2026-08-26T18:00,30.6,66,35.5,82.0,6.3,0.0,1001.2
2026-08-26T19:00,29.5,70,34.1,4.0,7.6,0.0,1002.1
2026-08-26T20:00,29.1,71,33.7,0.0,7.3,0.0,1002.9
2026-08-26T21:00,28.3,75,33.5,0.0,4.4,0.0,1003.7
2026-08-26T22:00,27.8,78,32.9,0.0,4.6,0.0,1004.0
2026-08-26T23:00,27.6,76,32.0,0.0,7.4,0.0,1004.1
