datetime,temperature_2m,relativehumidity_2m,apparent_temperature,shortwave_radiation,windspeed_10m,precipitation,pressure_msl
2026-01-01T00:00,20.4,97,23.0,0.0,8.1,0.0,997.9
2026-01-01T01:00,20.5,97,23.5,0.0,5.6,0.0,998.3
2026-01-01T02:00,21.5,93,24.7,46.0,5.9,0.0,999.4
2026-01-01T03:00,23.7,83,27.2,233.0,4.4,0.0,1000.4
2026-01-01T04:00,25.4,74,28.7,451.0,4.5,0.0,1000.8
2026-01-01T05:00,26.6,68,30.7,643.0,2.8,0.0,1000.5
2026-01-01T06:00,27.7,60,32.2,775.0,3.1,0.0,999.8
2026-01-01T07:00,28.3,57,32.2,833.0,7.8,0.0,998.6
2026-01-01T08:00,28.8,53,32.4,820.0,7.1,0.0,997.3
2026-01-01T09:00,29.5,47,31.8,739.0,8.5,0.0,996.3
2026-01-01T10:00,29.4,48,30.8,585.0,9.1,0.0,995.7
2026-01-01T11:00,28.9,50,30.1,394.0,9.3,0.0,995.3
2026-01-01T12:00,27.3,59,29.4,172.0,7.3,0.0,995.5
2026-01-01T13:00,26.2,63,26.9,15.0,16.4,0.0,996.3
2026-01-01T14:00,25.9,65,26.7,0.0,16.6,0.0,997.3
2026-01-01T15:00,25.2,70,26.2,0.0,17.1,0.0,998.1
2026-01-01T16:00,24.5,76,25.5,0.0,18.7,0.0,999.1
2026-01-01T17:00,23.8,80,25.2,0.0,17.3,0.0,999.2
2026-01-01T18:00,23.1,84,24.8,0.0,15.7,0.0,998.9
2026-01-01T19:00,22.5,87,24.6,0.0,13.2,0.0,998.6
2026-01-01T20:00,21.9,91,24.2,0.0,10.9,0.0,997.8
2026-01-01T21:00,21.3,93,24.0,0.0,8.5,0.0,997.1
2026-01-01T22:00,20.6,95,23.5,0.0,5.8,0.0,996.6
2026-01-01T23:00,19.7,98,22.6,0.0,4.2,0.0,996.9
2026-01-02T00:00,19.6,99,22.9,0.0,2.0,0.0,997.5
2026-01-02T01:00,19.9,100,23.4,0.0,1.5,0.0,998.2
2026-01-02T02:00,20.9,98,24.6,36.0,3.6,0.0,999.4
2026-01-02T03:00,23.0,90,26.7,193.0,5.0,0.0,1000.1
2026-01-02T04:00,24.4,81,28.2,411.0,3.3,0.3,1000.7
2026-01-02T05:00,25.7,73,29.1,587.0,6.4,0.0,1000.3
2026-01-02T06:00,26.9,66,30.6,714.0,8.0,0.0,999.6
2026-01-02T07:00,28.1,55,30.9,811.0,11.1,0.0,998.6
2026-01-02T08:00,28.6,50,30.2,786.0,14.6,0.0,997.4
2026-01-02T09:00,28.6,49,29.4,723.0,16.9,0.0,996.5
2026-01-02T10:00,28.7,49,28.7,577.0,17.5,0.0,996.0
2026-01-02T11:00,28.3,49,27.9,386.0,18.0,0.0,995.9
2026-01-02T12:00,26.5,56,26.3,163.0,18.8,0.0,996.5
2026-01-02T13:00,25.7,58,25.5,18.0,17.8,0.0,997.1
2026-01-02T14:00,24.8,63,25.1,0.0,15.0,0.0,998.0
2026-01-02T15:00,24.1,68,24.8,0.0,14.4,0.0,998.9
2026-01-02T16:00,23.7,70,24.4,0.0,14.8,0.0,999.6
2026-01-02T17:00,22.8,75,23.7,0.0,13.9,0.0,999.6
2026-01-02T18:00,22.1,78,23.1,0.0,13.2,0.0,999.6
2026-01-02T19:00,21.7,77,22.6,0.0,12.6,0.0,999.4
2026-01-02T20:00,21.4,77,22.4,0.0,10.5,0.0,998.4
2026-01-02T21:00,20.8,79,22.2,0.0,7.2,0.0,997.7
2026-01-02T22:00,20.0,84,21.9,0.0,4.6,0.0,997.1
2026-01-02T23:00,19.6,89,21.9,0.0,2.7,0.0,997.3
2026-01-03T00:00,18.9,91,20.8,0.0,5.1,0.0,997.6
2026-01-03T01:00,19.2,95,21.5,0.0,5.0,0.0,998.8
2026-01-03T02:00,20.7,90,22.8,46.0,8.1,0.0,1000.0
2026-01-03T03:00,22.8,81,25.6,236.0,4.9,0.0,1000.9
2026-01-03T04:00,24.4,74,27.6,456.0,2.6,0.0,1001.3
2026-01-03T05:00,25.8,67,28.9,656.0,6.5,0.0,1000.6
2026-01-03T06:00,26.7,62,30.3,741.0,5.6,0.0,1000.2
2026-01-03T07:00,27.5,57,31.1,792.0,5.7,0.0,999.1
2026-01-03T08:00,28.2,52,30.9,788.0,8.8,0.0,998.0
2026-01-03T09:00,28.6,48,30.1,724.0,11.7,0.0,996.9
2026-01-03T10:00,28.8,47,28.9,596.0,15.3,0.0,996.2
2026-01-03T11:00,28.0,49,27.3,402.0,19.8,0.0,995.7
2026-01-03T12:00,26.2,57,25.7,182.0,20.3,0.0,996.0
2026-01-03T13:00,25.5,60,25.5,19.0,17.1,0.0,996.9
2026-01-03T14:00,24.6,65,25.4,0.0,13.0,0.0,997.7
2026-01-03T15:00,23.8,72,24.9,0.0,13.1,0.0,998.6
2026-01-03T16:00,23.0,77,24.1,0.0,14.3,0.0,998.9
2026-01-03T17:00,22.1,77,23.0,0.0,13.2,0.0,998.9
2026-01-03T18:00,21.3,79,22.3,0.0,11.7,0.0,998.6
2026-01-03T19:00,20.8,81,21.9,0.0,10.7,0.0,998.2
2026-01-03T20:00,20.4,83,21.5,0.0,9.8,0.0,997.5
2026-01-03T21:00,19.9,85,21.2,0.0,8.8,0.0,997.0
2026-01-03T22:00,19.3,88,20.9,0.0,7.1,0.0,996.7
2026-01-03T23:00,18.4,93,20.2,0.0,5.2,0.0,996.9
2026-01-04T00:00,18.1,93,20.1,0.0,2.8,0.0,997.3
2026-01-04T01:00,19.3,94,21.5,0.0,5.8,0.0,998.1
2026-01-04T02:00,19.9,93,22.2,46.0,6.5,0.0,999.4
2026-01-04T03:00,22.3,84,25.2,241.0,4.3,0.0,1000.3
2026-01-04T04:00,24.3,70,26.4,465.0,6.9,0.0,1000.4
2026-01-04T05:00,25.7,60,27.9,655.0,6.8,0.0,1000.1
2026-01-04T06:00,26.9,55,28.9,782.0,12.5,0.0,999.3
2026-01-04T07:00,27.5,52,28.8,696.0,12.6,0.0,998.0
2026-01-04T08:00,28.1,51,30.2,771.0,11.3,0.0,996.6
2026-01-04T09:00,28.5,50,30.2,737.0,12.4,0.0,995.6
2026-01-04T10:00,28.3,50,28.8,580.0,14.4,0.0,995.1
2026-01-04T11:00,27.6,52,27.9,388.0,14.1,0.0,995.3
2026-01-04T12:00,26.6,57,28.0,179.0,8.1,0.0,995.8
2026-01-04T13:00,24.4,66,26.0,20.0,7.1,0.0,996.4
2026-01-04T14:00,24.0,70,25.9,0.0,7.7,0.0,997.4
2026-01-04T15:00,23.7,72,25.2,0.0,10.2,0.0,998.2
2026-01-04T16:00,23.2,75,24.4,0.0,12.8,0.0,998.7
2026-01-04T17:00,22.4,81,24.0,0.0,11.9,0.0,998.9
2026-01-04T18:00,21.7,84,23.5,0.0,10.4,0.0,998.7
2026-01-04T19:00,21.2,85,22.7,0.0,11.1,0.0,998.1
2026-01-04T20:00,20.8,86,22.2,0.0,10.9,0.0,997.6
2026-01-04T21:00,20.5,87,21.9,0.0,10.5,0.0,997.2
2026-01-04T22:00,20.2,88,21.9,0.0,8.4,0.0,996.9
2026-01-04T23:00,19.3,92,21.3,0.0,5.4,0.0,997.2
2026-01-05T00:00,19.1,92,21.4,0.0,3.1,0.0,997.5
2026-01-05T01:00,19.9,96,22.8,0.0,4.5,0.0,998.4
2026-01-05T02:00,20.8,93,23.5,39.0,6.1,0.0,999.2
2026-01-05T03:00,22.9,85,26.0,217.0,5.4,0.0,1000.1
2026-01-05T04:00,24.6,73,27.3,454.0,6.0,0.0,1000.5
2026-01-05T05:00,26.0,62,28.4,628.0,6.9,0.0,1000.3
2026-01-05T06:00,27.0,57,30.2,784.0,7.1,0.0,999.5
2026-01-05T07:00,27.7,52,31.0,835.0,6.4,0.0,998.3
2026-01-05T08:00,28.1,49,30.9,807.0,6.8,0.0,997.3
2026-01-05T09:00,28.2,48,30.1,706.0,7.4,0.0,996.0
2026-01-05T10:00,28.1,48,29.3,588.0,7.4,0.0,995.4
2026-01-05T11:00,27.6,50,28.7,407.0,7.2,0.0,995.4
2026-01-05T12:00,26.0,61,28.0,189.0,5.8,0.0,995.7
2026-01-05T13:00,25.0,62,27.4,21.0,1.1,0.0,996.2
2026-01-05T14:00,24.4,63,26.2,0.0,3.4,0.0,997.1
2026-01-05T15:00,23.0,68,24.5,0.0,6.2,0.0,997.9
2026-01-05T16:00,22.1,74,23.6,0.0,7.4,0.0,998.7
2026-01-05T17:00,22.3,77,23.5,0.0,11.6,0.0,999.4
2026-01-05T18:00,21.7,83,23.3,0.0,10.8,0.0,998.8
2026-01-05T19:00,21.2,86,22.9,0.0,10.6,0.0,998.1
2026-01-05T20:00,20.8,88,22.4,0.0,11.3,0.0,997.5
2026-01-05T21:00,20.7,89,22.4,0.0,10.9,0.0,996.8
2026-01-05T22:00,20.4,90,22.6,0.0,6.8,0.0,996.5
2026-01-05T23:00,19.8,91,22.6,0.0,1.9,0.0,996.7
2026-01-06T00:00,19.4,93,22.2,0.0,0.7,0.0,997.3
2026-01-06T01:00,19.5,100,22.6,0.0,3.6,0.0,997.9
2026-01-06T02:00,20.6,98,23.9,42.0,4.8,0.0,998.9
2026-01-06T03:00,22.6,87,26.0,220.0,3.7,0.0,1000.0
2026-01-06T04:00,24.2,77,27.5,441.0,3.4,0.0,1000.5
2026-01-06T05:00,25.6,68,28.6,615.0,5.5,0.0,1000.0
2026-01-06T06:00,26.6,62,30.1,739.0,6.1,0.0,999.2
2026-01-06T07:00,27.3,58,31.1,792.0,5.7,0.0,998.1
2026-01-06T08:00,27.8,54,31.3,763.0,4.6,0.0,996.8
2026-01-06T09:00,28.1,51,30.8,696.0,4.5,0.0,996.0
2026-01-06T10:00,28.1,50,29.6,560.0,5.9,0.0,995.6
2026-01-06T11:00,27.5,51,28.5,400.0,8.8,0.0,995.4
2026-01-06T12:00,26.2,58,27.5,188.0,8.2,0.0,995.7
2026-01-06T13:00,24.3,65,25.8,21.0,6.6,0.0,996.3
2026-01-06T14:00,23.3,68,24.7,0.0,7.4,0.0,997.3
2026-01-06T15:00,22.1,71,23.5,0.0,6.3,0.0,997.9
2026-01-06T16:00,21.1,75,22.5,0.0,5.7,0.0,998.2
2026-01-06T17:00,20.7,77,22.3,0.0,3.9,0.0,998.2
2026-01-06T18:00,20.2,79,21.7,0.0,4.8,0.0,998.0
2026-01-06T19:00,19.9,81,21.3,0.0,5.9,0.0,997.6
2026-01-06T20:00,19.6,84,21.2,0.0,5.8,0.0,997.4
2026-01-06T21:00,19.2,90,21.1,0.0,5.2,0.0,996.9
2026-01-06T22:00,18.8,93,20.9,0.0,4.3,0.0,996.5
2026-01-06T23:00,18.7,93,21.1,0.0,2.1,0.0,996.5
2026-01-07T00:00,18.8,92,21.3,0.0,1.0,0.0,997.0
2026-01-07T01:00,19.3,100,22.2,0.0,3.5,0.0,997.7
2026-01-07T02:00,20.0,98,23.2,35.0,3.9,0.0,998.8
2026-01-07T03:00,22.6,88,26.2,212.0,3.7,0.0,999.8
2026-01-07T04:00,24.6,77,27.7,444.0,6.5,0.0,1000.0
2026-01-07T05:00,26.0,70,28.9,564.0,7.5,0.0,999.7
2026-01-07T06:00,27.0,65,30.3,616.0,5.8,0.0,998.8
2026-01-07T07:00,28.1,60,31.7,704.0,6.6,0.0,997.7
2026-01-07T08:00,28.3,60,31.4,650.0,8.1,0.0,996.5
2026-01-07T09:00,28.8,57,31.5,534.0,6.2,0.0,995.4
2026-01-07T10:00,28.1,61,30.6,336.0,8.7,0.0,994.9
2026-01-07T11:00,28.0,63,30.6,370.0,9.3,0.0,994.9
2026-01-07T12:00,27.1,69,30.4,173.0,6.3,0.0,995.1
2026-01-07T13:00,25.6,75,28.7,20.0,7.6,0.0,995.5
2026-01-07T14:00,25.1,77,27.8,0.0,10.7,0.0,996.4
2026-01-07T15:00,24.6,80,27.0,0.0,13.5,0.0,997.0
2026-01-07T16:00,23.9,86,26.5,0.0,13.1,0.0,997.5
2026-01-07T17:00,23.2,88,25.8,0.0,13.0,0.0,997.6
2026-01-07T18:00,22.7,91,25.3,0.0,12.7,0.0,997.4
2026-01-07T19:00,22.3,93,24.9,0.0,12.1,0.0,997.1
2026-01-07T20:00,21.9,96,24.8,0.0,11.1,0.0,996.7
2026-01-07T21:00,21.7,97,24.7,0.0,9.7,0.0,996.0
2026-01-07T22:00,21.3,98,24.7,0.0,6.2,0.0,995.9
2026-01-07T23:00,20.6,99,24.1,0.0,3.8,0.0,995.8
2026-01-08T00:00,20.6,100,24.2,0.0,3.1,0.0,996.4
2026-01-08T01:00,21.9,95,25.4,0.0,5.2,0.1,997.2
2026-01-08T02:00,22.4,94,26.5,27.0,2.7,0.0,998.2
2026-01-08T03:00,23.5,86,27.0,195.0,6.5,0.0,999.2
2026-01-08T04:00,24.6,81,28.1,375.0,6.0,0.1,999.6
2026-01-08T05:00,26.1,71,29.3,542.0,6.1,0.0,999.4
2026-01-08T06:00,27.3,64,31.0,702.0,7.5,0.1,998.4
2026-01-08T07:00,28.0,62,31.8,736.0,7.6,0.0,997.0
2026-01-08T08:00,28.4,59,32.5,756.0,6.0,0.0,996.2
2026-01-08T09:00,28.2,60,31.4,623.0,6.3,0.1,995.5
2026-01-08T10:00,28.0,60,30.6,505.0,6.4,0.0,995.0
2026-01-08T11:00,28.3,57,30.8,374.0,6.4,0.0,994.7
2026-01-08T12:00,27.6,62,30.2,178.0,7.2,0.0,995.3
2026-01-08T13:00,25.7,70,28.4,21.0,7.0,0.0,995.9
2026-01-08T14:00,25.5,64,26.4,0.0,13.6,0.0,996.7
2026-01-08T15:00,25.0,58,24.8,0.0,15.3,0.0,997.2
2026-01-08T16:00,24.2,64,23.9,0.0,18.8,0.0,997.7
2026-01-08T17:00,23.1,73,23.2,0.0,18.6,0.0,998.1
2026-01-08T18:00,22.4,75,22.5,0.0,18.2,0.0,997.8
2026-01-08T19:00,22.0,77,22.1,0.0,18.0,0.0,997.5
2026-01-08T20:00,21.7,77,21.9,0.0,17.2,0.0,997.0
2026-01-08T21:00,21.3,77,21.8,0.0,14.2,0.0,996.6
2026-01-08T22:00,20.7,81,21.9,0.0,9.4,0.0,996.5
2026-01-08T23:00,19.7,88,21.9,0.0,3.6,0.0,996.9
2026-01-09T00:00,19.5,89,22.2,0.0,0.5,0.0,997.3
2026-01-09T01:00,20.1,94,23.1,0.0,2.4,0.0,998.2
2026-01-09T02:00,20.8,91,24.2,39.0,0.6,0.0,998.9
2026-01-09T03:00,22.7,82,25.6,219.0,4.0,0.0,999.9
2026-01-09T04:00,24.2,74,27.2,442.0,2.7,0.0,1000.3
2026-01-09T05:00,25.4,65,28.3,634.0,5.0,0.0,999.8
2026-01-09T06:00,26.5,59,29.2,770.0,9.2,0.0,998.9
2026-01-09T07:00,27.3,55,30.1,831.0,10.2,0.0,997.9
2026-01-09T08:00,28.2,51,30.4,812.0,11.9,0.0,996.6
2026-01-09T09:00,28.7,49,29.9,700.0,13.7,0.0,995.8
2026-01-09T10:00,28.8,48,29.1,502.0,13.4,0.0,995.6
2026-01-09T11:00,26.9,58,27.3,166.0,16.6,0.0,996.1
2026-01-09T12:00,26.6,61,27.5,124.0,14.4,0.0,996.4
2026-01-09T13:00,25.8,64,27.1,13.0,12.8,0.0,997.5
2026-01-09T14:00,25.5,66,26.6,0.0,14.3,0.0,998.6
2026-01-09T15:00,24.6,70,25.8,0.0,13.8,0.0,999.5
2026-01-09T16:00,24.1,73,25.5,0.0,12.8,0.0,1000.2
2026-01-09T17:00,23.7,73,24.9,0.0,13.4,0.0,1000.5
2026-01-09T18:00,23.2,71,24.1,0.0,12.9,0.0,1000.1
2026-01-09T19:00,22.6,73,23.6,0.0,11.9,0.0,999.5
2026-01-09T20:00,21.9,76,23.3,0.0,8.4,0.0,998.7
2026-01-09T21:00,20.7,84,22.9,0.0,4.6,0.0,998.0
2026-01-09T22:00,20.2,87,22.7,0.0,2.6,0.0,997.8
2026-01-09T23:00,19.9,88,22.4,0.0,2.1,0.0,997.8
2026-01-10T00:00,19.7,89,22.1,0.0,2.3,0.0,998.3
2026-01-10T01:00,20.3,91,23.0,0.0,3.1,0.0,998.8
2026-01-10T02:00,21.4,87,24.0,39.0,5.6,0.0,999.4
2026-01-10T03:00,23.4,79,26.5,223.0,3.3,0.0,1000.3
2026-01-10T04:00,24.8,74,28.0,440.0,4.2,0.0,1000.9
2026-01-10T05:00,26.2,69,30.5,624.0,0.4,0.0,1000.9
2026-01-10T06:00,27.7,62,31.1,752.0,9.4,0.0,1000.1
2026-01-10T07:00,27.5,63,29.7,423.0,10.4,0.0,999.2
2026-01-10T08:00,28.1,61,30.4,443.0,10.1,0.0,998.0
2026-01-10T09:00,28.5,60,30.3,409.0,13.9,0.0,997.1
2026-01-10T10:00,29.1,58,31.0,462.0,13.4,0.0,996.7
2026-01-10T11:00,28.6,59,30.2,305.0,15.0,0.0,996.5
2026-01-10T12:00,27.2,68,29.5,135.0,12.6,0.0,997.5
2026-01-10T13:00,25.5,73,28.0,21.0,10.7,0.0,998.6
2026-01-10T14:00,24.6,78,26.9,0.0,12.5,0.0,999.9
2026-01-10T15:00,24.0,82,26.6,0.0,11.4,0.0,1000.6
2026-01-10T16:00,23.5,85,26.3,0.0,10.1,0.0,1000.8
2026-01-10T17:00,23.1,87,25.9,0.0,9.7,0.0,1000.5
2026-01-10T18:00,22.9,88,25.8,0.0,8.9,0.0,1000.2
2026-01-10T19:00,22.2,91,25.6,0.0,5.2,0.0,999.8
2026-01-10T20:00,21.7,93,25.5,0.0,2.0,0.0,999.3
2026-01-10T21:00,21.3,95,25.2,0.0,1.3,0.0,998.6
2026-01-10T22:00,20.7,98,24.3,0.0,2.8,0.0,998.2
2026-01-10T23:00,20.7,98,24.0,0.0,4.9,0.0,998.3
2026-01-11T00:00,20.4,98,24.0,0.0,1.5,0.0,998.4
2026-01-11T01:00,21.1,99,25.0,0.0,3.3,0.0,998.5
2026-01-11T02:00,22.0,97,25.7,38.0,5.8,0.0,999.6
2026-01-11T03:00,23.9,86,27.9,217.0,4.5,0.0,1000.7
2026-01-11T04:00,25.7,76,29.7,405.0,3.2,0.0,1001.5
2026-01-11T05:00,27.1,70,30.8,594.0,6.3,0.0,1001.0
2026-01-11T06:00,28.1,64,31.8,646.0,7.4,0.0,1000.3
2026-01-11T07:00,28.6,63,31.7,534.0,7.8,0.0,999.0
2026-01-11T08:00,29.1,61,32.2,503.0,8.0,0.0,997.7
2026-01-11T09:00,29.2,60,31.8,452.0,9.9,0.0,996.6
2026-01-11T10:00,29.8,58,32.2,523.0,11.1,0.0,995.8
2026-01-11T11:00,29.1,59,30.7,388.0,17.0,0.0,995.6
2026-01-11T12:00,27.7,65,29.0,179.0,18.5,0.0,996.3
2026-01-11T13:00,25.4,77,27.8,19.0,13.0,0.0,997.5
2026-01-11T14:00,25.0,79,27.1,0.0,15.3,0.0,998.6
2026-01-11T15:00,24.5,81,26.5,0.0,15.9,0.0,999.4
2026-01-11T16:00,24.0,84,26.0,0.0,15.6,0.0,999.9
2026-01-11T17:00,23.5,86,25.5,0.0,15.9,0.0,1000.1
2026-01-11T18:00,23.1,86,25.1,0.0,15.1,0.0,1000.2
2026-01-11T19:00,22.6,87,24.7,0.0,12.7,0.0,999.9
2026-01-11T20:00,22.1,88,24.6,0.0,8.9,0.0,999.1
2026-01-11T21:00,21.3,92,24.8,0.0,1.6,0.0,998.3
2026-01-11T22:00,20.9,94,24.6,0.0,0.5,0.0,997.9
2026-01-11T23:00,21.2,93,24.6,0.0,2.5,0.0,998.0
2026-01-12T00:00,21.1,94,24.6,0.0,2.5,0.0,998.6
2026-01-12T01:00,21.8,95,25.5,0.0,4.6,0.0,998.8
2026-01-12T02:00,22.5,92,25.9,30.0,6.3,0.0,999.7
2026-01-12T03:00,23.8,84,27.3,205.0,5.5,0.0,1000.6
2026-01-12T04:00,24.9,78,28.7,284.0,3.4,0.0,1000.9
2026-01-12T05:00,26.2,72,30.2,415.0,1.3,0.0,1000.4
2026-01-12T06:00,26.6,69,30.4,374.0,1.9,0.0,1000.2
2026-01-12T07:00,26.2,72,29.9,330.0,4.0,1.6,999.1
2026-01-12T08:00,26.6,71,30.3,362.0,3.3,0.0,997.8
2026-01-12T09:00,26.6,71,30.2,329.0,4.6,0.0,996.6
2026-01-12T10:00,26.9,70,30.7,337.0,3.4,0.0,996.2
2026-01-12T11:00,27.5,67,30.8,358.0,6.5,0.0,996.1
2026-01-12T12:00,27.0,70,29.8,125.0,10.1,0.0,996.7
2026-01-12T13:00,26.5,71,28.8,22.0,13.3,0.0,997.3
2026-01-12T14:00,25.9,74,28.1,0.0,14.7,0.0,998.2
2026-01-12T15:00,25.1,78,27.3,0.0,14.4,0.0,998.7
2026-01-12T16:00,24.6,81,26.9,0.0,14.1,0.0,999.3
2026-01-12T17:00,24.1,84,26.6,0.0,13.3,0.0,999.2
2026-01-12T18:00,23.8,86,26.4,0.0,12.5,0.0,999.0
2026-01-12T19:00,23.5,87,26.5,0.0,10.0,0.0,998.5
2026-01-12T20:00,23.0,90,26.4,0.0,6.8,0.0,997.5
2026-01-12T21:00,22.5,92,26.3,0.0,4.7,0.0,996.9
2026-01-12T22:00,22.1,95,26.1,0.0,2.9,0.0,996.2
2026-01-12T23:00,21.8,96,26.1,0.0,1.3,0.0,996.3
2026-01-13T00:00,21.5,97,25.5,0.0,2.8,0.0,996.6
2026-01-13T01:00,22.7,95,26.8,0.0,4.8,0.0,996.7
2026-01-13T02:00,23.4,92,27.5,36.0,5.6,0.0,997.7
2026-01-13T03:00,25.2,83,29.5,208.0,4.1,0.0,998.4
2026-01-13T04:00,26.6,76,31.3,418.0,0.9,0.2,998.8
2026-01-13T05:00,27.7,72,32.2,578.0,4.9,0.1,998.6
2026-01-13T06:00,27.9,71,31.5,395.0,8.5,0.0,997.8
2026-01-13T07:00,28.8,68,32.9,641.0,9.9,0.0,996.6
2026-01-13T08:00,29.6,66,34.7,790.0,10.6,0.0,995.3
2026-01-13T09:00,30.0,61,33.3,645.0,13.0,0.0,994.0
2026-01-13T10:00,28.8,66,31.7,389.0,12.8,0.5,993.7
2026-01-13T11:00,26.4,78,28.6,351.0,19.3,0.4,994.3
2026-01-13T12:00,26.1,82,29.7,84.0,11.9,0.3,994.7
2026-01-13T13:00,26.1,78,28.5,24.0,16.3,0.0,995.8
2026-01-13T14:00,25.5,80,28.0,0.0,15.9,0.0,997.0
2026-01-13T15:00,25.1,82,27.4,0.0,17.0,0.0,997.8
2026-01-13T16:00,24.5,85,26.5,0.0,18.8,0.0,998.8
2026-01-13T17:00,24.1,87,26.5,0.0,16.2,0.0,999.0
2026-01-13T18:00,23.7,89,26.7,0.0,12.1,0.0,998.7
2026-01-13T19:00,23.2,92,26.8,0.0,8.1,0.0,998.2
2026-01-13T20:00,22.6,95,26.8,0.0,4.4,0.0,997.3
2026-01-13T21:00,22.5,96,26.7,0.0,3.9,0.0,996.8
2026-01-13T22:00,22.1,98,26.4,0.0,3.1,0.0,996.3
2026-01-13T23:00,21.7,99,26.1,0.0,1.6,0.0,996.4
2026-01-14T00:00,21.6,99,26.0,0.0,1.2,0.0,996.9
2026-01-14T01:00,22.8,96,27.7,0.0,0.8,0.0,998.1
2026-01-14T02:00,23.4,93,28.3,34.0,1.0,0.0,999.1
2026-01-14T03:00,24.6,87,28.8,196.0,5.7,0.0,999.6
2026-01-14T04:00,26.2,77,29.9,405.0,7.4,0.0,1000.1
2026-01-14T05:00,27.5,70,30.8,589.0,10.1,0.0,1000.0
2026-01-14T06:00,28.6,64,31.8,676.0,13.3,0.0,999.2
2026-01-14T07:00,29.8,58,32.9,768.0,15.5,0.0,997.9
2026-01-14T08:00,30.3,56,32.9,775.0,18.0,0.0,996.6
2026-01-14T09:00,30.2,54,31.5,656.0,20.3,0.1,995.5
2026-01-14T10:00,28.9,63,29.6,498.0,24.5,0.1,995.3
2026-01-14T11:00,28.7,63,29.6,365.0,24.0,0.0,995.7
2026-01-14T12:00,26.8,70,27.9,144.0,22.0,0.0,996.5
2026-01-14T13:00,25.1,82,28.1,10.0,12.4,0.0,997.7
2026-01-14T14:00,25.5,78,27.8,0.0,16.1,0.0,998.5
2026-01-14T15:00,25.4,76,26.9,0.0,18.9,0.0,999.4
2026-01-14T16:00,25.2,78,26.6,0.0,20.3,0.0,1000.0
2026-01-14T17:00,24.4,81,26.0,0.0,18.9,0.0,999.9
2026-01-14T18:00,24.1,81,25.7,0.0,17.9,0.0,999.9
2026-01-14T19:00,23.9,81,25.5,0.0,16.9,0.0,999.3
2026-01-14T20:00,23.4,83,25.7,0.0,11.3,0.0,998.7
2026-01-14T21:00,22.7,87,26.2,0.0,4.2,0.0,998.0
2026-01-14T22:00,22.4,90,26.4,0.0,1.0,0.0,997.8
2026-01-14T23:00,22.1,91,26.2,0.0,0.6,0.5,997.9
2026-01-15T00:00,22.2,93,26.1,0.0,3.2,0.0,998.3
2026-01-15T01:00,23.3,87,27.1,0.0,3.9,0.0,998.5
2026-01-15T02:00,23.6,86,27.4,26.0,4.5,0.0,999.6
2026-01-15T03:00,24.7,81,28.9,168.0,1.8,0.1,1000.7
2026-01-15T04:00,25.8,76,29.9,312.0,2.7,0.0,1001.2
2026-01-15T05:00,27.1,70,30.0,525.0,10.9,0.1,1000.8
2026-01-15T06:00,27.6,68,30.2,479.0,12.9,0.1,1000.0
2026-01-15T07:00,28.8,63,31.8,678.0,13.9,0.1,998.9
2026-01-15T08:00,29.3,60,32.2,738.0,15.3,0.1,997.6
2026-01-15T09:00,29.5,57,31.6,635.0,15.1,0.1,996.6
2026-01-15T10:00,29.3,57,30.5,499.0,17.3,0.1,996.0
2026-01-15T11:00,28.5,60,29.4,365.0,20.3,0.1,996.1
2026-01-15T12:00,27.4,65,28.3,145.0,20.0,0.0,996.9
2026-01-15T13:00,26.8,68,27.7,21.0,20.9,0.0,997.7
2026-01-15T14:00,26.0,71,26.9,0.0,20.9,0.0,998.9
2026-01-15T15:00,25.6,72,26.7,0.0,19.3,0.0,999.8
2026-01-15T16:00,25.0,73,26.3,0.0,17.2,0.0,1000.4
2026-01-15T17:00,24.4,76,25.6,0.0,17.2,0.0,1000.4
2026-01-15T18:00,23.8,79,25.1,0.0,17.5,0.0,999.8
2026-01-15T19:00,23.3,83,24.7,0.0,17.1,0.0,999.1
2026-01-15T20:00,22.8,85,24.8,0.0,13.3,0.0,998.4
2026-01-15T21:00,22.4,88,25.2,0.0,7.4,0.0,997.6
2026-01-15T22:00,21.8,91,25.5,0.0,1.7,0.0,997.0
2026-01-15T23:00,21.3,94,25.0,0.0,1.6,0.0,997.1
2026-01-16T00:00,21.0,95,24.5,0.0,3.1,0.1,997.6
2026-01-16T01:00,21.3,94,25.0,0.0,1.8,0.0,998.5
2026-01-16T02:00,22.1,91,25.6,34.0,4.4,0.0,999.5
2026-01-16T03:00,24.0,82,27.6,201.0,4.0,0.0,1000.5
2026-01-16T04:00,25.3,75,29.0,407.0,2.7,0.1,1001.0
2026-01-16T05:00,26.6,68,29.6,564.0,6.7,0.0,1001.0
2026-01-16T06:00,27.7,62,30.7,693.0,10.9,0.0,1000.1
2026-01-16T07:00,28.5,58,31.5,760.0,11.7,0.0,999.2
2026-01-16T08:00,29.0,55,31.6,677.0,10.2,0.0,997.9
2026-01-16T09:00,29.1,54,30.7,486.0,11.0,0.0,996.8
2026-01-16T10:00,29.2,51,29.8,513.0,16.0,0.0,996.2
2026-01-16T11:00,28.2,57,28.6,334.0,19.3,0.0,996.1
2026-01-16T12:00,27.6,58,28.2,178.0,16.6,0.0,996.7
2026-01-16T13:00,26.7,63,28.6,23.0,10.0,0.0,997.6
2026-01-16T14:00,25.9,65,27.0,0.0,13.9,0.0,998.7
2026-01-16T15:00,25.2,68,26.1,0.0,15.5,0.0,999.7
2026-01-16T16:00,24.7,71,25.2,0.0,19.2,0.0,1000.4
2026-01-16T17:00,24.0,75,24.6,0.0,19.9,0.0,1000.8
2026-01-16T18:00,23.5,78,24.2,0.0,18.9,0.0,1000.3
2026-01-16T19:00,23.2,78,24.0,0.0,18.1,0.0,999.8
2026-01-16T20:00,22.6,80,23.8,0.0,15.1,0.0,998.8
2026-01-16T21:00,21.8,84,23.9,0.0,8.8,0.0,997.9
2026-01-16T22:00,20.7,90,23.8,0.0,1.7,0.0,997.3
2026-01-16T23:00,20.0,93,23.0,0.0,1.9,0.0,997.3
2026-01-17T00:00,19.7,93,22.5,0.0,2.3,0.0,997.6
2026-01-17T01:00,20.3,97,23.9,0.0,1.3,0.0,997.9
2026-01-17T02:00,21.3,94,24.7,37.0,3.5,0.0,998.7
2026-01-17T03:00,23.3,84,26.8,206.0,3.5,0.0,999.4
2026-01-17T04:00,24.9,76,28.5,413.0,2.6,0.1,999.7
2026-01-17T05:00,26.2,69,29.7,607.0,4.5,0.0,999.2
2026-01-17T06:00,27.3,61,29.8,683.0,10.9,0.0,998.6
2026-01-17T07:00,28.5,54,30.3,714.0,13.6,0.0,997.5
2026-01-17T08:00,29.5,48,30.7,727.0,16.0,0.0,995.9
2026-01-17T09:00,30.1,45,30.2,680.0,19.3,0.0,995.0
2026-01-17T10:00,29.3,48,28.4,456.0,22.9,0.0,994.6
2026-01-17T11:00,28.1,56,27.6,361.0,24.0,0.0,994.5
2026-01-17T12:00,27.4,59,27.5,176.0,20.6,0.0,995.0
2026-01-17T13:00,26.2,62,26.7,29.0,17.6,0.0,996.1
2026-01-17T14:00,25.3,67,25.6,0.0,19.9,0.0,997.1
2026-01-17T15:00,24.5,70,24.9,0.0,19.2,0.0,997.8
2026-01-17T16:00,23.7,74,24.3,0.0,17.9,0.0,998.6
2026-01-17T17:00,23.0,77,23.7,0.0,17.2,0.0,998.6
2026-01-17T18:00,22.4,80,23.6,0.0,14.6,0.0,998.2
2026-01-17T19:00,22.0,82,23.2,0.0,13.5,0.0,997.9
2026-01-17T20:00,21.5,84,23.0,0.0,11.3,0.0,997.2
2026-01-17T21:00,20.8,86,22.6,0.0,8.8,0.0,996.6
2026-01-17T22:00,19.8,92,22.5,0.0,2.7,0.0,996.0
2026-01-17T23:00,19.4,93,22.4,0.0,0.5,0.0,996.0
2026-01-18T00:00,18.9,96,21.3,0.0,3.6,0.0,996.3
2026-01-18T01:00,20.4,96,23.2,0.0,6.5,0.0,996.8
2026-01-18T02:00,21.4,91,24.3,35.0,6.6,0.0,997.8
2026-01-18T03:00,23.3,84,26.9,217.0,2.7,0.0,998.6
2026-01-18T04:00,24.8,76,28.5,387.0,2.4,0.0,999.3
2026-01-18T05:00,26.1,69,29.8,522.0,0.6,0.0,999.0
2026-01-18T06:00,26.9,64,29.9,507.0,3.5,0.0,998.3
2026-01-18T07:00,28.0,58,31.1,695.0,7.5,0.0,997.6
2026-01-18T08:00,28.0,57,29.9,500.0,9.0,0.0,996.3
2026-01-18T09:00,28.6,54,30.5,440.0,8.2,0.0,995.0
2026-01-18T10:00,28.9,53,30.7,344.0,7.7,0.0,994.2
2026-01-18T11:00,28.8,55,31.0,192.0,7.4,0.0,994.0
2026-01-18T12:00,27.1,63,28.7,58.0,13.2,0.0,994.4
2026-01-18T13:00,24.7,72,26.6,17.0,10.5,0.0,996.0
2026-01-18T14:00,24.3,74,26.5,0.0,9.1,0.0,996.7
2026-01-18T15:00,22.9,90,26.4,0.0,6.7,2.3,997.6
2026-01-18T16:00,22.8,92,26.8,0.0,4.2,0.4,998.0
2026-01-18T17:00,22.6,94,26.4,0.0,6.6,1.0,998.0
2026-01-18T18:00,22.5,94,26.4,0.0,5.0,0.7,997.8
2026-01-18T19:00,22.6,93,26.3,0.0,5.4,0.1,997.5
2026-01-18T20:00,22.5,94,26.4,0.0,3.9,0.0,996.8
2026-01-18T21:00,22.4,94,26.2,0.0,5.0,0.1,996.0
2026-01-18T22:00,22.2,96,25.9,0.0,7.1,0.5,995.9
2026-01-18T23:00,22.3,96,26.2,0.0,5.2,0.2,995.8
2026-01-19T00:00,22.1,96,25.9,0.0,5.2,0.2,996.3
2026-01-19T01:00,22.7,95,27.2,0.0,2.3,1.0,997.1
2026-01-19T02:00,22.7,95,27.0,6.0,3.4,0.3,998.1
2026-01-19T03:00,23.1,92,27.1,58.0,5.1,0.0,999.0
2026-01-19T04:00,23.9,86,27.8,146.0,5.3,0.0,999.5
2026-01-19T05:00,25.6,78,29.9,408.0,2.5,0.0,999.2
2026-01-19T06:00,26.6,74,30.3,477.0,6.4,0.0,998.5
2026-01-19T07:00,27.2,72,30.8,492.0,7.8,0.1,997.4
2026-01-19T08:00,28.5,67,32.9,623.0,5.8,0.0,996.4
2026-01-19T09:00,27.9,70,31.5,497.0,9.2,1.7,995.4
2026-01-19T10:00,26.6,76,29.3,283.0,15.7,5.2,995.1
2026-01-19T11:00,23.5,92,25.9,144.0,17.0,5.5,995.4
2026-01-19T12:00,23.7,90,27.2,91.0,9.7,0.3,995.7
2026-01-19T13:00,24.5,89,28.5,20.0,7.8,0.0,996.5
2026-01-19T14:00,23.9,91,28.1,0.0,5.5,0.0,997.3
2026-01-19T15:00,23.3,93,27.5,0.0,5.0,0.0,998.1
2026-01-19T16:00,22.7,96,27.3,0.0,1.5,0.0,998.5
2026-01-19T17:00,22.4,97,26.9,0.0,2.3,0.0,998.6
2026-01-19T18:00,22.1,98,26.4,0.0,3.4,0.0,998.6
2026-01-19T19:00,22.0,99,26.3,0.0,2.7,0.0,998.0
2026-01-19T20:00,21.7,99,26.0,0.0,2.5,0.0,997.3
2026-01-19T21:00,21.3,100,25.5,0.0,1.4,0.0,996.2
2026-01-19T22:00,21.2,100,25.2,0.0,2.4,0.0,996.0
2026-01-19T23:00,21.8,99,26.0,0.0,4.0,0.0,996.1
2026-01-20T00:00,22.1,98,26.0,0.0,5.2,0.0,996.3
2026-01-20T01:00,22.3,100,27.2,0.0,0.8,0.0,997.0
2026-01-20T02:00,22.8,96,27.5,13.0,2.4,0.0,997.9
2026-01-20T03:00,24.1,90,28.8,168.0,1.9,0.1,998.8
2026-01-20T04:00,25.5,82,30.3,368.0,1.4,0.1,999.1
2026-01-20T05:00,27.0,73,31.6,574.0,2.1,0.1,998.7
2026-01-20T06:00,28.0,67,33.2,746.0,4.2,0.0,997.9
2026-01-20T07:00,28.8,62,33.6,768.0,5.1,0.0,996.8
2026-01-20T08:00,29.4,60,34.0,781.0,6.8,0.0,995.5
2026-01-20T09:00,29.6,59,33.7,707.0,6.9,0.1,994.6
2026-01-20T10:00,29.7,56,32.5,578.0,7.5,0.0,993.9
2026-01-20T11:00,29.3,50,30.8,380.0,9.8,0.0,994.1
2026-01-20T12:00,28.1,54,29.2,177.0,12.0,0.0,994.4
2026-01-20T13:00,26.8,57,27.8,31.0,11.9,0.0,994.5
2026-01-20T14:00,25.8,60,26.5,0.0,12.5,0.0,995.3
2026-01-20T15:00,25.0,63,25.7,0.0,13.5,0.0,996.1
2026-01-20T16:00,23.9,75,24.8,0.0,16.7,0.0,997.0
2026-01-20T17:00,23.0,81,24.6,0.0,13.9,0.0,997.3
2026-01-20T18:00,22.4,84,24.2,0.0,12.9,0.0,997.0
2026-01-20T19:00,22.0,86,23.8,0.0,12.7,0.0,996.5
2026-01-20T20:00,21.5,89,23.9,0.0,8.2,0.0,996.0
2026-01-20T21:00,20.7,92,23.4,0.0,5.7,0.0,995.7
2026-01-20T22:00,20.4,94,23.0,0.0,6.0,0.0,995.6
2026-01-20T23:00,20.2,95,22.6,0.0,7.3,0.0,995.8
2026-01-21T00:00,19.8,96,22.5,0.0,5.1,0.0,996.1
2026-01-21T01:00,20.3,96,23.7,0.0,1.7,0.0,996.5
2026-01-21T02:00,21.0,93,24.4,36.0,3.0,0.0,997.2
2026-01-21T03:00,22.9,86,26.4,217.0,3.2,0.0,998.4
2026-01-21T04:00,24.6,76,28.0,441.0,3.1,0.0,999.0
2026-01-21T05:00,26.1,68,29.9,587.0,0.4,0.0,998.6
2026-01-21T06:00,27.4,61,32.3,774.0,0.6,0.0,997.9
2026-01-21T07:00,28.2,56,33.1,864.0,2.1,0.0,996.9
2026-01-21T08:00,28.6,55,33.0,841.0,4.1,0.0,995.8
2026-01-21T09:00,28.9,52,32.3,780.0,5.7,0.0,994.6
2026-01-21T10:00,29.0,46,30.5,632.0,7.5,0.0,993.9
2026-01-21T11:00,28.6,45,29.2,442.0,8.2,0.0,993.8
2026-01-21T12:00,27.3,55,28.9,221.0,6.2,0.0,994.0
2026-01-21T13:00,25.2,61,26.9,34.0,5.7,0.0,994.3
2026-01-21T14:00,24.1,65,25.6,0.0,6.7,0.0,995.0
2026-01-21T15:00,24.0,62,24.9,0.0,9.3,0.0,995.6
2026-01-21T16:00,23.6,62,24.3,0.0,8.9,0.0,996.4
2026-01-21T17:00,22.8,67,23.2,0.0,11.9,0.0,996.7
2026-01-21T18:00,22.0,85,23.8,0.0,11.8,0.0,996.5
2026-01-21T19:00,21.6,91,23.8,0.0,10.7,0.0,996.2
2026-01-21T20:00,21.3,91,23.6,0.0,9.6,0.0,995.5
2026-01-21T21:00,20.9,91,23.5,0.0,6.6,0.0,995.0
2026-01-21T22:00,20.2,94,23.0,0.0,3.6,0.0,994.7
2026-01-21T23:00,19.8,95,22.8,0.0,2.3,0.0,994.9
2026-01-22T00:00,19.6,95,22.6,0.0,1.5,0.0,995.4
2026-01-22T01:00,20.5,97,24.3,0.0,0.2,0.0,995.9
2026-01-22T02:00,21.5,94,25.1,36.0,3.5,0.0,997.0
2026-01-22T03:00,23.4,83,26.8,218.0,4.6,0.0,997.9
2026-01-22T04:00,25.1,74,28.4,440.0,4.0,0.0,998.5
2026-01-22T05:00,26.6,66,30.4,627.0,2.7,0.0,998.3
2026-01-22T06:00,27.8,61,32.6,787.0,3.0,0.0,997.3
2026-01-22T07:00,28.9,58,33.0,764.0,6.9,0.0,996.5
2026-01-22T08:00,28.8,59,31.3,463.0,9.2,0.0,995.3
2026-01-22T09:00,28.7,61,31.0,414.0,11.9,0.0,994.2
2026-01-22T10:00,28.3,64,30.9,262.0,10.4,0.0,994.0
2026-01-22T11:00,28.6,62,31.3,335.0,10.4,0.0,994.1
2026-01-22T12:00,28.0,66,30.6,160.0,12.0,0.0,994.5
2026-01-22T13:00,26.2,72,29.4,28.0,6.8,0.0,995.1
2026-01-22T14:00,25.6,74,28.0,0.0,12.2,0.0,996.0
2026-01-22T15:00,25.1,78,27.3,0.0,14.5,0.0,997.0
2026-01-22T16:00,24.7,80,27.0,0.0,14.6,0.0,997.4
2026-01-22T17:00,24.3,83,26.5,0.0,15.2,0.0,997.5
2026-01-22T18:00,23.7,85,25.8,0.0,16.1,0.0,997.1
2026-01-22T19:00,23.4,84,25.0,0.0,16.9,0.0,996.7
2026-01-22T20:00,23.1,83,24.5,0.0,16.6,0.0,996.2
2026-01-22T21:00,22.6,85,24.2,0.0,14.4,0.0,995.8
2026-01-22T22:00,21.9,88,24.1,0.0,10.8,0.0,995.0
2026-01-22T23:00,21.4,92,24.1,0.0,7.2,0.0,995.2
2026-01-23T00:00,20.7,95,23.8,0.0,5.2,0.0,995.7
2026-01-23T01:00,21.3,98,25.1,0.0,4.0,0.0,996.3
2026-01-23T02:00,21.9,96,25.6,32.0,5.2,0.0,997.4
2026-01-23T03:00,23.8,87,27.5,201.0,6.2,0.0,998.4
2026-01-23T04:00,25.4,78,29.1,384.0,5.2,0.0,998.9
2026-01-23T05:00,26.9,69,30.7,559.0,3.6,0.0,998.6
2026-01-23T06:00,28.2,62,32.6,761.0,6.6,0.0,997.6
2026-01-23T07:00,29.2,57,33.6,845.0,7.8,0.0,997.1
2026-01-23T08:00,29.6,55,33.0,685.0,7.8,0.0,995.8
2026-01-23T09:00,30.2,53,33.2,660.0,7.8,0.0,994.6
2026-01-23T10:00,30.5,50,32.8,631.0,10.3,0.0,994.1
2026-01-23T11:00,29.6,51,30.8,420.0,12.8,0.0,994.0
2026-01-23T12:00,28.3,58,30.5,206.0,7.9,0.0,994.3
2026-01-23T13:00,26.1,64,28.3,27.0,6.4,0.0,994.9
2026-01-23T14:00,25.7,65,27.6,0.0,8.4,0.0,995.8
2026-01-23T15:00,25.1,67,26.8,0.0,10.3,0.0,996.4
2026-01-23T16:00,24.7,74,26.1,0.0,15.4,0.0,996.8
2026-01-23T17:00,23.6,82,25.5,0.0,13.7,0.0,997.1
2026-01-23T18:00,22.9,85,24.8,0.0,14.1,0.0,996.8
2026-01-23T19:00,22.5,87,24.3,0.0,14.4,0.0,996.0
2026-01-23T20:00,22.0,89,23.8,0.0,14.2,0.0,995.3
2026-01-23T21:00,21.5,91,23.5,0.0,12.7,0.0,994.6
2026-01-23T22:00,21.2,91,23.3,0.0,10.6,0.0,994.4
2026-01-23T23:00,20.7,93,22.9,0.0,8.7,0.0,994.5
2026-01-24T00:00,20.2,94,22.4,0.0,8.1,0.0,995.0
2026-01-24T01:00,21.0,98,23.9,0.0,9.0,0.0,995.5
2026-01-24T02:00,21.4,96,24.3,35.0,8.9,0.0,996.7
2026-01-24T03:00,23.0,87,26.0,208.0,8.7,0.0,997.8
2026-01-24T04:00,24.8,76,27.5,420.0,8.6,0.0,998.4
2026-01-24T05:00,26.2,64,28.6,639.0,9.4,0.0,998.4
2026-01-24T06:00,27.1,56,29.5,770.0,10.7,0.0,998.1
2026-01-24T07:00,27.9,53,30.3,843.0,13.0,0.0,997.5
2026-01-24T08:00,28.7,51,30.8,817.0,13.4,0.0,996.2
2026-01-24T09:00,29.3,48,30.6,719.0,14.3,0.0,994.8
2026-01-24T10:00,29.0,48,29.1,567.0,16.4,0.0,994.2
2026-01-24T11:00,28.8,48,29.0,413.0,14.3,0.0,994.0
2026-01-24T12:00,27.8,55,28.7,203.0,12.8,0.0,994.4
2026-01-24T13:00,26.5,59,27.6,34.0,11.5,0.0,995.2
2026-01-24T14:00,25.5,66,26.8,0.0,13.2,0.0,996.2
2026-01-24T15:00,24.7,71,26.3,0.0,12.6,0.0,996.8
2026-01-24T16:00,23.8,74,25.0,0.0,14.3,0.0,997.4
2026-01-24T17:00,22.8,78,24.1,0.0,13.4,0.0,997.3
2026-01-24T18:00,22.0,81,23.4,0.0,12.2,0.0,997.1
2026-01-24T19:00,21.4,82,22.7,0.0,11.8,0.0,996.6
2026-01-24T20:00,20.9,84,22.3,0.0,10.9,0.0,996.1
2026-01-24T21:00,20.4,87,22.2,0.0,8.2,0.0,995.8
2026-01-24T22:00,19.9,91,22.0,0.0,6.6,0.0,995.7
2026-01-24T23:00,19.5,94,21.8,0.0,5.8,0.0,995.9
2026-01-25T00:00,19.1,95,21.4,0.0,5.1,0.0,996.3
2026-01-25T01:00,20.4,96,23.0,0.0,8.3,0.0,996.9
2026-01-25T02:00,20.6,96,23.6,31.0,5.2,0.0,997.9
2026-01-25T03:00,22.7,87,26.0,200.0,5.0,0.0,998.8
2026-01-25T04:00,24.6,76,27.8,431.0,5.0,0.0,999.6
2026-01-25T05:00,26.2,67,30.2,650.0,2.1,0.0,999.0
2026-01-25T06:00,27.5,60,32.6,795.0,0.2,0.0,998.2
2026-01-25T07:00,27.8,58,31.5,687.0,3.3,0.0,997.2
2026-01-25T08:00,28.1,57,30.9,599.0,5.9,0.0,996.0
2026-01-25T09:00,28.8,56,32.1,715.0,6.8,0.0,994.9
2026-01-25T10:00,28.9,55,31.6,633.0,7.0,0.0,994.1
2026-01-25T11:00,28.9,54,31.0,440.0,7.2,0.0,994.0
2026-01-25T12:00,28.2,58,30.4,218.0,8.1,0.0,994.3
2026-01-25T13:00,26.2,65,28.6,36.0,6.2,0.0,995.1
2026-01-25T14:00,26.2,64,28.2,0.0,8.9,0.0,996.0
2026-01-25T15:00,25.0,70,27.1,0.0,8.8,0.0,996.9
2026-01-25T16:00,24.3,74,25.9,0.0,13.3,0.0,997.5
2026-01-25T17:00,23.4,78,24.9,0.0,14.1,0.0,997.8
2026-01-25T18:00,23.0,79,24.4,0.0,14.0,0.0,997.8
2026-01-25T19:00,22.8,80,24.2,0.0,14.3,0.0,997.4
2026-01-25T20:00,22.2,84,23.8,0.0,13.0,0.0,996.6
2026-01-25T21:00,21.6,86,23.1,0.0,12.9,0.0,996.1
2026-01-25T22:00,21.0,88,22.8,0.0,10.6,0.0,995.8
2026-01-25T23:00,20.4,91,22.4,0.0,8.7,0.0,995.8
2026-01-26T00:00,19.8,94,22.1,0.0,6.3,0.0,996.3
2026-01-26T01:00,20.3,96,23.0,0.0,6.8,0.0,996.7
2026-01-26T02:00,20.7,95,23.6,38.0,6.0,0.0,997.6
2026-01-26T03:00,22.7,88,26.5,230.0,2.2,0.0,998.5
2026-01-26T04:00,24.8,77,28.0,466.0,6.5,0.0,999.1
2026-01-26T05:00,26.3,69,30.3,661.0,4.2,0.0,999.0
2026-01-26T06:00,27.6,62,32.8,811.0,1.4,0.0,998.3
2026-01-26T07:00,28.8,54,33.6,894.0,3.8,0.0,997.1
2026-01-26T08:00,29.7,46,33.0,896.0,7.5,0.0,996.1
2026-01-26T09:00,29.8,43,31.8,813.0,10.3,0.0,995.2
2026-01-26T10:00,29.4,44,29.7,605.0,13.5,0.0,994.3
2026-01-26T11:00,28.8,48,28.7,448.0,16.5,0.0,994.0
2026-01-26T12:00,27.7,54,28.2,235.0,15.3,0.0,994.4
2026-01-26T13:00,26.8,57,27.3,40.0,14.9,0.0,995.2
2026-01-26T14:00,25.8,61,26.4,0.0,14.1,0.0,995.8
2026-01-26T15:00,24.3,71,25.6,0.0,13.0,0.0,996.7
2026-01-26T16:00,23.0,78,24.5,0.0,12.9,0.0,997.3
2026-01-26T17:00,21.9,84,23.6,0.0,11.1,0.0,997.3
2026-01-26T18:00,21.0,88,22.7,0.0,11.3,0.0,997.0
2026-01-26T19:00,20.2,93,22.2,0.0,9.2,0.0,996.7
2026-01-26T20:00,19.8,95,22.1,0.0,6.6,0.0,996.1
2026-01-26T21:00,19.4,96,21.6,0.0,6.3,0.0,995.8
2026-01-26T22:00,18.6,97,21.0,0.0,4.0,0.0,995.5
2026-01-26T23:00,18.3,98,20.9,0.0,1.8,0.0,995.4
2026-01-27T00:00,17.7,100,20.1,0.0,2.3,0.0,995.9
2026-01-27T01:00,19.3,100,22.4,0.0,2.3,0.0,996.5
2026-01-27T02:00,19.7,98,22.9,24.0,2.1,0.0,997.3
2026-01-27T03:00,20.9,91,23.8,130.0,4.2,0.0,998.3
2026-01-27T04:00,23.2,78,25.9,307.0,4.5,0.0,998.9
2026-01-27T05:00,25.1,69,28.5,644.0,3.5,0.0,998.7
2026-01-27T06:00,26.8,59,30.7,816.0,4.8,0.0,998.2
2026-01-27T07:00,28.1,49,31.3,905.0,7.4,0.0,997.3
2026-01-27T08:00,28.7,45,31.0,897.0,10.0,0.0,996.0
2026-01-27T09:00,28.9,47,31.3,826.0,9.8,0.0,994.7
2026-01-27T10:00,28.9,49,30.6,677.0,10.8,0.0,993.8
2026-01-27T11:00,28.7,47,28.9,474.0,13.6,0.0,993.5
2026-01-27T12:00,27.6,52,28.1,240.0,12.5,0.0,993.7
2026-01-27T13:00,25.7,60,27.3,41.0,7.5,0.0,994.4
2026-01-27T14:00,24.6,66,26.4,0.0,7.0,0.0,995.1
2026-01-27T15:00,23.7,71,25.5,0.0,8.1,0.0,996.2
2026-01-27T16:00,23.4,73,24.5,0.0,13.1,0.0,997.0
2026-01-27T17:00,22.7,75,23.4,0.0,14.5,0.0,997.0
2026-01-27T18:00,22.0,80,22.8,0.0,15.3,0.0,996.6
2026-01-27T19:00,21.2,87,22.6,0.0,13.2,0.0,996.1
2026-01-27T20:00,20.8,91,22.5,0.0,12.5,0.0,995.7
2026-01-27T21:00,20.5,93,22.3,0.0,11.1,0.0,995.3
2026-01-27T22:00,20.0,95,22.3,0.0,8.0,0.0,995.0
2026-01-27T23:00,19.5,96,21.9,0.0,6.3,0.0,995.0
2026-01-28T00:00,19.0,98,21.5,0.0,4.4,0.0,995.1
2026-01-28T01:00,19.7,97,22.5,0.0,4.2,0.0,995.8
2026-01-28T02:00,20.5,94,23.2,38.0,5.6,0.0,997.0
2026-01-28T03:00,22.6,83,25.6,232.0,4.0,0.0,998.2
2026-01-28T04:00,24.8,70,27.3,465.0,5.4,0.0,999.1
2026-01-28T05:00,26.3,61,28.8,667.0,8.1,0.0,999.2
2026-01-28T06:00,27.5,56,30.6,778.0,7.3,0.0,998.8
2026-01-28T07:00,28.3,52,31.2,803.0,8.4,0.0,997.9
2026-01-28T08:00,28.8,50,31.8,870.0,9.3,0.0,996.6
2026-01-28T09:00,29.1,47,31.7,815.0,8.5,0.0,995.5
2026-01-28T10:00,29.2,47,31.1,671.0,7.6,0.0,994.7
2026-01-28T11:00,28.9,49,30.2,470.0,8.2,0.0,994.6
2026-01-28T12:00,27.8,55,29.5,236.0,8.4,0.0,994.7
2026-01-28T13:00,25.7,63,27.6,42.0,7.2,0.0,995.5
2026-01-28T14:00,24.9,63,26.1,0.0,8.8,0.0,996.4
2026-01-28T15:00,24.0,64,25.1,0.0,7.9,0.0,997.4
2026-01-28T16:00,23.3,66,24.3,0.0,8.5,0.0,998.2
2026-01-28T17:00,22.8,77,24.1,0.0,12.2,0.0,998.6
2026-01-28T18:00,22.1,84,23.9,0.0,11.7,0.0,998.9
2026-01-28T19:00,21.6,86,23.3,0.0,12.1,0.0,998.8
2026-01-28T20:00,21.4,85,22.8,0.0,12.8,0.0,998.3
2026-01-28T21:00,21.2,84,22.5,0.0,12.4,0.0,997.3
2026-01-28T22:00,21.0,84,22.4,0.0,10.3,0.0,996.9
2026-01-28T23:00,20.0,89,22.2,0.0,5.0,0.0,996.7
2026-01-29T00:00,19.7,90,22.4,0.0,1.3,0.0,997.1
2026-01-29T01:00,20.9,93,24.2,0.0,2.4,0.0,997.5
2026-01-29T02:00,21.6,90,24.7,34.0,5.1,0.0,998.0
2026-01-29T03:00,23.9,78,26.7,225.0,6.9,0.0,999.1
2026-01-29T04:00,25.4,71,28.5,440.0,4.9,0.0,999.5
2026-01-29T05:00,26.9,65,30.8,642.0,2.6,0.0,999.5
2026-01-29T06:00,28.0,59,32.7,767.0,1.7,0.0,998.7
2026-01-29T07:00,29.0,56,33.9,863.0,4.2,0.0,997.7
2026-01-29T08:00,29.5,53,32.7,751.0,8.1,0.0,996.8
2026-01-29T09:00,29.5,53,32.2,716.0,10.7,0.0,995.7
2026-01-29T10:00,29.5,54,31.5,615.0,11.5,0.0,994.7
2026-01-29T11:00,29.5,52,30.8,439.0,12.9,0.0,994.5
2026-01-29T12:00,28.5,56,30.0,214.0,12.7,0.0,995.1
2026-01-29T13:00,27.4,61,29.5,34.0,9.5,0.0,995.7
2026-01-29T14:00,26.4,66,28.6,0.0,9.4,0.0,996.5
2026-01-29T15:00,25.6,71,27.4,0.0,13.3,0.0,997.3
2026-01-29T16:00,24.7,73,26.3,0.0,14.3,0.0,997.6
2026-01-29T17:00,24.1,75,25.6,0.0,14.1,0.0,997.6
2026-01-29T18:00,23.6,78,24.9,0.0,15.8,0.0,997.7
2026-01-29T19:00,23.2,78,24.4,0.0,15.2,0.0,997.3
2026-01-29T20:00,22.8,78,24.0,0.0,14.3,0.0,996.8
2026-01-29T21:00,22.4,79,23.7,0.0,12.5,0.0,996.0
2026-01-29T22:00,21.8,82,23.7,0.0,8.5,0.0,995.7
2026-01-29T23:00,21.1,86,23.9,0.0,3.2,0.0,996.0
2026-01-30T00:00,20.8,88,23.8,0.0,1.8,0.0,996.4
2026-01-30T01:00,21.9,87,25.0,0.0,3.4,0.0,997.6
2026-01-30T02:00,22.8,83,25.2,14.0,8.9,0.0,998.1
2026-01-30T03:00,23.9,79,26.7,93.0,6.8,0.0,999.2
2026-01-30T04:00,25.2,75,27.9,274.0,8.6,0.0,999.5
2026-01-30T05:00,26.5,69,29.7,478.0,6.0,0.0,999.4
2026-01-30T06:00,27.9,65,31.4,557.0,4.3,0.0,998.9
2026-01-30T07:00,28.9,62,33.3,670.0,4.4,0.0,997.8
2026-01-30T08:00,29.7,60,33.8,716.0,8.6,0.0,996.1
2026-01-30T09:00,30.2,59,33.8,685.0,11.5,0.0,994.7
2026-01-30T10:00,30.3,58,33.1,562.0,11.0,0.1,993.7
2026-01-30T11:00,29.8,59,32.4,339.0,12.1,0.1,993.6
2026-01-30T12:00,28.9,63,31.5,171.0,12.5,0.0,994.0
2026-01-30T13:00,28.1,65,30.8,36.0,11.4,0.0,994.5
2026-01-30T14:00,27.2,71,30.0,0.0,12.0,0.0,995.1
2026-01-30T15:00,26.3,77,29.1,0.0,14.2,0.0,996.2
2026-01-30T16:00,25.6,82,28.8,0.0,13.2,0.0,996.6
2026-01-30T17:00,24.9,87,28.3,0.0,12.2,0.0,996.7
2026-01-30T18:00,24.3,90,27.9,0.0,11.7,0.0,996.5
2026-01-30T19:00,23.7,94,27.3,0.0,12.1,0.0,996.1
2026-01-30T20:00,23.2,98,26.9,0.0,11.7,0.0,995.7
2026-01-30T21:00,23.1,98,26.9,0.0,11.1,0.0,995.3
2026-01-30T22:00,23.4,96,27.0,0.0,12.2,0.0,994.9
2026-01-30T23:00,23.4,96,27.1,0.0,11.1,0.0,994.7
2026-01-31T00:00,23.2,96,27.1,0.0,9.0,0.0,995.2
2026-01-31T01:00,23.5,99,28.1,0.0,6.8,0.0,995.8
2026-01-31T02:00,23.9,95,28.6,23.0,5.5,0.0,996.8
2026-01-31T03:00,24.8,90,29.8,132.0,3.9,0.2,997.9
2026-01-31T04:00,26.5,80,31.2,357.0,4.9,0.2,998.6
2026-01-31T05:00,28.2,71,32.5,599.0,8.1,0.2,998.3
2026-01-31T06:00,29.6,64,33.9,718.0,10.5,0.1,997.6
2026-01-31T07:00,30.7,60,35.2,792.0,11.9,0.1,996.3
2026-01-31T08:00,31.4,56,35.6,803.0,13.5,0.0,994.9
2026-01-31T09:00,31.7,55,35.1,734.0,15.5,0.0,993.7
2026-01-31T10:00,31.4,56,33.7,582.0,17.1,0.0,992.6
2026-01-31T11:00,30.9,58,32.9,413.0,18.4,0.0,992.3
2026-01-31T12:00,29.9,62,32.0,220.0,18.4,0.0,992.8
2026-01-31T13:00,28.7,66,31.2,41.0,15.3,0.0,993.8
2026-01-31T14:00,27.5,74,30.6,0.0,14.2,0.0,994.8
2026-01-31T15:00,26.6,79,29.9,0.0,14.0,0.0,995.9
2026-01-31T16:00,26.0,83,29.2,0.0,14.8,0.0,996.7
2026-01-31T17:00,25.6,86,28.9,0.0,14.2,0.0,997.0
2026-01-31T18:00,24.7,91,28.1,0.0,14.4,0.0,996.7
2026-01-31T19:00,24.0,95,27.4,0.0,14.5,0.0,996.5
2026-01-31T20:00,23.5,97,27.0,0.0,13.9,0.0,995.9
2026-01-31T21:00,23.3,98,26.9,0.0,12.8,0.0,995.4
2026-01-31T22:00,23.5,97,27.1,0.0,13.1,0.0,995.4
2026-01-31T23:00,23.8,94,27.4,0.0,11.6,0.0,995.6
2026-02-01T00:00,23.7,93,27.3,0.0,10.9,0.0,996.1
2026-02-01T01:00,23.6,94,27.8,0.0,7.2,0.0,996.4
2026-02-01T02:00,23.9,93,27.9,33.0,9.0,0.0,997.3
2026-02-01T03:00,25.0,88,28.8,188.0,11.2,0.2,998.3
2026-02-01T04:00,26.9,76,30.3,391.0,11.4,0.1,999.0
2026-02-01T05:00,28.3,69,32.0,584.0,9.9,0.1,998.9
2026-02-01T06:00,29.4,63,34.0,752.0,9.1,0.1,998.1
2026-02-01T07:00,30.3,59,35.0,798.0,9.0,0.0,997.2
2026-02-01T08:00,30.8,55,35.1,829.0,10.7,0.0,996.2
2026-02-01T09:00,31.0,55,34.9,732.0,10.0,0.0,995.0
2026-02-01T10:00,31.4,54,34.9,650.0,9.6,0.0,994.1
2026-02-01T11:00,30.9,54,33.4,453.0,11.1,0.0,994.2
2026-02-01T12:00,29.8,57,32.0,197.0,11.6,0.0,994.5
2026-02-01T13:00,28.5,62,31.5,40.0,7.1,0.0,994.7
2026-02-01T14:00,27.7,66,30.5,0.0,9.8,0.0,995.8
2026-02-01T15:00,26.8,72,28.9,0.0,16.0,0.0,996.9
2026-02-01T16:00,25.9,77,28.2,0.0,15.8,0.0,997.9
2026-02-01T17:00,25.2,81,27.9,0.0,14.4,0.0,998.1
2026-02-01T18:00,24.5,87,27.3,0.0,14.6,0.0,997.9
2026-02-01T19:00,23.7,92,26.9,0.0,13.4,0.0,997.8
2026-02-01T20:00,23.1,97,26.5,0.0,12.6,0.0,997.2
2026-02-01T21:00,23.3,96,26.8,0.0,12.6,0.0,996.7
2026-02-01T22:00,23.1,96,26.6,0.0,11.6,0.0,996.4
2026-02-01T23:00,23.0,96,26.3,0.0,11.8,0.0,996.7
2026-02-02T00:00,22.9,95,26.4,0.0,10.3,0.0,997.2
2026-02-02T01:00,23.7,91,27.1,0.0,10.8,0.0,997.8
2026-02-02T02:00,23.8,90,27.3,30.0,10.1,0.0,998.7
2026-02-02T03:00,25.0,83,28.4,197.0,9.9,0.0,999.2
2026-02-02T04:00,26.5,75,29.9,425.0,8.8,0.0,999.7
2026-02-02T05:00,27.8,67,31.7,649.0,7.4,0.0,999.1
2026-02-02T06:00,29.1,60,33.9,817.0,6.7,0.0,998.2
2026-02-02T07:00,30.3,53,35.3,906.0,5.9,0.0,996.8
2026-02-02T08:00,31.1,48,35.8,910.0,5.7,0.0,995.6
2026-02-02T09:00,31.6,44,35.4,834.0,5.8,0.0,994.4
2026-02-02T10:00,31.7,42,34.3,690.0,6.4,0.0,993.7
2026-02-02T11:00,31.4,44,33.1,485.0,7.0,0.0,993.5
2026-02-02T12:00,30.3,52,32.8,249.0,6.8,0.0,994.0
2026-02-02T13:00,28.0,59,30.4,45.0,7.2,0.0,994.4
2026-02-02T14:00,27.2,60,28.9,0.0,10.3,0.0,995.4
2026-02-02T15:00,26.3,63,28.1,0.0,9.6,0.0,996.0
2026-02-02T16:00,25.7,65,27.4,0.0,10.1,0.0,997.1
2026-02-02T17:00,24.7,79,26.5,0.0,16.7,0.0,997.4
2026-02-02T18:00,23.7,88,26.4,0.0,14.1,0.0,997.3
2026-02-02T19:00,23.1,93,25.9,0.0,13.6,0.0,997.1
2026-02-02T20:00,22.6,96,25.5,0.0,13.1,0.0,996.6
2026-02-02T21:00,22.3,97,25.4,0.0,11.1,0.0,996.3
2026-02-02T22:00,22.0,98,25.3,0.0,9.9,0.0,995.7
2026-02-02T23:00,21.9,98,25.5,0.0,7.3,0.0,995.8
2026-02-03T00:00,21.6,99,25.3,0.0,5.9,0.0,996.4
2026-02-03T01:00,22.8,95,26.0,0.0,11.0,0.0,997.4
2026-02-03T02:00,22.8,94,26.0,29.0,11.1,0.0,998.2
2026-02-03T03:00,24.2,84,27.2,184.0,10.1,0.0,999.3
2026-02-03T04:00,25.7,75,28.8,406.0,7.5,0.0,999.8
2026-02-03T05:00,27.2,67,31.2,631.0,4.4,0.1,999.6
2026-02-03T06:00,28.7,59,33.1,719.0,3.6,0.0,998.8
2026-02-03T07:00,29.8,53,34.9,885.0,4.2,0.0,997.6
2026-02-03T08:00,30.7,46,34.7,901.0,6.4,0.0,996.5
2026-02-03T09:00,31.1,42,33.9,837.0,8.1,0.0,995.8
2026-02-03T10:00,31.1,41,32.7,687.0,9.7,0.0,995.3
2026-02-03T11:00,30.5,44,31.3,490.0,10.9,0.0,995.3
2026-02-03T12:00,29.2,49,30.2,255.0,10.4,0.0,995.7
2026-02-03T13:00,27.0,55,28.1,48.0,9.7,0.0,996.3
2026-02-03T14:00,26.2,60,27.4,0.0,11.5,0.0,997.0
2026-02-03T15:00,25.3,67,26.9,0.0,10.6,0.0,997.9
2026-02-03T16:00,24.4,72,26.3,0.0,9.9,0.0,998.2
2026-02-03T17:00,23.4,76,25.5,0.0,7.8,0.0,998.4
2026-02-03T18:00,23.1,77,24.8,0.0,10.5,0.0,998.3
2026-02-03T19:00,22.2,84,24.3,0.0,9.8,0.0,997.9
2026-02-03T20:00,21.6,91,24.1,0.0,9.1,0.0,997.5
2026-02-03T21:00,21.0,94,24.0,0.0,5.7,0.0,997.2
2026-02-03T22:00,20.4,97,23.3,0.0,5.5,0.0,997.1
2026-02-03T23:00,20.1,98,22.9,0.0,6.6,0.0,997.2
2026-02-04T00:00,19.8,99,22.6,0.0,6.1,0.0,997.5
2026-02-04T01:00,20.9,100,23.9,0.0,8.4,0.0,998.0
2026-02-04T02:00,21.1,98,24.3,23.0,6.9,0.0,999.0
2026-02-04T03:00,22.1,91,25.1,119.0,7.4,0.0,1000.2
2026-02-04T04:00,24.4,78,27.5,377.0,5.6,0.0,1000.4
2026-02-04T05:00,26.4,71,30.5,647.0,4.3,0.0,1000.3
2026-02-04T06:00,28.4,57,33.0,829.0,4.0,0.0,999.5
2026-02-04T07:00,30.2,39,32.9,912.0,7.4,0.0,998.3
2026-02-04T08:00,31.1,33,32.4,916.0,11.6,0.0,997.1
2026-02-04T09:00,31.3,33,32.1,840.0,12.1,0.0,996.0
2026-02-04T10:00,31.1,35,31.7,694.0,10.1,0.0,995.2
2026-02-04T11:00,30.7,38,30.9,490.0,8.6,0.0,995.1
2026-02-04T12:00,29.5,45,30.7,255.0,6.5,0.0,995.2
2026-02-04T13:00,26.8,54,28.3,49.0,5.7,0.0,995.4
2026-02-04T14:00,25.3,59,26.6,0.0,7.1,0.0,996.1
2026-02-04T15:00,24.7,63,26.1,0.0,7.8,0.0,996.9
2026-02-04T16:00,23.5,70,25.3,0.0,6.4,0.0,997.5
2026-02-04T17:00,23.1,73,24.8,0.0,7.9,0.0,997.6
2026-02-04T18:00,22.9,76,24.4,0.0,10.6,0.0,997.2
2026-02-04T19:00,22.4,79,23.8,0.0,11.2,0.0,996.9
2026-02-04T20:00,21.8,81,23.3,0.0,10.4,0.0,996.4
2026-02-04T21:00,21.1,85,22.8,0.0,9.6,0.0,996.1
2026-02-04T22:00,20.2,90,22.2,0.0,7.6,0.0,996.1
2026-02-04T23:00,19.2,94,21.5,0.0,4.5,0.0,996.4
2026-02-05T00:00,18.7,96,21.0,0.0,4.4,0.0,996.8
2026-02-05T01:00,19.6,98,22.4,0.0,4.7,0.0,997.5
2026-02-05T02:00,21.1,96,23.7,33.0,9.7,0.0,998.4
2026-02-05T03:00,22.8,84,25.1,171.0,10.5,0.0,999.4
2026-02-05T04:00,24.8,74,27.7,443.0,6.1,0.0,1000.0
2026-02-05T05:00,26.7,63,30.2,673.0,4.6,0.0,999.5
2026-02-05T06:00,28.7,50,32.0,832.0,6.3,0.0,998.5
2026-02-05T07:00,30.2,41,32.9,915.0,8.1,0.0,997.3
2026-02-05T08:00,30.7,41,33.2,916.0,10.8,0.0,996.3
2026-02-05T09:00,31.0,41,33.2,839.0,10.9,0.0,994.9
2026-02-05T10:00,31.2,39,31.7,684.0,14.3,0.0,994.2
2026-02-05T11:00,30.6,40,30.1,490.0,16.2,0.0,994.1
2026-02-05T12:00,29.6,45,30.0,255.0,12.6,0.0,994.2
2026-02-05T13:00,28.2,50,28.7,49.0,12.7,0.0,994.6
2026-02-05T14:00,27.2,54,27.9,0.0,12.8,0.0,995.2
2026-02-05T15:00,25.8,61,27.1,0.0,9.6,0.0,996.1
2026-02-05T16:00,24.8,64,25.9,0.0,11.2,0.0,997.0
2026-02-05T17:00,23.8,69,24.9,0.0,11.6,0.0,997.3
2026-02-05T18:00,22.9,77,24.3,0.0,12.7,0.0,997.2
2026-02-05T19:00,22.1,85,23.9,0.0,12.4,0.0,996.7
2026-02-05T20:00,21.4,90,23.4,0.0,11.5,0.0,996.2
2026-02-05T21:00,21.0,93,23.0,0.0,11.5,0.0,995.7
2026-02-05T22:00,20.7,95,22.7,0.0,11.8,0.0,995.4
2026-02-05T23:00,20.6,96,22.6,0.0,12.4,0.0,995.4
2026-02-06T00:00,20.5,97,22.6,0.0,11.9,0.0,996.1
2026-02-06T01:00,20.7,98,23.6,0.0,7.8,0.0,996.6
2026-02-06T02:00,21.7,93,24.3,38.0,10.5,0.0,997.6
2026-02-06T03:00,23.5,83,25.9,238.0,11.3,0.0,998.5
2026-02-06T04:00,25.5,71,27.3,480.0,12.7,0.0,999.3
2026-02-06T05:00,27.2,61,29.1,680.0,14.4,0.0,999.0
2026-02-06T06:00,28.5,54,30.7,799.0,14.4,0.0,998.3
2026-02-06T07:00,29.6,49,31.5,827.0,15.1,0.0,997.4
2026-02-06T08:00,30.2,46,31.9,846.0,16.4,0.0,996.1
2026-02-06T09:00,30.8,43,32.3,776.0,14.7,0.0,995.0
2026-02-06T10:00,31.1,41,31.8,664.0,14.5,0.0,994.4
2026-02-06T11:00,30.3,43,30.1,473.0,16.1,0.0,994.0
2026-02-06T12:00,29.3,46,29.8,243.0,12.1,0.0,994.4
2026-02-06T13:00,27.5,52,28.4,49.0,9.7,0.0,994.8
2026-02-06T14:00,26.5,55,27.5,0.0,8.7,0.0,995.5
2026-02-06T15:00,24.9,63,26.4,0.0,7.5,0.0,996.3
2026-02-06T16:00,24.2,67,25.5,0.0,9.6,0.0,996.9
2026-02-06T17:00,23.4,72,24.5,0.0,11.6,0.0,997.5
2026-02-06T18:00,22.4,80,23.9,0.0,11.6,0.0,997.2
2026-02-06T19:00,21.5,88,23.4,0.0,11.2,0.0,997.1
2026-02-06T20:00,20.9,94,23.2,0.0,10.5,0.0,996.8
2026-02-06T21:00,20.5,97,22.9,0.0,9.0,0.0,996.4
2026-02-06T22:00,20.0,98,22.7,0.0,6.5,0.0,996.3
2026-02-06T23:00,19.1,99,21.8,0.0,4.1,0.0,996.4
2026-02-07T00:00,18.7,100,21.3,0.0,4.1,0.0,997.1
2026-02-07T01:00,20.8,99,24.0,0.0,6.6,0.0,997.8
2026-02-07T02:00,21.5,97,24.3,36.0,10.3,0.0,999.0
2026-02-07T03:00,22.9,86,25.4,200.0,10.6,0.0,1000.3
2026-02-07T04:00,24.5,76,27.2,425.0,8.0,0.0,1001.1
2026-02-07T05:00,26.2,65,29.5,658.0,5.9,0.0,1001.2
2026-02-07T06:00,28.1,52,31.5,839.0,6.6,0.0,1000.6
2026-02-07T07:00,29.8,38,32.2,936.0,7.8,0.0,999.5
2026-02-07T08:00,30.7,32,32.4,943.0,9.0,0.0,997.9
2026-02-07T09:00,31.1,32,32.2,867.0,10.5,0.0,996.8
2026-02-07T10:00,31.1,33,31.4,717.0,10.8,0.0,996.1
2026-02-07T11:00,30.8,32,29.8,507.0,11.3,0.0,995.7
2026-02-07T12:00,29.4,37,29.1,266.0,9.2,0.0,995.8
2026-02-07T13:00,26.5,48,26.9,52.0,7.9,0.0,996.1
2026-02-07T14:00,25.8,54,26.4,0.0,9.1,0.0,996.8
2026-02-07T15:00,25.0,61,25.9,0.0,10.0,0.0,997.7
2026-02-07T16:00,24.1,65,24.8,0.0,12.0,0.0,998.5
2026-02-07T17:00,23.5,67,23.8,0.0,14.6,0.0,998.9
2026-02-07T18:00,22.7,76,23.6,0.0,14.7,0.0,998.5
2026-02-07T19:00,21.5,87,23.0,0.0,13.2,0.0,998.1
2026-02-07T20:00,20.7,94,22.6,0.0,11.7,0.0,997.4
2026-02-07T21:00,20.4,95,22.6,0.0,9.6,0.0,996.8
2026-02-07T22:00,19.9,96,22.4,0.0,6.3,0.0,996.6
2026-02-07T23:00,19.0,98,21.8,0.0,2.8,0.0,996.7
2026-02-08T00:00,18.7,100,21.8,0.0,0.9,0.0,997.6
2026-02-08T01:00,19.5,100,22.9,0.0,1.1,0.0,998.2
2026-02-08T02:00,20.3,99,23.3,28.0,6.0,0.0,999.2
2026-02-08T03:00,22.2,87,24.9,145.0,7.8,0.0,1000.2
2026-02-08T04:00,24.3,77,27.5,369.0,4.5,0.0,1001.0
2026-02-08T05:00,26.6,62,29.9,667.0,4.7,0.0,1000.7
2026-02-08T06:00,28.8,47,31.6,841.0,7.9,0.0,1000.0
2026-02-08T07:00,30.1,42,32.3,916.0,11.8,0.0,999.0
2026-02-08T08:00,30.6,42,32.6,915.0,14.6,0.0,997.6
2026-02-08T09:00,31.1,42,32.8,828.0,14.6,0.0,996.4
2026-02-08T10:00,31.3,41,31.3,661.0,18.9,0.0,995.6
2026-02-08T11:00,31.0,39,30.1,457.0,18.6,0.0,995.3
2026-02-08T12:00,30.1,43,29.8,236.0,16.4,0.0,995.5
2026-02-08T13:00,28.4,50,28.7,49.0,14.8,0.0,995.9
2026-02-08T14:00,27.1,56,28.0,0.0,11.8,0.0,996.9
2026-02-08T15:00,25.8,63,27.3,0.0,10.4,0.0,997.9
2026-02-08T16:00,24.9,67,26.2,0.0,11.7,0.0,998.6
2026-02-08T17:00,23.8,71,25.2,0.0,11.2,0.0,998.8
2026-02-08T18:00,22.9,76,24.3,0.0,11.5,0.0,998.5
2026-02-08T19:00,22.2,80,23.7,0.0,11.0,0.0,998.2
2026-02-08T20:00,21.5,83,23.1,0.0,10.2,0.0,997.5
2026-02-08T21:00,20.8,86,22.7,0.0,7.7,0.0,996.7
2026-02-08T22:00,19.9,90,22.2,0.0,4.5,0.0,996.5
2026-02-08T23:00,19.4,91,22.0,0.0,2.1,0.0,996.6
2026-02-09T00:00,19.2,92,21.9,0.0,0.8,0.0,997.1
2026-02-09T01:00,19.9,98,23.3,0.0,1.3,0.0,997.8
2026-02-09T02:00,21.0,94,24.2,42.0,4.9,0.0,998.5
2026-02-09T03:00,23.4,82,26.8,244.0,3.8,0.0,999.3
2026-02-09T04:00,25.9,68,29.1,482.0,3.6,0.0,999.8
2026-02-09T05:00,28.1,52,30.5,690.0,7.2,0.0,999.7
2026-02-09T06:00,29.6,46,31.8,839.0,11.8,0.0,999.0
2026-02-09T07:00,30.4,44,32.7,918.0,14.2,0.0,997.9
2026-02-09T08:00,31.3,42,33.5,901.0,14.6,0.0,996.5
2026-02-09T09:00,32.1,38,32.3,841.0,21.1,0.0,995.1
2026-02-09T10:00,32.0,36,30.9,644.0,22.0,0.0,994.3
2026-02-09T11:00,30.7,41,29.3,419.0,23.7,0.0,994.3
2026-02-09T12:00,30.4,41,29.5,229.0,19.6,0.0,994.5
2026-02-09T13:00,28.8,49,28.9,47.0,16.1,0.0,994.9
2026-02-09T14:00,27.7,54,28.0,0.0,16.7,0.0,995.9
2026-02-09T15:00,26.7,60,27.2,0.0,16.9,0.0,997.0
2026-02-09T16:00,25.6,64,26.1,0.0,17.8,0.0,998.0
2026-02-09T17:00,24.8,69,25.3,0.0,18.2,0.0,998.3
2026-02-09T18:00,24.0,75,25.1,0.0,15.9,0.0,998.3
2026-02-09T19:00,23.1,81,25.0,0.0,12.6,0.0,997.9
2026-02-09T20:00,22.4,88,24.8,0.0,10.1,0.0,997.3
2026-02-09T21:00,21.9,92,24.6,0.0,9.2,0.0,997.0
2026-02-09T22:00,21.4,95,24.5,0.0,7.8,0.0,996.9
2026-02-09T23:00,20.9,98,24.1,0.0,6.5,0.0,997.0
2026-02-10T00:00,20.8,98,23.9,0.0,7.1,0.0,997.7
2026-02-10T01:00,21.1,98,24.5,0.0,5.7,0.0,998.5
2026-02-10T02:00,22.0,95,25.5,42.0,7.1,0.0,999.7
2026-02-10T03:00,23.8,84,26.9,233.0,9.0,0.0,1000.5
2026-02-10T04:00,25.5,74,28.7,425.0,6.2,0.0,1001.2
2026-02-10T05:00,27.5,58,30.4,667.0,6.6,0.0,1000.9
2026-02-10T06:00,28.8,50,31.6,811.0,9.4,0.0,1000.2
2026-02-10T07:00,30.1,46,32.6,888.0,12.7,0.0,999.0
2026-02-10T08:00,30.7,43,32.7,761.0,10.3,0.0,997.6
2026-02-10T09:00,31.3,40,33.0,704.0,9.2,0.0,996.3
2026-02-10T10:00,31.4,40,32.7,653.0,10.1,0.0,995.5
2026-02-10T11:00,30.8,41,31.3,495.0,11.4,0.0,995.4
2026-02-10T12:00,29.8,45,30.7,261.0,9.6,0.0,995.7
2026-02-10T13:00,27.8,54,29.1,53.0,9.2,0.0,995.9
2026-02-10T14:00,27.3,52,27.7,0.0,12.9,0.0,996.9
2026-02-10T15:00,26.6,52,26.6,0.0,13.8,0.0,997.7
2026-02-10T16:00,25.3,62,25.6,0.0,15.9,0.0,998.8
2026-02-10T17:00,24.2,70,24.9,0.0,16.2,0.0,999.3
2026-02-10T18:00,23.3,76,24.2,0.0,15.8,0.0,999.3
2026-02-10T19:00,22.6,78,23.4,0.0,16.2,0.0,998.8
2026-02-10T20:00,22.2,78,22.9,0.0,16.1,0.0,998.6
2026-02-10T21:00,21.9,80,22.8,0.0,14.6,0.0,998.2
2026-02-10T22:00,21.5,83,22.7,0.0,13.1,0.0,998.0
2026-02-10T23:00,21.1,86,22.8,0.0,10.2,0.0,998.1
2026-02-11T00:00,20.5,90,22.7,0.0,7.1,0.0,998.7
2026-02-11T01:00,21.2,92,24.0,0.0,7.1,0.0,999.5
2026-02-11T02:00,21.8,90,24.8,43.0,6.0,0.0,1000.4
2026-02-11T03:00,23.5,83,26.5,244.0,7.2,0.0,1001.1
2026-02-11T04:00,25.4,69,27.5,462.0,9.8,0.0,1001.6
2026-02-11T05:00,26.9,60,29.8,692.0,7.4,0.0,1001.3
2026-02-11T06:00,28.2,55,32.2,850.0,5.5,0.0,1000.7
2026-02-11T07:00,29.5,45,33.4,944.0,5.1,0.0,999.3
2026-02-11T08:00,30.5,38,33.7,950.0,6.0,0.0,998.0
2026-02-11T09:00,31.2,33,33.0,878.0,7.0,0.0,996.9
2026-02-11T10:00,31.2,32,31.8,726.0,8.1,0.0,996.3
2026-02-11T11:00,30.8,35,30.7,516.0,7.6,0.0,996.0
2026-02-11T12:00,29.4,47,31.2,272.0,4.0,0.0,996.2
2026-02-11T13:00,26.8,53,27.8,55.0,7.9,0.0,996.4
2026-02-11T14:00,26.4,57,27.0,0.0,12.7,0.0,997.4
2026-02-11T15:00,25.8,60,27.2,0.0,9.0,0.0,997.9
2026-02-11T16:00,24.1,69,26.0,0.0,6.6,0.0,998.6
2026-02-11T17:00,24.0,70,25.0,0.0,13.6,0.0,999.1
2026-02-11T18:00,23.4,79,25.2,0.0,12.2,0.0,999.0
2026-02-11T19:00,22.7,86,25.0,0.0,11.2,0.0,998.4
2026-02-11T20:00,22.1,91,24.7,0.0,10.0,0.0,997.8
2026-02-11T21:00,21.6,93,24.3,0.0,9.6,0.0,997.2
2026-02-11T22:00,21.4,94,24.1,0.0,8.7,0.0,997.1
2026-02-11T23:00,21.2,95,24.1,0.0,7.6,0.0,997.2
2026-02-12T00:00,20.7,97,23.7,0.0,5.8,0.0,997.6
2026-02-12T01:00,23.1,92,26.3,0.0,11.0,0.0,998.6
2026-02-12T02:00,23.1,90,26.3,36.0,9.0,0.0,999.5
2026-02-12T03:00,24.3,83,27.5,225.0,8.4,0.0,1000.5
2026-02-12T04:00,25.9,72,29.0,481.0,7.3,0.0,1001.1
2026-02-12T05:00,27.6,62,31.4,700.0,5.6,0.0,1001.2
2026-02-12T06:00,29.0,56,33.9,854.0,3.8,0.0,1000.3
2026-02-12T07:00,30.4,48,35.2,942.0,4.0,0.0,999.0
2026-02-12T08:00,31.4,41,35.3,942.0,5.6,0.0,997.7
2026-02-12T09:00,32.0,37,34.7,874.0,7.4,0.0,996.5
2026-02-12T10:00,32.1,36,33.8,721.0,7.2,0.0,995.8
2026-02-12T11:00,31.8,37,32.5,512.0,6.9,0.0,995.7
2026-02-12T12:00,30.5,43,31.9,271.0,6.1,0.0,995.9
2026-02-12T13:00,27.7,59,30.2,55.0,6.1,0.0,996.4
2026-02-12T14:00,27.0,61,28.9,0.0,9.6,0.0,997.3
2026-02-12T15:00,26.3,62,28.1,0.0,9.6,0.0,997.7
2026-02-12T16:00,25.4,65,27.2,0.0,8.3,0.0,998.4
2026-02-12T17:00,24.9,71,26.1,0.0,15.3,0.0,999.0
2026-02-12T18:00,23.9,82,26.1,0.0,13.6,0.0,998.7
2026-02-12T19:00,23.0,87,25.6,0.0,10.9,0.0,998.2
2026-02-12T20:00,22.3,91,25.2,0.0,9.0,0.0,997.5
2026-02-12T21:00,21.6,94,24.6,0.0,7.7,0.0,997.0
2026-02-12T22:00,21.2,96,24.2,0.0,7.4,0.0,996.6
2026-02-12T23:00,20.8,97,23.9,0.0,6.5,0.0,996.7
2026-02-13T00:00,20.5,98,23.6,0.0,5.6,0.0,997.2
2026-02-13T01:00,21.5,97,24.7,0.0,7.8,0.0,998.5
2026-02-13T02:00,22.0,93,25.0,37.0,8.7,0.0,999.4
2026-02-13T03:00,23.7,82,26.8,217.0,6.5,0.0,1000.2
2026-02-13T04:00,25.7,72,29.0,445.0,4.0,0.0,1000.7
2026-02-13T05:00,27.3,66,31.6,688.0,3.6,0.0,1000.7
2026-02-13T06:00,28.8,59,34.1,848.0,3.1,0.0,999.9
2026-02-13T07:00,30.4,51,35.8,948.0,3.5,0.0,998.6
2026-02-13T08:00,31.7,41,35.7,954.0,5.8,0.0,997.5
2026-02-13T09:00,32.6,32,34.4,880.0,9.1,0.0,996.3
2026-02-13T10:00,32.6,31,33.0,730.0,11.1,0.0,995.5
2026-02-13T11:00,32.1,32,31.7,518.0,10.3,0.0,995.3
2026-02-13T12:00,30.6,39,31.3,275.0,6.5,0.0,995.6
2026-02-13T13:00,27.6,46,28.1,57.0,7.5,0.0,996.1
2026-02-13T14:00,26.8,47,26.5,0.0,11.9,0.0,997.0
2026-02-13T15:00,25.8,52,25.8,0.0,11.7,0.0,997.8
2026-02-13T16:00,24.6,59,25.2,0.0,9.6,0.0,998.7
2026-02-13T17:00,23.6,67,24.6,0.0,9.4,0.0,998.8
2026-02-13T18:00,22.9,74,24.0,0.0,12.4,0.0,998.7
2026-02-13T19:00,21.9,83,23.6,0.0,11.1,0.0,998.0
2026-02-13T20:00,21.0,90,23.2,0.0,8.8,0.0,997.4
2026-02-13T21:00,20.2,93,22.6,0.0,6.8,0.0,997.2
2026-02-13T22:00,19.6,95,22.0,0.0,6.1,0.0,996.8
2026-02-13T23:00,19.0,96,21.3,0.0,5.3,0.0,997.0
2026-02-14T00:00,18.5,97,20.7,0.0,5.1,0.0,997.4
2026-02-14T01:00,19.4,98,22.0,0.0,4.8,0.0,998.2
2026-02-14T02:00,20.6,96,23.3,44.0,7.0,0.0,999.3
2026-02-14T03:00,22.5,87,25.7,242.0,5.3,0.0,1000.2
2026-02-14T04:00,24.9,74,28.0,504.0,5.3,0.0,1000.8
2026-02-14T05:00,27.1,63,31.0,717.0,4.4,0.0,1000.7
2026-02-14T06:00,28.9,54,33.6,875.0,3.9,0.0,999.7
2026-02-14T07:00,30.5,45,35.3,958.0,3.2,0.0,998.5
2026-02-14T08:00,31.9,36,35.6,963.0,4.3,0.0,997.1
2026-02-14T09:00,32.7,29,34.9,889.0,4.9,0.0,995.9
2026-02-14T10:00,32.9,26,33.4,738.0,6.7,0.0,995.1
2026-02-14T11:00,32.4,28,31.4,523.0,9.9,0.0,994.9
2026-02-14T12:00,30.8,36,30.9,275.0,8.2,0.0,995.1
2026-02-14T13:00,27.7,41,27.5,58.0,8.4,0.0,995.6
2026-02-14T14:00,26.7,38,25.6,0.0,9.5,0.0,996.5
2026-02-14T15:00,25.7,40,24.4,0.0,10.9,0.0,997.2
2026-02-14T16:00,24.4,45,23.7,0.0,8.2,0.0,997.7
2026-02-14T17:00,23.1,52,22.9,0.0,7.6,0.0,997.8
2026-02-14T18:00,22.4,60,22.1,0.0,10.8,0.0,997.7
2026-02-14T19:00,21.4,72,22.3,0.0,8.8,0.0,997.2
2026-02-14T20:00,20.3,84,22.4,0.0,4.4,0.0,996.5
2026-02-14T21:00,20.0,84,22.4,0.0,0.9,0.0,996.4
2026-02-14T22:00,19.4,89,21.4,0.0,5.0,0.0,996.0
2026-02-14T23:00,19.0,94,21.1,0.0,5.0,0.0,996.2
2026-02-15T00:00,18.6,95,20.8,0.0,4.1,0.0,996.4
2026-02-15T01:00,19.8,96,22.5,0.0,5.1,0.0,997.8
2026-02-15T02:00,20.8,97,23.5,42.0,8.3,0.0,998.7
2026-02-15T03:00,22.7,88,25.8,189.0,7.1,0.0,999.7
2026-02-15T04:00,25.5,73,28.5,476.0,5.8,0.0,999.8
2026-02-15T05:00,27.9,57,31.2,707.0,5.8,0.0,999.5
2026-02-15T06:00,29.6,50,33.8,861.0,4.7,0.0,998.6
2026-02-15T07:00,31.0,43,35.1,943.0,4.7,0.0,997.2
2026-02-15T08:00,32.1,36,35.3,947.0,6.4,0.0,995.7
2026-02-15T09:00,32.7,33,34.9,872.0,7.3,0.0,994.4
2026-02-15T10:00,32.8,34,34.2,719.0,8.5,0.0,993.7
2026-02-15T11:00,32.2,37,32.7,511.0,9.7,0.0,993.8
2026-02-15T12:00,30.8,42,31.7,271.0,8.7,0.0,994.1
2026-02-15T13:00,28.3,47,29.4,57.0,6.9,0.0,994.3
2026-02-15T14:00,27.5,48,27.7,0.0,11.4,0.0,995.0
2026-02-15T15:00,27.0,49,26.9,0.0,12.4,0.0,996.0
2026-02-15T16:00,25.9,54,26.2,0.0,11.4,0.0,996.8
2026-02-15T17:00,25.0,62,25.2,0.0,16.3,0.0,997.5
2026-02-15T18:00,23.7,74,24.9,0.0,13.4,0.0,997.4
2026-02-15T19:00,22.5,79,23.9,0.0,13.0,0.0,997.0
2026-02-15T20:00,21.5,83,22.7,0.0,13.1,0.0,996.6
2026-02-15T21:00,20.8,88,22.2,0.0,12.0,0.0,996.3
2026-02-15T22:00,20.2,94,22.2,0.0,9.8,0.0,996.1
2026-02-15T23:00,20.0,97,22.5,0.0,7.8,0.0,996.4
2026-02-16T00:00,19.9,98,22.6,0.0,6.4,0.0,996.9
2026-02-16T01:00,20.4,98,23.4,0.0,5.5,0.0,997.7
2026-02-16T02:00,21.3,95,24.4,40.0,6.9,0.0,998.5
2026-02-16T03:00,23.1,86,26.1,205.0,7.6,0.0,999.4
2026-02-16T04:00,25.3,73,28.4,484.0,4.9,0.0,1000.1
2026-02-16T05:00,27.5,58,31.0,711.0,4.5,0.0,999.6
2026-02-16T06:00,29.7,41,32.7,871.0,5.5,0.0,998.9
2026-02-16T07:00,31.2,31,33.4,957.0,7.0,0.0,997.6
2026-02-16T08:00,32.1,30,34.0,961.0,8.2,0.0,996.5
2026-02-16T09:00,32.2,32,33.9,881.0,9.4,0.0,995.4
2026-02-16T10:00,32.2,34,33.5,727.0,7.5,0.0,994.6
2026-02-16T11:00,32.5,32,32.9,518.0,5.3,0.0,994.7
2026-02-16T12:00,31.4,36,32.0,276.0,6.4,0.0,995.0
2026-02-16T13:00,28.2,45,29.0,58.0,6.2,0.0,995.2
2026-02-16T14:00,27.3,47,27.7,0.0,8.4,0.0,996.1
2026-02-16T15:00,26.5,52,26.9,0.0,10.6,0.0,997.1
2026-02-16T16:00,26.0,58,25.8,0.0,17.9,0.0,998.2
2026-02-16T17:00,24.7,67,25.1,0.0,17.7,0.0,998.7
2026-02-16T18:00,23.5,74,24.3,0.0,16.8,0.0,998.9
2026-02-16T19:00,22.5,85,23.6,0.0,17.7,0.0,998.7
2026-02-16T20:00,21.9,91,23.5,0.0,16.7,0.0,998.3
2026-02-16T21:00,21.5,94,23.7,0.0,12.9,0.0,998.1
2026-02-16T22:00,21.2,95,23.9,0.0,9.6,0.0,997.9
2026-02-16T23:00,21.0,96,24.0,0.0,7.6,0.0,997.9
2026-02-17T00:00,20.9,97,23.9,0.0,6.6,0.0,998.4
2026-02-17T01:00,22.7,91,25.7,0.0,9.6,0.0,999.5
2026-02-17T02:00,23.4,86,26.1,30.0,11.3,0.0,1000.2
2026-02-17T03:00,24.6,78,27.1,185.0,10.9,0.0,1001.1
2026-02-17T04:00,26.4,68,28.7,459.0,10.7,0.0,1001.5
2026-02-17T05:00,28.0,60,30.8,662.0,9.6,0.0,1001.2
2026-02-17T06:00,29.3,54,33.0,834.0,8.9,0.0,1000.6
2026-02-17T07:00,30.5,48,34.3,924.0,9.1,0.0,999.5
2026-02-17T08:00,31.3,45,35.0,922.0,9.4,0.0,998.2
2026-02-17T09:00,31.9,43,35.2,864.0,8.8,0.0,997.2
2026-02-17T10:00,32.1,42,34.6,718.0,7.6,0.0,996.2
2026-02-17T11:00,32.1,40,33.4,507.0,7.7,0.0,996.0
2026-02-17T12:00,31.5,42,32.8,272.0,7.9,0.0,996.1
2026-02-17T13:00,28.6,51,30.4,57.0,6.2,0.0,996.6
2026-02-17T14:00,27.1,56,28.9,0.0,6.6,0.0,997.5
2026-02-17T15:00,26.5,56,27.6,0.0,9.0,0.0,998.2
2026-02-17T16:00,25.6,59,26.4,0.0,10.6,0.0,998.9
2026-02-17T17:00,25.0,66,25.7,0.0,15.3,0.0,999.4
2026-02-17T18:00,24.0,73,25.2,0.0,14.4,0.0,999.4
2026-02-17T19:00,22.9,80,24.4,0.0,13.1,0.0,998.8
2026-02-17T20:00,22.0,86,23.8,0.0,12.2,0.0,998.3
2026-02-17T21:00,21.4,90,23.4,0.0,11.4,0.0,997.9
2026-02-17T22:00,20.8,94,23.2,0.0,9.7,0.0,997.5
2026-02-17T23:00,20.5,95,23.1,0.0,7.5,0.0,997.5
2026-02-18T00:00,20.2,96,22.9,0.0,6.0,0.0,998.3
2026-02-18T01:00,20.8,96,23.9,0.0,5.9,0.0,999.2
2026-02-18T02:00,22.0,92,24.9,47.0,8.4,0.0,1000.2
2026-02-18T03:00,24.2,81,26.6,250.0,11.8,0.0,1000.9
2026-02-18T04:00,26.0,70,28.5,452.0,9.7,0.0,1001.6
2026-02-18T05:00,27.6,61,30.9,694.0,7.6,0.0,1001.7
2026-02-18T06:00,29.0,54,33.0,842.0,6.6,0.0,1001.0
2026-02-18T07:00,30.4,46,34.3,948.0,7.6,0.0,999.9
2026-02-18T08:00,31.4,41,34.7,948.0,9.4,0.0,998.7
2026-02-18T09:00,31.9,39,34.4,868.0,10.1,0.0,997.3
2026-02-18T10:00,32.0,40,33.8,719.0,9.5,0.0,996.4
2026-02-18T11:00,31.7,40,32.6,510.0,8.9,0.0,996.2
2026-02-18T12:00,30.7,42,31.6,269.0,9.2,0.0,996.4
2026-02-18T13:00,28.6,48,29.5,57.0,8.5,0.0,996.8
2026-02-18T14:00,27.4,52,28.4,0.0,8.7,0.0,997.8
2026-02-18T15:00,26.4,57,27.7,0.0,7.9,0.0,998.2
2026-02-18T16:00,25.3,62,26.9,0.0,7.0,0.0,998.9
2026-02-18T17:00,24.7,64,25.8,0.0,10.9,0.0,999.2
2026-02-18T18:00,23.9,68,24.8,0.0,12.3,0.0,999.0
2026-02-18T19:00,22.9,72,23.9,0.0,11.5,0.0,998.2
2026-02-18T20:00,22.2,75,23.3,0.0,11.1,0.0,997.3
2026-02-18T21:00,21.5,80,23.0,0.0,9.0,0.0,996.7
2026-02-18T22:00,20.8,84,22.8,0.0,6.6,0.0,996.3
2026-02-18T23:00,20.1,89,22.2,0.0,5.6,0.0,996.2
2026-02-19T00:00,19.7,91,21.8,0.0,5.6,0.0,996.7
2026-02-19T01:00,20.5,95,23.5,0.0,5.2,0.0,997.1
2026-02-19T02:00,21.8,91,24.8,50.0,6.4,0.0,998.3
2026-02-19T03:00,24.2,81,27.4,261.0,7.3,0.0,999.2
2026-02-19T04:00,26.3,71,29.4,499.0,7.8,0.0,999.8
2026-02-19T05:00,28.2,60,31.8,697.0,7.3,0.0,999.5
2026-02-19T06:00,30.0,52,34.4,863.0,6.1,0.0,998.5
2026-02-19T07:00,31.4,44,35.8,949.0,5.7,0.0,997.2
2026-02-19T08:00,32.5,39,36.2,953.0,7.1,0.0,995.8
2026-02-19T09:00,33.0,37,36.0,875.0,8.2,0.0,994.8
2026-02-19T10:00,33.0,38,35.3,724.0,7.5,0.0,993.9
2026-02-19T11:00,32.6,40,34.1,513.0,6.8,0.0,993.6
2026-02-19T12:00,31.8,42,33.2,272.0,8.2,0.0,993.9
2026-02-19T13:00,29.4,47,30.5,58.0,8.9,0.0,994.9
2026-02-19T14:00,28.3,47,28.8,0.0,10.0,0.0,995.9
2026-02-19T15:00,27.1,51,27.9,0.0,8.5,0.0,996.5
2026-02-19T16:00,26.3,56,27.4,0.0,9.0,0.0,997.3
2026-02-19T17:00,25.7,65,26.7,0.0,15.4,0.0,997.7
2026-02-19T18:00,24.6,75,26.3,0.0,14.1,0.0,997.6
2026-02-19T19:00,23.7,80,25.8,0.0,11.5,0.0,997.2
2026-02-19T20:00,22.9,83,25.3,0.0,9.6,0.0,996.5
2026-02-19T21:00,22.3,86,24.7,0.0,9.3,0.0,996.0
2026-02-19T22:00,21.8,89,24.2,0.0,9.3,0.0,995.9
2026-02-19T23:00,21.3,92,23.9,0.0,8.6,0.0,996.2
2026-02-20T00:00,20.8,95,23.7,0.0,6.4,0.0,996.8
2026-02-20T01:00,21.7,95,25.0,0.0,6.5,0.0,997.7
2026-02-20T02:00,22.6,90,25.7,49.0,8.9,0.0,998.8
2026-02-20T03:00,24.6,80,27.4,256.0,10.1,0.0,999.6
2026-02-20T04:00,26.6,68,29.1,495.0,10.1,0.0,1000.0
2026-02-20T05:00,28.6,56,31.5,711.0,9.4,0.0,999.9
2026-02-20T06:00,30.2,47,33.6,866.0,8.7,0.0,999.0
2026-02-20T07:00,31.5,42,35.0,949.0,9.6,0.0,998.1
2026-02-20T08:00,32.4,40,35.7,949.0,10.4,0.0,996.9
2026-02-20T09:00,32.9,39,35.8,872.0,10.4,0.0,996.0
2026-02-20T10:00,33.0,39,34.8,721.0,11.0,0.0,995.2
2026-02-20T11:00,32.7,38,33.3,513.0,11.0,0.0,995.0
2026-02-20T12:00,31.8,40,32.8,274.0,9.3,0.0,995.3
2026-02-20T13:00,29.5,51,31.4,58.0,7.4,0.0,996.1
2026-02-20T14:00,28.4,53,29.6,0.0,10.8,0.0,997.0
2026-02-20T15:00,27.6,56,29.0,0.0,10.3,0.0,997.8
2026-02-20T16:00,27.0,60,27.9,0.0,15.4,0.0,998.6
2026-02-20T17:00,25.8,67,26.9,0.0,15.4,0.0,999.1
2026-02-20T18:00,24.6,73,26.2,0.0,13.6,0.0,999.2
2026-02-20T19:00,23.6,79,25.5,0.0,12.5,0.0,998.9
2026-02-20T20:00,22.7,83,24.9,0.0,10.4,0.0,998.3
2026-02-20T21:00,22.0,88,24.4,0.0,9.1,0.0,997.7
2026-02-20T22:00,21.4,91,24.0,0.0,8.2,0.0,997.2
2026-02-20T23:00,20.9,94,23.8,0.0,6.7,0.0,997.4
2026-02-21T00:00,20.8,95,23.5,0.0,7.5,0.0,998.1
2026-02-21T01:00,21.3,97,24.4,0.0,7.9,0.0,999.1
2026-02-21T02:00,22.6,92,25.4,50.0,11.2,0.0,1000.3
2026-02-21T03:00,24.7,80,27.2,237.0,13.3,0.0,1001.3
2026-02-21T04:00,26.7,65,28.8,472.0,10.3,0.0,1001.6
2026-02-21T05:00,28.6,53,31.2,711.0,9.0,0.0,1001.3
2026-02-21T06:00,30.2,45,33.3,869.0,8.5,0.0,1000.4
2026-02-21T07:00,31.5,41,34.9,953.0,8.2,0.0,999.3
2026-02-21T08:00,32.5,37,35.9,956.0,7.7,0.0,998.3
2026-02-21T09:00,33.2,36,35.9,878.0,8.3,0.0,997.2
2026-02-21T10:00,33.3,36,35.3,726.0,8.1,0.0,996.2
2026-02-21T11:00,33.5,34,34.2,516.0,7.8,0.0,995.8
2026-02-21T12:00,32.5,36,32.5,275.0,12.6,0.0,996.0
2026-02-21T13:00,30.5,43,30.9,58.0,12.4,0.0,996.6
2026-02-21T14:00,29.5,48,30.2,0.0,11.9,0.0,997.5
2026-02-21T15:00,27.9,56,29.3,0.0,11.5,0.0,998.4
2026-02-21T16:00,27.0,64,28.2,0.0,16.9,0.0,999.4
2026-02-21T17:00,25.8,72,27.4,0.0,17.3,0.0,999.6
2026-02-21T18:00,24.8,76,26.3,0.0,16.6,0.0,999.4
2026-02-21T19:00,23.8,80,25.5,0.0,15.2,0.0,999.1
2026-02-21T20:00,23.0,84,25.0,0.0,13.4,0.0,998.7
2026-02-21T21:00,22.4,88,25.0,0.0,10.0,0.0,998.5
2026-02-21T22:00,22.0,91,24.9,0.0,7.8,0.0,998.5
2026-02-21T23:00,21.6,94,24.8,0.0,6.4,0.0,998.5
2026-02-22T00:00,21.3,96,24.6,0.0,5.3,0.0,998.9
2026-02-22T01:00,22.4,94,26.2,0.0,5.6,0.0,999.6
2026-02-22T02:00,23.6,86,26.7,46.0,9.0,0.0,1000.3
2026-02-22T03:00,25.2,77,28.0,245.0,9.8,0.0,1001.3
2026-02-22T04:00,26.9,68,29.9,472.0,7.4,0.0,1001.9
2026-02-22T05:00,28.5,61,32.0,630.0,6.2,0.0,1001.6
2026-02-22T06:00,30.0,55,34.9,846.0,5.1,0.0,1000.8
2026-02-22T07:00,31.5,46,36.1,937.0,6.4,0.0,999.7
2026-02-22T08:00,32.5,40,36.0,935.0,9.0,0.0,998.5
2026-02-22T09:00,32.9,39,35.6,843.0,10.0,0.0,997.2
2026-02-22T10:00,32.9,39,34.5,670.0,10.6,0.0,996.5
2026-02-22T11:00,32.5,39,33.5,468.0,8.8,0.0,996.4
2026-02-22T12:00,32.0,38,32.7,239.0,8.4,0.0,996.7
2026-02-22T13:00,30.6,40,31.1,54.0,8.3,0.0,997.1
2026-02-22T14:00,29.1,45,29.7,0.0,9.1,0.0,998.1
2026-02-22T15:00,27.5,54,28.8,0.0,8.8,0.0,999.1
2026-02-22T16:00,26.6,58,27.9,0.0,10.2,0.0,1000.2
2026-02-22T17:00,26.2,65,27.1,0.0,16.3,0.0,1000.5
2026-02-22T18:00,25.1,73,26.9,0.0,14.0,0.0,1000.5
2026-02-22T19:00,24.1,81,26.4,0.0,13.1,0.0,1000.0
2026-02-22T20:00,23.2,86,25.7,0.0,11.9,0.0,999.5
2026-02-22T21:00,22.4,90,25.2,0.0,10.0,0.0,999.1
2026-02-22T22:00,21.7,95,25.0,0.0,6.9,0.0,998.8
2026-02-22T23:00,21.3,97,24.7,0.0,5.5,0.0,998.7
2026-02-23T00:00,21.1,98,24.4,0.0,6.4,0.0,998.9
2026-02-23T01:00,22.6,95,26.0,0.0,8.8,0.0,999.8
2026-02-23T02:00,23.2,90,26.4,35.0,9.7,0.0,1000.6
2026-02-23T03:00,24.8,79,27.9,230.0,8.5,0.0,1001.4
2026-02-23T04:00,26.6,69,29.7,491.0,6.7,0.0,1001.7
2026-02-23T05:00,28.4,60,32.3,702.0,5.9,0.0,1001.4
2026-02-23T06:00,30.2,51,34.8,867.0,5.2,0.0,1000.5
2026-02-23T07:00,31.7,43,36.1,948.0,5.4,0.0,999.3
2026-02-23T08:00,32.8,37,36.3,925.0,6.9,0.0,998.1
2026-02-23T09:00,33.4,35,35.3,844.0,11.6,0.0,997.1
2026-02-23T10:00,33.3,34,34.6,686.0,8.5,0.0,996.3
2026-02-23T11:00,34.3,26,33.2,490.0,11.7,0.0,995.8
2026-02-23T12:00,32.5,32,30.6,271.0,21.0,0.0,996.2
2026-02-23T13:00,30.8,36,29.4,59.0,18.7,0.0,996.9
2026-02-23T14:00,29.7,40,28.7,0.0,16.4,0.0,997.8
2026-02-23T15:00,29.2,40,28.0,0.0,17.7,0.0,998.7
2026-02-23T16:00,27.6,47,26.7,0.0,18.2,0.0,999.7
2026-02-23T17:00,26.3,57,25.9,0.0,19.2,0.0,1000.1
2026-02-23T18:00,25.1,67,25.5,0.0,18.9,0.0,999.8
2026-02-23T19:00,24.0,76,25.0,0.0,18.1,0.0,999.5
2026-02-23T20:00,23.1,86,24.8,0.0,16.9,0.0,998.8
2026-02-23T21:00,22.5,93,24.9,0.0,14.5,0.0,998.3
2026-02-23T22:00,22.2,96,25.0,0.0,13.0,0.0,997.8
2026-02-23T23:00,22.4,97,25.8,0.0,10.0,0.0,997.9
2026-02-24T00:00,23.0,93,26.1,0.0,11.4,0.0,998.5
2026-02-24T01:00,23.4,90,26.5,0.0,10.3,0.0,999.6
2026-02-24T02:00,23.3,90,26.8,47.0,7.6,0.0,1000.7
2026-02-24T03:00,24.7,79,28.0,252.0,6.5,0.0,1001.5
2026-02-24T04:00,27.1,61,29.5,506.0,6.6,0.0,1001.9
2026-02-24T05:00,29.5,47,32.1,728.0,6.1,0.0,1001.6
2026-02-24T06:00,31.4,36,33.8,883.0,7.6,0.0,1000.5
2026-02-24T07:00,32.7,32,34.5,967.0,12.0,0.0,999.3
2026-02-24T08:00,33.0,33,35.0,965.0,12.9,0.0,998.0
2026-02-24T09:00,34.6,24,34.6,882.0,14.3,0.0,996.4
2026-02-24T10:00,34.0,25,31.9,737.0,22.7,0.0,995.5
2026-02-24T11:00,33.1,29,30.8,528.0,21.3,0.0,995.8
2026-02-24T12:00,32.1,32,30.4,277.0,18.5,0.0,996.0
2026-02-24T13:00,31.0,35,29.8,56.0,16.0,0.0,996.6
2026-02-24T14:00,29.8,38,28.8,0.0,15.9,0.0,997.6
2026-02-24T15:00,28.3,45,27.3,0.0,19.1,0.0,999.2
2026-02-24T16:00,26.9,56,26.8,0.0,18.7,0.0,1000.2
2026-02-24T17:00,25.7,66,26.1,0.0,19.3,0.0,1000.3
2026-02-24T18:00,24.7,74,25.7,0.0,18.2,0.0,1000.4
2026-02-24T19:00,24.1,80,25.7,0.0,16.3,0.0,1000.2
2026-02-24T20:00,23.5,85,25.6,0.0,15.1,0.0,999.6
2026-02-24T21:00,23.1,89,25.8,0.0,12.2,0.0,999.1
2026-02-24T22:00,22.1,95,25.9,0.0,5.0,0.0,999.0
2026-02-24T23:00,21.6,96,25.7,0.0,1.5,0.0,999.1
2026-02-25T00:00,21.1,98,25.2,0.0,0.8,0.0,999.3
2026-02-25T01:00,21.7,98,25.4,0.0,6.1,0.0,999.8
2026-02-25T02:00,23.0,94,27.0,54.0,6.2,0.0,1001.0
2026-02-25T03:00,25.3,77,28.8,265.0,5.4,0.0,1001.7
2026-02-25T04:00,27.2,67,31.0,503.0,2.6,0.0,1002.1
2026-02-25T05:00,29.3,53,33.1,712.0,3.2,0.0,1002.0
2026-02-25T06:00,30.8,45,33.9,822.0,8.1,0.0,1001.2
2026-02-25T07:00,32.0,43,35.4,922.0,10.2,0.0,1000.0
2026-02-25T08:00,33.0,40,36.1,901.0,10.9,0.0,998.7
2026-02-25T09:00,33.3,39,35.5,811.0,12.8,0.1,997.6
2026-02-25T10:00,33.0,39,33.8,615.0,14.1,0.1,996.8
2026-02-25T11:00,32.8,40,32.5,463.0,18.9,0.1,996.6
2026-02-25T12:00,29.1,60,30.8,178.0,17.3,0.2,997.5
2026-02-25T13:00,30.2,48,30.5,51.0,17.2,0.0,998.2
2026-02-25T14:00,29.5,48,30.0,0.0,14.9,0.0,999.2
2026-02-25T15:00,28.2,56,28.6,0.0,19.2,0.0,1000.3
2026-02-25T16:00,27.6,57,27.7,0.0,19.8,0.0,1000.7
2026-02-25T17:00,26.8,59,26.7,0.0,20.1,0.0,1000.8
2026-02-25T18:00,26.1,60,26.1,0.0,19.1,0.0,1000.8
2026-02-25T19:00,25.6,63,25.8,0.0,18.4,0.0,1000.5
2026-02-25T20:00,25.2,65,25.7,0.0,16.8,0.0,999.8
2026-02-25T21:00,24.8,66,26.0,0.0,11.4,0.0,999.6
2026-02-25T22:00,23.6,72,26.1,0.0,4.0,0.0,999.3
2026-02-25T23:00,23.1,77,26.4,0.0,0.2,0.0,999.0
2026-02-26T00:00,22.4,79,25.2,0.0,1.9,0.0,999.2
2026-02-26T01:00,22.7,78,25.3,0.0,4.1,0.0,999.7
2026-02-26T02:00,24.2,73,26.4,55.0,7.9,0.0,1000.8
2026-02-26T03:00,26.5,60,28.3,262.0,8.5,0.0,1001.6
2026-02-26T04:00,28.3,53,30.4,491.0,4.6,0.0,1001.9
2026-02-26T05:00,29.8,49,33.2,708.0,4.2,0.0,1002.0
2026-02-26T06:00,31.5,45,33.1,716.0,15.5,0.0,1000.9
2026-02-26T07:00,33.3,40,34.1,759.0,20.3,0.0,999.2
2026-02-26T08:00,33.5,39,33.8,760.0,22.8,0.1,998.0
2026-02-26T09:00,33.9,38,34.7,788.0,20.8,0.0,996.8
2026-02-26T10:00,34.0,38,34.3,697.0,21.1,0.0,995.9
2026-02-26T11:00,33.4,38,32.9,501.0,20.5,0.0,995.5
2026-02-26T12:00,32.7,37,32.0,263.0,19.4,0.0,995.8
2026-02-26T13:00,31.1,38,30.2,58.0,17.4,0.0,996.9
2026-02-26T14:00,29.8,40,27.8,0.0,24.5,0.0,998.3
2026-02-26T15:00,28.6,46,27.3,0.0,22.3,0.0,999.4
2026-02-26T16:00,27.6,52,26.8,0.0,21.7,0.0,1000.0
2026-02-26T17:00,26.7,56,26.3,0.0,20.7,0.0,1000.1
2026-02-26T18:00,26.1,59,25.9,0.0,19.0,0.0,1000.1
2026-02-26T19:00,25.4,61,25.5,0.0,16.5,0.0,999.7
2026-02-26T20:00,24.7,63,25.3,0.0,13.5,0.0,998.9
2026-02-26T21:00,23.9,68,25.1,0.0,9.9,0.0,998.3
2026-02-26T22:00,22.6,76,24.9,0.0,4.6,0.0,997.9
2026-02-26T23:00,21.8,80,24.6,0.0,1.3,0.0,997.9
2026-02-27T00:00,21.4,80,23.4,0.0,6.1,0.0,998.3
2026-02-27T01:00,22.4,83,25.1,0.0,6.0,0.0,998.8
2026-02-27T02:00,23.9,77,26.1,56.0,9.4,0.0,999.8
2026-02-27T03:00,26.0,66,28.0,269.0,9.9,0.0,1000.5
2026-02-27T04:00,27.9,58,30.2,510.0,7.1,0.0,1000.9
2026-02-27T05:00,29.7,52,33.2,720.0,5.0,0.0,1000.6
2026-02-27T06:00,31.4,44,35.1,875.0,6.9,0.0,999.6
2026-02-27T07:00,32.7,40,36.2,954.0,9.8,0.0,998.3
2026-02-27T08:00,34.1,36,36.9,945.0,11.9,0.0,996.7
2026-02-27T09:00,34.2,35,35.7,828.0,15.7,0.0,995.3
2026-02-27T10:00,34.6,33,35.2,708.0,15.1,0.0,994.2
2026-02-27T11:00,34.4,32,33.6,508.0,17.7,0.0,993.9
2026-02-27T12:00,33.4,34,32.6,272.0,17.3,0.0,994.0
2026-02-27T13:00,31.6,38,31.0,54.0,17.2,0.0,994.7
2026-02-27T14:00,30.4,41,29.5,0.0,19.7,0.0,995.9
2026-02-27T15:00,28.9,49,28.1,0.0,22.2,0.0,997.6
2026-02-27T16:00,27.4,61,27.9,0.0,20.7,0.0,998.8
2026-02-27T17:00,26.1,72,27.2,0.0,20.9,0.0,999.1
2026-02-27T18:00,25.3,78,26.8,0.0,20.2,0.0,998.7
2026-02-27T19:00,24.8,80,26.5,0.0,18.6,0.0,998.2
2026-02-27T20:00,24.2,82,26.3,0.0,14.7,0.0,997.5
2026-02-27T21:00,23.7,82,26.6,0.0,7.7,0.0,996.8
2026-02-27T22:00,23.1,86,27.1,0.0,0.5,0.0,996.2
2026-02-27T23:00,22.4,88,25.9,0.0,3.3,0.0,996.4
2026-02-28T00:00,23.1,85,26.5,0.0,4.5,0.0,996.7
2026-02-28T01:00,23.4,81,26.7,0.0,3.0,0.0,997.3
2026-02-28T02:00,24.9,74,27.9,53.0,5.6,0.0,998.0
2026-02-28T03:00,26.8,65,29.6,255.0,5.8,0.0,999.0
2026-02-28T04:00,28.3,58,31.2,444.0,4.2,0.0,999.6
2026-02-28T05:00,30.1,52,34.2,685.0,2.2,0.0,999.9
2026-02-28T06:00,31.8,47,34.5,715.0,11.3,0.0,998.9
2026-02-28T07:00,31.2,51,33.3,664.0,14.8,0.6,997.7
2026-02-28T08:00,32.5,49,35.1,770.0,17.5,0.0,996.2
2026-02-28T09:00,30.9,56,32.9,822.0,25.2,0.4,995.3
2026-02-28T10:00,30.6,57,31.9,505.0,21.1,0.1,994.3
2026-02-28T11:00,30.5,56,32.1,383.0,18.5,0.0,994.3
2026-02-28T12:00,30.5,56,31.7,239.0,20.3,0.0,994.6
2026-02-28T13:00,29.3,59,30.5,53.0,20.5,0.0,995.4
2026-02-28T14:00,28.3,67,30.5,0.0,16.5,0.0,996.5
2026-02-28T15:00,27.7,71,30.5,0.0,14.2,0.0,997.4
2026-02-28T16:00,27.0,75,29.8,0.0,14.9,0.0,998.6
2026-02-28T17:00,26.4,79,29.3,0.0,15.0,0.0,999.0
2026-02-28T18:00,25.6,83,28.9,0.0,13.3,0.0,998.6
2026-02-28T19:00,25.1,86,28.1,0.0,15.1,0.0,997.8
2026-02-28T20:00,24.8,88,27.7,0.0,16.1,0.0,997.4
2026-02-28T21:00,24.7,88,27.5,0.0,16.3,0.0,996.7
2026-02-28T22:00,24.2,90,27.3,0.0,13.9,0.0,996.0
2026-02-28T23:00,23.6,91,26.7,0.0,12.4,0.0,996.1
2026-03-01T00:00,23.2,92,26.7,0.0,9.2,0.0,996.4
2026-03-01T01:00,23.1,91,26.0,0.0,11.6,0.2,997.0
2026-03-01T02:00,24.1,86,27.7,50.0,7.5,0.0,998.0
2026-03-01T03:00,26.3,76,30.7,242.0,2.5,0.0,998.7
2026-03-01T04:00,28.3,67,31.5,462.0,10.2,0.3,999.2
2026-03-01T05:00,29.9,61,32.7,596.0,13.4,0.2,999.3
2026-03-01T06:00,31.7,52,33.8,642.0,17.4,0.0,998.4
2026-03-01T07:00,29.7,61,31.6,391.0,18.3,0.6,997.0
2026-03-01T08:00,32.4,52,35.6,804.0,17.5,0.0,995.1
2026-03-01T09:00,33.5,48,36.7,867.0,18.7,0.0,993.8
2026-03-01T10:00,31.3,57,33.8,668.0,19.2,0.5,993.2
2026-03-01T11:00,31.9,53,33.5,443.0,19.2,0.0,993.0
2026-03-01T12:00,30.5,58,32.1,253.0,19.8,0.0,993.4
2026-03-01T13:00,29.8,61,31.8,51.0,17.4,0.0,994.2
2026-03-01T14:00,28.8,66,31.0,0.0,17.4,0.0,995.6
2026-03-01T15:00,27.9,71,30.5,0.0,16.4,0.0,996.6
2026-03-01T16:00,27.4,75,30.2,0.0,16.5,0.0,997.6
2026-03-01T17:00,27.0,77,29.7,0.0,17.3,0.0,997.7
2026-03-01T18:00,26.3,80,28.9,0.0,17.9,0.0,997.6
2026-03-01T19:00,25.5,85,28.4,0.0,16.4,0.0,997.1
2026-03-01T20:00,25.1,87,28.0,0.0,16.0,0.0,996.3
2026-03-01T21:00,24.7,89,27.7,0.0,15.4,0.0,995.5
2026-03-01T22:00,24.4,89,27.5,0.0,14.4,0.0,994.7
2026-03-01T23:00,24.0,91,27.3,0.0,12.7,0.0,994.3
2026-03-02T00:00,23.8,92,27.6,0.0,9.4,0.0,994.9
2026-03-02T01:00,25.1,86,28.5,0.0,12.4,0.0,995.6
2026-03-02T02:00,25.6,84,29.4,51.0,10.9,0.0,996.6
2026-03-02T03:00,27.5,73,30.8,260.0,11.7,0.0,997.2
2026-03-02T04:00,29.2,63,31.6,477.0,14.5,0.1,998.2
2026-03-02T05:00,30.0,60,32.6,561.0,13.5,0.3,998.2
2026-03-02T06:00,31.6,55,35.7,800.0,12.9,0.2,997.4
2026-03-02T07:00,32.3,52,36.1,792.0,13.6,0.1,996.2
2026-03-02T08:00,33.2,49,37.2,827.0,13.0,0.1,994.7
2026-03-02T09:00,33.9,46,37.1,767.0,14.1,0.0,993.1
2026-03-02T10:00,34.1,45,36.5,686.0,15.3,0.0,992.4
2026-03-02T11:00,33.4,46,35.2,479.0,15.2,0.0,992.1
2026-03-02T12:00,32.3,48,33.9,251.0,15.6,0.0,992.5
2026-03-02T13:00,32.1,47,33.5,56.0,13.9,0.0,992.8
2026-03-02T14:00,30.7,54,32.7,0.0,13.9,0.0,994.3
2026-03-02T15:00,29.6,61,31.6,0.0,16.9,0.0,995.2
2026-03-02T16:00,28.8,64,31.1,0.0,15.3,0.0,996.5
2026-03-02T17:00,27.9,69,30.3,0.0,15.5,0.0,997.3
2026-03-02T18:00,26.9,75,29.6,0.0,15.4,0.0,997.4
2026-03-02T19:00,26.2,80,29.3,0.0,13.7,0.0,997.0
2026-03-02T20:00,25.4,86,29.1,0.0,11.3,0.0,996.2
2026-03-02T21:00,24.8,90,29.1,0.0,7.8,0.0,995.6
2026-03-02T22:00,24.8,90,29.3,0.0,7.0,0.0,995.4
2026-03-02T23:00,25.0,88,29.3,0.0,7.8,0.0,995.7
2026-03-03T00:00,25.0,87,29.4,0.0,6.5,0.0,995.9
2026-03-03T01:00,25.0,93,29.6,0.0,8.9,0.0,996.5
2026-03-03T02:00,25.7,86,30.1,44.0,8.4,0.0,997.6
2026-03-03T03:00,27.4,73,31.1,214.0,8.5,0.0,998.3
2026-03-03T04:00,29.1,63,32.5,389.0,7.8,0.0,998.7
2026-03-03T05:00,31.3,51,34.9,686.0,7.6,0.0,998.4
2026-03-03T06:00,33.1,43,37.0,848.0,8.2,0.0,997.5
2026-03-03T07:00,34.4,37,37.6,863.0,9.5,0.0,995.8
2026-03-03T08:00,35.2,34,37.8,825.0,10.3,0.0,994.4
2026-03-03T09:00,35.8,32,37.8,824.0,11.8,0.0,993.1
2026-03-03T10:00,35.8,31,36.8,695.0,12.6,0.0,992.5
2026-03-03T11:00,35.8,30,36.0,504.0,10.9,0.0,992.3
2026-03-03T12:00,35.1,30,34.8,254.0,13.2,0.0,992.4
2026-03-03T13:00,33.1,33,32.6,50.0,14.5,0.0,993.5
2026-03-03T14:00,31.7,38,31.9,0.0,11.5,0.0,994.4
2026-03-03T15:00,30.2,45,31.0,0.0,11.2,0.0,995.3
2026-03-03T16:00,29.0,54,30.0,0.0,15.1,0.0,995.9
2026-03-03T17:00,27.5,70,29.8,0.0,15.6,0.0,996.5
2026-03-03T18:00,26.6,78,29.6,0.0,14.8,0.0,996.5
2026-03-03T19:00,25.7,84,29.3,0.0,11.5,0.0,996.2
2026-03-03T20:00,25.0,88,28.8,0.0,10.2,0.0,995.7
2026-03-03T21:00,24.6,91,28.7,0.0,8.8,0.0,995.2
2026-03-03T22:00,24.0,94,28.5,0.0,6.9,0.0,994.7
2026-03-03T23:00,23.5,97,28.0,0.0,6.8,0.0,994.9
2026-03-04T00:00,23.4,98,27.8,0.0,7.7,0.0,995.3
2026-03-04T01:00,24.2,97,29.3,0.0,5.3,0.0,995.7
2026-03-04T02:00,25.0,91,29.6,46.0,7.7,0.0,996.8
2026-03-04T03:00,26.8,78,31.1,229.0,6.9,0.0,997.5
2026-03-04T04:00,29.1,65,33.1,498.0,5.9,0.0,997.9
2026-03-04T05:00,31.2,55,35.9,704.0,5.1,0.0,997.7
2026-03-04T06:00,33.5,42,37.9,894.0,6.6,0.0,996.9
2026-03-04T07:00,35.4,31,38.3,945.0,9.2,0.0,995.9
2026-03-04T08:00,36.7,25,38.1,966.0,13.5,0.0,994.7
2026-03-04T09:00,36.9,22,36.9,888.0,15.8,0.0,993.8
2026-03-04T10:00,37.3,19,35.6,743.0,18.0,0.0,992.7
2026-03-04T11:00,36.8,17,33.3,532.0,20.5,0.0,992.4
2026-03-04T12:00,35.3,21,32.2,290.0,20.7,0.0,992.9
2026-03-04T13:00,32.1,29,30.8,64.0,12.8,0.0,994.5
2026-03-04T14:00,30.6,35,29.8,0.0,12.3,0.0,995.0
2026-03-04T15:00,29.7,40,29.7,0.0,10.1,0.0,995.5
2026-03-04T16:00,28.9,45,29.6,0.0,8.5,0.0,996.5
2026-03-04T17:00,27.7,51,28.3,0.0,11.6,0.0,997.1
2026-03-04T18:00,26.6,66,28.4,0.0,12.9,0.0,997.0
2026-03-04T19:00,25.6,81,28.8,0.0,11.9,0.0,996.7
2026-03-04T20:00,25.0,87,28.9,0.0,9.9,0.0,996.3
2026-03-04T21:00,24.6,90,28.6,0.0,9.6,0.0,995.5
2026-03-04T22:00,23.9,94,28.1,0.0,8.3,0.0,995.2
2026-03-04T23:00,23.4,96,27.9,0.0,5.6,0.0,995.1
2026-03-05T00:00,22.4,98,26.8,0.0,4.0,0.0,995.3
2026-03-05T01:00,23.8,98,28.6,0.0,6.9,0.0,996.0
2026-03-05T02:00,24.2,96,29.5,45.0,3.1,0.0,996.9
2026-03-05T03:00,25.8,85,31.1,195.0,1.6,0.0,997.4
2026-03-05T04:00,28.8,66,33.4,470.0,0.9,0.0,997.8
2026-03-05T05:00,31.5,51,36.2,695.0,1.1,0.0,997.4
2026-03-05T06:00,33.9,37,38.2,833.0,1.3,0.0,996.4
2026-03-05T07:00,36.1,24,37.9,943.0,8.9,0.0,995.4
2026-03-05T08:00,36.5,22,36.4,849.0,14.4,0.0,994.4
2026-03-05T09:00,36.4,24,36.3,744.0,13.2,0.0,993.6
2026-03-05T10:00,36.5,24,36.0,673.0,13.5,0.0,993.0
2026-03-05T11:00,35.8,25,34.3,505.0,16.3,0.0,992.9
2026-03-05T12:00,34.9,26,33.2,287.0,16.0,0.0,993.2
2026-03-05T13:00,32.8,29,31.6,63.0,12.9,0.0,993.8
2026-03-05T14:00,31.0,34,30.2,0.0,12.7,0.0,994.7
2026-03-05T15:00,29.1,44,29.4,0.0,10.2,0.0,995.5
2026-03-05T16:00,27.9,50,28.9,0.0,8.2,0.0,996.5
2026-03-05T17:00,27.4,51,28.5,0.0,7.4,0.0,997.0
2026-03-05T18:00,26.3,56,27.8,0.0,5.6,0.0,997.0
2026-03-05T19:00,25.4,61,26.4,0.0,10.8,0.0,996.8
2026-03-05T20:00,24.2,71,26.6,0.0,5.1,0.0,996.3
2026-03-05T21:00,23.6,77,26.8,0.0,2.1,0.0,995.9
2026-03-05T22:00,23.0,82,26.2,0.0,3.4,0.0,995.7
2026-03-05T23:00,22.6,86,26.2,0.0,1.5,0.0,995.8
2026-03-06T00:00,22.3,86,26.0,0.0,0.7,0.0,996.1
2026-03-06T01:00,23.8,84,27.6,0.0,2.9,0.0,997.1
2026-03-06T02:00,26.0,70,29.2,66.0,4.8,0.0,998.1
2026-03-06T03:00,28.5,69,32.7,283.0,5.2,0.0,998.5
2026-03-06T04:00,30.9,59,35.0,524.0,4.9,0.0,999.0
2026-03-06T05:00,33.3,45,37.4,733.0,4.4,0.0,998.7
2026-03-06T06:00,35.1,34,39.4,876.0,2.4,0.0,997.6
2026-03-06T07:00,36.6,28,40.7,941.0,1.5,0.0,996.3
2026-03-06T08:00,38.0,23,40.7,949.0,5.9,0.0,995.1
2026-03-06T09:00,38.5,21,38.9,818.0,11.9,0.0,993.9
2026-03-06T10:00,37.2,25,35.8,568.0,17.8,0.0,993.1
2026-03-06T11:00,36.9,23,35.1,431.0,17.1,0.0,992.9
2026-03-06T12:00,36.6,22,35.3,246.0,11.7,0.0,992.6
2026-03-06T13:00,33.9,27,33.8,62.0,5.8,0.0,993.3
2026-03-06T14:00,32.7,30,31.3,0.0,15.0,0.0,994.5
2026-03-06T15:00,31.0,36,30.2,0.0,14.3,0.0,994.9
2026-03-06T16:00,29.7,40,29.2,0.0,12.9,0.0,995.7
2026-03-06T17:00,28.4,51,28.9,0.0,14.5,0.0,996.2
2026-03-06T18:00,27.2,64,29.0,0.0,12.8,0.0,996.1
2026-03-06T19:00,26.1,73,28.5,0.0,13.5,0.0,995.7
2026-03-06T20:00,25.3,80,28.2,0.0,11.5,0.0,995.3
2026-03-06T21:00,24.5,85,27.9,0.0,9.8,0.0,995.0
2026-03-06T22:00,23.8,90,27.4,0.0,9.0,0.0,994.7
2026-03-06T23:00,23.4,92,27.2,0.0,8.2,0.0,994.6
2026-03-07T00:00,23.1,96,27.3,0.0,6.5,0.0,994.9
2026-03-07T01:00,24.1,98,29.1,0.0,7.0,0.0,995.5
2026-03-07T02:00,25.2,91,29.9,67.0,7.6,0.0,996.5
2026-03-07T03:00,27.4,76,31.9,286.0,6.0,0.0,997.4
2026-03-07T04:00,30.2,56,33.5,533.0,4.9,0.0,997.9
2026-03-07T05:00,32.6,40,35.8,747.0,4.1,0.0,997.3
2026-03-07T06:00,34.5,32,37.7,901.0,5.1,0.0,996.4
2026-03-07T07:00,36.0,27,39.0,980.0,6.4,0.0,995.2
2026-03-07T08:00,36.9,24,39.4,959.0,6.9,0.0,994.1
2026-03-07T09:00,37.2,23,38.8,856.0,7.7,0.0,992.9
2026-03-07T10:00,37.0,23,37.2,695.0,9.8,0.0,992.2
2026-03-07T11:00,36.4,24,35.7,489.0,10.0,0.0,992.0
2026-03-07T12:00,35.8,24,34.8,262.0,11.3,0.0,992.3
2026-03-07T13:00,33.4,29,32.6,63.0,11.7,0.0,992.6
2026-03-07T14:00,32.0,32,31.2,0.0,12.5,0.0,993.5
2026-03-07T15:00,30.5,34,29.8,0.0,10.8,0.0,994.1
2026-03-07T16:00,29.0,37,27.9,0.0,13.7,0.0,995.0
2026-03-07T17:00,27.5,48,26.5,0.0,19.3,0.0,995.7
2026-03-07T18:00,26.1,69,27.8,0.0,14.8,0.0,996.1
2026-03-07T19:00,25.6,74,28.4,0.0,9.9,0.0,995.8
2026-03-07T20:00,25.2,77,28.1,0.0,9.9,0.0,995.1
2026-03-07T21:00,24.6,81,27.9,0.0,7.2,0.0,994.5
2026-03-07T22:00,23.9,85,27.8,0.0,3.8,0.0,994.0
2026-03-07T23:00,23.4,89,27.4,0.0,4.1,0.0,993.9
2026-03-08T00:00,23.1,93,27.0,0.0,6.2,0.0,994.4
2026-03-08T01:00,24.1,92,28.0,0.0,9.2,0.0,994.7
2026-03-08T02:00,25.5,84,29.4,68.0,9.3,0.0,995.9
2026-03-08T03:00,28.0,70,32.0,282.0,5.6,0.0,996.7
2026-03-08T04:00,30.0,60,34.3,476.0,1.1,0.0,997.3
2026-03-08T05:00,32.1,48,36.8,706.0,0.6,0.0,996.8
2026-03-08T06:00,34.1,40,39.2,850.0,0.0,0.0,995.7
2026-03-08T07:00,35.8,33,40.7,948.0,1.1,0.0,994.2
2026-03-08T08:00,37.0,28,41.1,957.0,2.7,0.0,992.8
2026-03-08T09:00,37.7,25,40.3,864.0,4.6,0.0,991.4
2026-03-08T10:00,37.9,23,38.8,702.0,6.6,0.0,990.2
2026-03-08T11:00,37.7,22,37.3,481.0,8.2,0.0,990.0
2026-03-08T12:00,36.2,27,35.5,262.0,12.8,0.0,990.4
2026-03-08T13:00,33.8,32,33.4,61.0,13.7,0.0,991.2
2026-03-08T14:00,33.0,35,32.9,0.0,13.2,0.0,992.1
2026-03-08T15:00,31.5,40,31.5,0.0,15.1,0.0,992.8
2026-03-08T16:00,29.7,48,29.5,0.0,19.9,0.0,994.1
2026-03-08T17:00,27.6,68,29.3,0.0,18.5,0.0,994.8
2026-03-08T18:00,26.6,75,29.1,0.0,15.8,0.0,995.1
2026-03-08T19:00,25.8,78,28.6,0.0,13.2,0.0,994.7
2026-03-08T20:00,25.2,81,28.4,0.0,10.6,0.0,994.2
2026-03-08T21:00,24.7,83,28.4,0.0,7.5,0.0,993.7
2026-03-08T22:00,24.1,86,27.8,0.0,7.4,0.0,993.3
2026-03-08T23:00,23.5,90,26.8,0.0,9.3,0.0,993.1
2026-03-09T00:00,23.0,90,26.2,0.0,8.8,0.0,993.7
2026-03-09T01:00,23.5,89,26.7,0.0,10.1,0.0,994.8
2026-03-09T02:00,24.8,80,27.8,72.0,10.3,0.0,996.0
2026-03-09T03:00,27.0,70,29.8,299.0,9.9,0.0,996.7
2026-03-09T04:00,29.3,50,30.7,545.0,10.3,0.0,997.5
2026-03-09T05:00,31.6,38,33.1,760.0,10.9,0.0,997.4
2026-03-09T06:00,33.7,28,34.9,917.0,11.6,0.0,996.3
2026-03-09T07:00,35.1,24,36.1,999.0,13.1,0.0,994.9
2026-03-09T08:00,35.8,24,36.8,995.0,14.4,0.0,993.7
2026-03-09T09:00,36.0,25,36.7,909.0,14.7,0.0,992.9
2026-03-09T10:00,36.1,25,35.6,748.0,16.8,0.0,992.2
2026-03-09T11:00,35.6,27,34.1,533.0,18.4,0.0,992.1
2026-03-09T12:00,34.3,32,33.2,284.0,19.2,0.0,992.7
2026-03-09T13:00,32.6,36,32.1,64.0,15.7,0.0,993.3
2026-03-09T14:00,31.0,42,31.0,0.0,15.4,0.0,994.6
2026-03-09T15:00,29.6,44,28.7,0.0,19.9,0.0,995.7
2026-03-09T16:00,28.0,49,27.2,0.0,20.4,0.0,997.3
2026-03-09T17:00,26.5,59,26.4,0.0,20.0,0.0,997.8
2026-03-09T18:00,25.3,69,25.9,0.0,19.5,0.0,997.9
2026-03-09T19:00,24.4,76,25.7,0.0,16.9,0.0,997.5
2026-03-09T20:00,23.7,80,25.4,0.0,14.6,0.0,997.0
2026-03-09T21:00,23.1,83,25.2,0.0,11.7,0.0,996.4
2026-03-09T22:00,22.5,84,25.1,0.0,7.4,0.0,996.1
2026-03-09T23:00,21.8,87,24.7,0.0,5.0,0.0,996.2
2026-03-10T00:00,21.1,90,24.0,0.0,4.5,0.0,996.7
2026-03-10T01:00,22.3,86,24.6,0.0,9.9,0.0,997.6
2026-03-10T02:00,23.6,76,25.8,75.0,8.1,0.0,999.0
2026-03-10T03:00,26.2,62,27.8,303.0,9.3,0.0,999.8
2026-03-10T04:00,28.3,53,29.5,546.0,10.9,0.0,1000.1
2026-03-10T05:00,30.4,45,32.3,732.0,10.8,0.0,999.8
2026-03-10T06:00,32.1,40,34.6,882.0,12.1,0.0,999.1
2026-03-10T07:00,34.3,34,36.8,945.0,11.8,0.0,997.2
2026-03-10T08:00,35.6,30,37.1,938.0,15.4,0.0,995.4
2026-03-10T09:00,36.0,28,36.5,878.0,18.4,0.0,994.0
2026-03-10T10:00,36.1,26,35.6,733.0,18.4,0.0,993.1
2026-03-10T11:00,35.7,27,34.1,518.0,17.9,0.0,992.8
2026-03-10T12:00,34.5,28,32.5,282.0,20.2,0.0,993.5
2026-03-10T13:00,33.2,33,32.5,56.0,15.1,0.0,993.8
2026-03-10T14:00,32.5,35,32.0,0.0,15.4,0.0,995.2
2026-03-10T15:00,29.1,57,28.9,0.0,26.6,0.0,996.6
2026-03-10T16:00,28.4,59,28.5,0.0,24.7,0.0,997.6
2026-03-10T17:00,27.4,64,27.7,0.0,23.4,0.0,998.0
2026-03-10T18:00,26.6,67,27.5,0.0,20.0,0.0,997.5
2026-03-10T19:00,26.1,68,27.6,0.0,15.3,0.0,996.9
2026-03-10T20:00,25.6,70,27.8,0.0,11.0,0.0,996.3
2026-03-10T21:00,25.1,73,27.8,0.0,7.9,0.0,995.7
2026-03-10T22:00,24.6,76,27.9,0.0,4.2,0.0,995.4
2026-03-10T23:00,24.2,78,27.6,0.0,2.8,0.0,995.1
2026-03-11T00:00,24.0,78,27.5,0.0,2.3,0.0,995.9
2026-03-11T01:00,25.3,76,29.4,0.0,0.8,0.0,996.9
2026-03-11T02:00,26.3,71,29.7,50.0,5.4,0.0,997.2
2026-03-11T03:00,28.1,63,31.8,273.0,2.2,0.0,998.5
2026-03-11T04:00,30.0,55,32.1,405.0,11.7,0.0,998.9
2026-03-11T05:00,30.1,55,31.2,306.0,18.6,0.0,998.5
2026-03-11T06:00,32.3,50,33.4,478.0,21.4,0.0,997.7
2026-03-11T07:00,29.1,65,30.0,570.0,27.9,6.8,997.0
2026-03-11T08:00,26.6,83,30.2,361.0,14.4,9.8,996.4
2026-03-11T09:00,28.8,69,31.2,363.0,19.7,0.1,995.7
2026-03-11T10:00,26.4,78,28.4,203.0,21.3,0.3,995.2
2026-03-11T11:00,25.9,83,29.4,150.0,12.3,0.2,995.4
2026-03-11T12:00,24.2,89,26.1,122.0,21.1,2.0,997.1
2026-03-11T13:00,25.1,86,28.2,36.0,14.8,0.1,996.8
2026-03-11T14:00,24.8,89,27.8,0.0,15.8,0.1,998.1
2026-03-11T15:00,24.6,91,28.2,0.0,12.5,0.1,998.9
2026-03-11T16:00,24.3,94,28.5,0.0,8.9,0.3,999.3
2026-03-11T17:00,24.0,95,28.4,0.0,8.1,0.0,999.0
2026-03-11T18:00,23.8,96,28.3,0.0,6.8,0.0,998.4
2026-03-11T19:00,23.6,97,28.4,0.0,4.8,0.0,997.5
2026-03-11T20:00,23.5,97,28.3,0.0,5.1,0.0,996.5
2026-03-11T21:00,23.5,97,28.5,0.0,3.1,0.0,995.9
2026-03-11T22:00,23.3,98,28.5,0.0,1.7,0.0,995.8
2026-03-11T23:00,23.4,97,28.6,0.0,0.9,0.0,995.5
2026-03-12T00:00,23.2,98,28.2,0.0,2.4,0.0,996.2
2026-03-12T01:00,23.5,97,28.3,0.0,4.1,0.0,996.0
2026-03-12T02:00,24.7,90,29.9,64.0,1.3,0.0,997.6
2026-03-12T03:00,26.3,81,31.3,224.0,2.7,0.0,998.0
2026-03-12T04:00,28.4,70,33.1,456.0,2.2,0.0,998.3
2026-03-12T05:00,29.7,63,34.1,653.0,7.9,0.1,997.9
2026-03-12T06:00,30.9,58,34.4,732.0,15.4,0.2,997.4
2026-03-12T07:00,29.4,65,32.7,621.0,14.0,0.3,996.2
2026-03-12T08:00,31.2,60,34.6,723.0,17.7,0.1,995.0
2026-03-12T09:00,27.7,72,28.9,666.0,29.5,2.2,994.8
2026-03-12T10:00,24.5,95,28.1,91.0,15.9,1.9,994.6
2026-03-12T11:00,25.6,87,28.8,141.0,16.6,0.4,994.5
2026-03-12T12:00,26.0,84,29.9,105.0,11.1,0.1,995.2
2026-03-12T13:00,24.3,91,28.3,18.0,8.9,0.5,996.0
2026-03-12T14:00,24.0,93,28.5,0.0,5.7,0.3,996.8
2026-03-12T15:00,23.9,94,29.2,0.0,0.7,0.0,997.2
2026-03-12T16:00,24.0,94,29.3,0.0,1.3,0.0,997.6
2026-03-12T17:00,23.8,96,28.7,0.0,3.8,0.0,997.3
2026-03-12T18:00,23.5,97,28.4,0.0,3.5,0.0,997.0
2026-03-12T19:00,23.2,98,28.4,0.0,1.4,0.0,996.4
2026-03-12T20:00,23.1,99,28.2,0.0,2.7,0.0,995.7
2026-03-12T21:00,23.0,99,28.3,0.0,0.9,0.0,995.2
2026-03-12T22:00,22.8,100,28.0,0.0,1.3,0.0,994.8
2026-03-12T23:00,22.6,100,27.3,0.0,3.4,0.0,994.9
2026-03-13T00:00,22.7,100,27.6,0.0,2.5,0.0,995.5
2026-03-13T01:00,23.7,99,29.3,0.0,1.1,0.0,996.4
2026-03-13T02:00,24.8,93,30.4,69.0,0.9,0.0,997.3
2026-03-13T03:00,26.7,81,32.0,290.0,2.1,0.0,997.9
2026-03-13T04:00,28.7,70,33.5,515.0,3.5,0.0,998.1
2026-03-13T05:00,30.5,60,35.6,718.0,5.3,0.0,997.7
2026-03-13T06:00,32.0,54,37.5,876.0,6.7,0.0,996.9
2026-03-13T07:00,33.0,49,38.6,942.0,7.2,0.0,995.6
2026-03-13T08:00,33.8,45,38.8,908.0,7.9,0.0,994.5
2026-03-13T09:00,34.3,43,38.0,818.0,10.8,0.0,993.3
2026-03-13T10:00,34.2,43,36.7,697.0,13.8,0.0,992.6
2026-03-13T11:00,33.4,45,34.9,492.0,15.5,0.0,992.5
2026-03-13T12:00,32.3,48,34.0,251.0,14.3,0.0,992.9
2026-03-13T13:00,31.6,49,33.2,48.0,14.4,0.0,993.4
2026-03-13T14:00,30.1,53,31.4,0.0,15.0,0.0,994.5
2026-03-13T15:00,29.2,56,30.8,0.0,13.6,0.0,995.2
2026-03-13T16:00,28.0,60,30.0,0.0,11.5,0.0,995.9
2026-03-13T17:00,26.8,64,29.1,0.0,8.9,0.0,996.1
2026-03-13T18:00,25.7,71,28.2,0.0,9.4,0.0,996.1
2026-03-13T19:00,24.9,79,27.8,0.0,9.4,0.0,995.6
2026-03-13T20:00,24.1,87,27.8,0.0,7.2,0.0,995.0
2026-03-13T21:00,23.3,94,27.4,0.0,6.7,0.0,994.6
2026-03-13T22:00,22.9,97,27.3,0.0,4.8,0.0,994.7
2026-03-13T23:00,22.8,98,27.0,0.0,6.1,0.0,995.1
2026-03-14T00:00,22.6,99,26.6,0.0,7.1,0.0,995.7
2026-03-14T01:00,24.3,95,28.7,0.0,9.8,0.0,996.4
2026-03-14T02:00,25.3,89,29.5,66.0,9.9,0.0,997.8
2026-03-14T03:00,27.2,79,31.5,277.0,8.4,0.0,998.4
2026-03-14T04:00,29.2,68,33.6,534.0,6.4,0.0,998.4
2026-03-14T05:00,31.1,57,36.5,749.0,3.9,0.0,998.3
2026-03-14T06:00,32.6,49,38.6,901.0,3.1,0.0,997.6
2026-03-14T07:00,33.9,42,39.5,973.0,4.1,0.0,996.2
2026-03-14T08:00,35.0,35,39.4,971.0,6.0,0.0,994.9
2026-03-14T09:00,35.8,31,38.7,888.0,7.7,0.0,993.7
2026-03-14T10:00,35.8,29,37.0,724.0,10.6,0.0,992.8
2026-03-14T11:00,35.0,30,34.5,525.0,13.8,0.0,992.7
2026-03-14T12:00,33.8,32,33.3,285.0,14.7,0.0,993.1
2026-03-14T13:00,31.6,38,32.0,64.0,10.1,0.0,993.7
2026-03-14T14:00,29.7,42,29.9,0.0,10.7,0.0,994.8
2026-03-14T15:00,28.5,46,28.7,0.0,11.9,0.0,995.5
2026-03-14T16:00,27.2,54,28.0,0.0,10.7,0.0,996.2
2026-03-14T17:00,26.0,66,27.9,0.0,9.7,0.0,996.5
2026-03-14T18:00,24.9,80,27.9,0.0,10.0,0.0,996.8
2026-03-14T19:00,24.3,90,27.8,0.0,12.1,0.0,996.3
2026-03-14T20:00,23.9,94,27.4,0.0,12.5,0.0,995.8
2026-03-14T21:00,23.5,97,27.3,0.0,11.6,0.0,995.4
2026-03-14T22:00,23.4,99,27.4,0.0,10.9,0.0,995.3
2026-03-14T23:00,23.6,99,27.7,0.0,10.4,0.0,995.5
2026-03-15T00:00,24.1,95,28.1,0.0,11.7,0.0,996.0
2026-03-15T01:00,24.4,96,29.1,0.0,7.9,0.0,996.8
2026-03-15T02:00,25.2,90,29.7,68.0,7.9,0.0,997.8
2026-03-15T03:00,27.1,77,31.3,280.0,7.1,0.0,998.5
2026-03-15T04:00,28.9,65,33.0,526.0,4.3,0.0,998.7
2026-03-15T05:00,30.7,53,35.2,746.0,3.7,0.0,998.5
2026-03-15T06:00,32.4,43,36.8,907.0,4.8,0.0,997.7
2026-03-15T07:00,33.6,36,37.3,952.0,6.2,0.0,996.8
2026-03-15T08:00,34.8,31,37.9,986.0,7.8,0.0,995.7
2026-03-15T09:00,35.4,29,37.7,901.0,8.3,0.0,994.5
2026-03-15T10:00,35.6,28,36.6,744.0,9.6,0.0,993.6
2026-03-15T11:00,34.7,29,33.9,529.0,14.9,0.0,993.5
2026-03-15T12:00,33.5,33,33.0,284.0,14.7,0.0,993.9
2026-03-15T13:00,31.4,40,32.0,62.0,10.1,0.0,994.3
2026-03-15T14:00,29.9,44,30.3,0.0,12.4,0.0,995.3
2026-03-15T15:00,28.9,48,29.4,0.0,12.6,0.0,996.3
2026-03-15T16:00,28.2,56,29.3,0.0,14.1,0.0,997.3
2026-03-15T17:00,27.3,63,29.4,0.0,11.0,0.0,998.1
2026-03-15T18:00,26.4,70,28.9,0.0,10.9,0.0,998.2
2026-03-15T19:00,25.9,74,28.7,0.0,11.1,0.0,997.9
2026-03-15T20:00,25.5,78,28.5,0.0,10.7,0.0,997.1
2026-03-15T21:00,25.0,83,28.5,0.0,9.0,0.0,996.7
2026-03-15T22:00,24.5,88,28.5,0.0,6.7,0.0,996.4
2026-03-15T23:00,24.2,90,28.4,0.0,6.3,0.0,996.5
2026-03-16T00:00,23.9,92,28.4,0.0,5.2,0.0,996.9
2026-03-16T01:00,24.9,94,30.0,0.0,6.2,0.0,997.3
2026-03-16T02:00,26.0,90,30.8,71.0,9.1,0.1,998.1
2026-03-16T03:00,27.7,78,32.0,262.0,9.6,0.1,998.8
2026-03-16T04:00,29.7,64,33.4,488.0,9.1,0.1,999.3
2026-03-16T05:00,31.5,55,35.4,665.0,9.0,0.0,998.9
2026-03-16T06:00,33.0,49,37.5,822.0,9.3,0.0,998.2
2026-03-16T07:00,34.3,45,39.2,907.0,8.7,0.0,996.9
2026-03-16T08:00,35.2,42,39.8,916.0,10.4,0.0,995.4
2026-03-16T09:00,35.5,40,38.7,814.0,14.0,0.0,994.1
2026-03-16T10:00,35.4,41,37.3,646.0,16.5,0.0,993.2
2026-03-16T11:00,31.2,55,33.1,308.0,17.3,0.6,994.0
2026-03-16T12:00,29.8,62,31.8,202.0,19.2,0.0,994.6
2026-03-16T13:00,29.5,62,32.1,58.0,14.1,0.0,994.3
2026-03-16T14:00,28.9,65,31.9,0.0,11.9,0.0,995.4
2026-03-16T15:00,28.4,69,31.9,0.0,10.5,0.0,996.2
2026-03-16T16:00,27.9,73,31.6,0.0,10.2,0.0,997.0
2026-03-16T17:00,27.5,75,31.4,0.0,8.9,0.0,997.3
2026-03-16T18:00,26.7,79,31.2,0.0,5.8,0.0,997.3
2026-03-16T19:00,26.1,82,30.7,0.0,5.0,0.0,997.0
2026-03-16T20:00,25.8,83,30.2,0.0,6.2,0.0,996.4
2026-03-16T21:00,25.3,85,29.8,0.0,5.4,0.0,995.8
2026-03-16T22:00,24.9,88,29.3,0.0,5.5,0.0,995.2
2026-03-16T23:00,24.4,90,29.1,0.0,4.0,0.0,995.5
2026-03-17T00:00,24.2,90,28.7,0.0,4.5,0.0,996.1
2026-03-17T01:00,25.5,86,30.3,0.0,4.1,0.0,996.6
2026-03-17T02:00,27.1,79,32.0,79.0,4.6,0.0,997.5
2026-03-17T03:00,29.1,71,34.0,292.0,4.8,0.0,998.2
2026-03-17T04:00,30.9,63,35.8,518.0,3.5,0.0,998.6
2026-03-17T05:00,32.7,53,38.1,699.0,2.7,0.0,998.3
2026-03-17T06:00,34.1,47,40.3,819.0,0.6,0.0,997.7
2026-03-17T07:00,35.2,43,41.3,898.0,2.5,0.0,996.4
2026-03-17T08:00,36.4,37,41.6,926.0,5.2,0.0,994.8
2026-03-17T09:00,36.9,35,40.5,786.0,7.8,0.0,993.4
2026-03-17T10:00,36.8,35,39.1,644.0,10.2,0.0,992.5
2026-03-17T11:00,36.2,36,37.5,421.0,12.3,0.0,992.7
2026-03-17T12:00,34.6,38,35.5,252.0,14.3,0.0,993.3
2026-03-17T13:00,33.4,41,34.9,45.0,10.3,0.0,993.8
2026-03-17T14:00,26.9,72,28.4,0.0,21.8,3.2,996.6
2026-03-17T15:00,25.6,79,29.9,0.0,3.4,0.4,996.9
2026-03-17T16:00,26.3,77,30.1,0.0,6.7,0.0,997.5
2026-03-17T17:00,26.2,75,29.9,0.0,6.0,0.0,998.0
2026-03-17T18:00,25.8,78,29.5,0.0,6.6,0.0,997.4
2026-03-17T19:00,25.3,82,29.3,0.0,6.5,0.0,996.7
2026-03-17T20:00,24.9,84,28.4,0.0,9.3,0.0,995.9
2026-03-17T21:00,24.6,84,28.0,0.0,9.1,0.0,995.5
2026-03-17T22:00,24.4,85,27.9,0.0,8.3,0.0,995.1
2026-03-17T23:00,24.2,86,27.8,0.0,7.6,0.0,995.1
2026-03-18T00:00,24.0,88,27.5,0.0,9.0,0.0,995.4
2026-03-18T01:00,25.6,86,29.8,0.0,9.2,0.0,996.0
2026-03-18T02:00,26.9,81,31.3,72.0,9.0,0.0,996.7
2026-03-18T03:00,28.8,74,33.4,281.0,8.4,0.0,997.2
2026-03-18T04:00,30.8,63,35.0,517.0,7.8,0.0,997.6
2026-03-18T05:00,32.5,54,37.2,705.0,7.9,0.0,997.1
2026-03-18T06:00,34.1,47,38.9,822.0,9.1,0.0,996.4
2026-03-18T07:00,35.5,42,39.9,907.0,10.9,0.0,995.4
2026-03-18T08:00,36.4,35,39.4,881.0,12.6,0.0,994.3
2026-03-18T09:00,36.8,32,38.6,755.0,13.5,0.0,993.5
2026-03-18T10:00,36.5,31,36.9,628.0,16.2,0.0,992.9
2026-03-18T11:00,36.0,32,35.9,466.0,16.3,0.0,993.0
2026-03-18T12:00,35.0,34,35.0,260.0,16.3,0.0,993.3
2026-03-18T13:00,33.5,39,34.3,58.0,12.5,0.0,993.9
2026-03-18T14:00,31.7,47,33.0,0.0,13.4,0.0,995.2
2026-03-18T15:00,30.5,53,31.6,0.0,17.9,0.0,996.2
2026-03-18T16:00,29.3,64,31.4,0.0,17.8,0.0,997.4
2026-03-18T17:00,28.2,70,31.1,0.0,14.5,0.0,998.1
2026-03-18T18:00,27.5,72,30.4,0.0,13.5,0.0,998.2
2026-03-18T19:00,26.7,77,30.0,0.0,12.3,0.0,997.9
2026-03-18T20:00,26.1,82,29.9,0.0,10.3,0.0,997.2
2026-03-18T21:00,25.4,88,29.7,0.0,8.4,0.0,996.8
2026-03-18T22:00,24.8,93,29.4,0.0,8.9,0.0,996.6
2026-03-18T23:00,24.5,97,29.1,0.0,9.4,0.0,996.6
2026-03-19T00:00,24.5,97,29.3,0.0,8.9,0.0,997.1
2026-03-19T01:00,25.5,97,31.1,0.0,7.1,0.1,998.2
2026-03-19T02:00,26.5,90,31.8,81.0,8.2,0.1,998.8
2026-03-19T03:00,28.3,75,32.6,261.0,9.9,0.1,999.7
2026-03-19T04:00,30.4,61,33.8,457.0,10.0,0.0,1000.3
2026-03-19T05:00,32.5,51,36.3,708.0,10.2,0.0,999.9
2026-03-19T06:00,34.2,44,38.6,881.0,9.8,0.0,999.1
2026-03-19T07:00,35.6,37,39.1,896.0,11.0,0.0,997.7
2026-03-19T08:00,36.3,34,38.8,881.0,15.1,0.0,996.3
2026-03-19T09:00,36.6,33,38.4,841.0,17.6,0.0,995.1
2026-03-19T10:00,36.4,33,36.9,703.0,19.7,0.0,994.2
2026-03-19T11:00,35.3,36,35.1,472.0,20.8,0.0,994.2
2026-03-19T12:00,33.9,41,34.1,246.0,20.4,0.0,994.6
2026-03-19T13:00,32.3,46,33.6,46.0,15.2,0.2,995.6
2026-03-19T14:00,31.4,52,32.7,0.0,19.2,0.0,996.7
2026-03-19T15:00,30.2,58,31.6,0.0,20.4,0.0,997.9
2026-03-19T16:00,28.0,71,30.2,0.0,18.8,0.0,999.1
2026-03-19T17:00,27.5,74,29.9,0.0,18.7,0.0,999.7
2026-03-19T18:00,27.4,77,30.3,0.0,16.9,0.0,999.6
2026-03-19T19:00,26.8,80,30.3,0.0,13.9,0.0,999.2
2026-03-19T20:00,26.2,85,30.2,0.0,12.8,0.0,998.7
2026-03-19T21:00,25.6,91,30.0,0.0,11.6,0.0,998.5
2026-03-19T22:00,25.1,95,29.7,0.0,11.5,0.0,998.2
2026-03-19T23:00,25.4,93,29.7,0.0,13.0,0.0,998.4
2026-03-20T00:00,25.2,94,29.7,0.0,11.2,0.0,998.9
2026-03-20T01:00,25.5,96,30.8,0.0,8.5,0.0,999.7
2026-03-20T02:00,26.6,87,31.3,84.0,10.4,0.0,1000.5
2026-03-20T03:00,28.4,73,32.3,296.0,11.5,0.0,1001.1
2026-03-20T04:00,30.5,58,33.2,511.0,11.9,0.0,1001.5
2026-03-20T05:00,32.4,50,35.5,705.0,12.4,0.0,1001.2
2026-03-20T06:00,34.0,41,37.0,830.0,13.1,0.0,1000.3
2026-03-20T07:00,35.5,35,37.8,900.0,15.2,0.0,998.7
2026-03-20T08:00,36.3,32,38.1,897.0,16.0,0.0,997.5
2026-03-20T09:00,36.8,29,38.2,854.0,15.9,0.0,995.9
2026-03-20T10:00,36.9,29,37.3,696.0,16.2,0.0,995.3
2026-03-20T11:00,36.5,29,36.0,481.0,16.8,0.0,994.8
2026-03-20T12:00,35.2,32,34.8,245.0,15.9,0.0,995.1
2026-03-20T13:00,33.6,34,33.8,48.0,11.6,0.0,996.3
2026-03-20T14:00,31.7,41,32.7,0.0,9.6,0.0,997.3
2026-03-20T15:00,30.5,46,31.1,0.0,14.4,0.0,998.6
2026-03-20T16:00,29.5,53,30.6,0.0,15.0,0.0,999.4
2026-03-20T17:00,28.4,59,29.7,0.0,16.3,0.0,1000.0
2026-03-20T18:00,27.4,72,29.7,0.0,16.5,0.0,1000.0
2026-03-20T19:00,26.7,80,29.7,0.0,16.0,0.0,999.5
2026-03-20T20:00,26.2,84,29.6,0.0,15.0,0.0,998.9
2026-03-20T21:00,25.6,87,29.5,0.0,12.3,0.0,998.5
2026-03-20T22:00,25.2,90,29.7,0.0,8.0,0.0,998.5
2026-03-20T23:00,24.9,92,29.8,0.0,6.1,0.0,998.7
2026-03-21T00:00,24.9,93,29.9,0.0,5.6,0.0,999.1
2026-03-21T01:00,25.5,88,29.5,0.0,10.9,0.3,1000.0
2026-03-21T02:00,25.7,87,29.6,60.0,12.1,0.5,1000.6
2026-03-21T03:00,27.6,78,31.9,238.0,9.3,0.1,1001.3
2026-03-21T04:00,29.6,67,33.6,462.0,9.4,0.1,1001.6
2026-03-21T05:00,31.7,56,36.0,679.0,9.0,0.0,1001.2
2026-03-21T06:00,33.5,47,38.0,840.0,9.3,0.0,1000.3
2026-03-21T07:00,34.5,44,38.8,882.0,11.2,0.1,999.0
2026-03-21T08:00,35.4,41,39.1,895.0,13.9,0.1,997.7
2026-03-21T09:00,34.7,43,37.7,804.0,15.6,0.1,996.5
2026-03-21T10:00,34.6,46,37.5,619.0,12.7,0.2,995.6
2026-03-21T11:00,34.1,45,35.6,404.0,17.1,0.0,995.5
2026-03-21T12:00,31.8,54,34.7,159.0,11.2,0.7,996.1
2026-03-21T13:00,30.4,58,32.2,46.0,17.9,0.0,996.8
2026-03-21T14:00,29.6,63,33.4,0.0,6.2,0.0,997.6
2026-03-21T15:00,29.7,63,33.2,0.0,9.4,0.0,998.2
2026-03-21T16:00,29.5,65,32.8,0.0,12.4,0.0,999.1
2026-03-21T17:00,28.9,70,32.3,0.0,13.3,0.0,999.3
2026-03-21T18:00,28.0,75,31.8,0.0,12.2,0.0,999.1
2026-03-21T19:00,27.4,79,31.5,0.0,11.0,0.0,998.7
2026-03-21T20:00,26.9,82,31.1,0.0,10.3,0.0,997.7
2026-03-21T21:00,26.4,84,30.7,0.0,9.8,0.0,997.2
2026-03-21T22:00,25.8,87,30.5,0.0,7.7,0.0,997.0
2026-03-21T23:00,25.4,90,30.3,0.0,6.3,0.0,997.3
2026-03-22T00:00,25.0,93,30.1,0.0,5.5,0.0,997.6
2026-03-22T01:00,25.9,92,31.2,0.0,7.1,0.0,998.3
2026-03-22T02:00,27.2,82,31.6,84.0,11.5,0.0,999.5
2026-03-22T03:00,28.9,71,32.7,277.0,12.0,0.0,1000.3
2026-03-22T04:00,30.6,61,33.8,509.0,13.3,0.1,1000.4
2026-03-22T05:00,32.3,54,35.8,690.0,13.1,0.1,1000.1
2026-03-22T06:00,34.1,46,38.0,840.0,13.0,0.0,999.1
2026-03-22T07:00,35.4,40,39.1,922.0,13.9,0.0,997.7
2026-03-22T08:00,35.8,38,38.9,908.0,15.7,0.0,996.2
2026-03-22T09:00,34.8,43,38.0,753.0,13.6,0.1,995.2
2026-03-22T10:00,33.2,48,34.1,548.0,23.4,0.1,994.6
2026-03-22T11:00,33.6,45,35.4,429.0,13.6,0.0,995.3
2026-03-22T12:00,30.8,55,33.1,221.0,13.6,0.2,996.1
2026-03-22T13:00,31.5,50,33.6,49.0,11.5,0.0,996.6
2026-03-22T14:00,30.6,56,33.2,0.0,11.0,0.0,997.6
2026-03-22T15:00,29.7,60,32.6,0.0,10.9,0.0,998.3
2026-03-22T16:00,29.1,65,32.5,0.0,9.4,0.0,998.8
2026-03-22T17:00,28.4,69,32.5,0.0,6.3,0.1,999.7
2026-03-22T18:00,25.8,83,29.6,0.0,9.6,3.8,1000.3
2026-03-22T19:00,25.5,87,29.6,0.0,10.1,0.3,999.0
2026-03-22T20:00,24.6,91,28.8,0.0,7.8,0.0,997.9
2026-03-22T21:00,24.2,92,29.2,0.0,2.9,0.1,997.3
2026-03-22T22:00,24.2,94,29.2,0.0,3.4,0.0,997.0
2026-03-22T23:00,23.9,95,28.7,0.0,5.2,0.0,997.2
2026-03-23T00:00,23.8,94,28.4,0.0,4.8,0.0,997.9
2026-03-23T01:00,25.4,94,30.7,0.0,6.2,0.0,998.1
2026-03-23T02:00,26.7,86,32.0,84.0,6.8,0.0,999.0
2026-03-23T03:00,27.3,76,30.6,280.0,13.9,0.7,1000.0
2026-03-23T04:00,29.3,67,32.6,464.0,12.8,0.1,1000.5
2026-03-23T05:00,31.0,60,34.3,543.0,11.6,0.0,1000.1
2026-03-23T06:00,29.3,65,32.1,589.0,14.9,0.4,999.7
2026-03-23T07:00,33.1,51,38.1,901.0,11.6,0.0,998.1
2026-03-23T08:00,34.5,45,38.5,871.0,13.0,0.0,996.7
2026-03-23T09:00,33.1,46,35.5,736.0,16.0,0.3,995.8
2026-03-23T10:00,33.7,45,36.0,511.0,10.4,0.9,995.1
2026-03-23T11:00,33.7,42,35.3,419.0,12.1,0.0,995.3
2026-03-23T12:00,31.3,51,32.4,240.0,18.8,0.1,996.0
2026-03-23T13:00,31.5,51,32.5,51.0,19.1,0.2,996.4
2026-03-23T14:00,28.5,64,30.6,0.0,15.1,0.0,997.4
2026-03-23T15:00,28.1,66,30.7,0.0,12.2,0.0,998.2
2026-03-23T16:00,27.9,68,30.9,0.0,10.4,0.0,998.9
2026-03-23T17:00,27.6,70,30.9,0.0,9.7,0.0,998.9
2026-03-23T18:00,27.2,73,30.8,0.0,8.5,0.0,999.0
2026-03-23T19:00,26.8,77,30.6,0.0,8.3,0.0,998.4
2026-03-23T20:00,23.8,95,27.6,0.0,11.2,10.2,998.7
2026-03-23T21:00,24.2,90,29.0,0.0,2.1,0.9,997.6
2026-03-23T22:00,23.9,94,28.7,0.0,3.5,0.2,997.3
2026-03-23T23:00,23.5,96,28.4,0.0,2.8,0.1,997.2
2026-03-24T00:00,23.2,99,28.4,0.0,1.5,0.0,997.8
2026-03-24T01:00,24.7,90,30.1,1.0,0.9,0.0,998.2
2026-03-24T02:00,25.8,83,30.8,86.0,2.3,0.0,999.3
2026-03-24T03:00,27.9,74,32.3,280.0,6.3,0.0,1000.1
2026-03-24T04:00,29.8,64,33.6,514.0,8.4,0.1,1000.2
2026-03-24T05:00,31.7,54,36.0,723.0,8.7,0.0,999.7
2026-03-24T06:00,33.5,45,37.7,853.0,9.3,0.0,998.6
2026-03-24T07:00,35.0,36,38.6,912.0,9.7,0.0,996.9
2026-03-24T08:00,36.3,30,39.2,940.0,10.0,0.0,995.5
2026-03-24T09:00,37.0,27,38.8,851.0,10.5,0.0,994.4
2026-03-24T10:00,36.8,29,37.6,706.0,13.7,0.0,993.6
2026-03-24T11:00,35.9,31,35.3,495.0,17.5,0.0,993.3
2026-03-24T12:00,34.3,35,34.1,272.0,17.8,0.0,994.0
2026-03-24T13:00,32.2,43,32.7,59.0,17.1,0.0,994.8
2026-03-24T14:00,31.3,46,32.2,0.0,14.6,0.0,995.7
2026-03-24T15:00,30.5,49,31.9,0.0,12.7,0.0,996.5
2026-03-24T16:00,29.7,53,31.1,0.0,14.1,0.0,997.5
2026-03-24T17:00,28.6,64,30.8,0.0,14.8,0.0,997.8
2026-03-24T18:00,27.6,73,30.7,0.0,14.2,0.0,997.4
2026-03-24T19:00,26.7,80,30.3,0.0,12.9,0.0,996.6
2026-03-24T20:00,26.0,85,29.9,0.0,11.8,0.0,995.8
2026-03-24T21:00,25.3,90,29.5,0.0,11.0,0.0,995.1
2026-03-24T22:00,24.9,93,29.3,0.0,10.0,0.0,994.8
2026-03-24T23:00,24.5,95,29.0,0.0,9.1,0.0,994.6
2026-03-25T00:00,24.1,97,29.1,0.0,5.5,0.0,995.0
2026-03-25T01:00,24.8,98,29.9,1.0,7.9,0.0,996.0
2026-03-25T02:00,26.4,86,30.8,80.0,10.4,0.0,996.8
2026-03-25T03:00,28.2,74,32.3,300.0,9.4,0.0,997.8
2026-03-25T04:00,30.2,60,33.7,544.0,8.0,0.0,997.7
2026-03-25T05:00,32.1,51,36.6,746.0,6.3,0.0,997.1
2026-03-25T06:00,34.1,40,38.5,899.0,5.7,0.0,996.2
2026-03-25T07:00,35.6,31,39.0,960.0,7.6,0.0,994.9
2026-03-25T08:00,36.5,27,38.7,924.0,9.3,0.0,993.5
2026-03-25T09:00,36.8,25,38.6,856.0,8.5,0.0,992.3
2026-03-25T10:00,36.9,25,38.0,690.0,5.8,0.0,991.4
2026-03-25T11:00,36.9,23,36.7,502.0,7.0,0.0,990.9
2026-03-25T12:00,36.2,23,34.9,265.0,12.1,0.0,991.4
2026-03-25T13:00,33.5,29,32.4,59.0,14.6,0.0,991.9
2026-03-25T14:00,32.2,35,31.7,0.0,13.0,0.0,993.3
2026-03-25T15:00,31.1,41,31.0,0.0,14.9,0.0,994.2
2026-03-25T16:00,30.2,45,30.2,0.0,16.5,0.0,995.1
2026-03-25T17:00,28.6,59,30.1,0.0,14.6,0.0,995.5
2026-03-25T18:00,27.4,71,30.1,0.0,13.8,0.0,994.9
2026-03-25T19:00,26.6,77,29.8,0.0,11.8,0.0,994.3
2026-03-25T20:00,25.8,81,29.4,0.0,9.7,0.0,993.6
2026-03-25T21:00,25.2,84,29.2,0.0,6.6,0.0,993.2
2026-03-25T22:00,24.8,86,28.5,0.0,8.7,0.0,993.1
2026-03-25T23:00,24.5,88,28.2,0.0,9.3,0.0,993.3
2026-03-26T00:00,24.1,91,27.9,0.0,9.6,0.0,994.0
2026-03-26T01:00,24.7,91,28.7,1.0,10.4,0.0,994.6
2026-03-26T02:00,26.1,80,29.7,96.0,10.5,0.0,995.4
2026-03-26T03:00,28.3,67,31.4,318.0,10.0,0.0,996.2
2026-03-26T04:00,30.4,58,33.9,560.0,6.9,0.0,996.4
2026-03-26T05:00,32.4,50,37.0,753.0,5.2,0.0,996.0
2026-03-26T06:00,34.3,40,38.7,881.0,5.5,0.0,995.1
2026-03-26T07:00,35.4,32,38.5,843.0,6.4,0.0,994.0
2026-03-26T08:00,36.9,27,39.6,952.0,8.2,0.0,992.5
2026-03-26T09:00,37.4,24,38.8,866.0,9.4,0.0,991.4
2026-03-26T10:00,37.4,22,37.5,705.0,10.1,0.0,990.6
2026-03-26T11:00,37.3,21,36.0,505.0,10.3,0.0,990.2
2026-03-26T12:00,36.6,20,35.0,276.0,10.5,0.0,990.7
2026-03-26T13:00,33.3,27,31.9,62.0,13.3,0.0,991.5
2026-03-26T14:00,32.2,31,31.3,0.0,12.5,0.0,992.6
2026-03-26T15:00,30.7,34,30.1,0.0,11.2,0.0,993.5
2026-03-26T16:00,29.6,40,29.3,0.0,12.5,0.0,994.5
2026-03-26T17:00,28.4,54,29.6,0.0,12.0,0.0,995.0
2026-03-26T18:00,27.2,64,30.1,0.0,5.4,0.0,995.2
2026-03-26T19:00,26.5,68,29.4,0.0,6.5,0.0,994.6
2026-03-26T20:00,26.3,68,29.0,0.0,8.1,0.0,993.8
2026-03-26T21:00,25.4,74,28.9,0.0,3.2,0.0,993.2
2026-03-26T22:00,24.9,77,28.7,0.0,2.4,0.0,993.1
2026-03-26T23:00,24.4,81,28.4,0.0,2.2,0.0,993.1
2026-03-27T00:00,24.1,84,28.2,0.0,1.8,0.0,993.6
2026-03-27T01:00,25.4,82,29.4,1.0,5.9,0.0,994.6
2026-03-27T02:00,27.1,74,31.2,98.0,6.4,0.0,995.5
2026-03-27T03:00,29.4,64,33.7,321.0,3.1,0.0,996.1
2026-03-27T04:00,31.4,54,35.2,550.0,4.0,0.0,996.2
2026-03-27T05:00,33.5,44,37.4,736.0,5.3,0.0,996.0
2026-03-27T06:00,35.4,35,39.8,905.0,4.7,0.0,995.0
2026-03-27T07:00,36.6,30,39.8,933.0,8.0,0.0,993.7
2026-03-27T08:00,37.5,26,40.0,951.0,9.6,0.0,992.3
2026-03-27T09:00,37.8,25,39.2,814.0,9.5,0.0,991.4
2026-03-27T10:00,37.8,24,38.4,712.0,9.6,0.0,990.4
2026-03-27T11:00,37.1,24,36.4,501.0,11.6,0.0,990.0
2026-03-27T12:00,36.3,26,35.6,270.0,11.8,0.0,990.3
2026-03-27T13:00,33.9,31,34.5,58.0,4.9,0.0,990.2
2026-03-27T14:00,33.1,32,32.9,0.0,9.9,0.0,991.1
2026-03-27T15:00,32.0,33,31.2,0.0,13.8,0.0,992.2
2026-03-27T16:00,30.6,42,30.4,0.0,15.0,0.0,993.3
2026-03-27T17:00,29.1,54,30.5,0.0,13.0,0.0,994.0
2026-03-27T18:00,28.2,61,30.5,0.0,10.2,0.0,994.3
2026-03-27T19:00,27.8,62,29.7,0.0,11.7,0.0,993.7
2026-03-27T20:00,27.5,61,29.7,0.0,9.6,0.0,993.0
2026-03-27T21:00,27.2,61,29.5,0.0,7.2,0.0,992.5
2026-03-27T22:00,26.5,67,29.6,0.0,4.8,0.0,992.3
2026-03-27T23:00,26.0,76,30.0,0.0,4.2,0.0,992.6
2026-03-28T00:00,25.7,83,30.2,0.0,4.5,0.0,993.1
2026-03-28T01:00,27.0,82,32.2,1.0,4.2,0.0,993.7
2026-03-28T02:00,28.4,74,33.1,99.0,7.0,0.0,994.5
2026-03-28T03:00,30.5,62,34.4,318.0,8.1,0.0,995.2
2026-03-28T04:00,33.0,48,36.0,559.0,7.0,0.0,995.5
2026-03-28T05:00,35.0,36,38.5,722.0,2.2,0.0,995.2
2026-03-28T06:00,36.3,29,39.3,756.0,1.5,0.0,994.3
2026-03-28T07:00,38.2,24,41.3,952.0,4.5,0.0,993.0
2026-03-28T08:00,39.2,20,40.9,954.0,9.7,0.0,991.5
2026-03-28T09:00,39.3,19,39.8,837.0,11.2,0.0,990.2
2026-03-28T10:00,39.6,18,39.0,690.0,10.3,0.0,989.5
2026-03-28T11:00,38.6,18,36.3,468.0,16.8,0.0,989.2
2026-03-28T12:00,36.8,21,34.3,258.0,20.0,0.0,989.8
2026-03-28T13:00,35.2,25,33.5,53.0,15.5,0.0,990.5
2026-03-28T14:00,33.5,30,32.1,0.0,16.5,0.0,991.4
2026-03-28T15:00,31.9,40,31.5,0.0,18.2,0.0,992.5
2026-03-28T16:00,30.6,47,31.3,0.0,15.8,0.0,993.3
2026-03-28T17:00,29.7,50,31.2,0.0,10.7,0.0,993.7
2026-03-28T18:00,28.5,55,30.4,0.0,7.9,0.0,993.9
2026-03-28T19:00,27.3,58,29.5,0.0,5.3,0.0,993.4
2026-03-28T20:00,26.4,61,28.7,0.0,4.5,0.0,992.7
2026-03-28T21:00,25.9,61,28.2,0.0,3.7,0.0,992.3
2026-03-28T22:00,25.4,62,27.6,0.0,3.8,0.0,991.9
2026-03-28T23:00,25.0,69,27.7,0.0,3.5,0.0,992.0
2026-03-29T00:00,24.5,81,28.1,0.0,4.5,0.0,992.5
2026-03-29T01:00,25.4,71,28.6,1.0,3.8,0.0,993.1
2026-03-29T02:00,27.9,66,31.6,106.0,4.1,0.0,994.0
2026-03-29T03:00,30.8,54,34.1,340.0,5.2,0.0,995.0
2026-03-29T04:00,32.9,48,36.2,578.0,6.4,0.0,995.6
2026-03-29T05:00,35.3,33,38.5,771.0,3.1,0.0,995.1
2026-03-29T06:00,37.2,24,39.7,937.0,6.4,0.0,994.3
2026-03-29T07:00,38.7,18,39.5,1011.0,12.3,0.0,993.0
2026-03-29T08:00,39.0,17,38.7,1004.0,16.6,0.0,991.8
2026-03-29T09:00,39.5,14,38.5,916.0,14.4,0.0,990.7
2026-03-29T10:00,39.8,12,37.4,758.0,14.9,0.0,989.8
2026-03-29T11:00,39.0,12,35.0,541.0,18.2,0.0,989.3
2026-03-29T12:00,38.1,12,34.0,291.0,16.7,0.0,989.8
2026-03-29T13:00,35.1,16,32.3,65.0,10.6,0.0,990.3
2026-03-29T14:00,32.7,21,30.8,0.0,8.5,0.0,991.5
2026-03-29T15:00,31.4,24,29.3,0.0,11.0,0.0,992.8
2026-03-29T16:00,30.0,32,28.5,0.0,13.9,0.0,993.8
2026-03-29T17:00,28.5,48,28.6,0.0,14.2,0.0,994.7
2026-03-29T18:00,27.3,61,28.7,0.0,14.1,0.0,994.7
2026-03-29T19:00,26.2,66,27.9,0.0,12.6,0.0,994.2
2026-03-29T20:00,25.4,68,27.0,0.0,11.9,0.0,993.5
2026-03-29T21:00,24.3,71,26.0,0.0,9.5,0.0,993.3
2026-03-29T22:00,23.2,74,25.1,0.0,7.5,0.0,993.1
2026-03-29T23:00,22.5,76,24.4,0.0,6.5,0.0,993.3
2026-03-30T00:00,21.9,78,23.8,0.0,6.7,0.0,993.9
2026-03-30T01:00,23.7,72,25.6,1.0,8.5,0.0,994.5
2026-03-30T02:00,25.6,68,27.8,111.0,8.5,0.0,995.6
2026-03-30T03:00,28.8,56,30.8,350.0,9.3,0.0,996.4
2026-03-30T04:00,31.8,40,33.1,596.0,8.1,0.0,996.7
2026-03-30T05:00,34.4,25,35.3,804.0,7.6,0.0,996.3
2026-03-30T06:00,36.4,18,37.0,953.0,8.7,0.0,995.5
2026-03-30T07:00,37.9,14,37.9,1021.0,10.8,0.0,994.4
2026-03-30T08:00,38.7,14,38.5,1007.0,12.3,0.0,992.9
2026-03-30T09:00,39.3,12,37.9,916.0,14.9,0.0,991.8
2026-03-30T10:00,39.1,13,36.2,754.0,18.3,0.0,991.3
2026-03-30T11:00,38.4,13,34.5,534.0,18.3,0.0,991.0
2026-03-30T12:00,37.2,14,33.4,286.0,17.6,0.0,991.2
2026-03-30T13:00,34.6,19,32.3,63.0,11.8,0.0,991.8
2026-03-30T14:00,32.8,24,30.6,0.0,13.8,0.0,992.7
2026-03-30T15:00,31.4,32,29.9,0.0,16.3,0.0,993.7
2026-03-30T16:00,29.9,35,28.9,0.0,13.0,0.0,994.8
2026-03-30T17:00,28.5,39,28.1,0.0,9.6,0.0,995.7
2026-03-30T18:00,27.4,42,27.0,0.0,9.3,0.0,995.7
2026-03-30T19:00,26.6,45,26.3,0.0,10.5,0.0,995.1
2026-03-30T20:00,26.0,50,25.8,0.0,12.2,0.0,994.5
2026-03-30T21:00,25.3,58,25.6,0.0,12.5,0.0,993.9
2026-03-30T22:00,24.5,64,25.3,0.0,11.8,0.0,993.7
2026-03-30T23:00,23.6,70,25.0,0.0,9.0,0.0,993.9
2026-03-31T00:00,22.9,76,24.5,0.0,10.1,0.0,994.4
2026-03-31T01:00,23.9,80,26.1,2.0,12.2,0.0,995.1
2026-03-31T02:00,25.8,79,28.7,106.0,12.7,0.0,996.0
2026-03-31T03:00,28.0,69,30.8,315.0,13.0,0.0,996.5
2026-03-31T04:00,30.4,55,33.0,569.0,10.8,0.0,996.7
2026-03-31T05:00,32.7,43,35.8,771.0,8.9,0.0,996.2
2026-03-31T06:00,34.8,35,38.2,920.0,8.3,0.0,995.5
2026-03-31T07:00,36.4,28,39.4,981.0,8.4,0.0,994.2
2026-03-31T08:00,37.4,25,39.3,921.0,10.1,0.0,992.8
2026-03-31T09:00,38.1,23,39.3,865.0,10.7,0.0,991.7
2026-03-31T10:00,38.4,20,37.8,722.0,13.9,0.0,990.9
2026-03-31T11:00,37.7,20,35.5,504.0,16.6,0.0,990.5
2026-03-31T12:00,36.4,22,34.1,276.0,17.7,0.0,990.9
2026-03-31T13:00,34.4,27,33.0,61.0,14.9,0.0,991.3
2026-03-31T14:00,33.1,31,32.2,0.0,14.2,0.0,992.3
2026-03-31T15:00,31.6,36,31.5,0.0,11.4,0.0,993.3
2026-03-31T16:00,30.0,47,30.2,0.0,17.2,0.0,994.8
2026-03-31T17:00,28.7,62,30.2,0.0,18.9,0.0,995.3
2026-03-31T18:00,28.1,65,29.8,0.0,18.0,0.0,995.0
2026-03-31T19:00,27.3,68,29.2,0.0,16.2,0.0,994.5
2026-03-31T20:00,26.6,70,29.0,0.0,12.7,0.0,994.0
2026-03-31T21:00,26.0,73,28.7,0.0,10.8,0.0,993.6
2026-03-31T22:00,25.5,75,28.0,0.0,12.2,0.0,993.5
2026-03-31T23:00,25.1,78,27.6,0.0,12.8,0.0,993.6
2026-04-01T00:00,24.8,80,27.4,0.0,13.0,0.0,993.8
2026-04-01T01:00,25.6,84,29.2,2.0,11.5,0.0,993.9
2026-04-01T02:00,26.8,76,30.0,106.0,13.0,0.0,994.8
2026-04-01T03:00,28.8,64,31.5,337.0,12.5,0.1,995.7
2026-04-01T04:00,30.7,52,32.7,527.0,11.8,0.0,995.9
2026-04-01T05:00,32.6,44,35.3,718.0,10.8,0.0,995.8
2026-04-01T06:00,34.0,39,37.0,812.0,10.3,0.0,995.3
2026-04-01T07:00,35.4,34,38.4,897.0,11.1,0.0,994.3
2026-04-01T08:00,36.1,31,38.2,852.0,11.7,0.0,992.9
2026-04-01T09:00,36.5,29,38.1,837.0,12.3,0.0,991.7
2026-04-01T10:00,36.2,29,36.6,698.0,13.6,0.0,990.7
2026-04-01T11:00,35.6,30,35.2,496.0,14.5,0.0,990.1
2026-04-01T12:00,34.7,32,34.2,252.0,15.6,0.0,990.5
2026-04-01T13:00,33.2,39,33.7,53.0,13.3,0.0,991.4
2026-04-01T14:00,31.5,47,31.4,0.0,22.4,0.0,992.3
2026-04-01T15:00,30.4,52,30.7,0.0,21.8,0.0,993.2
2026-04-01T16:00,29.8,55,30.6,0.0,19.7,0.0,994.1
2026-04-01T17:00,29.1,55,29.8,0.0,19.0,0.0,994.9
2026-04-01T18:00,28.4,57,29.2,0.0,17.0,0.0,995.1
2026-04-01T19:00,27.7,63,29.0,0.0,17.3,0.0,994.8
2026-04-01T20:00,27.0,71,29.3,0.0,15.4,0.0,994.2
2026-04-01T21:00,26.6,75,29.3,0.0,13.7,0.0,993.6
2026-04-01T22:00,26.2,77,29.3,0.0,11.7,0.0,993.2
2026-04-01T23:00,26.0,77,29.4,0.0,8.7,0.0,993.2
2026-04-02T00:00,25.6,79,29.3,0.0,7.7,0.0,993.6
2026-04-02T01:00,26.4,79,30.4,2.0,8.1,0.0,994.5
2026-04-02T02:00,27.7,73,31.3,96.0,10.6,0.0,995.3
2026-04-02T03:00,29.6,64,32.4,305.0,14.2,0.0,996.1
2026-04-02T04:00,31.8,52,34.1,553.0,12.7,0.0,996.5
2026-04-02T05:00,33.8,43,36.5,734.0,12.3,0.0,995.8
2026-04-02T06:00,35.3,37,38.2,867.0,13.2,0.0,995.2
2026-04-02T07:00,36.5,32,38.9,923.0,13.7,0.0,994.1
2026-04-02T08:00,37.0,31,39.1,889.0,15.3,0.0,992.5
2026-04-02T09:00,33.5,46,36.5,749.0,13.9,2.2,992.1
2026-04-02T10:00,31.5,57,33.6,637.0,21.6,1.6,992.2
2026-04-02T11:00,32.6,50,34.5,364.0,15.9,0.0,991.6
2026-04-02T12:00,31.4,55,32.8,213.0,20.5,0.0,992.3
2026-04-02T13:00,31.7,51,32.8,52.0,19.5,0.0,992.8
2026-04-02T14:00,30.7,57,32.7,0.0,17.3,0.0,994.4
2026-04-02T15:00,28.2,70,30.7,0.0,17.1,2.5,995.4
2026-04-02T16:00,26.1,81,29.9,0.0,10.5,1.4,996.5
2026-04-02T17:00,26.1,81,30.4,0.0,6.1,0.2,997.1
2026-04-02T18:00,25.8,83,30.1,0.0,6.0,0.0,996.9
2026-04-02T19:00,25.5,85,29.9,0.0,6.6,0.0,996.2
2026-04-02T20:00,25.0,89,29.1,0.0,9.2,0.1,995.8
2026-04-02T21:00,24.2,93,27.8,0.0,12.6,0.3,995.7
2026-04-02T22:00,24.0,95,28.0,0.0,9.9,0.1,995.0
2026-04-02T23:00,23.4,94,26.8,0.0,11.9,0.6,995.4
2026-04-03T00:00,23.0,95,26.5,0.0,9.9,0.6,996.1
2026-04-03T01:00,24.4,90,27.6,2.0,13.7,0.0,997.0
2026-04-03T02:00,25.4,85,28.0,86.0,18.1,0.0,998.2
2026-04-03T03:00,25.2,82,28.1,149.0,13.1,0.0,998.9
2026-04-03T04:00,28.0,70,31.2,425.0,10.8,0.0,999.7
2026-04-03T05:00,30.3,61,34.5,642.0,8.5,0.1,999.0
2026-04-03T06:00,32.1,55,37.4,819.0,7.6,0.0,998.3
2026-04-03T07:00,33.5,50,39.6,923.0,6.0,0.0,996.9
2026-04-03T08:00,34.4,46,40.2,926.0,6.0,0.0,995.2
2026-04-03T09:00,35.0,42,38.6,725.0,9.6,0.0,994.0
2026-04-03T10:00,35.3,39,37.6,495.0,8.3,0.0,992.8
2026-04-03T11:00,29.3,65,32.0,402.0,14.4,1.9,993.8
2026-04-03T12:00,28.2,70,31.9,164.0,9.1,0.7,994.3
2026-04-03T13:00,27.8,73,31.1,31.0,12.6,0.0,995.2
2026-04-03T14:00,27.2,77,31.3,0.0,8.9,0.0,996.7
2026-04-03T15:00,26.8,80,31.3,0.0,6.7,0.0,997.3
2026-04-03T16:00,26.5,82,31.5,0.0,4.3,0.0,998.2
2026-04-03T17:00,26.3,84,31.5,0.0,3.2,0.0,998.7
2026-04-03T18:00,26.1,85,31.1,0.0,4.0,0.0,998.4
2026-04-03T19:00,25.8,84,30.7,0.0,3.5,0.0,997.6
2026-04-03T20:00,25.5,85,30.1,0.0,5.3,0.0,997.1
2026-04-03T21:00,25.0,87,29.4,0.0,5.7,0.0,996.6
2026-04-03T22:00,24.8,87,29.1,0.0,5.4,0.0,996.1
2026-04-03T23:00,24.4,89,29.1,0.0,3.7,0.0,996.1
2026-04-04T00:00,24.1,91,28.9,0.0,2.3,0.0,996.4
2026-04-04T01:00,24.9,88,29.8,2.0,3.5,0.0,997.5
2026-04-04T02:00,26.0,82,30.7,99.0,4.4,0.0,998.2
2026-04-04T03:00,27.8,73,32.3,275.0,4.5,0.0,998.7
2026-04-04T04:00,29.9,63,34.2,532.0,4.2,0.0,998.8
2026-04-04T05:00,31.6,55,36.5,726.0,5.6,0.0,998.4
2026-04-04T06:00,33.3,49,39.0,867.0,5.1,0.0,997.7
2026-04-04T07:00,34.4,45,40.0,919.0,5.8,0.0,996.3
2026-04-04T08:00,35.4,41,40.2,926.0,8.3,0.0,994.8
2026-04-04T09:00,35.5,39,39.4,818.0,8.7,0.0,993.4
2026-04-04T10:00,34.9,40,37.1,628.0,11.9,0.0,993.0
2026-04-04T11:00,33.8,42,35.8,416.0,9.4,0.1,993.2
2026-04-04T12:00,28.0,71,30.8,184.0,15.4,2.7,994.4
2026-04-04T13:00,31.5,51,32.9,51.0,17.1,0.4,993.7
2026-04-04T14:00,29.6,56,31.5,0.0,12.3,0.0,995.6
2026-04-04T15:00,27.9,66,30.5,0.0,12.6,0.1,996.7
2026-04-04T16:00,26.3,79,30.3,0.0,7.1,0.4,997.3
2026-04-04T17:00,26.2,81,31.0,0.0,3.2,1.2,997.9
2026-04-04T18:00,24.1,92,28.3,0.0,8.4,9.1,998.0
2026-04-04T19:00,24.1,94,28.2,0.0,9.3,0.7,997.7
2026-04-04T20:00,23.8,96,28.5,0.0,6.2,2.2,996.8
2026-04-04T21:00,23.7,96,28.3,0.0,6.4,0.9,996.5
2026-04-04T22:00,23.7,94,28.3,0.0,4.5,0.1,996.1
2026-04-04T23:00,23.6,94,28.8,0.0,0.2,0.0,996.0
2026-04-05T00:00,23.3,96,28.2,0.0,2.0,0.0,996.0
2026-04-05T01:00,24.2,95,29.3,2.0,4.6,0.0,996.5
2026-04-05T02:00,25.4,88,30.4,106.0,4.5,0.0,996.9
2026-04-05T03:00,27.4,76,32.1,330.0,3.9,0.0,997.5
2026-04-05T04:00,29.4,67,34.3,563.0,2.0,0.0,997.8
2026-04-05T05:00,31.3,58,37.4,758.0,0.9,0.0,997.7
2026-04-05T06:00,32.9,52,39.7,892.0,0.9,0.0,996.7
2026-04-05T07:00,34.1,46,40.9,964.0,1.8,0.0,995.3
2026-04-05T08:00,34.9,42,40.7,955.0,4.3,0.0,993.8
2026-04-05T09:00,35.1,40,39.9,857.0,5.7,0.0,992.6
2026-04-05T10:00,35.4,39,38.8,698.0,6.4,0.0,991.8
2026-04-05T11:00,34.8,38,37.1,491.0,5.8,0.0,991.7
2026-04-05T12:00,34.3,38,36.7,262.0,3.8,0.0,992.1
2026-04-05T13:00,28.1,71,30.5,47.0,17.9,0.1,993.7
2026-04-05T14:00,27.1,75,30.5,0.0,11.1,0.0,994.3
2026-04-05T15:00,27.6,69,31.1,0.0,7.4,0.0,995.1
2026-04-05T16:00,27.4,71,31.9,0.0,1.7,0.0,995.9
2026-04-05T17:00,27.1,76,32.2,0.0,0.5,0.0,996.1
2026-04-05T18:00,26.8,78,31.9,0.0,0.7,0.0,995.9
2026-04-05T19:00,26.3,78,30.9,0.0,3.4,0.0,995.4
2026-04-05T20:00,25.9,82,30.9,0.0,1.8,0.0,994.6
2026-04-05T21:00,25.6,84,30.1,0.0,5.4,0.0,994.4
2026-04-05T22:00,25.3,85,29.9,0.0,4.0,0.0,994.0
2026-04-05T23:00,24.9,87,29.7,0.0,3.0,0.0,994.2
2026-04-06T00:00,24.7,88,29.5,0.0,3.2,0.0,994.6
2026-04-06T01:00,27.5,75,32.5,1.0,2.2,0.0,994.8
2026-04-06T02:00,27.8,76,32.6,36.0,4.8,0.0,995.6
2026-04-06T03:00,28.9,72,33.6,147.0,5.6,0.0,996.4
2026-04-06T04:00,31.2,60,35.5,503.0,5.6,0.1,996.4
2026-04-06T05:00,32.8,52,37.6,695.0,5.6,0.0,996.2
2026-04-06T06:00,34.3,47,39.7,853.0,6.7,0.0,995.2
2026-04-06T07:00,35.2,43,40.5,917.0,7.7,0.0,993.9
2026-04-06T08:00,35.7,41,40.8,913.0,7.4,0.0,992.4
2026-04-06T09:00,36.1,40,40.9,829.0,6.6,0.0,991.0
2026-04-06T10:00,36.3,39,40.1,673.0,6.4,0.0,990.4
2026-04-06T11:00,33.8,48,36.7,395.0,11.1,0.5,990.6
2026-04-06T12:00,27.0,76,29.6,224.0,17.4,6.2,992.9
2026-04-06T13:00,31.5,50,34.5,52.0,5.1,0.1,992.7
2026-04-06T14:00,29.9,59,32.6,0.0,10.7,0.1,993.5
2026-04-06T15:00,28.9,62,32.5,0.0,5.4,0.0,994.7
2026-04-06T16:00,28.8,62,31.9,0.0,7.5,0.0,995.6
2026-04-06T17:00,28.1,65,31.7,0.0,5.2,0.0,996.1
2026-04-06T18:00,26.4,77,29.4,0.0,12.9,2.0,996.7
2026-04-06T19:00,23.5,94,26.8,0.0,13.6,6.5,996.9
2026-04-06T20:00,23.1,95,27.0,0.0,7.1,0.3,995.4
2026-04-06T21:00,23.3,92,27.7,0.0,3.4,0.0,994.4
2026-04-06T22:00,23.1,94,27.8,0.0,2.1,0.0,993.9
2026-04-06T23:00,22.9,97,27.6,0.0,3.1,0.0,994.3
2026-04-07T00:00,22.9,97,27.4,0.0,4.0,0.0,994.8
2026-04-07T01:00,25.5,81,30.1,2.0,1.3,0.0,995.0
2026-04-07T02:00,26.5,75,31.1,95.0,1.1,0.0,996.0
2026-04-07T03:00,28.4,67,32.9,300.0,1.8,0.0,996.6
2026-04-07T04:00,30.4,61,34.8,569.0,4.4,0.0,996.6
2026-04-07T05:00,32.2,54,37.8,767.0,4.1,0.0,995.9
2026-04-07T06:00,33.7,49,39.9,905.0,4.6,0.0,995.1
2026-04-07T07:00,35.1,42,40.8,979.0,6.2,0.0,994.1
2026-04-07T08:00,35.6,39,39.7,854.0,8.9,0.0,992.9
2026-04-07T09:00,36.2,36,39.7,839.0,10.1,0.0,991.9
2026-04-07T10:00,36.2,33,37.6,609.0,10.8,0.0,991.2
2026-04-07T11:00,36.4,31,37.4,474.0,8.8,0.0,990.8
2026-04-07T12:00,35.9,31,35.9,259.0,13.7,0.0,991.3
2026-04-07T13:00,33.7,36,33.9,55.0,14.8,0.0,992.1
2026-04-07T14:00,32.2,40,32.6,0.0,13.9,0.0,993.2
2026-04-07T15:00,30.8,49,32.1,0.0,12.8,0.0,994.4
2026-04-07T16:00,29.9,55,31.4,0.0,15.6,0.0,995.5
2026-04-07T17:00,28.8,68,31.6,0.0,15.6,0.0,996.3
2026-04-07T18:00,28.0,75,31.6,0.0,13.0,0.0,996.0
2026-04-07T19:00,27.3,79,31.3,0.0,11.5,0.0,995.3
2026-04-07T20:00,26.7,83,31.1,0.0,9.8,0.0,994.9
2026-04-07T21:00,26.1,87,30.9,0.0,8.2,0.0,994.5
2026-04-07T22:00,25.6,90,30.6,0.0,6.8,0.0,994.3
2026-04-07T23:00,25.3,92,30.3,0.0,6.0,0.0,994.8
2026-04-08T00:00,25.2,92,30.0,0.0,7.6,0.0,995.3
2026-04-08T01:00,26.3,88,31.4,3.0,7.0,0.0,995.9
2026-04-08T02:00,27.7,81,32.9,116.0,6.4,0.0,997.0
2026-04-08T03:00,29.6,68,34.1,350.0,6.3,0.0,997.5
2026-04-08T04:00,31.5,55,35.4,584.0,5.4,0.0,997.6
2026-04-08T05:00,33.2,47,38.0,786.0,5.0,0.0,996.9
2026-04-08T06:00,34.8,41,40.0,922.0,4.6,0.0,996.0
2026-04-08T07:00,36.2,33,40.1,969.0,8.4,0.0,994.9
2026-04-08T08:00,36.5,32,39.2,879.0,11.3,0.0,993.9
2026-04-08T09:00,36.4,31,38.6,769.0,9.1,0.0,993.1
2026-04-08T10:00,36.8,27,37.9,665.0,8.7,0.0,992.2
2026-04-08T11:00,37.3,23,36.4,481.0,11.8,0.0,991.6
2026-04-08T12:00,35.9,26,34.2,235.0,18.1,0.0,992.2
2026-04-08T13:00,33.6,35,33.1,58.0,16.6,0.0,993.2
2026-04-08T14:00,32.3,39,32.7,0.0,13.0,0.0,994.5
2026-04-08T15:00,31.2,43,32.1,0.0,11.4,0.0,995.6
2026-04-08T16:00,30.0,48,31.0,0.0,12.5,0.0,996.4
2026-04-08T17:00,29.0,57,30.5,0.0,15.3,0.0,997.2
2026-04-08T18:00,28.0,67,30.5,0.0,14.1,0.0,996.7
2026-04-08T19:00,27.1,76,30.6,0.0,11.9,0.0,995.9
2026-04-08T20:00,26.3,82,30.3,0.0,9.8,0.0,995.3
2026-04-08T21:00,25.9,85,30.2,0.0,8.5,0.0,994.7
2026-04-08T22:00,25.4,88,30.2,0.0,6.0,0.0,994.7
2026-04-08T23:00,24.9,91,29.9,0.0,4.5,0.0,994.9
2026-04-09T00:00,24.6,93,29.7,0.0,4.3,0.0,995.1
2026-04-09T01:00,26.3,87,31.5,4.0,5.4,0.0,995.9
2026-04-09T02:00,27.7,80,32.8,115.0,5.7,0.0,996.5
2026-04-09T03:00,29.5,68,34.3,340.0,4.4,0.0,997.0
2026-04-09T04:00,31.5,55,35.6,549.0,3.7,0.0,997.3
2026-04-09T05:00,33.4,45,37.8,737.0,3.5,0.0,996.7
2026-04-09T06:00,34.9,36,38.9,842.0,4.0,0.0,995.9
2026-04-09T07:00,35.8,33,39.2,816.0,4.4,0.0,994.6
2026-04-09T08:00,36.7,29,39.5,872.0,8.0,0.0,993.2
2026-04-09T09:00,36.9,27,38.4,790.0,10.7,0.0,992.2
2026-04-09T10:00,36.8,27,37.2,638.0,10.8,0.0,991.4
2026-04-09T11:00,36.6,26,36.6,470.0,8.8,0.0,991.2
2026-04-09T12:00,36.1,26,36.4,238.0,6.0,0.0,991.3
2026-04-09T13:00,33.9,32,35.2,55.0,1.5,0.0,992.0
2026-04-09T14:00,32.0,35,32.5,0.0,7.6,0.0,993.0
2026-04-09T15:00,30.3,51,30.7,0.0,19.8,0.0,994.1
2026-04-09T16:00,28.9,63,30.7,0.0,17.4,0.0,995.0
2026-04-09T17:00,28.3,67,31.3,0.0,11.6,0.0,995.4
2026-04-09T18:00,27.6,70,31.4,0.0,6.2,0.0,995.4
2026-04-09T19:00,27.6,68,31.2,0.0,6.1,0.0,994.7
2026-04-09T20:00,27.0,71,30.8,0.0,4.4,0.0,994.1
2026-04-09T21:00,26.3,74,30.3,0.0,3.8,0.0,993.6
2026-04-09T22:00,26.0,77,30.1,0.0,4.0,0.0,993.3
2026-04-09T23:00,25.9,80,29.8,0.0,6.7,0.0,993.2
2026-04-10T00:00,25.6,81,29.4,0.0,7.8,0.0,993.6
2026-04-10T01:00,27.0,76,31.1,4.0,6.9,0.0,993.9
2026-04-10T02:00,28.4,68,32.1,109.0,8.6,0.0,994.6
2026-04-10T03:00,30.5,59,33.2,333.0,13.3,0.0,995.3
2026-04-10T04:00,32.7,49,34.6,557.0,15.4,0.0,995.3
2026-04-10T05:00,34.6,40,36.0,662.0,16.3,0.0,995.0
2026-04-10T06:00,35.2,36,36.1,635.0,16.7,0.0,994.5
2026-04-10T07:00,36.4,32,37.9,803.0,15.3,0.0,993.1
2026-04-10T08:00,37.2,28,38.7,810.0,12.0,0.0,991.3
2026-04-10T09:00,37.9,23,38.8,788.0,9.8,0.0,990.1
2026-04-10T10:00,37.2,22,36.4,436.0,9.6,0.0,989.0
2026-04-10T11:00,37.2,21,36.4,414.0,8.5,0.0,988.4
2026-04-10T12:00,36.9,21,36.3,240.0,6.9,0.0,988.6
2026-04-10T13:00,33.3,39,33.2,45.0,18.6,0.0,989.7
2026-04-10T14:00,31.4,49,32.2,0.0,19.2,0.0,990.6
2026-04-10T15:00,30.1,55,31.1,0.0,19.6,0.0,991.5
2026-04-10T16:00,29.4,59,30.9,0.0,17.5,0.0,992.3
2026-04-10T17:00,28.6,63,30.4,0.0,17.0,0.0,992.9
2026-04-10T18:00,28.3,65,30.4,0.0,15.5,0.0,993.1
2026-04-10T19:00,27.9,67,30.2,0.0,14.9,0.0,992.7
2026-04-10T20:00,27.5,69,29.8,0.0,14.8,0.0,992.5
2026-04-10T21:00,27.0,72,29.8,0.0,12.8,0.0,991.9
2026-04-10T22:00,26.5,76,29.7,0.0,11.4,0.0,991.8
2026-04-10T23:00,26.3,79,29.8,0.0,10.7,0.0,992.0
2026-04-11T00:00,26.2,80,29.9,0.0,10.0,0.0,992.3
2026-04-11T01:00,27.1,76,30.2,4.0,14.1,0.0,993.1
2026-04-11T02:00,28.4,70,31.4,115.0,14.2,0.0,994.1
2026-04-11T03:00,30.9,56,33.2,341.0,14.3,0.0,994.7
2026-04-11T04:00,33.1,47,35.4,576.0,12.3,0.0,994.8
2026-04-11T05:00,35.2,38,38.0,768.0,11.5,0.0,994.4
2026-04-11T06:00,37.0,32,39.9,893.0,11.0,0.0,993.4
2026-04-11T07:00,38.3,27,41.3,976.0,10.8,0.0,992.0
2026-04-11T08:00,39.1,25,41.7,938.0,10.5,0.0,990.5
2026-04-11T09:00,39.6,24,41.9,850.0,8.7,0.0,989.0
2026-04-11T10:00,39.6,23,40.6,640.0,7.4,0.0,988.3
2026-04-11T11:00,35.8,31,35.5,412.0,16.3,0.1,989.0
2026-04-11T12:00,32.1,43,32.8,164.0,14.6,0.0,990.3
2026-04-11T13:00,30.5,54,33.2,46.0,8.3,0.3,992.1
2026-04-11T14:00,24.8,87,28.3,0.0,11.8,0.7,993.6
2026-04-11T15:00,25.4,80,28.6,0.0,10.9,0.0,994.0
2026-04-11T16:00,26.3,72,29.9,0.0,5.2,0.0,994.4
2026-04-11T17:00,26.5,70,28.9,0.0,11.8,0.0,994.3
2026-04-11T18:00,26.4,70,29.2,0.0,8.0,0.0,994.3
2026-04-11T19:00,26.3,72,29.7,0.0,5.6,0.0,993.6
2026-04-11T20:00,26.2,73,29.8,0.0,5.5,0.0,993.3
2026-04-11T21:00,26.2,76,30.0,0.0,6.2,0.0,992.6
2026-04-11T22:00,26.2,79,30.0,0.0,8.6,0.0,992.5
2026-04-11T23:00,26.0,79,29.4,0.0,10.5,0.0,992.7
2026-04-12T00:00,25.7,80,29.0,0.0,10.0,0.0,993.1
2026-04-12T01:00,26.1,79,29.9,4.0,8.2,0.0,994.2
2026-04-12T02:00,27.7,70,30.9,115.0,10.5,0.0,994.7
2026-04-12T03:00,29.8,61,32.5,328.0,12.5,0.0,995.4
2026-04-12T04:00,32.1,51,34.5,540.0,12.5,0.0,995.5
2026-04-12T05:00,34.2,43,37.2,739.0,12.6,0.0,995.0
2026-04-12T06:00,36.1,37,39.6,906.0,12.2,0.0,994.2
2026-04-12T07:00,37.4,32,40.8,948.0,11.6,0.0,993.0
2026-04-12T08:00,38.4,30,41.7,924.0,10.0,0.0,991.3
2026-04-12T09:00,36.1,34,37.0,737.0,19.3,0.0,990.8
2026-04-12T10:00,36.0,33,36.6,473.0,13.7,0.3,990.5
2026-04-12T11:00,35.0,38,35.5,422.0,17.5,0.0,990.4
2026-04-12T12:00,33.8,41,34.5,240.0,17.3,0.0,991.2
2026-04-12T13:00,33.0,44,34.6,52.0,11.8,0.0,991.7
2026-04-12T14:00,32.3,45,33.4,0.0,14.3,0.0,992.6
2026-04-12T15:00,30.6,56,32.1,0.0,18.4,0.0,993.5
2026-04-12T16:00,29.7,62,32.0,0.0,16.5,0.0,994.6
2026-04-12T17:00,29.0,66,31.6,0.0,15.3,0.0,995.1
2026-04-12T18:00,28.3,70,31.4,0.0,13.2,0.0,994.8
2026-04-12T19:00,27.8,72,31.4,0.0,9.9,0.0,994.4
2026-04-12T20:00,27.3,75,31.1,0.0,9.3,0.0,993.9
2026-04-12T21:00,26.8,78,30.6,0.0,9.7,0.0,993.0
2026-04-12T22:00,26.3,80,29.9,0.0,11.7,0.0,992.7
2026-04-12T23:00,26.1,82,29.7,0.0,11.5,0.0,993.1
2026-04-13T00:00,25.9,83,29.7,0.0,9.7,0.0,993.6
2026-04-13T01:00,26.4,80,30.3,5.0,9.2,0.0,994.2
2026-04-13T02:00,28.4,71,32.2,127.0,9.7,0.0,995.2
2026-04-13T03:00,31.0,55,33.5,313.0,12.5,0.0,996.0
2026-04-13T04:00,32.1,49,34.4,372.0,10.5,0.0,996.2
2026-04-13T05:00,32.5,47,34.7,377.0,10.9,0.0,996.0
2026-04-13T06:00,33.7,43,35.8,456.0,9.2,0.0,995.4
2026-04-13T07:00,34.8,38,37.0,534.0,6.1,0.0,994.1
2026-04-13T08:00,36.2,33,39.3,683.0,3.3,0.0,992.8
2026-04-13T09:00,36.6,31,38.6,540.0,2.5,0.0,991.7
2026-04-13T10:00,36.6,30,38.2,328.0,3.7,0.0,990.7
2026-04-13T11:00,37.0,29,38.1,453.0,6.1,0.0,990.3
2026-04-13T12:00,36.2,29,36.5,231.0,10.0,0.0,991.0
2026-04-13T13:00,34.6,35,35.5,44.0,10.1,0.0,991.8
2026-04-13T14:00,32.9,40,34.5,0.0,7.8,0.0,992.9
2026-04-13T15:00,31.9,44,33.6,0.0,8.5,0.0,993.7
2026-04-13T16:00,31.3,46,33.8,0.0,3.4,0.0,994.3
2026-04-13T17:00,30.4,49,32.9,0.0,4.3,0.0,995.0
2026-04-13T18:00,29.2,57,31.5,0.0,8.9,0.0,994.5
2026-04-13T19:00,28.5,66,32.0,0.0,7.4,0.0,994.0
2026-04-13T20:00,28.3,70,32.3,0.0,6.3,0.0,993.6
2026-04-13T21:00,27.7,74,32.4,0.0,2.9,0.0,993.1
2026-04-13T22:00,27.1,77,32.1,0.0,2.7,0.0,993.0
2026-04-13T23:00,26.6,80,31.5,0.0,3.3,0.0,993.2
2026-04-14T00:00,26.3,82,31.2,0.0,3.9,0.0,993.5
2026-04-14T01:00,26.9,78,32.0,5.0,1.1,0.0,994.4
2026-04-14T02:00,28.9,68,33.6,126.0,2.5,0.0,995.4
2026-04-14T03:00,30.9,62,35.8,355.0,3.0,0.0,996.2
2026-04-14T04:00,33.1,49,36.9,583.0,4.9,0.0,996.4
2026-04-14T05:00,34.8,42,39.0,760.0,6.3,0.0,995.8
2026-04-14T06:00,36.1,38,40.3,850.0,7.5,0.0,994.7
2026-04-14T07:00,37.3,33,41.3,922.0,8.1,0.0,993.5
2026-04-14T08:00,38.6,29,41.9,912.0,9.2,0.0,992.0
2026-04-14T09:00,39.4,26,41.4,803.0,10.9,0.0,990.5
2026-04-14T10:00,38.8,26,39.2,598.0,12.8,0.0,989.6
2026-04-14T11:00,38.0,27,38.1,387.0,12.9,0.0,989.6
2026-04-14T12:00,37.2,28,37.4,215.0,11.9,0.0,990.0
2026-04-14T13:00,34.9,36,37.0,51.0,3.8,0.0,991.2
2026-04-14T14:00,33.4,40,35.5,0.0,5.8,0.0,992.6
2026-04-14T15:00,32.7,43,35.0,0.0,5.4,0.0,993.5
2026-04-14T16:00,27.6,71,31.8,0.0,4.2,1.5,995.9
2026-04-14T17:00,24.7,84,27.3,0.0,14.9,6.3,996.6
2026-04-14T18:00,24.9,78,28.3,0.0,5.5,0.1,996.0
2026-04-14T19:00,25.4,76,28.9,0.0,4.5,0.0,995.3
2026-04-14T20:00,25.2,77,28.6,0.0,6.2,0.0,995.0
2026-04-14T21:00,25.1,77,28.7,0.0,3.8,0.0,994.3
2026-04-14T22:00,24.8,77,28.1,0.0,5.5,0.0,994.0
2026-04-14T23:00,24.5,79,28.1,0.0,3.4,0.0,994.0
2026-04-15T00:00,24.3,80,28.1,0.0,2.3,0.0,994.5
2026-04-15T01:00,25.0,77,28.6,2.0,4.0,0.0,995.0
2026-04-15T02:00,25.8,72,28.8,68.0,6.1,0.0,995.7
2026-04-15T03:00,27.1,64,29.9,179.0,6.2,0.0,996.2
2026-04-15T04:00,29.0,55,31.6,356.0,5.3,0.0,996.3
2026-04-15T05:00,31.7,45,34.9,645.0,3.3,0.0,995.7
2026-04-15T06:00,34.2,38,38.8,855.0,1.4,0.0,995.3
2026-04-15T07:00,36.1,32,41.0,946.0,1.1,0.0,994.2
2026-04-15T08:00,37.4,29,41.7,954.0,3.5,0.0,992.9
2026-04-15T09:00,38.0,27,40.9,865.0,7.0,0.0,991.9
2026-04-15T10:00,38.1,26,39.1,703.0,10.8,0.0,990.8
2026-04-15T11:00,37.3,26,37.0,437.0,12.4,0.0,990.4
2026-04-15T12:00,36.2,28,35.9,228.0,12.8,0.0,990.9
2026-04-15T13:00,34.6,32,34.8,52.0,12.0,0.0,991.6
2026-04-15T14:00,33.2,34,33.0,0.0,13.2,0.0,992.9
2026-04-15T15:00,32.1,42,32.8,0.0,13.0,0.0,993.8
2026-04-15T16:00,31.4,47,32.6,0.0,14.1,0.0,994.2
2026-04-15T17:00,29.9,59,31.8,0.0,16.2,0.0,994.9
2026-04-15T18:00,28.9,65,31.6,0.0,13.2,0.0,995.1
2026-04-15T19:00,28.0,69,31.1,0.0,12.1,0.0,994.8
2026-04-15T20:00,27.4,74,30.7,0.0,11.4,0.0,994.2
2026-04-15T21:00,26.9,77,30.1,0.0,13.6,0.0,993.9
2026-04-15T22:00,26.6,80,30.1,0.0,13.0,0.0,993.8
2026-04-15T23:00,26.2,84,30.1,0.0,11.6,0.0,994.2
2026-04-16T00:00,25.6,86,29.7,0.0,9.9,0.0,994.8
2026-04-16T01:00,26.3,80,30.2,5.0,8.8,0.0,995.1
2026-04-16T02:00,28.1,73,32.5,127.0,6.4,0.0,995.9
2026-04-16T03:00,30.4,61,34.6,353.0,4.8,0.0,996.6
2026-04-16T04:00,32.4,51,36.2,564.0,4.0,0.0,996.7
2026-04-16T05:00,34.0,46,38.8,737.0,4.2,0.0,996.0
2026-04-16T06:00,35.5,41,40.8,847.0,3.4,0.0,995.2
2026-04-16T07:00,37.0,36,42.7,919.0,1.5,0.0,994.2
2026-04-16T08:00,38.2,32,43.1,889.0,2.3,0.0,992.9
2026-04-16T09:00,38.7,30,42.3,808.0,6.1,0.0,991.6
2026-04-16T10:00,38.2,30,39.8,649.0,10.4,0.0,990.8
2026-04-16T11:00,37.6,29,38.1,426.0,12.0,0.0,990.3
2026-04-16T12:00,36.7,30,37.0,224.0,11.8,0.0,990.7
2026-04-16T13:00,34.7,35,35.7,56.0,9.3,0.0,991.8
2026-04-16T14:00,33.2,40,33.8,0.0,14.2,0.0,993.0
2026-04-16T15:00,32.0,43,33.8,0.0,6.3,0.0,994.1
2026-04-16T16:00,30.9,50,33.0,0.0,9.6,0.0,995.1
2026-04-16T17:00,30.1,54,32.1,0.0,11.4,0.0,995.7
2026-04-16T18:00,28.6,63,31.6,0.0,8.3,0.0,995.7
2026-04-16T19:00,28.0,68,31.6,0.0,7.6,0.0,995.2
2026-04-16T20:00,27.6,70,30.8,0.0,10.7,0.0,994.7
2026-04-16T21:00,26.6,72,29.7,0.0,9.1,0.0,994.4
2026-04-16T22:00,26.2,74,29.6,0.0,7.5,0.0,994.0
2026-04-16T23:00,25.6,79,29.1,0.0,8.5,0.0,994.0
2026-04-17T00:00,25.1,84,28.9,0.0,7.6,0.0,994.4
2026-04-17T01:00,26.5,81,31.0,5.0,6.7,0.0,995.1
2026-04-17T02:00,28.1,74,32.3,128.0,8.1,0.0,995.7
2026-04-17T03:00,30.3,63,34.2,352.0,7.9,0.0,996.2
2026-04-17T04:00,32.5,51,36.1,582.0,7.6,0.0,996.2
2026-04-17T05:00,34.4,44,38.9,761.0,6.6,0.0,995.6
2026-04-17T06:00,36.2,39,41.5,900.0,5.5,0.0,994.9
2026-04-17T07:00,37.6,35,42.7,960.0,6.6,0.0,993.5
2026-04-17T08:00,38.3,33,42.7,931.0,7.9,0.0,992.0
2026-04-17T09:00,38.3,32,41.6,815.0,9.2,0.0,990.8
2026-04-17T10:00,37.9,31,40.0,669.0,10.2,0.0,990.0
2026-04-17T11:00,37.4,32,38.6,471.0,11.7,0.0,989.7
2026-04-17T12:00,36.3,35,37.7,239.0,11.3,0.0,989.7
2026-04-17T13:00,34.7,39,36.6,49.0,9.7,0.0,990.3
2026-04-17T14:00,33.4,44,35.9,0.0,7.7,0.0,991.4
2026-04-17T15:00,32.5,46,34.7,0.0,8.9,0.0,992.1
2026-04-17T16:00,31.6,48,33.6,0.0,10.6,0.0,992.7
2026-04-17T17:00,30.9,51,33.4,0.0,8.3,0.0,993.8
2026-04-17T18:00,30.3,54,32.8,0.0,9.0,0.0,994.0
2026-04-17T19:00,29.6,58,32.8,0.0,6.0,0.0,993.4
2026-04-17T20:00,28.8,63,32.5,0.0,5.1,0.0,993.2
2026-04-17T21:00,28.2,68,32.8,0.0,0.6,0.0,993.1
2026-04-17T22:00,27.9,70,32.3,0.0,2.9,0.0,992.8
2026-04-17T23:00,27.5,73,32.3,0.0,1.3,0.0,993.0
2026-04-18T00:00,27.3,75,32.4,0.0,0.5,0.0,993.7
2026-04-18T01:00,27.4,76,32.2,6.0,3.9,0.0,994.0
2026-04-18T02:00,29.2,68,34.0,121.0,3.0,0.0,995.0
2026-04-18T03:00,31.3,61,35.8,343.0,5.9,0.0,995.5
2026-04-18T04:00,33.4,50,37.4,579.0,5.7,0.0,995.3
2026-04-18T05:00,35.4,42,40.2,754.0,4.8,0.0,994.9
2026-04-18T06:00,37.1,37,42.6,879.0,3.0,0.0,994.1
2026-04-18T07:00,38.2,33,43.5,895.0,2.8,0.0,993.0
2026-04-18T08:00,39.2,30,44.0,901.0,4.3,0.0,991.4
2026-04-18T09:00,39.7,28,43.3,841.0,7.1,0.0,990.3
2026-04-18T10:00,38.7,29,40.1,622.0,11.7,0.0,989.2
2026-04-18T11:00,38.1,29,38.5,411.0,13.6,0.0,989.2
2026-04-18T12:00,37.2,28,37.4,240.0,11.3,0.0,989.2
2026-04-18T13:00,35.7,31,36.4,53.0,9.7,0.0,989.9
2026-04-18T14:00,33.9,42,35.9,0.0,9.2,0.0,991.4
2026-04-18T15:00,31.4,55,33.1,0.0,18.7,0.0,992.5
2026-04-18T16:00,30.9,59,34.1,0.0,11.6,0.0,993.4
2026-04-18T17:00,30.6,61,34.5,0.0,7.4,0.0,994.3
2026-04-18T18:00,29.6,65,34.2,0.0,3.5,0.0,994.2
2026-04-18T19:00,29.0,68,33.8,0.0,2.1,0.0,993.9
2026-04-18T20:00,28.7,70,33.2,0.0,4.9,0.0,993.3
2026-04-18T21:00,28.2,72,32.0,0.0,9.6,0.0,992.7
2026-04-18T22:00,27.5,75,31.5,0.0,9.3,0.0,992.5
2026-04-18T23:00,27.1,78,31.2,0.0,8.7,0.0,992.6
2026-04-19T00:00,26.8,79,30.9,0.0,8.4,0.0,993.1
2026-04-19T01:00,27.5,77,31.5,6.0,10.3,0.0,993.3
2026-04-19T02:00,29.0,70,32.7,131.0,11.2,0.0,994.2
2026-04-19T03:00,31.6,57,34.5,355.0,13.2,0.0,995.0
2026-04-19T04:00,33.6,49,36.7,579.0,10.4,0.0,995.1
2026-04-19T05:00,35.5,42,39.5,767.0,9.0,0.0,994.7
2026-04-19T06:00,36.8,37,41.0,781.0,7.0,0.0,993.8
2026-04-19T07:00,38.3,34,43.3,932.0,6.7,0.0,992.4
2026-04-19T08:00,39.3,31,44.2,951.0,6.5,0.0,990.9
2026-04-19T09:00,39.5,29,42.7,740.0,7.2,0.0,989.5
2026-04-19T10:00,39.3,29,42.0,651.0,6.1,0.0,988.7
2026-04-19T11:00,38.0,31,40.2,385.0,4.2,0.0,988.5
2026-04-19T12:00,29.2,68,30.0,214.0,31.1,1.1,990.9
2026-04-19T13:00,35.7,33,36.7,53.0,9.7,0.0,989.9
2026-04-19T14:00,34.6,35,36.0,0.0,6.5,0.0,991.4
2026-04-19T15:00,31.6,56,34.3,0.0,13.6,0.0,992.5
2026-04-19T16:00,30.8,60,34.8,0.0,6.7,0.1,993.6
2026-04-19T17:00,30.4,61,33.8,0.0,10.5,0.0,994.2
2026-04-19T18:00,29.9,62,33.2,0.0,10.1,0.0,994.0
2026-04-19T19:00,29.0,68,32.2,0.0,13.1,0.0,993.4
2026-04-19T20:00,28.5,70,31.8,0.0,12.2,0.0,992.8
2026-04-19T21:00,28.2,70,31.3,0.0,12.6,0.0,992.3
2026-04-19T22:00,27.9,70,31.0,0.0,11.2,0.0,992.1
2026-04-19T23:00,27.5,71,30.9,0.0,9.0,0.0,992.3
2026-04-20T00:00,27.3,71,30.8,0.0,7.5,0.0,992.8
2026-04-20T01:00,28.2,67,31.8,7.0,6.5,0.0,993.7
2026-04-20T02:00,29.5,61,32.7,129.0,8.1,0.0,994.5
2026-04-20T03:00,31.8,52,34.3,354.0,11.5,0.0,995.1
2026-04-20T04:00,34.2,43,36.2,587.0,13.1,0.0,995.1
2026-04-20T05:00,35.9,37,39.1,757.0,9.5,0.0,994.5
2026-04-20T06:00,37.3,33,41.7,886.0,4.9,0.0,993.9
2026-04-20T07:00,38.3,29,42.8,870.0,1.9,0.0,992.8
2026-04-20T08:00,39.5,26,43.5,859.0,2.3,0.0,991.4
2026-04-20T09:00,40.1,25,42.7,812.0,7.4,0.0,990.4
2026-04-20T10:00,39.6,26,40.5,665.0,12.8,0.0,989.4
2026-04-20T11:00,38.6,27,38.8,462.0,13.0,0.0,989.2
2026-04-20T12:00,37.4,28,37.7,231.0,11.6,0.0,989.6
2026-04-20T13:00,35.5,33,37.4,53.0,3.1,0.0,990.7
2026-04-20T14:00,34.7,36,36.6,0.0,5.1,0.0,991.6
2026-04-20T15:00,33.3,40,34.5,0.0,10.7,0.0,992.3
2026-04-20T16:00,32.1,44,33.7,0.0,9.6,0.0,993.7
2026-04-20T17:00,30.1,62,33.3,0.0,11.3,0.0,994.6
2026-04-20T18:00,29.4,66,32.9,0.0,10.8,0.0,994.7
2026-04-20T19:00,28.9,68,32.6,0.0,9.8,0.0,994.3
2026-04-20T20:00,28.5,71,32.6,0.0,8.5,0.0,993.9
2026-04-20T21:00,28.2,73,32.5,0.0,6.6,0.0,993.4
2026-04-20T22:00,27.7,75,31.9,0.0,7.7,0.0,993.1
2026-04-20T23:00,27.4,76,31.7,0.0,7.5,0.0,993.2
2026-04-21T00:00,27.1,78,31.6,0.0,6.5,0.0,993.8
2026-04-21T01:00,28.1,74,32.5,7.0,7.4,0.0,994.6
2026-04-21T02:00,29.5,69,33.9,133.0,7.1,0.0,995.4
2026-04-21T03:00,31.7,57,35.5,364.0,7.6,0.0,996.1
2026-04-21T04:00,33.7,48,37.3,590.0,6.9,0.0,995.9
2026-04-21T05:00,35.3,41,39.7,744.0,5.1,0.0,995.5
2026-04-21T06:00,36.8,35,41.4,868.0,5.2,0.0,994.7
2026-04-21T07:00,38.2,31,42.3,937.0,7.7,0.0,993.7
2026-04-21T08:00,39.1,27,41.5,892.0,11.9,0.0,992.6
2026-04-21T09:00,39.1,26,40.3,798.0,14.3,0.0,991.6
2026-04-21T10:00,38.9,26,39.3,656.0,14.5,0.0,991.0
2026-04-21T11:00,38.5,25,38.0,480.0,14.3,0.0,991.0
2026-04-21T12:00,37.4,28,37.2,245.0,13.9,0.0,991.4
2026-04-21T13:00,35.2,34,35.9,55.0,11.9,0.0,992.1
2026-04-21T14:00,33.6,37,34.5,0.0,11.2,0.0,993.5
2026-04-21T15:00,32.3,41,33.3,0.0,10.7,0.0,994.7
2026-04-21T16:00,31.1,49,32.7,0.0,12.5,0.0,995.6
2026-04-21T17:00,29.9,59,32.4,0.0,12.3,0.0,996.5
2026-04-21T18:00,28.9,66,31.6,0.0,14.7,0.0,996.4
2026-04-21T19:00,28.3,72,32.0,0.0,10.8,0.0,995.9
2026-04-21T20:00,27.7,77,32.1,0.0,8.2,0.0,995.7
2026-04-21T21:00,27.3,80,31.9,0.0,8.1,0.0,995.0
2026-04-21T22:00,26.9,82,32.2,0.0,4.0,0.0,995.0
2026-04-21T23:00,26.4,86,32.3,0.0,1.4,0.0,995.3
2026-04-22T00:00,26.2,87,32.0,0.0,0.9,0.0,995.7
2026-04-22T01:00,27.2,86,32.6,7.0,6.9,0.0,996.3
2026-04-22T02:00,28.8,77,34.6,132.0,4.0,0.0,997.3
2026-04-22T03:00,30.8,66,36.3,356.0,2.0,0.1,997.8
2026-04-22T04:00,32.7,55,37.7,564.0,1.8,0.0,997.9
2026-04-22T05:00,34.6,42,38.8,756.0,5.1,0.0,997.5
2026-04-22T06:00,36.2,34,39.5,878.0,9.7,0.0,996.6
2026-04-22T07:00,37.0,31,39.4,907.0,14.1,0.0,995.6
2026-04-22T08:00,37.4,30,39.2,874.0,14.8,0.0,994.2
2026-04-22T09:00,37.7,27,38.6,756.0,13.7,0.0,993.0
2026-04-22T10:00,37.1,28,37.2,615.0,15.3,0.2,992.5
2026-04-22T11:00,36.5,30,36.2,435.0,15.6,0.0,992.4
2026-04-22T12:00,35.8,31,36.0,248.0,13.0,0.0,992.8
2026-04-22T13:00,34.5,36,35.4,56.0,10.4,0.0,993.1
2026-04-22T14:00,33.0,41,34.5,0.0,9.2,0.0,994.2
2026-04-22T15:00,31.9,43,33.0,0.0,11.5,0.0,995.1
2026-04-22T16:00,31.0,50,32.7,0.0,12.3,0.0,995.9
2026-04-22T17:00,30.0,59,32.6,0.0,11.7,0.0,996.6
2026-04-22T18:00,29.1,66,32.3,0.0,11.7,0.0,996.5
2026-04-22T19:00,28.4,70,32.0,0.0,10.1,0.0,995.7
2026-04-22T20:00,27.8,72,31.5,0.0,9.3,0.0,995.1
2026-04-22T21:00,27.3,74,31.1,0.0,8.6,0.0,994.3
2026-04-22T22:00,27.0,77,31.4,0.0,5.3,0.0,994.0
2026-04-22T23:00,26.5,80,31.3,0.0,3.0,0.0,994.2
2026-04-23T00:00,26.1,82,30.9,0.0,2.7,0.0,994.6
2026-04-23T01:00,27.9,74,32.9,8.0,2.2,0.0,995.2
2026-04-23T02:00,29.3,68,34.2,137.0,4.0,0.0,996.0
2026-04-23T03:00,31.4,59,35.4,362.0,6.7,0.0,996.6
2026-04-23T04:00,33.5,48,36.6,567.0,8.5,0.0,996.5
2026-04-23T05:00,35.2,39,39.1,731.0,5.2,0.0,996.0
2026-04-23T06:00,36.8,33,41.6,871.0,1.2,0.0,994.9
2026-04-23T07:00,38.0,29,42.7,925.0,1.9,0.0,993.6
2026-04-23T08:00,39.1,26,42.7,927.0,5.8,0.0,992.1
2026-04-23T09:00,39.3,25,41.2,801.0,10.7,0.0,990.8
2026-04-23T10:00,38.9,25,39.0,681.0,14.8,0.0,989.9
2026-04-23T11:00,38.0,24,37.3,476.0,13.8,0.0,989.8
2026-04-23T12:00,37.4,24,37.0,242.0,10.9,0.0,990.2
2026-04-23T13:00,35.4,29,35.2,54.0,12.0,0.0,991.0
2026-04-23T14:00,33.2,40,34.0,0.0,13.9,0.0,992.2
2026-04-23T15:00,32.6,42,33.9,0.0,11.2,0.0,993.0
2026-04-23T16:00,31.7,48,33.5,0.0,11.9,0.0,993.9
2026-04-23T17:00,30.9,52,33.3,0.0,8.5,0.0,994.7
2026-04-23T18:00,30.0,58,33.6,0.0,4.2,0.0,994.3
2026-04-23T19:00,29.1,66,32.9,0.0,8.7,0.0,993.9
2026-04-23T20:00,28.3,73,32.4,0.0,8.9,0.0,993.2
2026-04-23T21:00,27.8,74,32.0,0.0,7.5,0.0,992.3
2026-04-23T22:00,27.4,76,31.4,0.0,9.0,0.0,992.2
2026-04-23T23:00,27.2,77,31.1,0.0,9.8,0.0,992.4
2026-04-24T00:00,27.0,78,30.8,0.0,10.4,0.0,992.9
2026-04-24T01:00,28.0,76,32.2,8.0,9.2,0.0,993.4
2026-04-24T02:00,29.3,69,33.2,138.0,10.9,0.0,994.3
2026-04-24T03:00,31.5,58,34.7,362.0,12.3,0.0,995.3
2026-04-24T04:00,33.7,48,36.9,587.0,10.3,0.0,995.5
2026-04-24T05:00,35.7,40,39.8,775.0,7.6,0.0,995.0
2026-04-24T06:00,37.1,36,41.9,891.0,5.8,0.0,994.3
2026-04-24T07:00,38.3,33,43.6,955.0,4.6,0.0,993.1
2026-04-24T08:00,39.3,30,44.3,929.0,4.1,0.0,991.0
2026-04-24T09:00,40.0,28,44.1,833.0,4.4,0.0,989.6
2026-04-24T10:00,40.1,28,42.3,665.0,8.7,0.0,988.7
2026-04-24T11:00,39.0,29,40.0,451.0,11.9,0.0,988.8
2026-04-24T12:00,37.9,30,39.1,228.0,9.2,0.0,989.1
2026-04-24T13:00,36.3,35,37.3,54.0,13.1,0.0,990.4
2026-04-24T14:00,34.9,40,36.8,0.0,10.8,0.0,991.1
2026-04-24T15:00,33.8,43,35.4,0.0,12.8,0.0,992.2
2026-04-24T16:00,33.1,48,35.2,0.0,13.9,0.0,993.2
2026-04-24T17:00,32.1,52,35.1,0.0,9.7,0.0,994.0
2026-04-24T18:00,31.4,54,34.5,0.0,7.3,0.0,993.7
2026-04-24T19:00,30.9,53,33.7,0.0,7.7,0.0,993.2
2026-04-24T20:00,30.1,60,33.4,0.0,8.6,0.0,992.8
2026-04-24T21:00,29.0,69,33.5,0.0,5.2,0.0,992.2
2026-04-24T22:00,28.4,70,32.1,0.0,9.6,0.0,992.3
2026-04-24T23:00,28.1,73,32.4,0.0,6.9,0.0,992.4
2026-04-25T00:00,27.8,76,32.1,0.0,8.9,0.0,993.1
2026-04-25T01:00,28.9,74,34.1,8.0,4.5,0.0,993.5
2026-04-25T02:00,29.9,69,35.2,123.0,3.5,0.0,994.3
2026-04-25T03:00,31.6,61,36.2,341.0,5.9,0.0,995.2
2026-04-25T04:00,33.3,52,37.4,504.0,5.7,0.0,995.2
2026-04-25T05:00,35.5,44,41.0,755.0,3.1,0.0,994.8
2026-04-25T06:00,37.1,39,43.0,829.0,0.9,0.0,993.9
2026-04-25T07:00,38.4,34,43.9,892.0,3.1,0.0,992.6
2026-04-25T08:00,39.3,31,44.0,892.0,5.4,0.0,991.2
2026-04-25T09:00,39.6,29,42.4,726.0,8.4,0.0,990.0
2026-04-25T10:00,39.7,28,41.2,638.0,11.9,0.0,989.3
2026-04-25T11:00,38.7,29,39.1,448.0,14.6,0.0,988.9
2026-04-25T12:00,37.7,30,38.2,238.0,14.1,0.0,989.8
2026-04-25T13:00,36.8,28,36.9,55.0,11.8,0.0,990.3
2026-04-25T14:00,34.5,39,34.5,0.0,21.7,0.0,991.4
2026-04-25T15:00,31.9,57,34.9,0.0,14.1,0.0,992.8
2026-04-25T16:00,31.4,56,34.3,0.0,11.7,0.0,993.7
2026-04-25T17:00,31.1,55,34.2,0.0,8.5,0.0,994.4
2026-04-25T18:00,30.4,58,33.8,0.0,6.5,0.0,994.2
2026-04-25T19:00,29.5,65,33.7,0.0,5.6,0.0,993.6
2026-04-25T20:00,28.7,72,33.5,0.0,5.5,0.0,992.9
2026-04-25T21:00,28.2,75,32.9,0.0,6.0,0.0,992.0
2026-04-25T22:00,27.8,77,32.6,0.0,5.7,0.0,991.9
2026-04-25T23:00,27.4,79,32.3,0.0,5.6,0.0,992.0
2026-04-26T00:00,27.1,81,32.1,0.0,4.9,0.0,992.6
2026-04-26T01:00,28.9,74,34.0,7.0,5.8,0.1,993.4
2026-04-26T02:00,29.8,70,35.2,131.0,3.9,0.1,994.0
2026-04-26T03:00,30.2,69,35.6,286.0,3.7,0.3,994.8
2026-04-26T04:00,32.2,59,37.1,528.0,4.5,0.1,994.9
2026-04-26T05:00,34.4,49,39.8,751.0,5.9,0.0,994.7
2026-04-26T06:00,36.3,41,41.4,886.0,7.7,0.0,993.9
2026-04-26T07:00,37.7,34,42.0,924.0,9.7,0.0,993.0
2026-04-26T08:00,38.2,30,41.4,848.0,9.4,0.0,991.5
2026-04-26T09:00,39.0,27,41.1,800.0,11.5,0.0,990.5
2026-04-26T10:00,38.9,27,39.3,625.0,15.0,0.0,989.7
2026-04-26T11:00,37.5,31,37.4,438.0,18.6,0.0,989.8
2026-04-26T12:00,35.9,36,36.4,231.0,17.7,0.0,990.2
2026-04-26T13:00,34.1,42,35.1,55.0,17.0,0.0,991.2
2026-04-26T14:00,33.0,48,34.8,0.0,16.3,0.0,992.3
2026-04-26T15:00,32.4,52,34.5,0.0,15.9,0.0,993.4
2026-04-26T16:00,31.0,58,33.6,0.0,15.1,0.0,994.3
2026-04-26T17:00,30.1,62,33.4,0.0,10.4,0.0,994.7
2026-04-26T18:00,29.6,64,33.4,0.0,6.9,0.0,994.4
2026-04-26T19:00,29.1,66,33.2,0.0,5.5,0.0,993.9
2026-04-26T20:00,28.6,68,32.6,0.0,6.3,0.0,993.3
2026-04-26T21:00,28.2,70,32.5,0.0,4.9,0.0,992.7
2026-04-26T22:00,27.7,72,32.2,0.0,3.3,0.0,992.5
2026-04-26T23:00,27.1,75,31.7,0.0,2.5,0.0,992.9
2026-04-27T00:00,26.8,76,31.5,0.0,1.9,0.0,993.5
2026-04-27T01:00,27.9,73,32.3,9.0,6.4,0.0,994.4
2026-04-27T02:00,29.3,67,33.7,140.0,5.6,0.0,995.1
2026-04-27T03:00,31.4,58,35.8,370.0,3.2,0.0,995.7
2026-04-27T04:00,33.1,48,36.9,555.0,2.9,0.0,996.0
2026-04-27T05:00,34.7,42,38.9,707.0,4.0,0.0,995.5
2026-04-27T06:00,36.5,36,41.2,891.0,5.2,0.0,994.9
2026-04-27T07:00,37.9,31,41.8,944.0,8.4,0.0,993.8
2026-04-27T08:00,38.4,29,41.4,900.0,10.1,0.0,992.5
2026-04-27T09:00,38.6,28,40.6,797.0,12.1,0.0,991.3
2026-04-27T10:00,38.2,29,39.6,671.0,11.8,0.0,990.4
2026-04-27T11:00,37.2,31,37.8,451.0,13.3,0.0,990.2
2026-04-27T12:00,36.0,33,36.2,240.0,15.9,0.0,990.9
2026-04-27T13:00,32.7,50,34.4,43.0,18.7,0.1,992.4
2026-04-27T14:00,31.8,54,33.7,0.0,17.3,0.3,993.6
2026-04-27T15:00,31.2,59,34.0,0.0,15.1,0.4,994.2
2026-04-27T16:00,27.9,70,30.1,0.0,18.1,0.0,995.1
2026-04-27T17:00,27.9,72,31.0,0.0,13.3,0.0,995.2
2026-04-27T18:00,27.8,71,31.2,0.0,10.1,0.0,995.1
2026-04-27T19:00,27.5,71,31.1,0.0,8.8,0.0,994.6
2026-04-27T20:00,27.2,73,30.7,0.0,9.0,0.0,993.9
2026-04-27T21:00,26.9,75,30.8,0.0,7.0,0.0,993.2
2026-04-27T22:00,26.7,77,31.0,0.0,5.2,0.0,992.7
2026-04-27T23:00,26.6,78,31.1,0.0,4.4,0.0,993.0
2026-04-28T00:00,26.4,80,30.9,0.0,5.5,0.0,993.4
2026-04-28T01:00,27.8,77,32.1,9.0,9.0,0.0,993.5
2026-04-28T02:00,29.1,72,33.6,136.0,9.0,0.0,994.2
2026-04-28T03:00,31.0,62,35.2,342.0,8.3,0.0,994.9
2026-04-28T04:00,33.1,52,37.0,576.0,8.0,0.0,995.0
2026-04-28T05:00,34.9,45,39.6,768.0,7.3,0.0,994.5
2026-04-28T06:00,36.3,39,40.7,820.0,7.9,0.0,993.7
2026-04-28T07:00,37.6,35,41.9,907.0,8.9,0.0,992.7
2026-04-28T08:00,38.6,31,41.9,877.0,11.1,0.0,991.3
2026-04-28T09:00,38.2,32,40.4,799.0,15.2,0.0,989.9
2026-04-28T10:00,37.5,34,39.1,685.0,16.2,0.0,989.1
2026-04-28T11:00,33.9,46,35.0,342.0,21.1,0.2,989.6
2026-04-28T12:00,33.8,47,35.4,205.0,18.0,0.0,990.2
2026-04-28T13:00,33.6,44,34.8,50.0,16.9,0.1,990.7
2026-04-28T14:00,31.3,53,33.0,0.0,15.7,0.0,991.5
2026-04-28T15:00,30.8,56,33.3,0.0,13.0,0.0,992.3
2026-04-28T16:00,30.5,60,33.3,0.0,14.3,0.0,993.6
2026-04-28T17:00,30.3,61,33.7,0.0,9.9,0.0,994.2
2026-04-28T18:00,29.8,63,33.3,0.0,9.0,0.0,993.9
2026-04-28T19:00,28.8,69,32.4,0.0,10.3,0.0,993.4
2026-04-28T20:00,28.1,75,32.1,0.0,10.1,0.0,992.9
2026-04-28T21:00,27.7,74,32.1,0.0,6.5,0.0,992.2
2026-04-28T22:00,27.3,75,31.8,0.0,4.6,0.0,991.9
2026-04-28T23:00,26.9,77,31.1,0.0,6.4,0.0,991.8
2026-04-29T00:00,26.4,80,30.9,0.0,5.6,0.0,992.2
2026-04-29T01:00,27.4,80,32.2,9.0,7.1,0.0,993.1
2026-04-29T02:00,29.0,71,33.6,140.0,6.4,0.0,994.1
2026-04-29T03:00,30.9,61,35.6,360.0,3.8,0.0,994.5
2026-04-29T04:00,33.0,52,37.3,563.0,3.9,0.0,994.4
2026-04-29T05:00,35.0,44,40.4,753.0,2.7,0.0,994.0
2026-04-29T06:00,36.6,39,42.1,850.0,3.3,0.0,993.2
2026-04-29T07:00,38.1,34,43.2,935.0,6.2,0.0,992.2
2026-04-29T08:00,39.0,31,42.8,890.0,9.8,0.0,990.6
2026-04-29T09:00,39.0,30,41.5,775.0,12.5,0.0,989.4
2026-04-29T10:00,38.5,31,40.2,632.0,11.9,0.0,988.8
2026-04-29T11:00,37.8,33,38.9,457.0,13.8,0.0,988.9
2026-04-29T12:00,35.5,40,37.3,215.0,13.1,0.7,989.5
2026-04-29T13:00,35.4,38,36.7,52.0,13.3,0.0,990.3
2026-04-29T14:00,34.1,44,35.7,0.0,14.8,0.0,991.6
2026-04-29T15:00,33.0,50,34.9,0.0,17.7,0.0,992.4
2026-04-29T16:00,31.6,56,34.2,0.0,14.6,0.0,993.2
2026-04-29T17:00,30.6,59,33.4,0.0,13.3,0.0,993.4
2026-04-29T18:00,30.1,61,33.5,0.0,9.7,0.0,993.2
2026-04-29T19:00,29.8,62,33.6,0.0,7.0,0.0,992.8
2026-04-29T20:00,29.5,64,33.0,0.0,8.4,0.0,992.8
2026-04-29T21:00,28.7,68,32.4,0.0,8.7,0.0,992.4
2026-04-29T22:00,28.0,72,32.1,0.0,7.5,0.0,992.3
2026-04-29T23:00,27.6,75,31.7,0.0,8.4,0.0,992.5
2026-04-30T00:00,27.1,78,31.4,0.0,7.9,0.0,993.0
2026-04-30T01:00,28.4,72,32.8,10.0,6.6,0.0,993.7
2026-04-30T02:00,29.4,67,33.5,134.0,8.5,0.0,994.2
2026-04-30T03:00,31.3,59,35.1,358.0,9.1,0.0,995.0
2026-04-30T04:00,33.6,49,37.1,585.0,8.1,0.0,995.2
2026-04-30T05:00,35.5,41,39.7,759.0,6.5,0.0,994.8
2026-04-30T06:00,37.3,33,42.1,865.0,2.3,0.0,994.1
2026-04-30T07:00,38.5,28,42.3,823.0,2.1,0.0,992.9
2026-04-30T08:00,39.9,23,42.7,885.0,5.8,0.0,991.3
2026-04-30T09:00,40.5,21,41.4,773.0,10.8,0.0,990.0
2026-04-30T10:00,40.1,21,39.4,653.0,15.8,0.0,989.6
2026-04-30T11:00,38.9,23,38.0,437.0,14.8,0.0,989.5
2026-04-30T12:00,37.8,25,37.2,239.0,14.2,0.0,989.8
2026-04-30T13:00,35.9,31,35.8,56.0,14.9,0.0,990.6
2026-04-30T14:00,34.7,34,34.8,0.0,15.0,0.0,991.9
2026-04-30T15:00,33.6,38,34.0,0.0,14.8,0.0,992.6
2026-04-30T16:00,32.4,47,34.0,0.0,14.2,0.0,993.6
2026-04-30T17:00,31.6,52,33.8,0.0,12.8,0.0,994.4
2026-04-30T18:00,30.3,62,33.2,0.0,13.9,0.0,994.6
2026-04-30T19:00,29.8,67,33.6,0.0,10.7,0.0,994.0
2026-04-30T20:00,29.4,67,33.4,0.0,8.7,0.0,993.8
2026-04-30T21:00,28.9,70,33.0,0.0,8.9,0.0,993.3
2026-04-30T22:00,28.6,71,32.6,0.0,8.9,0.0,993.4
2026-04-30T23:00,28.2,73,32.7,0.0,5.3,0.0,993.5
2026-05-01T00:00,27.8,74,32.9,0.0,2.2,0.0,994.0
2026-05-01T01:00,28.6,73,33.8,8.0,2.9,0.0,994.6
2026-05-01T02:00,29.6,68,34.0,102.0,7.6,0.0,995.2
2026-05-01T03:00,31.1,61,34.7,252.0,11.2,0.0,995.7
2026-05-01T04:00,33.3,51,36.0,464.0,14.0,0.0,995.3
2026-05-01T05:00,35.2,43,38.2,599.0,10.1,0.0,994.8
2026-05-01T06:00,37.2,36,41.5,799.0,6.2,0.0,994.2
2026-05-01T07:00,38.7,31,43.4,902.0,4.2,0.0,993.0
2026-05-01T08:00,40.0,27,44.6,884.0,1.8,0.0,991.7
2026-05-01T09:00,40.1,26,42.3,691.0,6.3,0.0,990.8
2026-05-01T10:00,39.6,25,39.6,538.0,13.0,0.0,990.2
2026-05-01T11:00,38.5,24,37.6,364.0,16.2,0.0,990.3
2026-05-01T12:00,37.5,27,37.1,181.0,15.3,0.0,990.8
2026-05-01T13:00,34.3,43,37.3,46.0,6.4,0.0,992.3
2026-05-01T14:00,32.6,48,34.5,0.0,13.5,0.0,993.1
2026-05-01T15:00,31.6,50,33.5,0.0,12.6,0.0,994.0
2026-05-01T16:00,31.0,53,33.6,0.0,9.0,0.0,994.5
2026-05-01T17:00,30.6,55,33.3,0.0,9.3,0.0,994.8
2026-05-01T18:00,30.2,57,33.3,0.0,8.5,0.0,994.6
2026-05-01T19:00,29.8,61,32.9,0.0,9.4,0.0,994.2
2026-05-01T20:00,29.2,66,32.8,0.0,9.7,0.0,993.6
2026-05-01T21:00,28.6,73,32.8,0.0,9.6,0.0,993.0
2026-05-01T22:00,28.2,76,32.6,0.0,9.5,0.0,992.9
2026-05-01T23:00,27.8,77,32.5,0.0,6.6,0.0,993.2
2026-05-02T00:00,27.4,79,32.5,0.0,4.0,0.0,993.8
2026-05-02T01:00,28.2,76,33.2,10.0,5.6,0.0,994.6
2026-05-02T02:00,29.7,69,34.5,143.0,6.3,0.0,995.4
2026-05-02T03:00,32.0,58,36.2,368.0,6.8,0.0,995.7
2026-05-02T04:00,34.2,48,38.3,591.0,5.8,0.0,995.7
2026-05-02T05:00,36.2,40,41.3,774.0,3.4,0.0,995.3
2026-05-02T06:00,38.2,34,43.9,862.0,1.0,0.0,994.9
2026-05-02T07:00,39.4,30,44.3,906.0,3.4,0.0,993.8
2026-05-02T08:00,40.0,28,43.6,852.0,7.2,0.0,992.2
2026-05-02T09:00,40.0,27,41.9,760.0,12.2,0.0,991.1
2026-05-02T10:00,39.4,26,40.2,588.0,10.8,0.0,990.3
2026-05-02T11:00,38.3,28,38.2,422.0,15.6,0.0,990.2
2026-05-02T12:00,36.8,32,37.8,190.0,11.3,0.0,990.8
2026-05-02T13:00,35.7,36,37.3,52.0,10.2,0.0,991.8
2026-05-02T14:00,28.0,72,29.9,0.0,21.9,3.0,994.3
2026-05-02T15:00,29.0,63,32.4,0.0,7.5,0.1,994.3
2026-05-02T16:00,29.3,62,32.6,0.0,8.4,0.0,995.0
2026-05-02T17:00,29.8,63,33.8,0.0,6.0,0.0,995.6
2026-05-02T18:00,29.7,64,33.7,0.0,6.6,0.0,995.0
2026-05-02T19:00,29.3,65,32.7,0.0,10.7,0.0,994.8
2026-05-02T20:00,28.5,69,31.9,0.0,10.5,0.0,993.9
2026-05-02T21:00,27.9,71,31.3,0.0,10.4,0.0,993.4
2026-05-02T22:00,27.5,73,31.0,0.0,10.0,0.0,993.0
2026-05-02T23:00,27.1,75,30.8,0.0,9.2,0.0,993.1
2026-05-03T00:00,26.8,77,30.6,0.0,9.0,0.0,993.8
2026-05-03T01:00,27.7,72,31.5,10.0,8.7,0.0,994.3
2026-05-03T02:00,29.2,66,32.6,140.0,11.3,0.0,995.2
2026-05-03T03:00,31.3,56,34.2,351.0,12.1,0.0,995.7
2026-05-03T04:00,33.4,48,36.3,562.0,9.9,0.0,995.5
2026-05-03T05:00,35.6,41,39.5,774.0,8.9,0.0,994.8
2026-05-03T06:00,37.2,36,41.7,883.0,7.9,0.0,994.2
2026-05-03T07:00,38.5,31,43.3,945.0,5.8,0.0,993.0
2026-05-03T08:00,39.6,27,43.4,867.0,4.8,0.0,991.7
2026-05-03T09:00,40.2,25,42.9,743.0,4.8,0.0,990.4
2026-05-03T10:00,40.0,24,41.0,540.0,5.8,0.0,989.5
2026-05-03T11:00,39.2,25,39.4,367.0,11.1,0.0,989.0
2026-05-03T12:00,38.0,26,37.6,226.0,14.5,0.0,989.6
2026-05-03T13:00,36.6,26,35.7,48.0,14.6,0.0,990.2
2026-05-03T14:00,35.3,28,35.2,0.0,8.7,0.0,990.9
2026-05-03T15:00,32.9,43,33.9,0.0,15.9,0.0,992.2
2026-05-03T16:00,31.2,59,33.7,0.0,16.9,0.0,993.0
2026-05-03T17:00,30.3,64,33.6,0.0,13.8,0.0,993.5
2026-05-03T18:00,29.4,69,33.1,0.0,11.9,0.0,993.3
2026-05-03T19:00,28.9,71,32.5,0.0,13.3,0.0,993.0
2026-05-03T20:00,28.4,72,32.1,0.0,12.2,0.0,992.4
2026-05-03T21:00,28.1,73,31.6,0.0,12.7,0.0,992.3
2026-05-03T22:00,27.7,75,31.1,0.0,12.7,0.0,992.4
2026-05-03T23:00,27.3,76,30.7,0.0,12.7,0.0,992.9
2026-05-04T00:00,27.0,76,30.2,0.0,12.9,0.0,993.3
2026-05-04T01:00,28.2,71,31.5,11.0,11.7,0.0,993.5
2026-05-04T02:00,29.5,64,32.6,147.0,13.1,0.0,994.1
2026-05-04T03:00,32.0,55,34.7,368.0,13.3,0.0,994.7
2026-05-04T04:00,34.3,45,37.0,588.0,12.0,0.0,994.6
2026-05-04T05:00,36.3,38,39.8,764.0,9.8,0.0,994.0
2026-05-04T06:00,38.0,32,41.9,862.0,8.2,0.0,993.1
2026-05-04T07:00,39.4,28,43.1,888.0,7.4,0.0,991.9
2026-05-04T08:00,40.5,25,43.7,866.0,6.8,0.0,990.5
2026-05-04T09:00,40.9,23,43.4,767.0,5.7,0.0,989.3
2026-05-04T10:00,40.7,23,42.3,622.0,5.3,0.0,988.4
2026-05-04T11:00,40.2,24,41.5,437.0,3.5,0.0,988.2
2026-05-04T12:00,38.1,28,39.4,211.0,6.6,0.1,989.2
2026-05-04T13:00,38.0,23,38.4,45.0,4.5,0.0,989.6
2026-05-04T14:00,32.2,47,33.6,0.0,15.0,0.9,992.5
2026-05-04T15:00,28.7,70,31.7,0.0,15.2,0.6,993.4
2026-05-04T16:00,28.8,65,32.8,0.0,4.7,0.0,993.5
2026-05-04T17:00,29.0,63,32.5,0.0,6.7,0.0,994.4
2026-05-04T18:00,28.2,67,31.6,0.0,7.6,0.0,994.2
2026-05-04T19:00,27.7,68,31.3,0.0,6.1,0.0,993.2
2026-05-04T20:00,27.2,71,31.2,0.0,3.7,0.0,992.6
2026-05-04T21:00,26.9,71,30.5,0.0,6.0,0.0,992.8
2026-05-04T22:00,26.7,72,30.6,0.0,3.7,0.0,992.4
2026-05-04T23:00,26.5,73,30.5,0.0,3.7,0.0,992.3
2026-05-05T00:00,26.3,75,30.6,0.0,1.9,0.0,992.6
2026-05-05T01:00,25.4,82,29.8,11.0,3.5,0.0,993.6
2026-05-05T02:00,26.9,74,31.3,137.0,2.5,0.0,994.3
2026-05-05T03:00,29.3,64,33.6,362.0,2.4,0.0,994.4
2026-05-05T04:00,31.7,54,35.8,588.0,4.3,0.0,994.2
2026-05-05T05:00,34.0,44,38.2,771.0,7.5,0.0,993.6
2026-05-05T06:00,36.0,38,40.5,898.0,6.9,0.0,992.7
2026-05-05T07:00,37.5,33,42.1,953.0,6.5,0.0,991.6
2026-05-05T08:00,38.7,29,42.8,935.0,5.9,0.0,990.5
2026-05-05T09:00,39.3,26,42.3,774.0,4.0,0.0,989.6
2026-05-05T10:00,39.9,25,41.5,594.0,4.0,0.0,989.1
2026-05-05T11:00,38.8,26,39.1,336.0,10.6,0.0,989.1
2026-05-05T12:00,36.3,31,36.2,145.0,16.6,0.0,989.7
2026-05-05T13:00,35.3,32,35.8,45.0,11.0,0.0,990.7
2026-05-05T14:00,33.8,36,34.6,0.0,10.1,0.0,991.5
2026-05-05T15:00,33.1,36,33.8,0.0,9.0,0.0,992.0
2026-05-05T16:00,31.8,43,32.9,0.0,11.5,0.0,993.4
2026-05-05T17:00,30.1,65,34.0,0.0,9.3,0.0,994.0
2026-05-05T18:00,29.5,69,33.9,0.0,8.5,0.0,993.6
2026-05-05T19:00,28.9,71,33.5,0.0,6.8,0.0,993.2
2026-05-05T20:00,28.4,74,32.9,0.0,7.4,0.0,992.7
2026-05-05T21:00,27.9,76,32.5,0.0,7.1,0.0,992.4
2026-05-05T22:00,27.5,78,32.1,0.0,7.4,0.0,992.4
2026-05-05T23:00,27.3,79,31.9,0.0,6.8,0.0,992.7
2026-05-06T00:00,27.1,80,31.6,0.0,7.3,0.0,993.3
2026-05-06T01:00,27.9,74,32.1,12.0,8.3,0.0,994.0
2026-05-06T02:00,29.3,68,33.1,149.0,10.5,0.0,994.8
2026-05-06T03:00,31.3,60,34.8,370.0,12.1,0.0,995.0
2026-05-06T04:00,33.5,50,36.7,590.0,11.7,0.0,994.9
2026-05-06T05:00,35.4,42,39.3,771.0,10.6,0.0,994.5
2026-05-06T06:00,36.7,36,40.3,823.0,9.7,0.0,993.6
2026-05-06T07:00,37.6,32,41.3,862.0,8.1,0.0,992.6
2026-05-06T08:00,38.3,30,42.0,868.0,6.2,0.0,991.5
2026-05-06T09:00,38.6,28,41.5,696.0,3.1,0.0,990.5
2026-05-06T10:00,38.7,28,41.1,636.0,2.7,0.0,989.7
2026-05-06T11:00,37.9,28,39.3,459.0,5.4,0.0,989.6
2026-05-06T12:00,36.4,31,37.5,196.0,7.8,0.0,990.1
2026-05-06T13:00,34.6,37,36.3,43.0,7.0,0.1,991.0
2026-05-06T14:00,30.6,50,31.1,0.0,20.0,0.0,992.5
2026-05-06T15:00,27.5,69,29.8,0.0,14.9,0.0,993.8
2026-05-06T16:00,27.1,70,30.1,0.0,9.8,0.0,994.0
2026-05-06T17:00,27.9,68,30.9,0.0,10.3,0.0,994.5
2026-05-06T18:00,28.2,67,32.0,0.0,5.3,0.0,994.2
2026-05-06T19:00,28.1,66,32.0,0.0,4.3,0.0,993.4
2026-05-06T20:00,27.9,67,32.2,0.0,1.3,0.0,992.9
2026-05-06T21:00,27.4,71,31.6,0.0,3.1,0.0,992.5
2026-05-06T22:00,27.4,72,31.8,0.0,2.9,0.0,992.2
2026-05-06T23:00,27.5,74,31.5,0.0,7.8,0.0,992.6
2026-05-07T00:00,27.3,76,31.4,0.0,8.8,0.0,992.8
2026-05-07T01:00,27.2,78,30.9,12.0,12.5,0.0,993.4
2026-05-07T02:00,28.6,72,32.1,149.0,13.6,0.0,993.5
2026-05-07T03:00,30.8,61,34.1,370.0,12.9,0.0,993.8
2026-05-07T04:00,33.1,51,36.2,589.0,13.1,0.0,993.8
2026-05-07T05:00,35.3,43,38.8,774.0,12.9,0.0,993.4
2026-05-07T06:00,37.1,36,41.1,897.0,11.0,0.0,992.5
2026-05-07T07:00,38.2,29,41.8,926.0,8.1,0.0,991.7
2026-05-07T08:00,38.6,25,41.5,849.0,4.8,0.0,990.3
2026-05-07T09:00,38.9,24,40.7,712.0,4.2,0.0,989.1
2026-05-07T10:00,39.4,23,40.3,630.0,7.7,0.0,988.3
2026-05-07T11:00,38.5,25,39.0,417.0,7.6,0.0,988.0
2026-05-07T12:00,37.6,27,38.0,225.0,8.7,0.0,989.0
2026-05-07T13:00,30.0,55,31.8,32.0,14.4,0.0,991.1
2026-05-07T14:00,31.0,52,33.1,0.0,11.2,0.0,992.6
2026-05-07T15:00,29.2,58,31.3,0.0,11.7,0.0,993.5
2026-05-07T16:00,28.9,59,31.3,0.0,9.6,0.0,994.1
2026-05-07T17:00,28.7,60,31.4,0.0,9.1,0.0,994.1
2026-05-07T18:00,28.8,61,32.5,0.0,3.5,0.0,993.6
2026-05-07T19:00,28.9,63,32.2,0.0,7.8,0.0,992.9
2026-05-07T20:00,28.7,65,31.6,0.0,11.2,0.0,992.3
2026-05-07T21:00,28.1,67,30.9,0.0,12.0,0.0,991.7
2026-05-07T22:00,27.7,70,30.7,0.0,11.7,0.0,991.6
2026-05-07T23:00,27.4,72,30.6,0.0,11.3,0.0,991.9
2026-05-08T00:00,27.4,73,30.7,0.0,10.8,0.0,992.3
2026-05-08T01:00,27.4,73,30.2,12.0,14.0,0.0,992.7
2026-05-08T02:00,28.9,67,31.8,143.0,13.9,0.0,993.8
2026-05-08T03:00,31.2,56,33.5,354.0,15.2,0.0,994.3
2026-05-08T04:00,33.2,47,35.2,581.0,14.6,0.0,994.5
2026-05-08T05:00,34.9,40,37.5,769.0,14.1,0.0,994.0
2026-05-08T06:00,36.5,34,39.2,889.0,13.4,0.0,993.0
2026-05-08T07:00,37.6,29,40.2,922.0,12.1,0.0,992.1
2026-05-08T08:00,38.0,28,40.3,852.0,11.7,0.0,991.3
2026-05-08T09:00,38.2,29,40.2,739.0,11.4,0.0,990.3
2026-05-08T10:00,37.4,31,39.1,594.0,9.0,0.0,989.9
2026-05-08T11:00,37.1,32,38.8,381.0,7.3,0.0,989.6
2026-05-08T12:00,36.6,32,38.0,191.0,8.5,0.0,990.0
2026-05-08T13:00,34.0,39,36.0,50.0,5.6,0.0,991.8
2026-05-08T14:00,31.4,49,34.1,0.0,4.7,0.0,993.1
2026-05-08T15:00,31.2,51,34.2,0.0,5.6,0.0,993.6
2026-05-08T16:00,31.0,52,33.5,0.0,8.4,0.0,994.1
2026-05-08T17:00,30.5,53,32.8,0.0,9.3,0.0,994.4
2026-05-08T18:00,29.9,56,32.1,0.0,11.1,0.0,994.3
2026-05-08T19:00,29.1,61,31.6,0.0,12.4,0.0,993.8
2026-05-08T20:00,28.3,67,31.3,0.0,11.5,0.0,993.3
2026-05-08T21:00,27.6,72,31.1,0.0,9.2,0.0,992.8
2026-05-08T22:00,27.0,75,30.8,0.0,8.7,0.0,992.7
2026-05-08T23:00,26.7,77,30.6,0.0,8.6,0.0,993.0
2026-05-09T00:00,26.4,79,30.4,0.0,8.3,0.0,993.4
2026-05-09T01:00,27.0,79,31.2,12.0,9.6,0.0,994.1
2026-05-09T02:00,28.4,72,32.1,149.0,11.2,0.0,995.1
2026-05-09T03:00,30.8,58,34.0,370.0,10.7,0.0,995.4
2026-05-09T04:00,32.6,51,35.8,586.0,10.0,0.0,995.7
2026-05-09T05:00,34.2,45,38.3,769.0,9.0,0.0,995.2
2026-05-09T06:00,35.5,40,39.5,834.0,8.9,0.0,994.2
2026-05-09T07:00,36.5,37,40.9,883.0,7.6,0.0,993.2
2026-05-09T08:00,37.1,35,41.4,863.0,7.2,0.0,992.0
2026-05-09T09:00,37.4,34,40.7,763.0,7.8,0.0,991.0
2026-05-09T10:00,37.5,31,39.7,630.0,7.2,0.0,990.2
2026-05-09T11:00,37.1,29,38.2,423.0,6.9,0.0,989.7
2026-05-09T12:00,36.4,29,37.0,228.0,8.3,0.0,990.1
2026-05-09T13:00,34.8,35,36.6,54.0,5.0,0.0,991.2
2026-05-09T14:00,33.8,39,35.7,0.0,7.0,0.0,992.1
2026-05-09T15:00,32.9,44,34.6,0.0,11.2,0.0,993.2
2026-05-09T16:00,30.9,52,33.8,0.0,5.9,0.4,995.0
2026-05-09T17:00,29.6,62,33.6,0.0,3.8,0.3,995.0
2026-05-09T18:00,28.9,64,33.1,0.0,1.7,0.0,994.7
2026-05-09T19:00,27.8,70,32.2,0.0,2.8,0.0,994.3
2026-05-09T20:00,26.9,78,31.2,0.0,6.0,0.0,993.8
2026-05-09T21:00,26.0,83,30.2,0.0,7.7,0.0,993.6
2026-05-09T22:00,25.5,85,30.0,0.0,6.2,0.0,993.3
2026-05-09T23:00,25.4,86,30.2,0.0,4.2,0.0,993.4
2026-05-10T00:00,25.2,87,30.1,0.0,4.1,0.0,993.7
2026-05-10T01:00,27.9,71,31.7,12.0,7.3,0.0,994.5
2026-05-10T02:00,29.0,65,32.3,147.0,9.8,0.0,995.5
2026-05-10T03:00,31.0,55,33.3,363.0,13.4,0.0,995.7
2026-05-10T04:00,33.2,44,34.8,594.0,13.8,0.0,995.8
2026-05-10T05:00,34.8,38,37.3,777.0,12.3,0.0,995.3
2026-05-10T06:00,36.0,35,39.2,895.0,11.6,0.0,994.5
2026-05-10T07:00,36.4,33,38.8,806.0,11.6,0.0,993.7
2026-05-10T08:00,37.0,31,39.7,886.0,11.3,0.0,992.7
2026-05-10T09:00,37.3,29,39.2,791.0,11.7,0.0,991.8
2026-05-10T10:00,36.9,29,38.0,651.0,10.2,0.0,991.0
2026-05-10T11:00,36.9,28,37.3,434.0,10.0,0.0,990.5
2026-05-10T12:00,35.9,30,35.8,224.0,13.8,0.0,990.7
2026-05-10T13:00,34.5,31,34.2,57.0,13.9,0.0,991.5
2026-05-10T14:00,33.2,35,32.6,0.0,17.3,0.0,992.3
2026-05-10T15:00,32.3,37,31.6,0.0,18.8,0.0,993.3
2026-05-10T16:00,31.4,39,30.9,0.0,16.4,0.0,993.9
2026-05-10T17:00,30.5,42,31.0,0.0,10.6,0.0,994.6
2026-05-10T18:00,29.2,49,30.7,0.0,7.2,0.0,994.3
2026-05-10T19:00,28.4,55,30.2,0.0,8.1,0.0,993.6
2026-05-10T20:00,27.6,63,30.2,0.0,8.3,0.0,992.9
2026-05-10T21:00,27.1,66,29.6,0.0,9.6,0.0,992.8
2026-05-10T22:00,26.6,69,29.4,0.0,8.4,0.0,992.8
2026-05-10T23:00,26.2,73,29.1,0.0,10.2,0.0,992.9
2026-05-11T00:00,25.9,76,28.9,0.0,11.0,0.0,993.2
2026-05-11T01:00,27.1,71,29.5,13.0,14.6,0.0,994.0
2026-05-11T02:00,28.7,66,31.3,154.0,14.0,0.0,994.7
2026-05-11T03:00,31.0,55,33.2,376.0,14.5,0.0,995.0
2026-05-11T04:00,33.3,42,34.5,595.0,14.7,0.0,995.0
2026-05-11T05:00,35.2,35,36.9,776.0,13.8,0.0,994.5
2026-05-11T06:00,36.6,30,38.7,899.0,13.1,0.0,993.5
2026-05-11T07:00,37.6,27,39.9,940.0,12.1,0.0,992.6
2026-05-11T08:00,38.2,25,40.3,924.0,11.7,0.0,991.3
2026-05-11T09:00,38.5,24,39.8,832.0,12.0,0.0,989.9
2026-05-11T10:00,38.6,23,38.7,683.0,12.6,0.0,989.1
2026-05-11T11:00,38.0,23,37.2,469.0,13.1,0.0,988.8
2026-05-11T12:00,37.1,27,36.1,238.0,17.1,0.0,988.9
2026-05-11T13:00,36.0,25,35.2,54.0,12.1,0.0,989.7
2026-05-11T14:00,32.9,42,32.2,0.0,25.3,0.0,990.6
2026-05-11T15:00,31.4,50,32.4,0.0,17.7,0.0,991.8
2026-05-11T16:00,30.4,55,32.3,0.0,14.7,0.0,992.8
2026-05-11T17:00,29.7,58,32.1,0.0,11.5,0.0,993.5
2026-05-11T18:00,29.0,61,31.9,0.0,9.0,0.0,993.6
2026-05-11T19:00,28.5,64,31.5,0.0,9.5,0.0,992.9
2026-05-11T20:00,28.1,67,31.0,0.0,11.0,0.0,992.3
2026-05-11T21:00,27.6,69,30.5,0.0,11.9,0.0,992.0
2026-05-11T22:00,27.3,72,30.4,0.0,10.9,0.0,991.5
2026-05-11T23:00,27.0,73,29.9,0.0,13.0,0.0,991.3
2026-05-12T00:00,26.8,74,29.7,0.0,13.2,0.0,991.5
2026-05-12T01:00,28.0,70,30.8,13.0,14.4,0.0,992.1
2026-05-12T02:00,29.3,64,31.7,152.0,16.9,0.0,992.8
2026-05-12T03:00,31.3,56,33.1,371.0,18.8,0.0,993.4
2026-05-12T04:00,33.4,48,35.0,588.0,19.7,0.0,993.6
2026-05-12T05:00,35.3,41,37.8,768.0,17.1,0.0,992.9
2026-05-12T06:00,36.7,36,39.6,843.0,13.6,0.0,992.2
2026-05-12T07:00,37.6,32,40.8,880.0,11.2,0.0,991.1
2026-05-12T08:00,38.4,30,41.6,874.0,9.5,0.0,989.9
2026-05-12T09:00,38.5,29,41.4,776.0,7.9,0.1,988.7
2026-05-12T10:00,38.6,29,40.6,642.0,7.8,0.0,987.8
2026-05-12T11:00,37.9,29,39.4,439.0,6.8,0.0,987.5
2026-05-12T12:00,35.3,38,35.7,224.0,19.4,0.0,988.0
2026-05-12T13:00,35.4,40,38.9,46.0,1.4,0.1,989.0
2026-05-12T14:00,29.7,71,34.4,0.0,8.5,2.2,991.1
2026-05-12T15:00,29.7,67,33.9,0.0,8.9,0.3,992.0
2026-05-12T16:00,28.0,73,31.3,0.0,14.3,0.0,993.6
2026-05-12T17:00,28.2,72,32.2,0.0,8.6,0.0,993.3
2026-05-12T18:00,28.2,71,31.9,0.0,9.6,0.0,993.6
2026-05-12T19:00,27.6,74,31.2,0.0,11.2,0.0,992.9
2026-05-12T20:00,27.0,76,31.0,0.0,7.1,0.0,991.7
2026-05-12T21:00,26.8,77,30.7,0.0,7.9,0.0,991.0
2026-05-12T22:00,26.5,79,30.7,0.0,7.1,0.0,990.5
2026-05-12T23:00,26.2,80,30.3,0.0,7.8,0.0,990.5
2026-05-13T00:00,25.9,82,29.9,0.0,8.2,0.0,990.8
2026-05-13T01:00,28.6,71,32.3,13.0,11.4,0.0,991.2
2026-05-13T02:00,30.0,65,33.4,146.0,12.9,0.0,992.1
2026-05-13T03:00,32.1,54,34.7,354.0,13.8,0.0,992.8
2026-05-13T04:00,33.9,47,36.3,550.0,13.8,0.0,993.2
2026-05-13T05:00,35.8,40,38.8,758.0,14.5,0.0,992.7
2026-05-13T06:00,37.2,35,40.8,870.0,12.1,0.0,991.9
2026-05-13T07:00,38.3,32,42.0,882.0,10.8,0.0,991.1
2026-05-13T08:00,38.6,32,41.9,868.0,11.7,0.0,989.9
2026-05-13T09:00,38.8,31,41.5,770.0,11.2,0.0,988.6
2026-05-13T10:00,38.8,30,40.5,623.0,10.9,0.0,987.9
2026-05-13T11:00,37.9,31,39.1,405.0,10.8,0.0,987.2
2026-05-13T12:00,35.1,40,35.8,218.0,19.4,0.0,987.7
2026-05-13T13:00,35.4,34,35.7,48.0,15.0,0.0,989.0
2026-05-13T14:00,31.5,54,32.8,0.0,20.6,0.0,990.0
2026-05-13T15:00,30.9,60,33.3,0.0,17.0,0.0,990.9
2026-05-13T16:00,30.0,64,32.8,0.0,15.4,0.0,991.8
2026-05-13T17:00,29.0,69,31.6,0.0,18.8,0.0,992.3
2026-05-13T18:00,28.6,71,31.4,0.0,16.6,0.0,992.3
2026-05-13T19:00,28.3,72,31.5,0.0,14.4,0.0,992.2
2026-05-13T20:00,27.9,75,31.3,0.0,13.9,0.0,991.9
2026-05-13T21:00,27.3,77,30.9,0.0,12.4,0.0,991.5
2026-05-13T22:00,26.9,79,30.6,0.0,12.4,0.0,991.2
2026-05-13T23:00,26.7,79,30.1,0.0,14.1,0.0,991.5
2026-05-14T00:00,26.6,79,29.8,0.0,14.8,0.0,991.9
2026-05-14T01:00,27.6,76,31.3,13.0,11.9,0.0,992.1
2026-05-14T02:00,29.5,66,32.8,141.0,13.0,0.0,992.7
2026-05-14T03:00,31.9,54,34.5,352.0,13.9,0.0,993.3
2026-05-14T04:00,33.8,48,36.6,572.0,12.6,0.0,993.5
2026-05-14T05:00,35.9,40,39.5,749.0,10.6,0.0,993.1
2026-05-14T06:00,37.6,35,41.3,856.0,10.5,0.0,992.3
2026-05-14T07:00,38.6,32,42.2,829.0,9.1,0.0,991.4
2026-05-14T08:00,39.4,30,43.3,809.0,6.2,0.0,990.0
2026-05-14T09:00,40.0,28,43.6,798.0,6.0,0.0,988.8
2026-05-14T10:00,39.2,29,41.1,635.0,8.8,0.0,988.4
2026-05-14T11:00,37.4,32,38.8,397.0,10.0,0.0,988.5
2026-05-14T12:00,31.7,54,32.9,201.0,22.5,0.2,989.7
2026-05-14T13:00,30.4,62,32.4,43.0,21.2,0.1,990.5
2026-05-14T14:00,30.0,65,32.5,0.0,18.6,0.0,991.4
2026-05-14T15:00,29.6,65,32.3,0.0,16.5,0.0,992.5
2026-05-14T16:00,29.2,66,32.1,0.0,14.8,0.0,993.2
2026-05-14T17:00,28.7,69,31.8,0.0,13.9,0.0,993.8
2026-05-14T18:00,28.2,72,31.4,0.0,13.9,0.0,993.4
2026-05-14T19:00,28.0,74,31.4,0.0,13.2,0.0,992.7
2026-05-14T20:00,27.7,75,31.3,0.0,12.8,0.0,992.1
2026-05-14T21:00,27.5,76,31.2,0.0,11.5,0.0,991.7
2026-05-14T22:00,27.3,78,31.3,0.0,10.7,0.0,991.6
2026-05-14T23:00,27.2,78,31.3,0.0,10.1,0.0,991.6
2026-05-15T00:00,27.1,79,31.2,0.0,10.3,0.0,991.8
2026-05-15T01:00,27.4,78,31.5,11.0,10.1,0.0,992.7
2026-05-15T02:00,28.6,72,32.5,102.0,11.0,0.0,993.2
2026-05-15T03:00,30.8,59,33.8,295.0,13.5,0.0,993.6
2026-05-15T04:00,33.0,50,35.5,551.0,13.4,0.0,993.8
2026-05-15T05:00,34.9,43,38.0,710.0,12.9,0.0,993.3
2026-05-15T06:00,36.5,38,40.1,863.0,12.5,0.0,992.8
2026-05-15T07:00,37.2,35,40.7,845.0,11.5,0.0,991.8
2026-05-15T08:00,37.9,33,41.3,837.0,10.5,0.0,990.8
2026-05-15T09:00,38.3,33,41.1,775.0,12.3,0.0,989.9
2026-05-15T10:00,38.5,32,40.4,666.0,13.4,0.0,989.0
2026-05-15T11:00,36.6,35,37.4,335.0,16.0,0.0,989.0
2026-05-15T12:00,34.7,39,35.3,157.0,18.3,0.0,989.7
2026-05-15T13:00,29.2,63,31.7,39.0,14.0,0.1,991.1
2026-05-15T14:00,30.4,61,33.3,0.0,13.8,0.0,991.8
2026-05-15T15:00,30.4,63,33.2,0.0,15.7,0.0,992.7
2026-05-15T16:00,29.7,64,32.6,0.0,13.9,0.0,993.7
2026-05-15T17:00,29.1,67,32.2,0.0,13.4,0.0,994.0
2026-05-15T18:00,28.6,70,31.7,0.0,14.3,0.0,994.1
2026-05-15T19:00,28.1,72,31.3,0.0,13.8,0.0,993.6
2026-05-15T20:00,27.8,73,31.2,0.0,12.6,0.0,992.8
2026-05-15T21:00,27.6,74,31.1,0.0,11.6,0.0,992.2
2026-05-15T22:00,27.4,75,31.0,0.0,10.3,0.0,991.7
2026-05-15T23:00,27.2,74,30.9,0.0,9.5,0.0,991.7
2026-05-16T00:00,27.0,75,30.6,0.0,9.6,0.0,991.8
2026-05-16T01:00,27.9,75,31.5,13.0,12.7,0.0,992.3
2026-05-16T02:00,29.5,66,32.7,149.0,14.4,0.0,992.6
2026-05-16T03:00,31.7,58,34.7,340.0,14.5,0.0,992.9
2026-05-16T04:00,33.9,48,36.3,573.0,14.4,0.0,993.0
2026-05-16T05:00,35.7,41,38.8,751.0,14.0,0.0,992.9
2026-05-16T06:00,37.2,37,40.8,872.0,13.3,0.0,992.3
2026-05-16T07:00,38.2,33,41.7,915.0,13.0,0.0,991.2
2026-05-16T08:00,38.8,31,41.9,860.0,12.3,0.0,990.1
2026-05-16T09:00,39.6,29,42.2,777.0,11.2,0.0,988.9
2026-05-16T10:00,37.1,33,38.4,600.0,13.6,0.4,988.5
2026-05-16T11:00,35.7,39,37.3,340.0,13.4,0.4,988.7
2026-05-16T12:00,34.1,47,35.9,200.0,18.2,0.0,989.4
2026-05-16T13:00,33.2,46,34.7,43.0,16.4,0.0,990.4
2026-05-16T14:00,31.7,55,33.7,0.0,17.8,0.0,991.7
2026-05-16T15:00,30.9,59,33.5,0.0,16.1,0.0,992.0
2026-05-16T16:00,30.0,61,32.2,0.0,17.3,0.0,992.3
2026-05-16T17:00,29.3,64,31.6,0.0,17.5,0.0,993.0
2026-05-16T18:00,28.9,67,31.6,0.0,15.0,0.0,993.1
2026-05-16T19:00,28.7,69,32.0,0.0,11.6,0.0,993.3
2026-05-16T20:00,28.6,70,32.2,0.0,11.4,0.0,992.7
2026-05-16T21:00,28.4,71,32.1,0.0,10.7,0.0,992.4
2026-05-16T22:00,28.0,74,31.6,0.0,12.2,0.0,992.1
2026-05-16T23:00,27.4,77,30.8,0.0,14.3,0.0,991.8
2026-05-17T00:00,27.2,77,30.5,0.0,14.2,0.0,991.7
2026-05-17T01:00,27.7,77,31.4,5.0,13.3,0.3,991.8
2026-05-17T02:00,27.4,81,31.4,30.0,13.2,0.2,992.6
2026-05-17T03:00,28.0,77,32.3,75.0,9.8,0.2,993.0
2026-05-17T04:00,29.3,68,33.3,112.0,9.0,0.0,993.5
2026-05-17T05:00,31.5,57,35.0,315.0,9.6,0.0,993.5
2026-05-17T06:00,32.5,52,35.6,363.0,9.6,0.0,993.2
2026-05-17T07:00,33.5,47,36.2,391.0,10.2,0.0,992.7
2026-05-17T08:00,32.5,48,34.9,343.0,10.2,0.3,991.6
2026-05-17T09:00,32.9,49,35.6,445.0,9.7,0.3,990.4
2026-05-17T10:00,33.2,44,34.8,287.0,13.2,0.0,989.4
2026-05-17T11:00,32.8,49,34.2,148.0,18.1,0.0,989.1
2026-05-17T12:00,32.3,51,33.6,106.0,20.0,0.0,989.5
2026-05-17T13:00,32.2,49,33.4,10.0,18.2,0.0,990.2
2026-05-17T14:00,30.1,62,32.7,0.0,16.3,0.0,991.8
2026-05-17T15:00,26.1,91,30.9,0.0,10.4,1.5,993.2
2026-05-17T16:00,25.9,89,30.3,0.0,11.2,0.7,993.8
2026-05-17T17:00,26.0,89,30.8,0.0,8.3,0.1,993.7
2026-05-17T18:00,25.8,91,31.1,0.0,6.3,0.1,993.5
2026-05-17T19:00,25.6,94,31.3,0.0,5.4,0.8,992.9
2026-05-17T20:00,25.6,94,31.3,0.0,5.8,0.8,992.4
2026-05-17T21:00,25.7,94,31.3,0.0,5.6,0.8,991.9
2026-05-17T22:00,25.6,95,31.2,0.0,6.3,0.5,991.3
2026-05-17T23:00,25.4,96,30.7,0.0,7.9,0.5,991.3
2026-05-18T00:00,25.2,95,30.1,0.0,9.2,0.3,991.4
2026-05-18T01:00,26.4,87,30.6,8.0,12.8,0.0,991.9
2026-05-18T02:00,27.0,84,31.5,39.0,10.7,0.0,992.1
2026-05-18T03:00,29.3,69,32.9,272.0,13.4,0.0,992.0
2026-05-18T04:00,31.4,58,34.4,553.0,13.5,0.0,992.5
2026-05-18T05:00,32.5,53,35.4,583.0,13.2,0.0,992.2
2026-05-18T06:00,31.9,55,34.7,262.0,12.6,0.0,991.8
2026-05-18T07:00,32.8,51,35.5,408.0,12.4,0.0,990.8
2026-05-18T08:00,33.5,49,36.2,469.0,11.4,0.0,989.9
2026-05-18T09:00,34.3,46,37.5,631.0,10.9,0.0,988.7
2026-05-18T10:00,34.3,45,36.4,451.0,14.1,0.0,987.5
2026-05-18T11:00,33.0,48,34.3,375.0,20.0,0.0,987.5
2026-05-18T12:00,31.5,56,33.5,173.0,18.0,0.0,988.4
2026-05-18T13:00,26.5,90,31.2,9.0,12.2,2.8,989.1
2026-05-18T14:00,26.7,92,32.5,0.0,8.3,1.6,989.9
2026-05-18T15:00,26.1,95,31.7,0.0,8.9,0.4,991.0
2026-05-18T16:00,25.8,92,31.0,0.0,7.9,1.5,992.1
2026-05-18T17:00,25.5,94,30.9,0.0,6.7,1.5,992.4
2026-05-18T18:00,25.1,95,30.4,0.0,6.2,1.8,991.8
2026-05-18T19:00,24.9,94,29.2,0.0,11.9,2.4,990.6
2026-05-18T20:00,24.9,95,29.4,0.0,10.3,2.4,990.6
2026-05-18T21:00,24.9,95,29.6,0.0,9.3,2.2,989.9
2026-05-18T22:00,24.9,95,29.5,0.0,10.0,1.1,989.5
2026-05-18T23:00,25.0,94,29.3,0.0,11.8,0.8,989.1
2026-05-19T00:00,25.0,95,29.6,0.0,10.1,1.1,989.6
2026-05-19T01:00,25.4,93,29.9,8.0,10.7,0.1,990.3
2026-05-19T02:00,26.1,88,30.8,73.0,8.8,0.0,991.0
2026-05-19T03:00,27.5,77,31.5,200.0,10.7,0.0,991.5
2026-05-19T04:00,28.8,69,32.2,262.0,11.5,0.0,991.8
2026-05-19T05:00,30.4,60,33.6,467.0,11.1,0.0,991.7
2026-05-19T06:00,32.2,53,36.7,784.0,10.2,0.0,990.9
2026-05-19T07:00,32.2,52,35.3,572.0,9.8,0.0,990.3
2026-05-19T08:00,32.1,53,35.5,544.0,7.3,0.2,989.3
2026-05-19T09:00,32.4,53,36.2,513.0,5.9,0.0,988.3
2026-05-19T10:00,32.7,51,36.3,455.0,5.9,0.0,987.5
2026-05-19T11:00,33.0,49,36.2,360.0,7.9,0.0,987.0
2026-05-19T12:00,32.5,50,34.6,212.0,14.1,0.0,987.5
2026-05-19T13:00,31.0,62,35.6,43.0,5.1,0.0,987.5
2026-05-19T14:00,29.7,66,34.3,0.0,5.0,0.0,988.9
2026-05-19T15:00,28.5,73,32.6,0.0,10.8,0.5,989.9
2026-05-19T16:00,28.2,76,32.8,0.0,8.0,0.0,990.3
2026-05-19T17:00,27.6,77,31.8,0.0,9.7,0.0,990.4
2026-05-19T18:00,27.2,78,31.0,0.0,11.0,0.0,990.4
2026-05-19T19:00,26.8,79,30.5,0.0,11.1,0.0,989.9
2026-05-19T20:00,26.5,79,30.3,0.0,9.9,0.0,989.3
2026-05-19T21:00,26.3,79,30.1,0.0,9.2,0.0,988.6
2026-05-19T22:00,26.1,80,30.1,0.0,7.2,0.0,988.2
2026-05-19T23:00,26.1,79,29.7,0.0,9.3,0.0,988.2
2026-05-20T00:00,26.1,80,29.6,0.0,10.8,0.0,988.8
2026-05-20T01:00,26.7,67,28.0,12.0,17.7,0.0,989.6
2026-05-20T02:00,27.4,69,29.7,126.0,14.8,0.0,990.2
2026-05-20T03:00,28.3,69,30.3,269.0,19.9,0.1,990.7
2026-05-20T04:00,30.2,63,32.3,453.0,20.2,0.0,990.9
2026-05-20T05:00,31.9,57,33.9,641.0,24.2,0.0,990.5
2026-05-20T06:00,33.4,50,35.1,756.0,26.8,0.0,990.2
2026-05-20T07:00,33.6,48,35.0,838.0,29.0,0.0,989.5
2026-05-20T08:00,34.0,44,34.0,707.0,30.2,0.0,988.3
2026-05-20T09:00,33.5,42,32.5,656.0,32.1,0.0,987.7
2026-05-20T10:00,33.4,39,31.2,464.0,32.8,0.0,987.1
2026-05-20T11:00,31.8,47,31.2,253.0,27.2,0.0,987.2
2026-05-20T12:00,31.1,50,31.2,175.0,24.1,0.0,988.0
2026-05-20T13:00,29.4,60,30.0,38.0,25.0,0.0,989.0
2026-05-20T14:00,28.4,64,29.3,0.0,22.8,0.0,989.7
2026-05-20T15:00,28.0,67,29.4,0.0,21.0,0.0,990.2
2026-05-20T16:00,27.8,67,29.0,0.0,21.9,0.0,990.9
2026-05-20T17:00,27.7,65,28.3,0.0,23.6,0.0,990.9
2026-05-20T18:00,27.5,62,27.7,0.0,24.1,0.0,990.7
2026-05-20T19:00,27.2,65,27.4,0.0,24.2,0.0,990.1
2026-05-20T20:00,27.0,67,27.4,0.0,24.4,0.0,989.8
2026-05-20T21:00,26.8,68,27.3,0.0,24.4,0.0,989.5
2026-05-20T22:00,26.6,69,27.2,0.0,23.5,0.0,989.4
2026-05-20T23:00,26.4,69,26.8,0.0,23.8,0.0,989.7
2026-05-21T00:00,26.2,72,27.2,0.0,21.5,0.0,990.3
2026-05-21T01:00,27.0,68,28.0,10.0,21.6,0.0,991.1
2026-05-21T02:00,27.9,66,29.5,119.0,19.1,0.0,991.8
2026-05-21T03:00,29.6,60,30.7,290.0,22.5,0.0,992.5
2026-05-21T04:00,31.4,54,32.0,511.0,24.9,0.0,992.6
2026-05-21T05:00,32.8,48,33.6,690.0,26.0,0.0,992.4
2026-05-21T06:00,33.9,43,34.9,820.0,26.5,0.0,992.3
2026-05-21T07:00,34.2,42,34.4,633.0,24.9,0.0,991.4
2026-05-21T08:00,34.6,40,34.3,515.0,24.8,0.0,990.2
2026-05-21T09:00,35.2,39,35.5,710.0,25.8,0.0,989.3
2026-05-21T10:00,34.7,41,34.5,585.0,26.5,0.0,988.8
2026-05-21T11:00,33.2,46,33.2,394.0,26.8,0.0,988.7
2026-05-21T12:00,31.7,52,32.1,207.0,25.6,0.0,989.1
2026-05-21T13:00,30.2,55,30.7,52.0,24.3,0.0,989.7
2026-05-21T14:00,29.5,60,30.5,0.0,22.3,0.0,990.7
2026-05-21T15:00,28.8,63,30.0,0.0,22.3,0.0,991.6
2026-05-21T16:00,28.4,65,29.7,0.0,21.1,0.0,992.2
2026-05-21T17:00,27.9,68,29.7,0.0,19.0,0.0,992.5
2026-05-21T18:00,27.6,68,29.2,0.0,19.1,0.0,992.5
2026-05-21T19:00,27.2,69,28.8,0.0,19.3,0.0,991.9
2026-05-21T20:00,27.0,71,28.8,0.0,18.1,0.0,991.6
2026-05-21T21:00,26.7,73,28.8,0.0,17.0,0.0,991.3
2026-05-21T22:00,26.6,74,28.8,0.0,16.8,0.0,990.7
2026-05-21T23:00,26.6,74,29.0,0.0,16.0,0.0,991.0
2026-05-22T00:00,26.4,76,28.8,0.0,15.6,0.0,991.5
2026-05-22T01:00,27.4,72,30.3,7.0,13.0,0.0,992.1
2026-05-22T02:00,28.3,68,31.4,61.0,11.4,0.0,992.9
2026-05-22T03:00,28.7,67,31.8,95.0,11.8,0.0,993.4
2026-05-22T04:00,30.5,60,33.3,284.0,12.9,0.0,993.7
2026-05-22T05:00,32.5,52,34.9,544.0,14.3,0.0,993.1
2026-05-22T06:00,34.5,44,37.8,850.0,16.8,0.0,992.3
2026-05-22T07:00,35.1,43,37.4,811.0,21.1,0.0,991.2
2026-05-22T08:00,36.0,40,38.1,861.0,22.7,0.0,990.2
2026-05-22T09:00,36.2,39,37.7,764.0,22.1,0.0,989.6
2026-05-22T10:00,35.5,40,36.2,570.0,21.3,0.0,989.0
2026-05-22T11:00,35.1,41,35.9,444.0,20.6,0.0,988.9
2026-05-22T12:00,33.3,48,34.5,201.0,20.3,0.0,989.2
2026-05-22T13:00,31.5,51,32.8,60.0,17.8,0.0,989.9
2026-05-22T14:00,30.2,57,31.9,0.0,17.9,0.0,990.6
2026-05-22T15:00,29.4,60,31.0,0.0,18.4,0.0,991.4
2026-05-22T16:00,28.8,63,30.9,0.0,15.8,0.0,991.9
2026-05-22T17:00,28.4,64,30.4,0.0,15.3,0.0,992.1
2026-05-22T18:00,28.1,65,30.4,0.0,13.2,0.0,992.1
2026-05-22T19:00,27.7,68,30.4,0.0,11.4,0.0,991.5
2026-05-22T20:00,27.3,71,30.5,0.0,9.7,0.0,990.9
2026-05-22T21:00,26.8,74,30.4,0.0,8.1,0.0,990.4
2026-05-22T22:00,26.4,77,30.5,0.0,5.1,0.0,990.2
2026-05-22T23:00,26.1,79,30.5,0.0,3.7,0.0,990.3
2026-05-23T00:00,25.8,80,30.2,0.0,4.0,0.0,990.3
2026-05-23T01:00,28.0,72,31.5,14.0,11.0,0.0,990.3
2026-05-23T02:00,28.9,68,32.6,148.0,9.9,0.0,990.8
2026-05-23T03:00,30.9,60,34.3,358.0,11.0,0.0,991.5
2026-05-23T04:00,33.0,51,36.4,550.0,8.5,0.0,991.5
2026-05-23T05:00,34.3,46,38.6,709.0,7.6,0.0,990.7
2026-05-23T06:00,35.7,43,39.7,822.0,12.9,0.0,990.2
2026-05-23T07:00,36.6,39,39.4,837.0,18.8,0.0,989.1
2026-05-23T08:00,36.6,37,37.5,819.0,25.8,0.1,988.1
2026-05-23T09:00,35.6,41,36.4,648.0,24.9,0.3,987.3
2026-05-23T10:00,34.9,43,34.9,614.0,29.5,0.0,986.3
2026-05-23T11:00,33.9,48,34.0,439.0,29.9,0.0,986.2
2026-05-23T12:00,32.2,53,33.3,241.0,24.2,0.0,986.5
2026-05-23T13:00,29.3,65,29.9,49.0,29.6,0.0,987.6
2026-05-23T14:00,28.4,71,30.1,0.0,24.2,0.0,988.4
2026-05-23T15:00,28.0,73,29.0,0.0,29.4,0.0,989.3
2026-05-23T16:00,27.6,74,28.8,0.0,26.8,0.0,990.9
2026-05-23T17:00,26.6,79,29.7,0.0,15.4,0.0,990.9
2026-05-23T18:00,26.8,75,28.1,0.0,24.3,0.0,990.9
2026-05-23T19:00,26.9,74,28.8,0.0,20.2,0.0,990.2
2026-05-23T20:00,27.1,73,29.2,0.0,18.1,0.0,989.5
2026-05-23T21:00,26.8,75,29.3,0.0,15.9,0.0,988.5
2026-05-23T22:00,26.2,79,29.1,0.0,14.7,0.2,988.7
2026-05-23T23:00,26.0,79,29.4,0.0,10.3,0.0,988.8
2026-05-24T00:00,25.8,79,29.4,0.0,8.8,0.0,989.4
2026-05-24T01:00,25.4,85,27.4,6.0,21.5,0.6,989.7
2026-05-24T02:00,27.7,69,29.0,123.0,22.8,0.1,990.0
2026-05-24T03:00,29.0,63,30.8,194.0,18.2,0.0,990.8
2026-05-24T04:00,29.5,60,30.6,235.0,22.6,0.0,991.2
2026-05-24T05:00,33.1,47,33.8,716.0,26.8,0.0,990.5
2026-05-24T06:00,32.0,49,31.5,440.0,30.5,0.0,990.5
2026-05-24T07:00,30.3,57,30.9,198.0,25.7,0.0,989.8
2026-05-24T08:00,31.1,54,31.4,242.0,26.7,0.0,988.7
2026-05-24T09:00,30.6,60,31.8,312.0,25.3,0.0,987.7
2026-05-24T10:00,29.0,71,32.1,135.0,17.1,0.3,987.1
2026-05-24T11:00,28.8,73,32.6,152.0,14.0,0.2,987.0
2026-05-24T12:00,28.9,71,32.4,129.0,14.3,0.0,987.9
2026-05-24T13:00,29.4,62,29.6,9.0,29.6,0.0,988.5
2026-05-24T14:00,28.7,67,29.5,0.0,27.6,0.0,989.6
2026-05-24T15:00,28.0,70,29.1,0.0,25.9,0.0,990.7
2026-05-24T16:00,27.3,74,28.9,0.0,23.7,0.1,991.8
2026-05-24T17:00,26.7,78,28.3,0.0,24.3,0.2,991.9
2026-05-24T18:00,25.7,86,28.0,0.0,21.9,0.5,991.5
2026-05-24T19:00,25.2,87,27.7,0.0,19.8,0.3,990.6
2026-05-24T20:00,24.8,90,27.9,0.0,16.8,0.5,990.3
2026-05-24T21:00,25.0,87,27.6,0.0,17.5,0.2,989.6
2026-05-24T22:00,25.0,84,27.6,0.0,16.6,0.0,989.4
2026-05-24T23:00,25.0,83,27.8,0.0,14.8,0.3,989.1
2026-05-25T00:00,24.7,87,28.0,0.0,12.7,0.1,989.5
2026-05-25T01:00,25.5,89,28.8,4.0,17.3,1.4,991.1
2026-05-25T02:00,26.0,89,30.0,50.0,14.7,0.5,991.4
2026-05-25T03:00,27.9,77,31.5,220.0,14.1,0.0,991.6
2026-05-25T04:00,28.7,69,32.2,259.0,11.6,0.0,990.8
2026-05-25T05:00,31.2,59,34.2,603.0,16.2,0.0,991.2
2026-05-25T06:00,31.4,55,32.8,420.0,21.6,0.0,990.7
2026-05-25T07:00,31.5,54,32.8,364.0,22.1,0.0,990.0
2026-05-25T08:00,32.6,52,32.5,498.0,32.6,0.0,989.5
2026-05-25T09:00,30.8,59,30.7,273.0,33.4,0.0,988.2
2026-05-25T10:00,32.0,55,31.3,538.0,37.3,0.1,987.8
2026-05-25T11:00,30.5,62,31.0,294.0,31.2,0.0,987.7
2026-05-25T12:00,29.0,69,30.5,147.0,25.7,0.0,988.4
2026-05-25T13:00,27.9,71,28.6,16.0,29.9,0.1,990.5
2026-05-25T14:00,27.4,72,28.4,0.0,26.8,0.0,991.3
2026-05-25T15:00,27.0,73,27.8,0.0,27.2,0.0,991.9
2026-05-25T16:00,26.4,74,26.7,0.0,29.5,0.0,992.6
2026-05-25T17:00,26.0,76,26.1,0.0,30.7,0.1,993.0
2026-05-25T18:00,25.3,78,25.3,0.0,30.2,0.1,992.5
2026-05-25T19:00,26.0,74,27.1,0.0,23.1,0.0,991.6
2026-05-25T20:00,26.1,76,27.2,0.0,23.8,0.0,991.1
2026-05-25T21:00,25.6,80,27.9,0.0,17.4,0.1,990.5
2026-05-25T22:00,25.6,80,27.9,0.0,16.6,0.0,990.2
2026-05-25T23:00,25.8,77,27.7,0.0,18.7,0.0,990.4
2026-05-26T00:00,26.3,74,27.1,0.0,25.0,0.0,990.2
2026-05-26T01:00,25.6,84,27.1,4.0,25.6,0.8,989.9
2026-05-26T02:00,25.8,80,27.4,43.0,23.1,0.2,991.0
2026-05-26T03:00,26.3,80,28.5,98.0,19.9,0.2,991.5
2026-05-26T04:00,28.4,71,30.3,421.0,23.2,0.3,991.8
2026-05-26T05:00,30.1,62,31.2,641.0,28.6,0.1,992.2
2026-05-26T06:00,29.1,66,29.7,521.0,29.6,0.2,991.8
2026-05-26T07:00,30.5,61,31.0,474.0,30.6,0.1,990.7
2026-05-26T08:00,31.6,56,31.2,649.0,38.2,0.0,989.3
2026-05-26T09:00,31.3,61,31.6,611.0,36.6,0.0,989.1
2026-05-26T10:00,29.6,65,29.6,209.0,34.5,0.0,988.2
2026-05-26T11:00,28.3,71,28.7,172.0,32.7,0.0,988.3
2026-05-26T12:00,27.3,74,28.9,149.0,23.7,0.0,988.6
2026-05-26T13:00,26.0,83,27.2,13.0,28.4,0.3,989.2
2026-05-26T14:00,26.1,77,26.1,0.0,32.7,0.0,989.8
2026-05-26T15:00,25.2,81,25.3,0.0,31.4,0.1,990.7
2026-05-26T16:00,24.5,86,25.2,0.0,28.4,1.6,991.4
2026-05-26T17:00,24.0,91,25.1,0.0,27.6,0.8,991.8
2026-05-26T18:00,24.3,89,25.4,0.0,27.5,0.3,991.2
2026-05-26T19:00,24.7,88,26.4,0.0,24.5,0.1,990.1
2026-05-26T20:00,25.1,86,26.8,0.0,24.7,0.1,989.6
2026-05-26T21:00,25.1,84,25.8,0.0,29.9,0.1,989.1
2026-05-26T22:00,24.9,84,26.0,0.0,26.8,0.2,988.8
2026-05-26T23:00,25.1,83,25.8,0.0,28.5,0.2,988.6
2026-05-27T00:00,25.6,78,26.3,0.0,26.4,0.0,988.8
2026-05-27T01:00,27.0,77,28.2,14.0,27.4,0.0,989.3
2026-05-27T02:00,28.0,70,29.5,145.0,22.9,0.0,990.0
2026-05-27T03:00,27.8,70,28.7,198.0,27.1,0.0,990.0
2026-05-27T04:00,28.8,66,29.4,315.0,29.1,0.0,990.7
2026-05-27T05:00,30.1,60,29.8,503.0,33.8,0.0,990.9
2026-05-27T06:00,30.0,59,29.8,380.0,31.8,0.0,990.5
2026-05-27T07:00,30.2,59,29.7,538.0,34.3,0.0,989.9
2026-05-27T08:00,31.5,57,32.2,849.0,36.0,0.0,989.4
2026-05-27T09:00,31.9,55,31.9,747.0,37.6,0.0,988.4
2026-05-27T10:00,30.5,59,30.4,641.0,35.7,0.0,987.9
2026-05-27T11:00,29.8,63,29.4,420.0,36.2,0.0,987.6
2026-05-27T12:00,28.2,67,28.0,253.0,32.8,0.0,988.0
2026-05-27T13:00,26.6,79,27.6,64.0,28.8,0.0,987.6
2026-05-27T14:00,26.1,80,27.5,0.0,25.7,0.0,988.8
2026-05-27T15:00,26.7,76,27.4,0.0,29.3,0.0,989.9
2026-05-27T16:00,26.4,78,27.6,0.0,26.0,0.0,990.6
2026-05-27T17:00,26.0,80,27.2,0.0,26.1,0.0,991.0
2026-05-27T18:00,25.9,77,26.6,0.0,27.4,0.0,991.1
2026-05-27T19:00,25.5,79,26.3,0.0,26.2,0.0,990.5
2026-05-27T20:00,25.1,80,25.8,0.0,26.8,0.0,989.8
2026-05-27T21:00,24.9,81,26.2,0.0,23.1,0.0,989.2
2026-05-27T22:00,25.2,80,25.9,0.0,27.1,0.0,988.8
2026-05-27T23:00,25.2,80,26.1,0.0,26.0,0.0,988.6
2026-05-28T00:00,25.3,79,26.0,0.0,27.0,0.0,988.9
2026-05-28T01:00,26.1,79,27.1,14.0,26.7,0.0,989.1
2026-05-28T02:00,26.9,75,28.0,138.0,26.1,0.0,989.6
2026-05-28T03:00,28.9,67,29.5,344.0,29.4,0.0,989.9
2026-05-28T04:00,30.7,60,30.5,546.0,35.2,0.0,989.8
2026-05-28T05:00,31.9,54,31.8,719.0,36.9,0.0,990.3
2026-05-28T06:00,33.1,50,33.5,841.0,35.9,0.1,990.4
2026-05-28T07:00,33.6,49,34.0,872.0,36.8,0.4,989.4
2026-05-28T08:00,33.3,50,33.7,840.0,37.2,0.0,988.5
2026-05-28T09:00,33.0,53,32.9,716.0,38.8,0.0,987.8
2026-05-28T10:00,32.4,54,32.1,580.0,36.1,0.1,987.3
2026-05-28T11:00,30.3,60,29.9,365.0,35.0,0.0,987.2
2026-05-28T12:00,29.3,66,29.4,192.0,33.3,0.0,987.8
2026-05-28T13:00,27.3,74,28.8,36.0,24.8,0.0,988.5
2026-05-28T14:00,26.2,79,28.0,0.0,21.6,0.0,989.2
2026-05-28T15:00,25.8,80,26.9,0.0,26.3,0.0,989.8
2026-05-28T16:00,26.0,78,27.0,0.0,26.1,0.0,990.6
2026-05-28T17:00,25.6,80,26.3,0.0,27.5,0.0,990.8
2026-05-28T18:00,25.7,77,25.8,0.0,30.6,0.0,990.6
2026-05-28T19:00,25.7,78,26.4,0.0,27.4,0.0,989.8
2026-05-28T20:00,26.1,78,26.7,0.0,28.8,0.0,988.6
2026-05-28T21:00,26.1,76,26.7,0.0,28.1,0.0,988.3
2026-05-28T22:00,25.8,77,26.4,0.0,27.6,0.0,988.5
2026-05-28T23:00,25.8,77,26.7,0.0,24.7,0.0,988.4
2026-05-29T00:00,25.8,76,26.7,0.0,23.9,0.0,988.5
2026-05-29T01:00,26.6,76,27.3,12.0,28.7,0.0,989.2
2026-05-29T02:00,26.7,76,28.4,54.0,22.8,0.0,989.9
2026-05-29T03:00,28.8,66,29.6,220.0,27.9,0.0,990.2
2026-05-29T04:00,31.0,58,30.9,503.0,32.7,0.0,990.7
2026-05-29T05:00,31.9,56,32.6,674.0,32.5,0.0,990.4
2026-05-29T06:00,32.6,51,32.7,770.0,36.0,0.0,990.1
2026-05-29T07:00,31.4,56,31.1,587.0,34.5,0.0,989.4
2026-05-29T08:00,31.2,58,31.9,772.0,35.1,0.1,988.8
2026-05-29T09:00,31.1,61,32.6,660.0,29.7,0.1,988.1
2026-05-29T10:00,31.1,58,30.5,450.0,37.1,0.0,987.3
2026-05-29T11:00,30.7,60,30.7,440.0,33.8,0.0,987.3
2026-05-29T12:00,29.1,66,29.5,212.0,30.4,0.0,987.7
2026-05-29T13:00,26.6,80,28.0,28.0,27.8,0.4,988.4
2026-05-29T14:00,24.9,90,26.0,0.0,31.0,2.0,989.2
2026-05-29T15:00,25.4,86,27.5,0.0,22.1,3.9,989.7
2026-05-29T16:00,25.8,81,27.2,0.0,24.8,0.0,990.1
2026-05-29T17:00,26.0,78,27.0,0.0,25.9,0.0,989.9
2026-05-29T18:00,25.9,76,26.9,0.0,24.4,0.0,989.9
2026-05-29T19:00,25.9,78,27.1,0.0,24.0,0.0,989.3
2026-05-29T20:00,25.8,80,27.4,0.0,23.1,0.0,988.7
2026-05-29T21:00,24.8,91,27.1,0.0,21.9,0.7,988.6
2026-05-29T22:00,24.6,92,27.2,0.0,20.2,0.6,988.2
2026-05-29T23:00,24.6,91,27.3,0.0,19.6,2.2,988.1
2026-05-30T00:00,24.5,91,27.1,0.0,20.0,2.5,988.6
2026-05-30T01:00,25.1,83,26.7,7.0,22.8,0.0,989.1
2026-05-30T02:00,25.6,82,28.0,45.0,18.2,0.8,990.2
2026-05-30T03:00,27.4,73,29.7,169.0,17.7,0.0,991.1
2026-05-30T04:00,27.3,76,29.4,321.0,22.0,0.2,991.3
2026-05-30T05:00,27.5,76,29.6,181.0,22.2,0.0,991.8
2026-05-30T06:00,30.8,61,32.2,563.0,26.6,0.0,991.3
2026-05-30T07:00,29.5,68,31.4,435.0,24.2,0.1,990.9
2026-05-30T08:00,29.4,71,31.0,527.0,27.9,0.3,990.7
2026-05-30T09:00,31.3,59,32.4,582.0,28.4,0.0,989.4
2026-05-30T10:00,29.3,66,30.5,263.0,27.1,0.0,989.2
2026-05-30T11:00,28.8,69,30.3,183.0,25.4,0.0,989.1
2026-05-30T12:00,28.5,71,30.7,85.0,21.3,0.0,989.0
2026-05-30T13:00,26.7,72,27.5,63.0,25.2,0.0,990.1
2026-05-30T14:00,25.9,74,26.1,0.0,28.4,0.0,990.8
2026-05-30T15:00,26.0,74,26.3,0.0,27.5,0.0,991.4
2026-05-30T16:00,25.9,76,26.7,0.0,26.3,0.0,992.1
2026-05-30T17:00,25.8,76,26.5,0.0,25.7,0.0,992.6
2026-05-30T18:00,26.0,74,26.4,0.0,26.7,0.0,992.9
2026-05-30T19:00,25.7,75,26.1,0.0,26.7,0.0,992.8
2026-05-30T20:00,25.7,78,26.6,0.0,25.4,0.0,992.4
2026-05-30T21:00,25.5,80,26.7,0.0,23.8,0.0,991.5
2026-05-30T22:00,25.3,80,26.3,0.0,24.9,0.0,991.4
2026-05-30T23:00,25.4,80,26.5,0.0,24.9,0.0,992.0
2026-05-31T00:00,25.3,81,26.2,0.0,26.8,0.0,991.8
2026-05-31T01:00,25.7,80,27.5,11.0,21.5,0.0,991.9
2026-05-31T02:00,26.4,78,29.1,73.0,16.5,0.0,993.0
2026-05-31T03:00,27.3,75,30.0,122.0,17.3,0.0,993.6
2026-05-31T04:00,28.4,70,30.6,213.0,20.2,0.0,994.2
2026-05-31T05:00,29.9,65,31.9,410.0,21.6,0.0,994.2
2026-05-31T06:00,30.6,60,32.3,532.0,22.2,0.0,994.2
2026-05-31T07:00,30.5,61,32.8,502.0,17.7,0.0,993.5
2026-05-31T08:00,31.5,57,34.7,671.0,16.3,0.0,992.4
2026-05-31T09:00,31.8,56,34.3,598.0,17.8,0.0,991.7
2026-05-31T10:00,31.2,59,33.3,279.0,19.8,0.0,991.1
2026-05-31T11:00,32.1,54,33.4,441.0,22.5,0.0,990.6
2026-05-31T12:00,30.7,62,32.3,232.0,24.7,0.0,990.8
2026-05-31T13:00,29.0,70,31.2,64.0,21.5,0.0,991.8
2026-05-31T14:00,27.7,75,29.4,0.0,25.0,0.0,992.7
2026-05-31T15:00,27.1,76,28.9,0.0,23.2,0.0,993.1
2026-05-31T16:00,26.6,78,28.3,0.0,23.4,0.0,993.4
2026-05-31T17:00,26.4,79,28.4,0.0,21.6,0.0,993.6
2026-05-31T18:00,26.2,81,28.1,0.0,22.5,0.0,993.8
2026-05-31T19:00,26.0,81,27.9,0.0,22.4,0.0,993.7
2026-05-31T20:00,25.9,82,27.8,0.0,22.8,0.0,993.4
2026-05-31T21:00,25.7,84,27.9,0.0,21.8,0.0,993.1
2026-05-31T22:00,25.6,85,28.0,0.0,19.9,0.0,993.1
2026-05-31T23:00,25.6,85,28.1,0.0,20.0,0.0,993.2
2026-06-01T00:00,25.5,86,28.2,0.0,19.3,0.0,993.6
2026-06-01T01:00,26.7,79,29.5,14.0,17.1,0.0,994.0
2026-06-01T02:00,27.5,77,30.4,152.0,17.9,0.0,994.7
2026-06-01T03:00,29.4,69,32.6,371.0,16.2,0.0,994.9
2026-06-01T04:00,31.1,61,34.4,577.0,14.5,0.0,995.1
2026-06-01T05:00,32.6,55,36.9,756.0,13.3,0.0,994.9
2026-06-01T06:00,33.9,50,38.9,874.0,12.0,0.0,994.4
2026-06-01T07:00,35.1,45,39.9,924.0,12.2,0.0,993.4
2026-06-01T08:00,35.7,42,39.5,880.0,15.5,0.0,992.5
2026-06-01T09:00,36.0,41,39.0,819.0,17.5,0.0,991.5
2026-06-01T10:00,35.5,41,37.1,639.0,19.6,0.0,991.2
2026-06-01T11:00,33.6,50,34.7,422.0,24.5,0.0,991.3
2026-06-01T12:00,32.3,54,33.2,246.0,26.3,0.0,991.7
2026-06-01T13:00,30.9,57,32.0,62.0,24.0,0.0,992.3
2026-06-01T14:00,29.5,63,31.0,0.0,21.7,0.0,993.1
2026-06-01T15:00,28.9,63,30.0,0.0,22.5,0.0,993.8
2026-06-01T16:00,28.3,68,29.7,0.0,22.5,0.0,994.3
2026-06-01T17:00,27.5,73,29.3,0.0,22.6,0.0,994.5
2026-06-01T18:00,27.1,74,28.9,0.0,21.3,0.0,994.6
2026-06-01T19:00,26.6,76,28.3,0.0,21.3,0.0,994.2
2026-06-01T20:00,26.4,77,28.0,0.0,21.8,0.0,993.9
2026-06-01T21:00,26.0,79,27.7,0.0,21.8,0.0,993.3
2026-06-01T22:00,25.7,81,27.6,0.0,21.2,0.0,993.0
2026-06-01T23:00,25.5,81,27.5,0.0,19.8,0.0,992.8
2026-06-02T00:00,25.3,82,27.7,0.0,17.2,0.0,993.0
2026-06-02T01:00,26.8,73,29.0,14.0,16.6,0.0,993.5
2026-06-02T02:00,28.1,68,30.6,147.0,15.4,0.0,994.4
2026-06-02T03:00,29.7,63,31.8,344.0,17.7,0.0,994.8
2026-06-02T04:00,31.4,57,33.1,537.0,20.3,0.0,994.6
2026-06-02T05:00,33.2,50,35.6,730.0,20.3,0.0,994.0
2026-06-02T06:00,34.4,46,37.2,846.0,20.7,0.0,993.7
2026-06-02T07:00,35.5,43,38.3,877.0,21.1,0.0,992.7
2026-06-02T08:00,36.0,38,37.6,881.0,24.5,0.0,992.0
2026-06-02T09:00,35.9,40,37.3,797.0,25.0,0.0,991.2
2026-06-02T10:00,35.2,41,35.7,677.0,26.6,0.0,990.9
2026-06-02T11:00,33.7,47,33.9,438.0,27.1,0.0,991.3
2026-06-02T12:00,31.7,53,32.3,235.0,25.4,0.0,992.0
2026-06-02T13:00,31.0,51,31.3,67.0,22.8,0.0,992.1
2026-06-02T14:00,29.5,58,30.1,0.0,23.1,0.0,993.2
2026-06-02T15:00,28.7,62,29.5,0.0,23.3,0.0,993.7
2026-06-02T16:00,28.0,66,28.9,0.0,23.5,0.0,994.2
2026-06-02T17:00,27.4,69,28.3,0.0,24.4,0.0,994.2
2026-06-02T18:00,27.1,70,28.0,0.0,23.7,0.0,994.1
2026-06-02T19:00,26.8,71,27.5,0.0,25.4,0.0,993.6
2026-06-02T20:00,26.7,71,27.2,0.0,26.5,0.0,993.2
2026-06-02T21:00,26.4,73,27.3,0.0,23.9,0.0,992.7
2026-06-02T22:00,26.1,74,27.5,0.0,20.5,0.0,992.5
2026-06-02T23:00,26.2,73,27.3,0.0,22.2,0.0,992.7
2026-06-03T00:00,26.0,74,27.0,0.0,22.5,0.0,993.3
2026-06-03T01:00,27.4,68,28.4,13.0,23.1,0.0,993.9
2026-06-03T02:00,28.4,65,29.6,150.0,22.4,0.0,994.6
2026-06-03T03:00,30.1,59,31.4,365.0,22.3,0.0,995.0
2026-06-03T04:00,32.0,51,32.4,548.0,25.9,0.0,995.1
2026-06-03T05:00,33.2,48,34.2,738.0,27.6,0.0,994.7
2026-06-03T06:00,34.1,47,35.8,856.0,27.1,0.0,993.8
2026-06-03T07:00,34.9,45,36.9,902.0,26.8,0.0,992.9
2026-06-03T08:00,35.2,43,36.8,836.0,26.8,0.0,991.8
2026-06-03T09:00,34.2,46,35.1,695.0,27.1,0.3,991.1
2026-06-03T10:00,34.0,46,34.0,490.0,28.8,0.0,990.6
2026-06-03T11:00,33.0,48,33.1,387.0,27.2,0.0,990.5
2026-06-03T12:00,31.5,55,32.3,224.0,25.5,0.0,991.2
2026-06-03T13:00,30.0,57,30.4,69.0,25.4,0.0,991.7
2026-06-03T14:00,28.9,63,29.8,0.0,23.8,0.0,992.8
2026-06-03T15:00,28.2,65,29.2,0.0,23.3,0.0,993.7
2026-06-03T16:00,27.6,69,29.0,0.0,21.6,0.0,994.1
2026-06-03T17:00,27.2,71,28.8,0.0,20.8,0.0,994.4
2026-06-03T18:00,26.9,73,28.5,0.0,20.7,0.0,994.9
2026-06-03T19:00,26.5,75,28.2,0.0,20.8,0.0,994.5
2026-06-03T20:00,26.2,76,27.9,0.0,20.5,0.0,993.9
2026-06-03T21:00,25.9,77,27.7,0.0,20.1,0.0,993.6
2026-06-03T22:00,25.8,77,27.8,0.0,18.3,0.0,993.3
2026-06-03T23:00,25.8,76,27.9,0.0,16.8,0.0,993.6
2026-06-04T00:00,25.7,77,27.9,0.0,15.8,0.0,994.1
2026-06-04T01:00,26.8,71,29.1,14.0,14.6,0.0,994.5
2026-06-04T02:00,28.3,65,30.3,148.0,16.1,0.0,994.9
2026-06-04T03:00,30.1,58,32.1,354.0,15.9,0.0,995.1
2026-06-04T04:00,32.0,51,34.3,565.0,13.3,0.0,995.3
2026-06-04T05:00,33.4,47,36.5,734.0,13.7,0.0,994.9
2026-06-04T06:00,34.3,44,37.4,822.0,15.8,0.0,994.3
2026-06-04T07:00,32.8,51,35.1,762.0,22.0,0.7,993.9
2026-06-04T08:00,33.4,46,34.8,652.0,21.2,0.0,992.8
2026-06-04T09:00,34.0,47,35.9,675.0,20.5,0.0,992.0
2026-06-04T10:00,32.8,49,34.2,623.0,22.1,0.2,991.6
2026-06-04T11:00,32.5,52,33.9,301.0,21.8,0.0,990.8
2026-06-04T12:00,31.8,55,33.4,228.0,21.1,0.0,991.5
2026-06-04T13:00,30.3,57,31.3,62.0,21.6,0.0,992.6
2026-06-04T14:00,28.7,65,30.2,0.0,21.1,0.0,993.1
2026-06-04T15:00,28.0,68,29.8,0.0,20.0,0.0,993.9
2026-06-04T16:00,27.4,71,29.1,0.0,20.4,0.0,993.9
2026-06-04T17:00,26.7,75,28.5,0.0,20.3,0.0,994.5
2026-06-04T18:00,26.3,76,28.0,0.0,20.7,0.0,994.6
2026-06-04T19:00,26.0,77,28.0,0.0,19.2,0.0,994.2
2026-06-04T20:00,25.7,79,28.3,0.0,15.5,0.0,993.6
2026-06-04T21:00,25.3,82,28.4,0.0,12.1,0.0,993.4
2026-06-04T22:00,25.0,84,28.2,0.0,12.0,0.0,993.5
2026-06-04T23:00,24.8,86,28.0,0.0,12.3,0.0,993.7
2026-06-05T00:00,24.6,88,27.9,0.0,12.1,0.0,994.1
2026-06-05T01:00,26.1,79,28.8,14.0,14.9,0.0,994.6
2026-06-05T02:00,27.8,72,30.7,153.0,14.3,0.0,995.2
2026-06-05T03:00,30.1,60,32.8,370.0,12.8,0.0,995.5
2026-06-05T04:00,32.1,49,34.2,584.0,13.6,0.0,995.3
2026-06-05T05:00,33.9,41,36.1,761.0,14.4,0.0,994.8
2026-06-05T06:00,35.5,34,37.7,884.0,14.5,0.0,994.2
2026-06-05T07:00,36.6,30,38.6,932.0,14.7,0.0,993.4
2026-06-05T08:00,37.1,29,38.8,885.0,14.7,0.0,992.6
2026-06-05T09:00,37.3,29,38.1,767.0,15.8,0.0,991.6
2026-06-05T10:00,36.8,30,37.1,647.0,16.5,0.0,991.1
2026-06-05T11:00,35.8,31,35.3,442.0,18.2,0.0,990.7
2026-06-05T12:00,34.4,37,34.2,253.0,20.3,0.0,991.1
2026-06-05T13:00,33.2,38,32.8,72.0,19.0,0.0,992.2
2026-06-05T14:00,30.2,54,30.7,0.0,22.3,0.0,993.3
2026-06-05T15:00,29.3,61,30.6,0.0,20.6,0.0,994.1
2026-06-05T16:00,28.6,64,30.3,0.0,19.0,0.0,994.6
2026-06-05T17:00,27.8,67,29.7,0.0,17.2,0.0,995.0
2026-06-05T18:00,27.3,70,30.0,0.0,12.1,0.0,995.3
2026-06-05T19:00,26.9,73,29.9,0.0,10.7,0.0,995.3
2026-06-05T20:00,26.8,73,29.4,0.0,14.1,0.0,994.7
2026-06-05T21:00,26.5,75,29.2,0.0,13.6,0.0,994.4
2026-06-05T22:00,26.2,78,29.3,0.0,12.4,0.0,994.1
2026-06-05T23:00,25.8,81,29.3,0.0,11.1,0.0,994.0
2026-06-06T00:00,25.6,83,29.2,0.0,11.0,0.0,994.2
2026-06-06T01:00,26.9,77,30.2,14.0,12.6,0.0,994.8
2026-06-06T02:00,28.4,70,31.6,154.0,13.2,0.0,995.3
2026-06-06T03:00,30.8,58,33.6,365.0,12.8,0.0,995.6
2026-06-06T04:00,32.7,49,35.2,568.0,12.1,0.0,995.6
2026-06-06T05:00,34.2,43,37.5,732.0,9.9,0.0,994.9
2026-06-06T06:00,35.3,39,38.8,789.0,8.8,0.0,994.3
2026-06-06T07:00,36.4,35,39.9,846.0,9.4,0.0,993.4
2026-06-06T08:00,37.2,32,40.3,845.0,9.9,0.0,992.6
2026-06-06T09:00,37.4,31,39.5,726.0,10.7,0.0,991.6
2026-06-06T10:00,37.2,32,38.6,619.0,11.8,0.0,991.0
2026-06-06T11:00,36.5,33,36.9,451.0,15.2,0.0,991.1
2026-06-06T12:00,34.7,38,34.6,252.0,20.5,0.0,991.7
2026-06-06T13:00,33.8,40,34.0,70.0,19.3,0.0,991.7
2026-06-06T14:00,30.9,53,31.4,0.0,22.8,0.0,992.7
2026-06-06T15:00,29.8,58,31.2,0.0,19.4,0.0,993.6
2026-06-06T16:00,29.0,62,30.2,0.0,21.4,0.0,994.2
2026-06-06T17:00,28.4,66,31.0,0.0,13.2,0.0,995.0
2026-06-06T18:00,27.9,69,31.9,0.0,5.7,0.0,995.5
2026-06-06T19:00,27.5,72,30.9,0.0,10.6,0.0,995.2
2026-06-06T20:00,27.2,74,29.9,0.0,15.1,0.0,994.7
2026-06-06T21:00,26.9,74,29.4,0.0,15.5,0.0,994.3
2026-06-06T22:00,26.7,74,28.8,0.0,17.8,0.0,994.1
2026-06-06T23:00,26.3,77,28.7,0.0,16.3,0.0,994.4
2026-06-07T00:00,26.0,78,28.5,0.0,15.7,0.0,994.6
2026-06-07T01:00,27.3,73,29.6,14.0,17.3,0.0,995.4
2026-06-07T02:00,28.3,68,30.3,151.0,19.3,0.0,995.9
2026-06-07T03:00,30.7,56,32.2,367.0,19.1,0.0,996.2
2026-06-07T04:00,32.7,48,34.5,579.0,16.5,0.0,995.9
2026-06-07T05:00,34.3,42,36.9,755.0,14.3,0.0,995.4
2026-06-07T06:00,35.2,39,37.6,723.0,12.7,0.0,994.9
2026-06-07T07:00,36.6,35,39.8,916.0,12.5,0.0,994.0
2026-06-07T08:00,37.0,32,39.0,822.0,14.2,0.0,992.9
2026-06-07T09:00,37.2,30,38.1,797.0,18.6,0.0,991.7
2026-06-07T10:00,36.4,32,36.1,671.0,22.9,0.0,990.9
2026-06-07T11:00,35.1,36,34.2,482.0,24.8,0.0,991.0
2026-06-07T12:00,33.4,42,32.7,268.0,25.9,0.0,991.6
2026-06-07T13:00,31.7,48,31.9,75.0,22.9,0.0,991.9
2026-06-07T14:00,29.9,55,29.9,0.0,25.6,0.0,992.8
2026-06-07T15:00,28.9,58,29.6,0.0,21.0,0.0,993.5
2026-06-07T16:00,28.4,62,29.4,0.0,21.1,0.0,994.4
2026-06-07T17:00,27.8,65,28.8,0.0,22.2,0.0,994.9
2026-06-07T18:00,27.4,69,28.5,0.0,22.6,0.0,994.9
2026-06-07T19:00,26.9,72,28.4,0.0,21.1,0.0,994.6
2026-06-07T20:00,26.5,74,28.4,0.0,18.8,0.0,994.0
2026-06-07T21:00,26.3,75,28.5,0.0,16.4,0.0,993.5
2026-06-07T22:00,26.1,76,28.4,0.0,15.8,0.0,993.5
2026-06-07T23:00,25.9,77,27.9,0.0,17.3,0.0,993.6
2026-06-08T00:00,25.6,78,27.7,0.0,17.3,0.0,993.8
2026-06-08T01:00,27.0,72,29.3,14.0,16.4,0.0,994.3
2026-06-08T02:00,28.3,64,30.1,156.0,17.2,0.0,994.9
2026-06-08T03:00,30.6,55,32.2,372.0,17.1,0.0,994.8
2026-06-08T04:00,32.8,46,34.2,585.0,16.6,0.0,994.8
2026-06-08T05:00,34.7,38,36.5,760.0,16.2,0.0,994.2
2026-06-08T06:00,36.2,33,38.2,882.0,16.2,0.0,993.4
2026-06-08T07:00,37.2,31,39.6,936.0,14.9,0.0,992.4
2026-06-08T08:00,37.8,30,40.3,914.0,13.7,0.0,991.4
2026-06-08T09:00,38.2,29,40.2,839.0,13.0,0.0,990.3
2026-06-08T10:00,38.1,29,38.8,671.0,15.9,0.0,989.7
2026-06-08T11:00,36.5,33,36.3,472.0,19.6,0.0,989.6
2026-06-08T12:00,34.4,41,34.8,246.0,21.4,0.0,990.5
2026-06-08T13:00,32.0,52,32.8,68.0,23.9,0.0,991.5
2026-06-08T14:00,30.5,58,31.6,0.0,23.1,0.0,992.3
2026-06-08T15:00,28.9,65,30.9,0.0,18.5,0.0,993.4
2026-06-08T16:00,28.5,65,29.8,0.0,22.2,0.0,994.2
2026-06-08T17:00,27.7,69,28.6,0.0,25.2,0.0,994.2
2026-06-08T18:00,27.2,71,28.4,0.0,23.4,0.0,994.2
2026-06-08T19:00,26.9,73,29.0,0.0,17.4,0.0,993.9
2026-06-08T20:00,26.6,75,29.4,0.0,13.7,0.0,993.9
2026-06-08T21:00,26.4,76,29.5,0.0,11.7,0.0,993.4
2026-06-08T22:00,26.1,78,29.1,0.0,12.6,0.0,993.1
2026-06-08T23:00,25.7,80,28.5,0.0,14.3,0.0,992.8
2026-06-09T00:00,25.5,80,28.1,0.0,15.0,0.0,992.7
2026-06-09T01:00,26.7,76,28.8,9.0,19.5,0.0,993.3
2026-06-09T02:00,27.4,73,29.2,103.0,21.4,0.0,993.7
2026-06-09T03:00,27.9,69,29.4,160.0,22.1,0.0,994.1
2026-06-09T04:00,29.0,64,30.9,196.0,18.6,0.0,994.0
2026-06-09T05:00,31.5,53,33.2,383.0,17.1,0.0,993.8
2026-06-09T06:00,34.1,45,36.7,781.0,17.8,0.0,992.9
2026-06-09T07:00,35.5,40,38.1,883.0,19.2,0.0,991.6
2026-06-09T08:00,35.3,40,37.5,843.0,20.0,0.0,990.7
2026-06-09T09:00,35.7,41,37.6,717.0,20.2,0.0,989.9
2026-06-09T10:00,34.2,45,35.6,590.0,19.4,0.1,989.1
2026-06-09T11:00,33.7,46,34.5,372.0,22.9,0.0,989.0
2026-06-09T12:00,32.6,50,33.6,202.0,22.1,0.0,989.5
2026-06-09T13:00,31.3,55,32.5,63.0,21.9,0.0,990.0
2026-06-09T14:00,30.1,59,31.3,0.0,21.9,0.0,990.7
2026-06-09T15:00,29.3,62,30.6,0.0,21.9,0.0,991.5
2026-06-09T16:00,28.8,64,30.3,0.0,21.1,0.0,992.0
2026-06-09T17:00,28.4,65,29.7,0.0,21.7,0.0,992.6
2026-06-09T18:00,27.9,67,29.1,0.0,22.5,0.0,992.5
2026-06-09T19:00,27.5,70,28.8,0.0,22.7,0.0,991.4
2026-06-09T20:00,27.2,71,28.8,0.0,20.8,0.0,990.6
2026-06-09T21:00,27.0,73,28.9,0.0,19.5,0.0,990.4
2026-06-09T22:00,26.8,75,28.5,0.0,21.1,0.0,990.1
2026-06-09T23:00,26.5,76,28.5,0.0,20.0,0.0,989.7
2026-06-10T00:00,26.3,77,28.6,0.0,17.9,0.0,989.7
2026-06-10T01:00,27.3,72,29.1,12.0,20.5,0.0,990.8
2026-06-10T02:00,28.4,68,30.2,127.0,21.1,0.0,991.1
2026-06-10T03:00,30.6,59,32.3,333.0,20.6,0.0,991.3
2026-06-10T04:00,32.9,49,34.6,567.0,17.7,0.0,991.2
2026-06-10T05:00,34.6,43,36.9,737.0,17.1,0.0,990.8
2026-06-10T06:00,36.0,38,38.4,846.0,18.4,0.0,990.1
2026-06-10T07:00,36.7,36,39.1,866.0,18.7,0.0,989.2
2026-06-10T08:00,37.5,36,39.7,872.0,20.6,0.0,988.1
2026-06-10T09:00,36.3,37,37.3,774.0,24.2,0.5,987.2
2026-06-10T10:00,34.1,45,34.7,393.0,23.4,0.4,986.9
2026-06-10T11:00,33.5,48,34.1,387.0,25.4,0.0,987.1
2026-06-10T12:00,32.2,55,33.6,209.0,23.8,0.0,987.2
2026-06-10T13:00,31.0,53,31.5,70.0,24.0,0.0,987.9
2026-06-10T14:00,29.3,64,31.0,0.0,20.7,0.0,988.8
2026-06-10T15:00,28.4,68,30.4,0.0,20.3,0.0,989.4
2026-06-10T16:00,27.8,70,29.5,0.0,21.4,0.0,989.9
2026-06-10T17:00,27.0,75,28.9,0.0,21.1,0.0,990.6
2026-06-10T18:00,26.7,77,29.4,0.0,16.0,0.0,990.3
2026-06-10T19:00,26.3,79,28.7,0.0,18.2,0.0,990.2
2026-06-10T20:00,25.9,80,28.2,0.0,17.8,0.0,989.4
2026-06-10T21:00,25.9,79,27.8,0.0,20.8,0.0,988.6
2026-06-10T22:00,25.9,80,27.6,0.0,22.3,0.0,988.6
2026-06-10T23:00,25.8,80,27.4,0.0,22.9,0.0,988.9
2026-06-11T00:00,25.5,81,27.9,0.0,17.3,0.0,989.0
2026-06-11T01:00,26.6,78,28.8,12.0,19.9,0.0,989.4
2026-06-11T02:00,28.0,72,30.3,125.0,19.1,0.0,990.3
2026-06-11T03:00,28.3,68,30.5,129.0,18.2,0.0,990.4
2026-06-11T04:00,30.0,60,31.9,259.0,18.5,0.0,990.8
2026-06-11T05:00,32.6,50,34.8,574.0,14.3,0.0,990.4
2026-06-11T06:00,34.4,44,37.2,759.0,16.2,0.0,989.9
2026-06-11T07:00,35.4,42,38.3,738.0,15.7,0.0,989.2
2026-06-11T08:00,33.3,47,35.0,688.0,20.9,0.1,988.3
2026-06-11T09:00,34.3,45,35.9,521.0,17.7,0.1,987.0
2026-06-11T10:00,35.0,43,36.4,640.0,20.9,0.0,985.9
2026-06-11T11:00,33.4,48,33.7,453.0,26.8,0.1,985.9
2026-06-11T12:00,31.0,56,31.3,232.0,28.7,0.0,986.9
2026-06-11T13:00,28.6,64,29.4,58.0,24.6,0.0,987.3
2026-06-11T14:00,27.4,71,28.5,0.0,24.9,0.0,988.4
2026-06-11T15:00,26.5,74,27.8,0.0,22.1,0.0,989.2
2026-06-11T16:00,26.2,76,27.4,0.0,23.7,0.0,989.8
2026-06-11T17:00,26.0,77,26.7,0.0,27.7,0.0,990.3
2026-06-11T18:00,25.8,79,27.6,0.0,21.5,0.0,990.2
2026-06-11T19:00,25.8,80,27.9,0.0,19.4,0.0,989.7
2026-06-11T20:00,25.4,82,27.1,0.0,22.1,0.0,989.1
2026-06-11T21:00,25.4,81,27.3,0.0,20.6,0.0,988.5
2026-06-11T22:00,25.3,82,27.4,0.0,19.0,0.0,988.2
2026-06-11T23:00,25.2,82,27.3,0.0,18.7,0.0,988.2
2026-06-12T00:00,25.2,80,27.2,0.0,18.2,0.0,988.2
2026-06-12T01:00,25.9,74,27.2,11.0,20.2,0.0,988.7
2026-06-12T02:00,26.4,73,27.6,100.0,22.7,0.0,989.2
2026-06-12T03:00,28.5,65,29.6,265.0,23.4,0.0,989.5
2026-06-12T04:00,30.4,57,31.0,420.0,26.2,0.0,990.0
2026-06-12T05:00,31.8,54,32.8,631.0,26.9,0.0,989.9
2026-06-12T06:00,32.8,50,33.7,772.0,29.5,0.1,989.1
2026-06-12T07:00,33.9,45,34.5,800.0,31.1,0.0,988.2
2026-06-12T08:00,33.6,45,33.7,747.0,31.9,0.0,987.1
2026-06-12T09:00,33.8,45,33.8,715.0,32.1,0.0,986.3
2026-06-12T10:00,33.6,43,32.5,608.0,33.8,0.0,985.8
2026-06-12T11:00,31.9,50,30.9,458.0,34.3,0.0,986.2
2026-06-12T12:00,30.1,58,29.9,265.0,31.6,0.0,986.8
2026-06-12T13:00,28.9,58,28.6,74.0,27.6,0.0,987.1
2026-06-12T14:00,27.3,67,27.6,0.0,25.8,0.0,988.5
2026-06-12T15:00,27.0,68,27.6,0.0,24.6,0.0,989.4
2026-06-12T16:00,26.6,72,27.6,0.0,22.9,0.0,989.7
2026-06-12T17:00,26.7,72,28.1,0.0,20.8,0.0,990.1
2026-06-12T18:00,26.7,72,27.3,0.0,25.9,0.0,989.8
2026-06-12T19:00,26.4,73,27.0,0.0,26.4,0.0,989.3
2026-06-12T20:00,26.4,72,27.0,0.0,25.2,0.0,988.8
2026-06-12T21:00,26.3,72,27.3,0.0,22.9,0.0,988.4
2026-06-12T22:00,26.3,73,27.8,0.0,20.0,0.0,988.2
2026-06-12T23:00,26.2,73,28.2,0.0,16.2,0.0,988.3
2026-06-13T00:00,26.2,73,28.5,0.0,14.4,0.0,988.6
2026-06-13T01:00,27.0,70,28.0,13.0,23.6,0.0,989.2
2026-06-13T02:00,28.8,63,30.0,137.0,22.3,0.0,989.6
2026-06-13T03:00,30.9,55,31.0,339.0,28.3,0.0,990.1
2026-06-13T04:00,32.6,49,32.5,549.0,28.7,0.0,990.3
2026-06-13T05:00,33.7,46,33.8,689.0,31.1,0.0,990.1
2026-06-13T06:00,35.0,42,35.4,767.0,30.5,0.0,989.3
2026-06-13T07:00,34.6,45,35.1,776.0,31.9,0.6,988.9
2026-06-13T08:00,34.9,43,34.9,642.0,30.8,0.0,988.1
2026-06-13T09:00,34.6,44,34.4,669.0,32.9,0.2,987.0
2026-06-13T10:00,33.5,48,33.0,587.0,34.2,0.0,986.8
2026-06-13T11:00,31.6,54,31.1,396.0,33.8,0.0,987.0
2026-06-13T12:00,30.4,60,30.6,227.0,31.1,0.0,987.5
2026-06-13T13:00,28.1,67,28.0,46.0,32.5,0.0,988.5
2026-06-13T14:00,27.1,74,27.7,0.0,29.2,0.0,989.1
2026-06-13T15:00,27.1,73,28.5,0.0,23.6,0.0,990.0
2026-06-13T16:00,27.1,73,28.3,0.0,24.6,0.0,990.9
2026-06-13T17:00,26.7,75,27.5,0.0,27.4,0.0,991.2
2026-06-13T18:00,26.8,73,27.9,0.0,24.4,0.0,991.0
2026-06-13T19:00,26.7,75,28.1,0.0,23.1,0.0,990.5
2026-06-13T20:00,26.4,75,28.2,0.0,20.3,0.0,989.9
2026-06-13T21:00,26.2,75,28.0,0.0,19.3,0.0,989.6
2026-06-13T22:00,26.2,76,28.0,0.0,19.1,0.0,989.2
2026-06-13T23:00,25.9,78,28.1,0.0,17.4,0.0,989.4
2026-06-14T00:00,25.9,78,28.7,0.0,13.4,0.0,989.5
2026-06-14T01:00,27.0,70,28.5,13.0,19.5,0.0,989.9
2026-06-14T02:00,28.3,64,29.9,137.0,18.0,0.0,990.9
2026-06-14T03:00,30.3,57,31.2,289.0,22.7,0.0,991.1
2026-06-14T04:00,31.9,50,31.2,514.0,31.9,0.0,991.4
2026-06-14T05:00,33.3,46,33.5,693.0,29.6,0.0,991.3
2026-06-14T06:00,34.4,44,35.2,842.0,31.3,0.0,990.8
2026-06-14T07:00,33.4,49,33.6,712.0,34.2,0.6,990.1
2026-06-14T08:00,33.5,48,33.2,657.0,34.7,0.1,989.7
2026-06-14T09:00,32.4,50,32.0,563.0,31.4,0.2,989.0
2026-06-14T10:00,32.1,53,31.3,534.0,35.6,0.0,988.5
2026-06-14T11:00,30.7,58,29.9,397.0,37.5,0.0,988.7
2026-06-14T12:00,29.1,64,28.4,207.0,36.6,0.0,989.3
2026-06-14T13:00,27.0,71,27.0,27.0,30.9,0.0,990.0
2026-06-14T14:00,26.4,74,26.9,0.0,27.7,0.0,990.5
2026-06-14T15:00,26.1,74,26.4,0.0,28.0,0.0,991.3
2026-06-14T16:00,25.9,76,26.5,0.0,26.8,0.0,991.8
2026-06-14T17:00,25.8,78,27.4,0.0,21.0,0.0,991.9
2026-06-14T18:00,25.6,81,27.8,0.0,18.5,0.0,991.8
2026-06-14T19:00,25.7,78,26.9,0.0,23.8,0.0,991.2
2026-06-14T20:00,25.6,78,26.4,0.0,25.7,0.0,990.6
2026-06-14T21:00,25.5,78,26.7,0.0,22.8,0.0,989.9
2026-06-14T22:00,25.7,76,26.5,0.0,25.0,0.0,989.4
2026-06-14T23:00,25.2,81,26.3,0.0,24.1,0.1,989.7
2026-06-15T00:00,24.6,85,26.4,0.0,21.4,0.3,989.9
2026-06-15T01:00,26.6,74,27.5,5.0,25.9,0.0,989.9
2026-06-15T02:00,28.2,66,30.0,122.0,18.0,0.0,990.7
2026-06-15T03:00,28.9,64,30.5,161.0,19.8,0.0,991.0
2026-06-15T04:00,28.5,65,28.9,257.0,28.0,0.0,991.7
2026-06-15T05:00,29.1,63,29.3,334.0,30.0,0.0,991.7
2026-06-15T06:00,30.1,60,29.9,466.0,32.4,0.0,991.3
2026-06-15T07:00,31.1,53,30.0,664.0,38.2,0.0,990.6
2026-06-15T08:00,30.8,54,30.1,390.0,32.1,0.0,989.6
2026-06-15T09:00,30.7,54,30.2,427.0,31.1,0.0,988.9
2026-06-15T10:00,30.6,56,30.4,422.0,31.1,0.0,988.9
2026-06-15T11:00,28.7,67,30.0,159.0,24.3,0.0,988.8
2026-06-15T12:00,28.4,70,30.1,137.0,22.4,0.0,989.2
2026-06-15T13:00,26.5,78,28.1,42.0,23.7,0.0,989.6
2026-06-15T14:00,26.1,77,27.0,0.0,26.9,0.1,990.5
2026-06-15T15:00,25.8,78,26.5,0.0,27.5,0.2,991.6
2026-06-15T16:00,25.8,77,26.8,0.0,25.0,0.1,992.1
2026-06-15T17:00,26.4,73,26.2,0.0,32.0,0.0,992.4
2026-06-15T18:00,25.7,77,25.8,0.0,29.9,0.0,992.4
2026-06-15T19:00,25.1,82,26.1,0.0,26.5,0.2,991.9
2026-06-15T20:00,24.6,85,25.4,0.0,27.7,0.4,991.0
2026-06-15T21:00,24.0,90,25.4,0.0,24.7,0.5,990.6
2026-06-15T22:00,24.0,87,24.8,0.0,27.4,0.3,990.1
2026-06-15T23:00,23.6,90,24.7,0.0,25.8,0.5,990.0
2026-06-16T00:00,23.6,90,25.0,0.0,23.9,0.5,990.5
2026-06-16T01:00,25.4,76,25.7,8.0,27.8,0.1,991.3
2026-06-16T02:00,26.8,71,28.1,124.0,20.5,0.0,991.4
2026-06-16T03:00,28.2,65,29.4,282.0,21.1,0.0,991.6
2026-06-16T04:00,29.7,60,30.4,492.0,25.7,0.1,991.8
2026-06-16T05:00,31.2,54,30.8,640.0,34.5,0.0,991.7
2026-06-16T06:00,30.3,59,30.1,618.0,34.4,0.0,992.0
2026-06-16T07:00,29.6,63,29.7,599.0,34.0,0.2,991.6
2026-06-16T08:00,30.1,59,29.7,622.0,35.7,0.3,990.9
2026-06-16T09:00,30.8,57,30.5,735.0,37.3,0.1,990.4
2026-06-16T10:00,30.7,56,30.1,600.0,35.1,0.0,990.1
2026-06-16T11:00,28.6,65,28.6,176.0,31.1,0.0,989.9
2026-06-16T12:00,27.9,68,28.5,167.0,27.6,0.0,990.4
2026-06-16T13:00,27.4,71,27.8,76.0,29.8,0.0,990.8
2026-06-16T14:00,26.5,75,26.9,1.0,29.2,0.0,991.0
2026-06-16T15:00,26.1,75,26.5,0.0,28.5,0.0,992.4
2026-06-16T16:00,26.2,75,26.9,0.0,25.9,0.0,993.1
2026-06-16T17:00,26.4,74,27.3,0.0,25.6,0.0,993.4
2026-06-16T18:00,25.9,76,26.6,0.0,26.4,0.0,993.5
2026-06-16T19:00,25.7,76,26.2,0.0,27.3,0.0,993.2
2026-06-16T20:00,25.8,76,26.3,0.0,26.3,0.0,992.5
2026-06-16T21:00,25.5,77,25.9,0.0,27.7,0.0,992.4
2026-06-16T22:00,25.4,76,26.3,0.0,23.5,0.0,992.2
2026-06-16T23:00,25.3,76,26.6,0.0,20.2,0.0,992.3
2026-06-17T00:00,25.1,77,26.6,0.0,18.3,0.0,992.6
2026-06-17T01:00,26.7,72,28.5,8.0,17.8,0.0,992.9
2026-06-17T02:00,28.2,66,29.9,132.0,18.3,0.0,993.7
2026-06-17T03:00,30.0,58,31.5,305.0,18.6,0.0,993.8
2026-06-17T04:00,32.0,49,32.0,512.0,26.6,0.0,993.8
2026-06-17T05:00,32.1,49,31.4,607.0,33.7,0.0,993.8
2026-06-17T06:00,33.1,48,33.6,797.0,31.4,0.0,993.2
2026-06-17T07:00,33.8,46,33.9,826.0,34.8,0.0,992.8
2026-06-17T08:00,33.6,45,33.5,817.0,34.8,0.2,992.1
2026-06-17T09:00,33.3,47,33.0,729.0,34.2,0.0,991.2
2026-06-17T10:00,32.2,51,31.8,600.0,33.5,0.0,991.0
2026-06-17T11:00,31.3,53,30.8,401.0,32.2,0.0,990.8
2026-06-17T12:00,29.8,61,29.8,246.0,30.8,0.0,991.6
2026-06-17T13:00,28.6,69,30.2,81.0,23.9,0.0,992.1
2026-06-17T14:00,27.3,75,28.4,1.0,27.9,0.0,992.8
2026-06-17T15:00,26.9,75,28.6,0.0,22.4,0.0,993.4
2026-06-17T16:00,26.5,75,27.3,0.0,27.0,0.0,993.9
2026-06-17T17:00,26.1,77,27.0,0.0,26.1,0.0,994.3
2026-06-17T18:00,25.9,77,26.7,0.0,25.9,0.0,994.2
2026-06-17T19:00,25.5,79,26.5,0.0,25.9,0.0,993.8
2026-06-17T20:00,25.3,80,26.3,0.0,25.0,0.0,993.4
2026-06-17T21:00,25.2,80,26.3,0.0,23.7,0.0,993.1
2026-06-17T22:00,25.2,79,26.6,0.0,21.8,0.0,992.9
2026-06-17T23:00,25.2,79,26.6,0.0,21.6,0.0,993.1
2026-06-18T00:00,25.2,79,26.7,0.0,20.4,0.0,993.2
2026-06-18T01:00,26.2,76,28.1,12.0,19.1,0.0,993.8
2026-06-18T02:00,27.5,70,29.4,135.0,18.9,0.0,994.1
2026-06-18T03:00,29.4,62,30.8,320.0,21.9,0.0,994.4
2026-06-18T04:00,31.5,54,32.0,513.0,25.9,0.0,994.6
2026-06-18T05:00,32.6,51,33.4,639.0,27.0,0.0,994.4
2026-06-18T06:00,33.5,49,35.0,801.0,28.4,0.0,993.8
2026-06-18T07:00,34.9,44,36.4,871.0,28.1,0.0,992.9
2026-06-18T08:00,34.6,45,35.7,840.0,30.1,0.2,992.0
2026-06-18T09:00,34.8,43,35.1,724.0,30.3,0.0,991.1
2026-06-18T10:00,33.8,47,33.6,593.0,31.7,0.0,990.7
2026-06-18T11:00,32.7,50,32.7,395.0,29.4,0.0,990.6
2026-06-18T12:00,30.8,55,30.8,201.0,29.0,0.0,991.0
2026-06-18T13:00,28.9,68,30.4,67.0,25.1,0.0,991.7
2026-06-18T14:00,27.7,73,29.9,1.0,20.2,0.0,992.7
2026-06-18T15:00,27.4,74,29.5,0.0,20.1,0.0,993.5
2026-06-18T16:00,26.8,77,28.6,0.0,22.8,0.0,994.0
2026-06-18T17:00,26.5,77,28.1,0.0,22.9,0.0,994.0
2026-06-18T18:00,26.2,77,27.5,0.0,23.1,0.0,993.9
2026-06-18T19:00,25.8,77,27.1,0.0,22.6,0.0,993.3
2026-06-18T20:00,25.9,77,27.2,0.0,22.8,0.0,992.8
2026-06-18T21:00,25.6,79,27.0,0.0,22.9,0.0,992.3
2026-06-18T22:00,25.5,79,26.8,0.0,23.1,0.0,992.1
2026-06-18T23:00,25.6,78,27.0,0.0,22.2,0.0,992.5
2026-06-19T00:00,25.6,78,27.3,0.0,20.2,0.0,992.6
2026-06-19T01:00,26.8,75,28.6,12.0,20.5,0.0,992.7
2026-06-19T02:00,28.1,71,30.1,132.0,20.5,0.0,993.6
2026-06-19T03:00,29.7,64,31.2,323.0,23.8,0.0,994.0
2026-06-19T04:00,31.7,55,32.8,489.0,24.5,0.0,994.0
2026-06-19T05:00,33.3,49,34.3,687.0,27.6,0.0,993.8
2026-06-19T06:00,33.9,47,35.0,774.0,28.5,0.0,993.0
2026-06-19T07:00,34.8,44,35.9,834.0,29.3,0.0,992.5
2026-06-19T08:00,34.9,43,35.7,767.0,28.9,0.0,991.7
2026-06-19T09:00,34.4,45,35.1,707.0,28.5,0.4,990.9
2026-06-19T10:00,33.9,45,33.6,576.0,30.0,0.0,990.4
2026-06-19T11:00,32.8,50,32.8,415.0,29.6,0.0,990.5
2026-06-19T12:00,30.8,56,31.1,201.0,27.5,0.0,991.1
2026-06-19T13:00,29.3,61,30.6,49.0,21.4,0.0,991.3
2026-06-19T14:00,28.1,69,29.7,1.0,22.6,0.0,992.4
2026-06-19T15:00,28.0,68,29.2,0.0,22.9,0.0,993.5
2026-06-19T16:00,27.7,69,29.1,0.0,21.5,0.0,994.1
2026-06-19T17:00,27.4,70,29.0,0.0,20.8,0.0,995.0
2026-06-19T18:00,27.2,72,28.7,0.0,21.3,0.0,995.1
2026-06-19T19:00,26.6,76,28.4,0.0,21.5,0.0,994.7
2026-06-19T20:00,26.3,77,28.2,0.0,20.5,0.0,993.8
2026-06-19T21:00,25.9,79,27.8,0.0,20.2,0.0,993.4
2026-06-19T22:00,25.6,79,27.3,0.0,21.3,0.0,993.1
2026-06-19T23:00,25.5,78,27.2,0.0,19.7,0.0,992.9
2026-06-20T00:00,25.5,78,27.4,0.0,18.0,0.0,993.4
2026-06-20T01:00,26.7,71,28.1,12.0,20.1,0.0,993.7
2026-06-20T02:00,28.1,66,29.5,147.0,20.7,0.0,994.5
2026-06-20T03:00,29.9,59,30.9,350.0,23.2,0.0,994.7
2026-06-20T04:00,31.7,51,32.2,553.0,24.1,0.0,994.9
2026-06-20T05:00,33.3,46,34.6,735.0,23.6,0.0,994.6
2026-06-20T06:00,34.6,42,36.1,865.0,24.5,0.0,994.0
2026-06-20T07:00,35.5,38,37.1,922.0,24.4,0.0,993.0
2026-06-20T08:00,36.1,35,37.2,912.0,24.7,0.0,992.1
2026-06-20T09:00,36.0,36,36.7,828.0,25.8,0.0,991.2
2026-06-20T10:00,35.2,41,35.5,680.0,26.9,0.0,990.9
2026-06-20T11:00,33.7,44,33.5,446.0,26.9,0.0,991.2
2026-06-20T12:00,31.8,52,32.1,234.0,26.6,0.0,991.6
2026-06-20T13:00,29.9,61,31.1,80.0,23.4,0.0,992.0
2026-06-20T14:00,28.9,64,29.8,1.0,24.7,0.0,992.7
2026-06-20T15:00,28.2,67,29.0,0.0,25.5,0.0,993.8
2026-06-20T16:00,27.4,70,28.6,0.0,23.4,0.0,994.5
2026-06-20T17:00,26.9,72,28.1,0.0,23.0,0.0,994.8
2026-06-20T18:00,26.5,75,27.7,0.0,24.1,0.0,994.7
2026-06-20T19:00,26.2,76,27.7,0.0,21.8,0.0,994.2
2026-06-20T20:00,25.9,78,27.5,0.0,20.8,0.0,993.6
2026-06-20T21:00,25.7,78,27.3,0.0,21.2,0.0,993.3
2026-06-20T22:00,25.6,79,27.1,0.0,21.7,0.0,993.2
2026-06-20T23:00,25.4,79,27.0,0.0,21.4,0.0,993.2
2026-06-21T00:00,25.4,80,27.1,0.0,20.4,0.0,993.4
2026-06-21T01:00,26.3,77,28.6,12.0,17.8,0.0,993.8
2026-06-21T02:00,27.6,70,29.5,131.0,18.8,0.0,994.2
2026-06-21T03:00,29.6,62,31.4,351.0,20.2,0.0,994.8
2026-06-21T04:00,31.5,54,33.1,534.0,18.8,0.0,994.9
2026-06-21T05:00,33.4,46,35.7,686.0,16.6,0.0,994.8
2026-06-21T06:00,34.7,43,37.0,782.0,18.9,0.0,994.3
2026-06-21T07:00,35.2,41,36.9,825.0,23.4,0.0,993.2
2026-06-21T08:00,35.0,42,36.5,842.0,25.3,0.0,992.3
2026-06-21T09:00,35.2,41,36.0,749.0,26.6,0.0,991.4
2026-06-21T10:00,34.0,45,34.1,524.0,27.1,0.0,990.9
2026-06-21T11:00,32.7,49,32.4,339.0,29.8,0.0,990.7
2026-06-21T12:00,30.6,58,31.0,179.0,28.6,0.0,991.5
2026-06-21T13:00,29.6,57,30.2,61.0,23.0,0.0,991.8
2026-06-21T14:00,28.8,60,29.2,1.0,24.5,0.0,992.8
2026-06-21T15:00,28.0,67,28.8,0.0,25.2,0.0,993.9
2026-06-21T16:00,27.5,68,28.3,0.0,24.5,0.0,994.3
2026-06-21T17:00,27.0,70,28.1,0.0,22.5,0.0,994.8
2026-06-21T18:00,26.5,75,28.1,0.0,21.5,0.0,995.2
2026-06-21T19:00,26.2,76,27.7,0.0,22.4,0.0,994.6
2026-06-21T20:00,26.0,77,27.3,0.0,23.2,0.0,994.1
2026-06-21T21:00,25.8,78,27.1,0.0,23.3,0.0,993.2
2026-06-21T22:00,25.4,80,27.0,0.0,21.7,0.0,992.9
2026-06-21T23:00,25.4,80,26.9,0.0,21.8,0.0,992.9
2026-06-22T00:00,25.4,79,27.0,0.0,19.7,0.0,993.3
2026-06-22T01:00,26.2,75,27.9,12.0,19.7,0.0,993.4
2026-06-22T02:00,27.7,67,29.0,143.0,20.8,0.0,993.6
2026-06-22T03:00,29.8,58,30.7,341.0,22.8,0.0,993.6
2026-06-22T04:00,31.7,51,32.2,541.0,23.1,0.0,994.1
2026-06-22T05:00,33.0,48,33.8,718.0,27.2,0.0,993.6
2026-06-22T06:00,34.4,41,35.2,851.0,27.6,0.0,993.0
2026-06-22T07:00,35.2,40,36.4,894.0,27.8,0.0,992.2
2026-06-22T08:00,35.2,40,35.4,800.0,29.8,0.0,991.4
2026-06-22T09:00,35.0,40,34.8,721.0,30.4,0.0,990.7
2026-06-22T10:00,33.4,45,32.5,540.0,31.9,0.0,990.2
2026-06-22T11:00,32.5,48,32.0,348.0,29.9,0.0,990.4
2026-06-22T12:00,30.3,56,30.3,182.0,28.0,0.0,991.1
2026-06-22T13:00,28.4,65,29.3,59.0,23.5,0.0,991.9
2026-06-22T14:00,27.3,72,28.9,1.0,22.0,0.0,992.7
2026-06-22T15:00,26.4,76,28.2,0.0,20.2,0.0,994.0
2026-06-22T16:00,26.1,76,28.0,0.0,18.6,0.0,994.6
2026-06-22T17:00,25.5,78,27.2,0.0,20.2,0.0,994.6
2026-06-22T18:00,25.3,79,27.0,0.0,19.8,0.0,994.5
2026-06-22T19:00,25.2,78,26.3,0.0,22.6,0.0,993.7
2026-06-22T20:00,25.3,76,26.3,0.0,22.8,0.0,992.6
2026-06-22T21:00,25.5,75,26.4,0.0,22.9,0.0,992.4
2026-06-22T22:00,25.4,75,26.6,0.0,20.9,0.0,992.2
2026-06-22T23:00,25.4,76,26.5,0.0,21.5,0.0,992.3
2026-06-23T00:00,25.5,77,26.7,0.0,21.8,0.0,992.7
2026-06-23T01:00,25.1,77,27.0,4.0,16.3,0.0,993.8
2026-06-23T02:00,26.2,72,27.5,69.0,19.8,0.0,993.9
2026-06-23T03:00,27.7,64,28.0,209.0,25.2,0.0,993.8
2026-06-23T04:00,29.6,57,29.5,342.0,26.9,0.0,993.4
2026-06-23T05:00,29.9,55,29.6,476.0,28.4,0.0,993.2
2026-06-23T06:00,31.4,52,31.3,577.0,28.9,0.0,992.6
2026-06-23T07:00,31.8,49,31.0,421.0,31.2,0.0,992.1
2026-06-23T08:00,32.8,47,32.8,795.0,34.1,0.0,991.4
2026-06-23T09:00,31.5,51,30.7,425.0,32.1,0.0,990.9
2026-06-23T10:00,31.2,53,30.6,438.0,32.1,0.0,990.4
2026-06-23T11:00,30.6,56,30.3,306.0,30.7,0.0,990.1
2026-06-23T12:00,29.3,62,29.3,156.0,30.3,0.0,990.4
2026-06-23T13:00,29.1,66,30.2,68.0,26.2,0.0,991.1
2026-06-23T14:00,28.2,68,29.4,1.0,23.9,0.0,991.8
2026-06-23T15:00,27.3,73,28.5,0.0,25.3,0.0,992.3
2026-06-23T16:00,27.2,70,27.9,0.0,26.0,0.0,993.1
2026-06-23T17:00,26.7,72,27.6,0.0,24.7,0.0,993.3
2026-06-23T18:00,26.5,74,27.3,0.0,26.0,0.0,992.9
2026-06-23T19:00,26.1,76,26.9,0.0,26.1,0.0,992.3
2026-06-23T20:00,25.8,77,26.7,0.0,25.0,0.0,991.9
2026-06-23T21:00,25.6,78,26.8,0.0,23.8,0.0,991.4
2026-06-23T22:00,25.4,80,26.7,0.0,23.0,0.0,991.2
2026-06-23T23:00,25.3,78,26.2,0.0,24.2,0.0,991.2
2026-06-24T00:00,25.4,76,26.2,0.0,23.7,0.0,991.4
2026-06-24T01:00,26.6,75,28.0,10.0,23.2,0.0,991.6
2026-06-24T02:00,27.4,70,28.3,112.0,25.5,0.0,992.2
2026-06-24T03:00,29.0,62,29.2,290.0,29.2,0.0,992.8
2026-06-24T04:00,30.1,58,29.7,427.0,32.1,0.0,993.0
2026-06-24T05:00,31.4,53,31.1,673.0,34.1,0.0,992.7
2026-06-24T06:00,32.4,49,32.0,688.0,33.8,0.0,992.0
2026-06-24T07:00,33.7,44,33.1,774.0,35.6,0.0,991.0
2026-06-24T08:00,33.6,45,32.8,632.0,33.4,0.0,990.2
2026-06-24T09:00,33.0,47,32.0,503.0,33.4,0.0,989.7
2026-06-24T10:00,32.2,48,30.8,484.0,34.6,0.0,989.0
2026-06-24T11:00,31.5,55,31.2,359.0,32.9,0.0,988.9
2026-06-24T12:00,30.4,57,30.4,196.0,29.7,0.0,989.4
2026-06-24T13:00,29.2,62,29.5,83.0,27.9,0.0,990.0
2026-06-24T14:00,28.1,68,29.2,1.0,24.2,0.0,990.9
2026-06-24T15:00,27.1,71,28.2,0.0,23.6,0.0,992.1
2026-06-24T16:00,26.6,71,27.5,0.0,23.5,0.0,992.5
2026-06-24T17:00,25.7,74,26.4,0.0,24.7,0.0,992.7
2026-06-24T18:00,25.5,75,26.4,0.0,22.3,0.0,992.6
2026-06-24T19:00,25.4,75,26.0,0.0,24.7,0.0,992.1
2026-06-24T20:00,25.4,78,26.3,0.0,24.6,0.0,991.5
2026-06-24T21:00,25.4,78,26.4,0.0,24.1,0.0,991.1
2026-06-24T22:00,25.2,79,26.3,0.0,23.1,0.0,990.6
2026-06-24T23:00,25.0,79,26.1,0.0,22.7,0.0,990.7
2026-06-25T00:00,25.1,79,26.5,0.0,21.1,0.0,991.2
2026-06-25T01:00,26.5,77,29.0,8.0,17.0,0.0,991.3
2026-06-25T02:00,27.8,71,29.6,101.0,21.2,0.0,991.9
2026-06-25T03:00,29.3,63,29.7,268.0,29.1,0.0,992.2
2026-06-25T04:00,30.7,56,30.8,397.0,28.9,0.0,992.6
2026-06-25T05:00,32.0,53,31.8,505.0,31.3,0.0,992.7
2026-06-25T06:00,32.5,51,32.8,613.0,29.6,0.4,992.2
2026-06-25T07:00,33.1,49,33.8,708.0,28.5,0.0,991.5
2026-06-25T08:00,33.1,49,33.3,652.0,30.6,0.0,990.5
2026-06-25T09:00,33.1,48,32.9,582.0,30.7,0.1,989.8
2026-06-25T10:00,32.1,53,32.2,452.0,30.7,0.0,989.5
2026-06-25T11:00,31.0,54,31.0,311.0,28.4,0.0,989.5
2026-06-25T12:00,29.7,60,30.0,171.0,28.4,0.0,989.9
2026-06-25T13:00,28.9,65,29.6,54.0,27.7,0.0,990.2
2026-06-25T14:00,27.6,74,29.0,1.0,25.2,0.0,991.0
2026-06-25T15:00,26.3,79,28.2,0.0,22.3,0.0,991.5
2026-06-25T16:00,26.0,78,28.0,0.0,19.6,0.0,992.3
2026-06-25T17:00,26.1,76,27.3,0.0,23.1,0.0,992.4
2026-06-25T18:00,26.1,74,26.7,0.0,26.2,0.0,992.3
2026-06-25T19:00,26.0,74,26.6,0.0,26.0,0.0,991.8
2026-06-25T20:00,26.0,74,26.7,0.0,25.0,0.0,991.3
2026-06-25T21:00,25.8,74,26.6,0.0,23.4,0.0,990.7
2026-06-25T22:00,25.6,76,26.8,0.0,22.0,0.0,990.7
2026-06-25T23:00,25.7,77,27.2,0.0,20.2,0.0,991.0
2026-06-26T00:00,25.6,78,27.3,0.0,19.7,0.0,991.6
2026-06-26T01:00,27.0,74,29.7,2.0,14.7,0.0,992.0
2026-06-26T02:00,27.5,73,30.6,43.0,13.7,0.0,992.5
2026-06-26T03:00,29.5,64,31.4,283.0,20.7,0.0,992.8
2026-06-26T04:00,31.5,55,32.1,535.0,27.2,0.0,993.1
2026-06-26T05:00,32.4,51,33.2,654.0,27.3,0.1,993.1
2026-06-26T06:00,32.6,51,32.8,669.0,31.4,0.4,992.5
2026-06-26T07:00,33.1,48,33.6,733.0,30.5,0.0,992.0
2026-06-26T08:00,33.3,47,34.1,724.0,28.5,0.0,991.2
2026-06-26T09:00,32.9,50,33.8,637.0,26.7,0.2,990.4
2026-06-26T10:00,32.1,52,32.5,478.0,27.5,0.0,989.9
2026-06-26T11:00,31.6,51,31.4,322.0,28.6,0.0,990.1
2026-06-26T12:00,29.9,59,30.0,178.0,28.3,0.0,990.3
2026-06-26T13:00,29.1,64,29.7,79.0,27.6,0.0,990.5
2026-06-26T14:00,27.4,72,28.4,1.0,26.2,0.0,991.3
2026-06-26T15:00,26.3,78,28.8,0.0,17.5,0.0,992.1
2026-06-26T16:00,26.2,78,29.0,0.0,14.8,0.0,992.9
2026-06-26T17:00,26.3,77,29.1,0.0,14.2,0.0,993.3
2026-06-26T18:00,26.2,76,28.2,0.0,18.3,0.0,993.6
2026-06-26T19:00,26.1,74,27.2,0.0,21.8,0.0,993.2
2026-06-26T20:00,25.5,76,26.6,0.0,21.7,0.0,992.5
2026-06-26T21:00,25.2,77,26.5,0.0,20.7,0.0,992.0
2026-06-26T22:00,25.1,77,26.4,0.0,20.4,0.0,992.0
2026-06-26T23:00,25.1,78,26.6,0.0,19.7,0.0,992.2
2026-06-27T00:00,25.3,77,27.0,0.0,18.3,0.0,992.3
2026-06-27T01:00,25.5,77,27.0,10.0,20.2,0.0,992.5
2026-06-27T02:00,26.6,72,28.3,137.0,19.0,0.0,993.1
2026-06-27T03:00,28.4,63,28.9,323.0,25.4,0.0,993.5
2026-06-27T04:00,29.8,59,30.3,469.0,25.7,0.0,993.9
2026-06-27T05:00,31.3,50,31.5,639.0,26.7,0.0,993.7
2026-06-27T06:00,32.1,48,32.7,731.0,26.3,0.0,993.4
2026-06-27T07:00,32.8,44,33.3,744.0,25.7,0.0,992.8
2026-06-27T08:00,32.9,46,33.2,585.0,23.9,0.0,992.0
2026-06-27T09:00,32.2,47,31.8,526.0,26.9,0.0,991.5
2026-06-27T10:00,31.8,50,31.7,431.0,26.8,0.0,991.0
2026-06-27T11:00,30.7,53,30.2,277.0,30.0,0.0,990.8
2026-06-27T12:00,29.2,60,29.4,101.0,27.2,0.0,990.9
2026-06-27T13:00,29.0,62,29.8,59.0,24.3,0.0,991.8
2026-06-27T14:00,27.7,68,28.1,1.0,28.5,0.0,992.8
2026-06-27T15:00,26.5,75,27.3,0.0,26.5,0.0,993.4
2026-06-27T16:00,25.7,78,26.5,0.0,25.9,0.0,993.8
2026-06-27T17:00,25.9,76,26.9,0.0,24.6,0.0,994.3
2026-06-27T18:00,25.6,78,26.5,0.0,25.1,0.0,994.7
2026-06-27T19:00,25.5,78,26.9,0.0,22.1,0.0,994.3
2026-06-27T20:00,25.4,79,27.2,0.0,18.3,0.0,993.4
2026-06-27T21:00,25.2,78,27.1,0.0,17.6,0.0,992.8
2026-06-27T22:00,25.0,79,26.9,0.0,17.5,0.0,992.4
2026-06-27T23:00,24.8,81,27.0,0.0,15.9,0.0,992.8
2026-06-28T00:00,24.7,82,27.1,0.0,15.3,0.0,993.1
2026-06-28T01:00,26.2,76,28.0,7.0,19.6,0.0,993.5
2026-06-28T02:00,26.9,73,28.7,80.0,19.8,0.0,994.1
2026-06-28T03:00,28.2,68,30.1,177.0,19.2,0.0,994.2
2026-06-28T04:00,30.5,56,31.9,403.0,19.8,0.0,994.4
2026-06-28T05:00,32.7,48,34.7,641.0,16.8,0.0,994.1
2026-06-28T06:00,34.3,43,36.5,797.0,19.8,0.0,993.6
2026-06-28T07:00,33.5,45,34.5,811.0,27.3,0.6,992.9
2026-06-28T08:00,34.6,43,35.8,743.0,24.6,0.0,991.7
2026-06-28T09:00,33.3,47,33.9,647.0,26.3,0.6,991.1
2026-06-28T10:00,32.8,48,32.9,450.0,27.2,0.0,990.6
2026-06-28T11:00,32.0,51,32.2,300.0,26.3,0.0,990.5
2026-06-28T12:00,30.4,58,31.0,200.0,26.6,0.0,991.0
2026-06-28T13:00,29.6,60,30.3,75.0,24.3,0.0,991.6
2026-06-28T14:00,28.1,70,29.3,1.0,25.3,0.0,992.6
2026-06-28T15:00,26.7,75,28.5,0.0,20.1,0.0,993.0
2026-06-28T16:00,26.6,73,28.1,0.0,21.0,0.0,993.9
2026-06-28T17:00,26.8,71,27.7,0.0,24.3,0.0,994.3
2026-06-28T18:00,26.3,74,27.3,0.0,24.7,0.0,994.6
2026-06-28T19:00,26.1,75,26.9,0.0,25.9,0.0,994.3
2026-06-28T20:00,25.8,76,26.6,0.0,24.5,0.0,993.2
2026-06-28T21:00,25.5,76,26.0,0.0,26.3,0.0,992.6
2026-06-28T22:00,25.2,78,25.8,0.0,25.8,0.0,992.4
2026-06-28T23:00,24.9,78,26.2,0.0,20.9,0.0,992.3
2026-06-29T00:00,24.6,80,25.8,0.0,21.4,0.0,992.5
2026-06-29T01:00,25.8,76,27.4,8.0,20.5,0.0,992.9
2026-06-29T02:00,26.6,73,27.8,88.0,22.9,0.0,993.1
2026-06-29T03:00,28.4,65,29.3,240.0,23.4,0.0,993.3
2026-06-29T04:00,29.8,58,30.5,288.0,23.4,0.0,993.6
2026-06-29T05:00,31.7,49,31.7,520.0,26.0,0.0,992.9
2026-06-29T06:00,33.8,42,34.4,811.0,26.8,0.0,992.4
2026-06-29T07:00,34.8,39,35.5,891.0,27.6,0.0,991.5
2026-06-29T08:00,35.0,38,34.7,762.0,29.1,0.0,990.6
2026-06-29T09:00,33.4,43,32.3,411.0,29.8,0.0,990.2
2026-06-29T10:00,32.0,47,30.9,349.0,31.1,0.0,990.1
2026-06-29T11:00,31.7,48,30.8,287.0,30.1,0.0,990.0
2026-06-29T12:00,30.9,52,30.7,212.0,26.9,0.0,990.1
2026-06-29T13:00,30.5,55,31.0,86.0,24.1,0.0,990.6
2026-06-29T14:00,29.1,60,29.5,1.0,25.4,0.0,991.4
2026-06-29T15:00,28.7,62,29.4,0.0,24.0,0.0,992.2
2026-06-29T16:00,27.9,65,29.0,0.0,20.8,0.0,993.1
2026-06-29T17:00,27.3,68,28.6,0.0,19.8,0.0,993.4
2026-06-29T18:00,26.8,69,28.2,0.0,19.5,0.0,993.7
2026-06-29T19:00,26.5,71,27.9,0.0,19.2,0.0,993.1
2026-06-29T20:00,26.1,74,27.8,0.0,18.2,0.0,992.3
2026-06-29T21:00,25.9,75,27.5,0.0,19.2,0.0,991.9
2026-06-29T22:00,25.5,78,27.0,0.0,21.1,0.0,991.3
2026-06-29T23:00,25.4,78,26.8,0.0,20.4,0.0,991.4
2026-06-30T00:00,25.3,78,26.8,0.0,19.8,0.0,991.7
2026-06-30T01:00,26.4,71,27.9,10.0,19.1,0.0,992.0
2026-06-30T02:00,27.7,67,29.1,138.0,20.5,0.0,992.7
2026-06-30T03:00,29.5,60,30.4,341.0,23.4,0.0,992.9
2026-06-30T04:00,31.6,52,32.3,555.0,23.2,0.0,993.1
2026-06-30T05:00,32.8,46,33.6,620.0,22.0,0.0,993.1
2026-06-30T06:00,33.9,43,35.2,716.0,21.8,0.0,992.6
2026-06-30T07:00,34.8,38,35.7,828.0,23.7,0.0,991.8
2026-06-30T08:00,35.2,40,35.9,768.0,26.1,0.0,990.8
2026-06-30T09:00,34.1,43,33.8,510.0,27.9,0.0,989.9
2026-06-30T10:00,33.7,45,33.8,574.0,25.7,0.1,989.5
2026-06-30T11:00,33.3,44,32.6,384.0,28.9,0.0,989.3
2026-06-30T12:00,31.5,51,31.2,246.0,28.4,0.0,989.6
2026-06-30T13:00,29.9,57,30.2,67.0,26.1,0.0,990.4
2026-06-30T14:00,28.7,65,29.7,1.0,24.1,0.0,991.3
2026-06-30T15:00,27.3,71,28.9,0.0,21.0,0.0,992.2
2026-06-30T16:00,26.7,74,28.9,0.0,16.6,0.0,992.9
2026-06-30T17:00,26.5,74,28.5,0.0,17.4,0.0,993.3
2026-06-30T18:00,26.5,72,27.9,0.0,20.0,0.0,993.4
2026-06-30T19:00,26.2,72,27.6,0.0,19.3,0.0,993.1
2026-06-30T20:00,26.0,72,27.5,0.0,17.6,0.0,992.6
2026-06-30T21:00,26.0,71,27.4,0.0,17.5,0.0,992.4
2026-06-30T22:00,25.7,73,27.1,0.0,19.1,0.0,992.2
2026-06-30T23:00,25.3,77,26.9,0.0,19.1,0.0,992.1
2026-07-01T00:00,25.0,79,26.9,0.0,16.9,0.0,992.5
2026-07-01T01:00,26.1,74,27.6,8.0,19.2,0.0,992.9
2026-07-01T02:00,26.8,69,28.5,97.0,17.7,0.0,993.2
2026-07-01T03:00,28.7,62,29.9,251.0,20.7,0.0,993.6
2026-07-01T04:00,30.5,54,31.4,380.0,19.6,0.0,993.8
2026-07-01T05:00,31.2,50,31.8,410.0,20.4,0.0,993.6
2026-07-01T06:00,32.0,48,32.7,540.0,20.2,0.0,993.4
2026-07-01T07:00,32.2,48,32.9,500.0,20.8,0.0,992.7
2026-07-01T08:00,33.1,46,33.5,583.0,23.9,0.0,991.5
2026-07-01T09:00,33.0,46,33.3,508.0,23.9,0.0,990.5
2026-07-01T10:00,32.1,50,32.3,403.0,26.9,0.0,990.1
2026-07-01T11:00,31.5,51,31.5,308.0,26.4,0.0,990.0
2026-07-01T12:00,29.7,61,30.5,190.0,25.2,0.0,990.2
2026-07-01T13:00,29.2,61,30.0,79.0,24.2,0.0,990.9
2026-07-01T14:00,27.8,68,29.1,1.0,22.3,0.0,991.7
2026-07-01T15:00,27.3,70,28.8,0.0,21.0,0.0,992.5
2026-07-01T16:00,27.0,73,28.6,0.0,21.9,0.0,993.0
2026-07-01T17:00,26.7,74,28.4,0.0,20.3,0.0,993.5
2026-07-01T18:00,26.2,75,27.7,0.0,20.7,0.0,993.7
2026-07-01T19:00,26.0,76,27.6,0.0,19.8,0.0,993.0
2026-07-01T20:00,25.8,76,27.6,0.0,18.5,0.0,992.3
2026-07-01T21:00,25.8,76,27.6,0.0,18.9,0.0,991.9
2026-07-01T22:00,25.7,77,27.5,0.0,19.1,0.0,991.7
2026-07-01T23:00,25.5,78,27.3,0.0,18.6,0.0,991.9
2026-07-02T00:00,25.3,78,27.0,0.0,18.3,0.0,992.1
2026-07-02T01:00,26.2,75,28.0,6.0,18.1,0.0,992.2
2026-07-02T02:00,27.1,71,28.9,92.0,19.0,0.0,992.6
2026-07-02T03:00,29.0,63,30.1,261.0,22.1,0.0,992.9
2026-07-02T04:00,31.0,54,31.7,453.0,23.6,0.0,993.2
2026-07-02T05:00,31.4,52,31.6,461.0,25.2,0.0,993.2
2026-07-02T06:00,32.2,49,32.3,493.0,25.1,0.0,992.7
2026-07-02T07:00,33.1,47,34.0,627.0,24.0,0.0,992.0
2026-07-02T08:00,34.5,43,35.7,774.0,25.5,0.0,991.1
2026-07-02T09:00,33.8,44,33.4,645.0,31.2,0.2,990.4
2026-07-02T10:00,32.6,48,31.7,453.0,33.0,0.0,989.9
2026-07-02T11:00,31.2,54,30.9,296.0,30.7,0.0,990.2
2026-07-02T12:00,29.8,59,30.1,169.0,28.1,0.0,990.7
2026-07-02T13:00,28.1,69,29.7,51.0,22.7,0.0,991.9
2026-07-02T14:00,26.8,74,28.3,1.0,22.8,0.0,992.6
2026-07-02T15:00,26.4,77,28.2,0.0,21.0,0.0,993.1
2026-07-02T16:00,26.1,78,29.1,0.0,13.2,0.0,993.3
2026-07-02T17:00,26.0,78,28.5,0.0,16.6,0.0,993.7
2026-07-02T18:00,26.2,75,27.5,0.0,22.0,0.0,993.7
2026-07-02T19:00,26.2,74,27.6,0.0,21.8,0.0,993.0
2026-07-02T20:00,26.0,75,27.4,0.0,21.7,0.0,992.6
2026-07-02T21:00,25.9,76,27.4,0.0,21.2,0.0,992.6
2026-07-02T22:00,25.6,78,27.2,0.0,19.7,0.0,992.4
2026-07-02T23:00,25.4,78,27.2,0.0,18.7,0.0,992.3
2026-07-03T00:00,25.2,79,26.8,0.0,19.2,0.0,992.6
2026-07-03T01:00,26.2,72,27.5,7.0,20.0,0.0,992.9
2026-07-03T02:00,27.2,69,28.5,97.0,21.5,0.0,993.6
2026-07-03T03:00,28.3,65,29.4,200.0,22.7,0.0,993.8
2026-07-03T04:00,29.5,59,30.4,287.0,22.7,0.0,993.9
2026-07-03T05:00,31.0,52,31.5,377.0,22.2,0.0,993.8
2026-07-03T06:00,32.4,47,32.8,590.0,23.4,0.0,993.5
2026-07-03T07:00,32.9,46,33.4,609.0,23.6,0.0,992.9
2026-07-03T08:00,33.1,47,33.6,606.0,25.2,0.0,992.0
2026-07-03T09:00,32.4,49,32.9,515.0,23.8,0.0,991.3
2026-07-03T10:00,31.9,52,32.4,359.0,25.2,0.0,990.7
2026-07-03T11:00,30.8,55,30.9,259.0,28.6,0.0,990.7
2026-07-03T12:00,29.8,57,29.9,151.0,27.1,0.0,991.3
2026-07-03T13:00,28.2,62,28.7,39.0,23.7,0.0,991.9
2026-07-03T14:00,28.1,63,28.5,1.0,24.7,0.0,993.1
2026-07-03T15:00,27.9,62,28.2,0.0,24.0,0.0,993.9
2026-07-03T16:00,27.4,65,28.3,0.0,20.3,0.0,994.5
2026-07-03T17:00,27.3,65,28.7,0.0,16.7,0.0,995.0
2026-07-03T18:00,26.9,68,28.1,0.0,19.1,0.0,994.8
2026-07-03T19:00,26.6,70,28.0,0.0,18.8,0.0,994.4
2026-07-03T20:00,26.4,70,27.6,0.0,19.8,0.0,994.0
2026-07-03T21:00,26.2,72,27.4,0.0,20.8,0.0,993.6
2026-07-03T22:00,25.9,74,27.0,0.0,21.6,0.0,993.4
2026-07-03T23:00,25.6,75,26.6,0.0,21.9,0.0,993.5
2026-07-04T00:00,25.3,77,26.6,0.0,21.0,0.0,993.6
2026-07-04T01:00,26.6,67,27.6,9.0,19.3,0.0,994.2
2026-07-04T02:00,27.9,63,29.1,108.0,18.9,0.0,994.7
2026-07-04T03:00,29.4,57,29.9,251.0,23.6,0.0,995.0
2026-07-04T04:00,31.5,50,31.5,407.0,24.8,0.0,994.8
2026-07-04T05:00,33.0,44,32.4,560.0,27.5,0.0,994.8
2026-07-04T06:00,33.5,43,33.3,633.0,27.7,0.0,994.2
2026-07-04T07:00,35.1,38,35.3,766.0,27.0,0.0,993.5
2026-07-04T08:00,35.0,41,35.9,814.0,26.7,0.0,992.4
2026-07-04T09:00,35.4,38,35.5,760.0,27.9,0.0,991.4
2026-07-04T10:00,35.2,40,35.4,616.0,25.9,0.0,990.9
2026-07-04T11:00,33.4,46,33.3,341.0,27.7,0.0,990.9
2026-07-04T12:00,31.8,52,31.8,201.0,28.5,0.0,991.1
2026-07-04T13:00,29.4,58,29.6,60.0,25.6,0.0,992.5
2026-07-04T14:00,28.4,64,28.8,1.0,27.0,0.0,993.6
2026-07-04T15:00,27.8,67,28.4,0.0,26.3,0.0,994.1
2026-07-04T16:00,27.6,68,28.1,0.0,26.7,0.0,994.6
2026-07-04T17:00,27.4,68,28.2,0.0,23.8,0.0,994.8
2026-07-04T18:00,27.0,70,27.9,0.0,23.2,0.0,994.8
2026-07-04T19:00,26.6,73,27.8,0.0,22.9,0.0,994.4
2026-07-04T20:00,26.5,72,27.3,0.0,24.2,0.0,993.8
2026-07-04T21:00,26.0,74,27.1,0.0,22.4,0.0,993.4
2026-07-04T22:00,26.0,74,27.2,0.0,22.0,0.0,993.4
2026-07-04T23:00,26.0,75,27.4,0.0,20.9,0.0,993.6
2026-07-05T00:00,26.1,75,27.4,0.0,22.0,0.0,993.7
2026-07-05T01:00,26.6,71,28.1,6.0,19.2,0.0,994.2
2026-07-05T02:00,27.5,69,28.9,86.0,21.8,0.0,994.6
2026-07-05T03:00,29.2,63,30.1,287.0,25.2,0.0,994.8
2026-07-05T04:00,31.0,56,31.2,498.0,28.9,0.0,994.7
2026-07-05T05:00,33.0,46,33.2,723.0,30.3,0.0,994.3
2026-07-05T06:00,33.9,45,34.6,838.0,31.0,0.0,993.7
2026-07-05T07:00,35.2,39,35.5,884.0,31.0,0.0,992.7
2026-07-05T08:00,35.0,41,35.1,786.0,31.7,0.0,992.0
2026-07-05T09:00,34.4,42,33.8,706.0,32.9,0.1,991.2
2026-07-05T10:00,33.9,43,32.8,472.0,31.2,0.0,990.5
2026-07-05T11:00,33.0,45,31.9,454.0,32.2,0.0,990.6
2026-07-05T12:00,31.1,50,29.9,272.0,32.5,0.0,990.7
2026-07-05T13:00,29.1,62,29.2,81.0,29.1,0.0,991.6
2026-07-05T14:00,27.9,68,29.2,1.0,22.9,0.0,992.7
2026-07-05T15:00,27.3,72,28.9,0.0,21.8,0.0,993.4
2026-07-05T16:00,27.0,73,28.2,0.0,24.6,0.0,994.3
2026-07-05T17:00,27.0,72,27.7,0.0,26.3,0.0,994.5
2026-07-05T18:00,26.7,73,27.8,0.0,23.8,0.0,994.4
2026-07-05T19:00,26.3,74,27.2,0.0,24.6,0.0,993.8
2026-07-05T20:00,25.9,76,27.0,0.0,23.3,0.0,993.5
2026-07-05T21:00,25.7,77,26.4,0.0,25.6,0.0,993.1
2026-07-05T22:00,25.4,77,26.3,0.0,24.5,0.0,992.7
2026-07-05T23:00,25.3,77,26.0,0.0,24.8,0.0,992.7
2026-07-06T00:00,25.1,79,26.0,0.0,23.5,0.0,992.9
2026-07-06T01:00,26.4,70,26.7,9.0,25.2,0.0,993.0
2026-07-06T02:00,27.5,64,27.8,120.0,24.2,0.0,993.6
2026-07-06T03:00,29.4,58,29.1,313.0,29.5,0.0,994.0
2026-07-06T04:00,31.2,51,30.6,522.0,30.5,0.0,994.0
2026-07-06T05:00,32.8,47,32.9,730.0,31.4,0.0,993.9
2026-07-06T06:00,34.1,42,33.8,800.0,33.2,0.0,993.0
2026-07-06T07:00,34.7,40,34.2,867.0,35.5,0.0,992.2
2026-07-06T08:00,34.9,39,34.2,824.0,34.7,0.0,990.8
2026-07-06T09:00,34.5,41,33.5,763.0,36.6,0.0,990.2
2026-07-06T10:00,33.5,41,31.3,450.0,36.3,0.0,990.1
2026-07-06T11:00,32.8,46,31.7,385.0,33.3,0.0,989.9
2026-07-06T12:00,31.2,54,30.5,245.0,33.0,0.0,990.7
2026-07-06T13:00,29.3,60,29.3,80.0,28.6,0.0,991.2
2026-07-06T14:00,28.0,67,28.9,1.0,24.8,0.0,991.7
2026-07-06T15:00,27.1,71,28.5,0.0,22.2,0.0,992.6
2026-07-06T16:00,26.7,72,27.9,0.0,21.8,0.0,993.2
2026-07-06T17:00,25.7,77,26.9,0.0,22.5,0.0,993.5
2026-07-06T18:00,25.3,79,26.9,0.0,20.0,0.0,993.6
2026-07-06T19:00,25.3,79,26.9,0.0,21.0,0.0,993.5
2026-07-06T20:00,25.1,81,26.7,0.0,21.0,0.0,992.9
2026-07-06T21:00,25.2,80,26.0,0.0,25.8,0.0,992.4
2026-07-06T22:00,25.2,78,26.0,0.0,24.9,0.0,992.1
2026-07-06T23:00,25.1,79,25.7,0.0,25.8,0.0,992.1
2026-07-07T00:00,25.0,79,25.9,0.0,24.3,0.0,992.4
2026-07-07T01:00,25.5,77,27.5,8.0,17.1,0.0,993.1
2026-07-07T02:00,26.8,71,28.3,111.0,20.5,0.0,993.4
2026-07-07T03:00,28.9,62,29.5,305.0,25.3,0.0,993.4
2026-07-07T04:00,31.0,53,30.4,508.0,31.7,0.0,993.7
2026-07-07T05:00,32.4,49,32.5,678.0,30.8,0.0,993.5
2026-07-07T06:00,33.4,45,33.4,735.0,31.5,0.0,993.1
2026-07-07T07:00,33.7,45,33.5,697.0,31.5,0.0,992.4
2026-07-07T08:00,34.9,41,35.4,859.0,31.2,0.0,991.4
2026-07-07T09:00,34.2,42,33.5,608.0,31.4,0.0,990.6
2026-07-07T10:00,33.9,43,32.9,561.0,31.7,0.0,990.2
2026-07-07T11:00,33.0,47,31.9,423.0,33.9,0.0,990.1
2026-07-07T12:00,31.1,53,30.7,196.0,30.1,0.0,990.6
2026-07-07T13:00,29.4,63,30.3,76.0,25.8,0.0,991.0
2026-07-07T14:00,28.5,66,29.5,1.0,24.8,0.0,991.9
2026-07-07T15:00,27.6,69,28.4,0.0,25.6,0.0,992.7
2026-07-07T16:00,27.0,72,28.0,0.0,25.0,0.0,993.5
2026-07-07T17:00,26.6,74,28.0,0.0,22.6,0.0,994.1
2026-07-07T18:00,26.3,76,27.7,0.0,22.8,0.0,994.0
2026-07-07T19:00,26.1,76,27.2,0.0,24.3,0.0,993.5
2026-07-07T20:00,25.8,77,27.2,0.0,22.7,0.0,992.9
2026-07-07T21:00,25.6,79,27.0,0.0,22.9,0.0,992.8
2026-07-07T22:00,25.4,81,26.7,0.0,23.6,0.0,992.5
2026-07-07T23:00,25.4,79,26.9,0.0,21.5,0.0,992.5
2026-07-08T00:00,25.3,78,27.0,0.0,19.5,0.0,992.8
2026-07-08T01:00,26.2,78,28.6,8.0,17.6,0.0,993.0
2026-07-08T02:00,27.5,71,29.3,131.0,20.5,0.0,993.8
2026-07-08T03:00,29.6,63,30.7,341.0,24.4,0.0,994.1
2026-07-08T04:00,31.9,51,32.6,552.0,23.0,0.0,993.9
2026-07-08T05:00,33.8,46,35.7,733.0,20.4,0.0,993.6
2026-07-08T06:00,35.2,42,37.1,846.0,23.4,0.0,993.1
2026-07-08T07:00,36.0,40,37.7,900.0,25.2,0.0,992.1
2026-07-08T08:00,36.7,37,38.1,870.0,25.8,0.0,991.3
2026-07-08T09:00,35.9,38,36.7,799.0,26.1,0.0,990.6
2026-07-08T10:00,35.3,40,35.3,622.0,26.9,0.0,990.0
2026-07-08T11:00,34.8,40,34.0,403.0,28.7,0.0,989.6
2026-07-08T12:00,32.6,48,31.9,268.0,30.9,0.0,990.2
2026-07-08T13:00,30.8,53,30.8,81.0,26.3,0.0,991.5
2026-07-08T14:00,29.2,61,29.8,1.0,25.8,0.0,992.6
2026-07-08T15:00,28.3,66,29.2,0.0,24.6,0.0,993.8
2026-07-08T16:00,27.9,67,29.0,0.0,23.2,0.0,994.4
2026-07-08T17:00,27.3,71,28.8,0.0,21.8,0.0,995.3
2026-07-08T18:00,26.7,73,28.3,0.0,20.4,0.0,995.2
2026-07-08T19:00,26.2,75,27.8,0.0,19.9,0.0,994.6
2026-07-08T20:00,25.9,76,27.6,0.0,19.2,0.0,993.8
2026-07-08T21:00,25.8,76,27.6,0.0,18.5,0.0,993.3
2026-07-08T22:00,25.6,76,27.4,0.0,17.9,0.0,993.0
2026-07-08T23:00,25.4,77,27.0,0.0,19.5,0.0,993.0
2026-07-09T00:00,25.5,76,26.8,0.0,20.4,0.0,993.2
2026-07-09T01:00,26.1,76,27.8,8.0,19.7,0.0,993.4
2026-07-09T02:00,27.0,71,28.3,128.0,21.3,0.0,994.1
2026-07-09T03:00,29.3,62,30.4,334.0,22.5,0.0,994.4
2026-07-09T04:00,31.7,51,32.5,540.0,21.4,0.0,994.4
2026-07-09T05:00,33.4,45,35.3,719.0,17.6,0.0,994.4
2026-07-09T06:00,34.9,38,36.7,856.0,19.8,0.0,993.6
2026-07-09T07:00,36.1,36,38.1,920.0,20.7,0.0,992.7
2026-07-09T08:00,36.8,36,38.5,896.0,22.6,0.0,991.6
2026-07-09T09:00,36.1,36,37.2,787.0,21.4,0.2,990.6
2026-07-09T10:00,35.9,37,36.1,597.0,22.9,0.0,989.9
2026-07-09T11:00,34.8,42,35.0,474.0,24.9,0.0,989.6
2026-07-09T12:00,33.0,48,33.3,271.0,25.9,0.0,990.1
2026-07-09T13:00,30.8,55,31.0,75.0,27.0,0.0,991.2
2026-07-09T14:00,29.3,63,30.1,1.0,25.6,0.0,991.7
2026-07-09T15:00,28.2,69,29.8,0.0,22.6,0.0,992.6
2026-07-09T16:00,27.6,70,29.5,0.0,19.5,0.0,993.1
2026-07-09T17:00,27.2,72,29.1,0.0,19.1,0.0,993.9
2026-07-09T18:00,26.8,74,28.7,0.0,19.2,0.0,993.9
2026-07-09T19:00,26.6,74,28.5,0.0,18.7,0.0,993.6
2026-07-09T20:00,26.2,75,28.0,0.0,19.3,0.0,993.0
2026-07-09T21:00,25.8,77,27.7,0.0,19.1,0.0,992.7
2026-07-09T22:00,25.6,78,27.5,0.0,19.1,0.0,992.6
2026-07-09T23:00,25.3,80,27.3,0.0,18.6,0.0,992.7
2026-07-10T00:00,25.2,80,27.0,0.0,19.0,0.0,992.8
2026-07-10T01:00,26.5,74,28.4,8.0,17.9,0.0,992.7
2026-07-10T02:00,27.7,69,29.5,123.0,19.2,0.0,993.2
2026-07-10T03:00,29.8,59,31.3,335.0,19.7,0.0,993.6
2026-07-10T04:00,31.5,51,32.7,533.0,18.8,0.0,993.7
2026-07-10T05:00,33.3,45,35.7,716.0,15.2,0.0,993.4
2026-07-10T06:00,35.0,40,38.3,836.0,12.6,0.0,992.9
2026-07-10T07:00,36.6,37,40.2,895.0,12.7,0.0,992.0
2026-07-10T08:00,37.1,36,40.2,827.0,14.2,0.0,990.7
2026-07-10T09:00,37.4,34,39.4,701.0,14.6,0.0,989.5
2026-07-10T10:00,35.6,39,35.7,537.0,23.5,0.3,989.0
2026-07-10T11:00,33.9,45,35.3,316.0,16.6,0.3,989.0
2026-07-10T12:00,33.2,49,34.5,200.0,20.9,0.0,989.0
2026-07-10T13:00,31.2,57,32.6,76.0,22.9,0.0,990.3
2026-07-10T14:00,29.6,62,31.1,1.0,21.7,0.0,991.0
2026-07-10T15:00,28.2,69,30.4,0.0,18.4,0.0,992.1
2026-07-10T16:00,27.7,71,30.1,0.0,17.7,0.0,992.6
2026-07-10T17:00,27.2,72,29.3,0.0,18.3,0.0,993.2
2026-07-10T18:00,26.9,73,29.1,0.0,17.3,0.0,993.3
2026-07-10T19:00,26.4,75,28.4,0.0,18.4,0.0,992.8
2026-07-10T20:00,25.9,79,28.1,0.0,18.3,0.0,991.9
2026-07-10T21:00,25.7,79,27.8,0.0,18.8,0.0,991.5
2026-07-10T22:00,25.7,79,27.8,0.0,18.5,0.0,991.0
2026-07-10T23:00,25.7,78,27.7,0.0,18.2,0.0,991.3
2026-07-11T00:00,25.7,77,27.5,0.0,18.2,0.0,991.8
2026-07-11T01:00,26.6,76,28.8,8.0,18.1,0.0,991.8
2026-07-11T02:00,27.9,71,30.2,128.0,18.4,0.0,992.4
2026-07-11T03:00,30.3,60,32.3,336.0,18.8,0.0,992.8
2026-07-11T04:00,32.4,50,33.8,541.0,18.9,0.0,992.7
2026-07-11T05:00,34.1,45,36.1,701.0,19.0,0.0,992.8
2026-07-11T06:00,34.9,40,36.5,758.0,21.0,0.0,992.4
2026-07-11T07:00,36.0,37,37.3,839.0,23.1,0.0,991.2
2026-07-11T08:00,36.3,36,37.5,849.0,23.3,0.0,990.3
2026-07-11T09:00,34.2,44,34.9,763.0,28.4,0.5,989.6
2026-07-11T10:00,34.2,43,33.7,554.0,28.8,0.1,989.4
2026-07-11T11:00,33.1,46,33.1,387.0,26.7,0.2,989.3
2026-07-11T12:00,31.7,50,31.6,191.0,27.1,0.0,989.6
2026-07-11T13:00,30.4,58,30.9,65.0,27.4,0.0,990.1
2026-07-11T14:00,28.7,67,29.8,1.0,25.6,0.0,990.8
2026-07-11T15:00,27.4,73,29.1,0.0,22.7,0.0,991.9
2026-07-11T16:00,27.0,74,28.6,0.0,22.4,0.0,992.8
2026-07-11T17:00,26.5,77,28.4,0.0,20.7,0.0,993.0
2026-07-11T18:00,26.3,77,28.2,0.0,20.7,0.0,993.3
2026-07-11T19:00,26.1,76,27.8,0.0,20.9,0.0,993.4
2026-07-11T20:00,25.7,79,27.3,0.0,21.8,0.0,993.1
2026-07-11T21:00,25.2,81,26.9,0.0,20.6,0.0,992.3
2026-07-11T22:00,24.7,83,26.3,0.0,20.7,0.0,991.8
2026-07-11T23:00,24.5,83,25.5,0.0,24.5,0.0,992.4
2026-07-12T00:00,24.4,83,26.1,0.0,20.0,0.0,992.6
2026-07-12T01:00,25.8,79,27.6,7.0,20.4,0.0,992.9
2026-07-12T02:00,27.1,73,28.8,118.0,21.3,0.0,993.4
2026-07-12T03:00,28.8,64,30.1,263.0,22.0,0.0,993.7
2026-07-12T04:00,31.0,54,32.2,502.0,20.5,0.0,993.8
2026-07-12T05:00,33.2,46,35.2,713.0,18.6,0.0,993.7
2026-07-12T06:00,34.7,42,37.1,837.0,19.1,0.0,993.2
2026-07-12T07:00,35.9,37,37.6,883.0,21.6,0.0,991.7
2026-07-12T08:00,36.5,35,37.8,870.0,23.2,0.0,990.6
2026-07-12T09:00,36.2,37,37.2,720.0,21.9,0.2,989.8
2026-07-12T10:00,34.8,40,35.1,642.0,24.3,0.1,989.4
2026-07-12T11:00,33.9,43,34.2,371.0,22.0,0.1,989.5
2026-07-12T12:00,32.8,47,33.0,231.0,23.9,0.0,990.1
2026-07-12T13:00,31.9,48,31.9,72.0,24.9,0.0,990.6
2026-07-12T14:00,30.4,56,31.6,1.0,21.1,0.0,991.3
2026-07-12T15:00,29.4,60,30.3,0.0,22.6,0.0,992.6
2026-07-12T16:00,28.6,63,29.2,0.0,24.6,0.0,993.2
2026-07-12T17:00,27.9,67,28.9,0.0,23.5,0.0,993.6
2026-07-12T18:00,27.2,71,28.6,0.0,22.2,0.0,993.7
2026-07-12T19:00,27.0,72,28.4,0.0,22.0,0.0,993.0
2026-07-12T20:00,26.8,74,28.5,0.0,21.1,0.0,992.2
2026-07-12T21:00,26.3,76,27.7,0.0,22.4,0.0,991.8
2026-07-12T22:00,26.1,76,27.4,0.0,22.9,0.0,992.2
2026-07-12T23:00,26.2,76,27.8,0.0,20.7,0.0,992.2
2026-07-13T00:00,26.2,77,27.9,0.0,20.5,0.0,992.6
2026-07-13T01:00,26.3,74,28.1,7.0,18.8,0.0,993.0
2026-07-13T02:00,27.7,69,29.5,123.0,19.1,0.0,993.5
2026-07-13T03:00,29.7,60,31.1,313.0,20.4,0.0,993.8
2026-07-13T04:00,31.6,52,32.4,495.0,21.8,0.0,993.9
2026-07-13T05:00,33.5,44,34.8,688.0,20.3,0.0,993.5
2026-07-13T06:00,35.0,41,36.9,837.0,21.6,0.0,993.0
2026-07-13T07:00,36.2,37,37.8,897.0,23.5,0.0,992.3
2026-07-13T08:00,36.2,35,36.6,862.0,27.2,0.0,991.1
2026-07-13T09:00,36.1,37,36.5,696.0,24.8,0.1,990.0
2026-07-13T10:00,34.9,42,35.6,610.0,24.5,0.2,989.6
2026-07-13T11:00,33.5,45,33.6,362.0,25.4,0.2,990.0
2026-07-13T12:00,32.1,49,32.1,222.0,27.3,0.0,990.3
2026-07-13T13:00,29.9,56,30.1,76.0,25.9,0.0,991.4
2026-07-13T14:00,28.6,66,29.8,1.0,23.3,0.0,992.2
2026-07-13T15:00,28.1,67,29.6,0.0,21.5,0.0,993.3
2026-07-13T16:00,27.6,69,29.4,0.0,19.7,0.0,993.5
2026-07-13T17:00,27.3,70,29.5,0.0,15.7,0.0,993.8
2026-07-13T18:00,26.9,71,29.1,0.0,15.7,0.0,994.0
2026-07-13T19:00,26.6,72,28.1,0.0,19.8,0.0,993.8
2026-07-13T20:00,26.4,73,28.3,0.0,17.9,0.0,993.3
2026-07-13T21:00,26.3,74,28.1,0.0,18.8,0.0,992.9
2026-07-13T22:00,25.8,77,27.5,0.0,19.8,0.0,992.4
2026-07-13T23:00,25.8,77,27.5,0.0,20.7,0.0,992.7
2026-07-14T00:00,25.6,77,27.0,0.0,21.4,0.0,992.8
2026-07-14T01:00,26.3,74,27.9,7.0,19.5,0.0,993.2
2026-07-14T02:00,27.6,68,28.6,122.0,23.4,0.0,993.8
2026-07-14T03:00,29.3,62,29.7,307.0,27.0,0.0,994.3
2026-07-14T04:00,30.1,57,30.2,327.0,28.3,0.0,994.4
2026-07-14T05:00,31.0,52,30.5,407.0,29.4,0.0,994.0
2026-07-14T06:00,32.3,47,31.7,660.0,31.9,0.0,993.2
2026-07-14T07:00,34.6,39,34.0,815.0,33.0,0.0,992.4
2026-07-14T08:00,35.0,38,34.4,862.0,34.0,0.0,991.4
2026-07-14T09:00,34.2,40,33.5,805.0,33.8,0.0,990.7
2026-07-14T10:00,33.6,41,31.9,582.0,33.9,0.0,990.1
2026-07-14T11:00,32.8,44,31.2,473.0,34.1,0.0,989.8
2026-07-14T12:00,31.4,48,30.1,240.0,31.6,0.0,990.2
2026-07-14T13:00,29.2,59,28.8,83.0,30.1,0.0,991.3
2026-07-14T14:00,27.6,67,27.9,1.0,27.3,0.0,992.6
2026-07-14T15:00,26.8,72,27.3,0.0,27.4,0.0,993.2
2026-07-14T16:00,26.4,75,27.4,0.0,24.4,0.0,993.9
2026-07-14T17:00,25.9,77,27.6,0.0,19.9,0.0,994.3
2026-07-14T18:00,25.9,75,27.3,0.0,20.8,0.0,994.0
2026-07-14T19:00,25.4,79,27.1,0.0,19.3,0.0,993.1
2026-07-14T20:00,25.5,78,26.4,0.0,24.8,0.0,992.8
2026-07-14T21:00,25.6,76,26.2,0.0,24.9,0.0,992.6
2026-07-14T22:00,25.6,76,26.6,0.0,22.7,0.0,992.2
2026-07-14T23:00,25.5,78,26.5,0.0,23.4,0.0,992.3
2026-07-15T00:00,25.6,77,26.7,0.0,23.4,0.0,992.4
2026-07-15T01:00,26.3,76,27.6,7.0,23.2,0.0,992.2
2026-07-15T02:00,27.1,72,28.4,110.0,23.6,0.0,992.6
2026-07-15T03:00,29.4,60,29.4,300.0,29.6,0.0,993.0
2026-07-15T04:00,30.8,54,30.1,504.0,32.5,0.0,993.1
2026-07-15T05:00,31.9,50,32.0,665.0,29.6,0.0,993.0
2026-07-15T06:00,33.5,44,34.2,738.0,25.9,0.0,992.4
2026-07-15T07:00,35.4,39,36.6,830.0,24.1,0.0,991.2
2026-07-15T08:00,35.6,38,36.4,860.0,26.9,0.0,990.4
2026-07-15T09:00,33.7,44,33.7,675.0,29.0,0.8,989.7
2026-07-15T10:00,34.0,43,34.0,605.0,27.1,0.0,989.0
2026-07-15T11:00,32.9,47,33.0,428.0,26.0,0.3,989.0
2026-07-15T12:00,31.4,50,31.0,203.0,28.3,0.0,989.5
2026-07-15T13:00,30.2,55,30.7,78.0,23.3,0.0,990.2
2026-07-15T14:00,28.6,63,29.6,1.0,22.3,0.0,991.2
2026-07-15T15:00,27.7,68,29.3,0.0,19.8,0.0,992.3
2026-07-15T16:00,27.3,68,29.0,0.0,18.1,0.0,992.6
2026-07-15T17:00,27.0,70,28.6,0.0,19.1,0.0,993.1
2026-07-15T18:00,26.7,71,28.2,0.0,18.8,0.0,993.1
2026-07-15T19:00,26.5,72,28.1,0.0,18.3,0.0,992.6
2026-07-15T20:00,26.1,74,28.0,0.0,17.8,0.0,992.0
2026-07-15T21:00,25.8,77,27.6,0.0,19.3,0.0,991.5
2026-07-15T22:00,25.6,79,27.6,0.0,18.6,0.0,991.4
2026-07-15T23:00,25.4,80,28.0,0.0,14.7,0.0,991.2
2026-07-16T00:00,25.2,80,27.3,0.0,17.3,0.0,991.4
2026-07-16T01:00,26.0,77,28.3,6.0,17.2,0.0,991.6
2026-07-16T02:00,26.9,73,29.2,65.0,16.1,0.0,991.9
2026-07-16T03:00,29.2,61,31.2,218.0,15.5,0.0,991.8
2026-07-16T04:00,31.8,51,33.6,523.0,14.9,0.0,992.1
2026-07-16T05:00,33.4,45,35.1,595.0,15.7,0.0,991.8
2026-07-16T06:00,35.3,40,37.8,790.0,16.5,0.0,991.1
2026-07-16T07:00,33.4,45,35.4,826.0,20.7,0.5,990.8
2026-07-16T08:00,34.7,43,36.1,625.0,19.3,0.8,989.5
2026-07-16T09:00,33.2,45,34.1,653.0,21.8,1.0,988.9
2026-07-16T10:00,33.2,48,34.0,509.0,23.9,0.0,988.7
2026-07-16T11:00,31.5,54,32.4,333.0,24.7,0.6,988.5
2026-07-16T12:00,30.3,59,30.9,208.0,26.5,0.0,989.5
2026-07-16T13:00,28.6,65,28.9,67.0,29.2,0.0,989.7
2026-07-16T14:00,26.8,73,27.1,1.0,29.3,0.0,990.2
2026-07-16T15:00,26.2,74,26.6,0.0,28.0,0.0,991.4
2026-07-16T16:00,25.7,76,26.9,0.0,22.7,0.0,992.4
2026-07-16T17:00,25.9,76,27.0,0.0,23.4,0.0,992.7
2026-07-16T18:00,25.7,76,26.8,0.0,23.1,0.0,992.4
2026-07-16T19:00,25.8,76,26.3,0.0,27.2,0.0,992.0
2026-07-16T20:00,25.6,78,27.0,0.0,22.3,0.0,991.6
2026-07-16T21:00,25.3,79,26.3,0.0,24.1,0.0,991.2
2026-07-16T22:00,25.0,80,25.8,0.0,25.7,0.1,990.9
2026-07-16T23:00,24.7,84,25.8,0.0,24.8,0.1,991.1
2026-07-17T00:00,24.2,85,25.3,0.0,25.0,0.1,991.1
2026-07-17T01:00,25.1,75,26.2,4.0,20.8,0.0,991.2
2026-07-17T02:00,26.0,72,27.0,84.0,20.8,0.0,991.1
2026-07-17T03:00,27.7,64,28.3,240.0,23.3,0.0,991.6
2026-07-17T04:00,29.3,57,29.9,349.0,22.3,0.0,991.9
2026-07-17T05:00,31.5,50,32.7,658.0,21.1,0.0,992.1
2026-07-17T06:00,32.6,46,34.0,721.0,21.2,0.0,991.7
2026-07-17T07:00,32.2,48,33.2,628.0,21.9,0.0,991.4
2026-07-17T08:00,32.1,49,32.9,582.0,21.6,0.0,990.8
2026-07-17T09:00,32.0,49,32.5,455.0,22.3,0.0,989.7
2026-07-17T10:00,32.6,47,32.7,495.0,25.6,0.0,989.0
2026-07-17T11:00,31.7,51,31.9,308.0,26.3,0.0,988.9
2026-07-17T12:00,29.7,59,30.0,148.0,27.1,0.0,989.4
2026-07-17T13:00,29.0,61,29.6,66.0,24.9,0.0,989.9
2026-07-17T14:00,27.8,66,28.7,1.0,22.5,0.0,991.2
2026-07-17T15:00,27.0,70,28.3,0.0,21.1,0.0,991.9
2026-07-17T16:00,26.8,69,28.0,0.0,20.3,0.0,992.6
2026-07-17T17:00,26.6,69,27.8,0.0,20.3,0.0,992.8
2026-07-17T18:00,26.3,71,27.8,0.0,18.3,0.0,992.7
2026-07-17T19:00,26.2,71,27.7,0.0,17.2,0.0,992.2
2026-07-17T20:00,26.0,72,27.3,0.0,18.8,0.0,991.6
2026-07-17T21:00,25.6,74,27.0,0.0,19.2,0.0,991.1
2026-07-17T22:00,25.6,75,27.1,0.0,19.0,0.0,991.1
2026-07-17T23:00,25.5,76,26.9,0.0,20.6,0.0,991.2
2026-07-18T00:00,25.4,78,26.9,0.0,20.2,0.0,991.4
2026-07-18T01:00,26.0,78,28.3,3.0,17.0,0.0,991.6
2026-07-18T02:00,26.6,76,28.6,79.0,19.2,0.0,992.4
2026-07-18T03:00,27.8,70,29.6,163.0,19.7,0.0,992.9
2026-07-18T04:00,29.7,61,31.2,335.0,20.2,0.0,993.0
2026-07-18T05:00,31.6,52,32.9,552.0,19.8,0.0,992.8
2026-07-18T06:00,32.9,48,34.8,705.0,20.2,0.0,992.0
2026-07-18T07:00,33.7,46,35.9,842.0,22.0,0.0,991.0
2026-07-18T08:00,34.6,43,36.6,873.0,23.5,0.0,990.3
2026-07-18T09:00,32.9,48,33.7,589.0,23.4,0.0,989.6
2026-07-18T10:00,32.3,48,32.5,269.0,24.3,0.0,989.1
2026-07-18T11:00,31.6,51,31.8,244.0,25.7,0.0,988.8
2026-07-18T12:00,29.8,58,29.9,204.0,27.4,0.0,989.2
2026-07-18T13:00,28.4,67,29.7,51.0,23.8,0.0,989.9
2026-07-18T14:00,26.9,73,28.6,1.0,21.3,0.0,990.5
2026-07-18T15:00,26.3,77,28.4,0.0,18.7,0.0,991.0
2026-07-18T16:00,25.9,78,27.9,0.0,18.8,0.0,991.5
2026-07-18T17:00,25.8,77,27.6,0.0,19.8,0.0,992.0
2026-07-18T18:00,25.6,77,27.3,0.0,19.3,0.0,991.9
2026-07-18T19:00,25.3,77,27.0,0.0,18.7,0.0,991.2
2026-07-18T20:00,25.2,78,26.8,0.0,18.5,0.0,990.5
2026-07-18T21:00,24.9,80,26.6,0.0,19.5,0.0,989.9
2026-07-18T22:00,24.6,83,26.3,0.0,19.5,0.0,989.4
2026-07-18T23:00,24.6,83,26.4,0.0,19.2,0.0,989.5
2026-07-19T00:00,24.5,82,26.1,0.0,20.2,0.0,989.8
2026-07-19T01:00,25.9,74,27.6,3.0,17.3,0.0,990.3
2026-07-19T02:00,26.5,72,28.0,77.0,19.3,0.0,990.9
2026-07-19T03:00,28.2,64,29.0,255.0,23.3,0.0,991.4
2026-07-19T04:00,30.0,57,30.9,490.0,22.0,0.0,991.7
2026-07-19T05:00,31.7,50,33.1,590.0,17.8,0.0,991.5
2026-07-19T06:00,32.6,48,34.3,658.0,18.6,0.0,990.6
2026-07-19T07:00,33.7,43,35.8,873.0,20.6,0.0,989.6
2026-07-19T08:00,33.1,45,34.4,835.0,25.2,0.0,988.6
2026-07-19T09:00,34.4,41,34.6,706.0,26.2,0.0,987.6
2026-07-19T10:00,31.9,50,31.7,566.0,29.2,1.1,987.5
2026-07-19T11:00,30.3,56,29.7,250.0,32.0,0.0,987.4
2026-07-19T12:00,27.2,72,27.6,55.0,29.4,0.3,988.0
2026-07-19T13:00,26.9,73,28.0,49.0,24.2,0.0,988.6
2026-07-19T14:00,25.8,77,26.9,1.0,23.7,0.0,989.5
2026-07-19T15:00,25.4,80,27.3,0.0,19.2,0.0,990.3
2026-07-19T16:00,25.7,76,27.1,0.0,20.8,0.0,991.1
2026-07-19T17:00,25.4,77,26.7,0.0,21.8,0.0,991.2
2026-07-19T18:00,25.3,77,26.5,0.0,21.3,0.0,990.7
2026-07-19T19:00,25.0,79,25.9,0.0,23.9,0.0,990.0
2026-07-19T20:00,24.7,80,25.7,0.0,22.7,1.4,989.6
2026-07-19T21:00,24.5,81,25.6,0.0,22.7,0.0,989.1
2026-07-19T22:00,24.7,81,25.7,0.0,23.3,0.0,988.6
2026-07-19T23:00,24.5,81,25.5,0.0,22.6,0.0,989.0
2026-07-20T00:00,24.5,81,25.6,0.0,21.8,0.0,989.2
2026-07-20T01:00,25.2,77,26.3,5.0,21.0,0.0,989.5
2026-07-20T02:00,25.8,75,27.4,46.0,18.4,0.0,989.9
2026-07-20T03:00,26.4,72,28.2,109.0,17.7,0.0,990.3
2026-07-20T04:00,28.7,63,30.1,326.0,19.5,0.0,990.9
2026-07-20T05:00,30.8,54,32.5,588.0,17.3,0.0,990.8
2026-07-20T06:00,32.3,48,34.3,613.0,15.1,0.0,990.4
2026-07-20T07:00,32.9,46,34.9,573.0,12.5,0.0,989.4
2026-07-20T08:00,34.0,44,36.8,678.0,11.7,0.0,988.2
2026-07-20T09:00,31.6,54,33.4,692.0,22.2,1.0,987.7
2026-07-20T10:00,29.7,64,31.0,389.0,25.5,1.3,987.4
2026-07-20T11:00,29.2,63,31.0,143.0,19.8,1.0,987.6
2026-07-20T12:00,26.8,79,29.0,77.0,21.0,0.6,987.8
2026-07-20T13:00,27.7,67,28.6,59.0,23.3,0.0,988.9
2026-07-20T14:00,26.5,73,27.4,1.0,24.7,0.0,989.5
2026-07-20T15:00,25.7,79,27.1,0.0,23.0,0.0,990.3
2026-07-20T16:00,25.5,81,27.3,0.0,20.6,0.0,991.1
2026-07-20T17:00,25.5,79,27.3,0.0,19.4,0.0,991.4
2026-07-20T18:00,25.4,76,26.8,0.0,20.5,0.0,991.0
2026-07-20T19:00,25.2,77,26.5,0.0,20.3,0.0,990.5
2026-07-20T20:00,25.2,76,26.1,0.0,22.5,0.0,990.1
2026-07-20T21:00,25.1,76,26.0,0.0,22.6,0.0,989.4
2026-07-20T22:00,24.9,78,26.2,0.0,19.9,0.0,989.2
2026-07-20T23:00,24.9,79,26.3,0.0,20.3,0.0,989.7
2026-07-21T00:00,24.9,80,26.4,0.0,21.1,0.0,990.0
2026-07-21T01:00,25.8,76,27.0,2.0,22.2,0.0,990.7
2026-07-21T02:00,26.2,73,27.9,46.0,18.5,0.0,991.3
2026-07-21T03:00,27.1,70,28.4,123.0,21.4,0.0,991.2
2026-07-21T04:00,29.2,61,30.1,272.0,23.6,0.0,991.5
2026-07-21T05:00,30.9,54,31.0,479.0,26.8,0.0,991.6
2026-07-21T06:00,31.3,53,31.7,502.0,25.8,0.0,991.2
2026-07-21T07:00,29.9,60,30.0,506.0,30.0,0.0,990.6
2026-07-21T08:00,27.7,74,29.1,446.0,26.5,0.4,989.9
2026-07-21T09:00,26.4,85,28.9,344.0,23.4,1.1,989.1
2026-07-21T10:00,29.8,61,30.1,385.0,29.0,0.1,988.8
2026-07-21T11:00,29.1,64,29.7,245.0,27.8,0.0,988.7
2026-07-21T12:00,27.6,69,28.1,93.0,27.3,0.0,989.3
2026-07-21T13:00,27.5,66,28.3,23.0,22.8,0.0,990.3
2026-07-21T14:00,26.7,69,27.5,1.0,22.9,0.0,990.9
2026-07-21T15:00,26.3,71,27.1,0.0,23.5,0.0,991.9
2026-07-21T16:00,25.2,80,26.3,0.0,23.5,0.8,992.8
2026-07-21T17:00,24.8,85,26.3,0.0,22.8,0.4,992.9
2026-07-21T18:00,24.9,83,26.8,0.0,19.3,0.2,992.7
2026-07-21T19:00,25.0,79,26.4,0.0,20.3,0.0,992.0
2026-07-21T20:00,24.8,80,26.0,0.0,21.9,0.0,991.3
2026-07-21T21:00,24.8,80,26.0,0.0,21.8,0.0,990.9
2026-07-21T22:00,24.8,80,26.1,0.0,21.3,0.0,990.9
2026-07-21T23:00,24.9,79,26.4,0.0,20.0,0.0,991.3
2026-07-22T00:00,25.1,79,26.7,0.0,19.6,0.0,991.7
2026-07-22T01:00,25.5,78,27.3,5.0,19.6,0.0,991.5
2026-07-22T02:00,26.8,73,28.7,95.0,18.5,0.0,992.5
2026-07-22T03:00,27.5,69,28.8,196.0,21.8,0.0,993.0
2026-07-22T04:00,25.6,87,28.2,323.0,20.9,0.8,993.6
2026-07-22T05:00,26.2,84,29.2,311.0,18.4,1.2,993.4
2026-07-22T06:00,28.5,65,29.2,325.0,25.7,0.0,992.8
2026-07-22T07:00,29.8,59,30.0,435.0,28.3,0.0,991.8
2026-07-22T08:00,30.7,54,30.5,471.0,29.2,0.0,990.7
2026-07-22T09:00,30.9,54,30.8,437.0,28.3,0.0,989.8
2026-07-22T10:00,31.4,52,31.2,388.0,28.9,0.0,989.0
2026-07-22T11:00,31.3,52,30.8,452.0,30.1,0.0,988.6
2026-07-22T12:00,29.3,60,29.4,242.0,28.2,0.0,989.3
2026-07-22T13:00,28.0,65,28.6,55.0,24.9,0.0,990.3
2026-07-22T14:00,27.0,71,27.8,0.0,26.1,0.0,990.9
2026-07-22T15:00,26.7,71,27.1,0.0,26.2,0.0,991.3
2026-07-22T16:00,26.4,72,26.9,0.0,26.0,0.0,992.1
2026-07-22T17:00,25.9,75,26.4,0.0,26.3,0.0,992.5
2026-07-22T18:00,25.5,75,26.0,0.0,26.0,0.0,992.4
2026-07-22T19:00,25.0,79,25.9,0.0,24.1,0.0,992.1
2026-07-22T20:00,24.9,80,25.9,0.0,23.9,0.0,991.4
2026-07-22T21:00,24.8,81,25.9,0.0,23.0,0.0,991.0
2026-07-22T22:00,25.0,79,26.1,0.0,22.3,0.0,990.7
2026-07-22T23:00,24.8,79,25.7,0.0,23.2,0.0,990.8
2026-07-23T00:00,24.7,79,25.4,0.0,24.0,0.0,991.0
2026-07-23T01:00,25.9,77,27.1,3.0,23.6,0.0,991.6
2026-07-23T02:00,26.3,76,28.0,53.0,20.9,0.0,991.8
2026-07-23T03:00,27.7,69,28.7,210.0,24.0,0.0,992.0
2026-07-23T04:00,29.7,58,30.0,430.0,26.4,0.0,992.1
2026-07-23T05:00,30.6,53,29.8,477.0,32.1,0.0,992.1
2026-07-23T06:00,31.0,52,30.0,510.0,32.6,0.0,991.1
2026-07-23T07:00,32.9,48,33.6,840.0,31.5,0.0,990.3
2026-07-23T08:00,32.4,47,31.6,707.0,35.4,0.0,989.6
2026-07-23T09:00,31.7,52,31.0,642.0,35.7,0.0,989.1
2026-07-23T10:00,29.9,58,29.0,398.0,34.7,0.0,988.6
2026-07-23T11:00,28.0,66,27.7,177.0,32.1,0.0,988.8
2026-07-23T12:00,27.9,67,27.9,146.0,30.2,0.0,989.2
2026-07-23T13:00,27.5,67,27.3,66.0,30.1,0.0,989.4
2026-07-23T14:00,26.6,72,27.5,1.0,23.5,0.0,990.2
2026-07-23T15:00,26.0,74,26.4,0.0,26.8,0.0,990.9
2026-07-23T16:00,26.0,74,26.3,0.0,27.8,0.0,991.6
2026-07-23T17:00,25.6,75,26.0,0.0,26.7,0.0,992.0
2026-07-23T18:00,25.5,74,25.8,0.0,25.9,0.0,992.0
2026-07-23T19:00,25.2,78,25.6,0.0,26.6,0.0,991.4
2026-07-23T20:00,25.0,79,25.6,0.0,26.6,0.0,990.7
2026-07-23T21:00,24.9,79,25.2,0.0,27.3,0.0,990.2
2026-07-23T22:00,24.8,78,25.2,0.0,26.1,0.0,989.6
2026-07-23T23:00,24.8,76,25.2,0.0,23.8,0.0,989.7
2026-07-24T00:00,24.8,77,25.3,0.0,24.7,0.0,990.0
2026-07-24T01:00,24.8,78,25.8,4.0,22.0,0.0,989.8
2026-07-24T02:00,25.8,73,26.9,66.0,21.2,0.0,990.5
2026-07-24T03:00,28.1,65,29.0,290.0,23.1,0.0,991.1
2026-07-24T04:00,29.7,60,30.0,426.0,27.2,0.0,991.5
2026-07-24T05:00,30.3,57,30.8,484.0,25.7,0.0,991.4
2026-07-24T06:00,31.9,49,32.1,647.0,27.6,0.0,991.6
2026-07-24T07:00,30.9,52,30.5,418.0,29.2,0.0,990.7
2026-07-24T08:00,32.0,49,31.8,545.0,26.9,0.0,989.3
2026-07-24T09:00,32.0,49,31.5,596.0,30.5,0.2,988.7
2026-07-24T10:00,31.5,51,30.9,497.0,30.2,0.1,988.1
2026-07-24T11:00,31.1,51,30.7,371.0,29.0,0.0,988.2
2026-07-24T12:00,29.4,61,29.5,197.0,29.8,0.0,989.3
2026-07-24T13:00,27.3,72,28.5,43.0,24.5,0.0,989.7
2026-07-24T14:00,26.5,75,28.0,1.0,21.5,0.0,990.2
2026-07-24T15:00,25.8,78,27.5,0.0,20.5,0.0,991.1
2026-07-24T16:00,25.6,79,27.3,0.0,20.0,0.0,991.7
2026-07-24T17:00,25.1,81,27.0,0.0,18.2,0.0,992.0
2026-07-24T18:00,25.0,80,26.4,0.0,21.7,0.0,992.1
2026-07-24T19:00,25.2,79,25.9,0.0,26.3,0.0,991.5
2026-07-24T20:00,25.4,74,25.3,0.0,28.7,0.0,990.5
2026-07-24T21:00,25.6,75,25.5,0.0,29.0,0.0,990.1
2026-07-24T22:00,25.3,73,24.9,0.0,29.5,0.0,989.4
2026-07-24T23:00,25.3,73,25.3,0.0,26.3,0.0,989.7
2026-07-25T00:00,25.1,76,25.3,0.0,26.5,0.0,990.1
2026-07-25T01:00,26.4,69,26.2,3.0,28.9,0.0,990.0
2026-07-25T02:00,27.0,68,27.7,54.0,23.1,0.0,990.8
2026-07-25T03:00,27.9,65,27.6,195.0,30.8,0.0,991.2
2026-07-25T04:00,28.2,64,27.4,263.0,34.7,0.0,991.6
2026-07-25T05:00,29.4,58,28.5,318.0,33.3,0.0,991.7
2026-07-25T06:00,31.6,40,28.8,632.0,36.9,0.0,991.5
2026-07-25T07:00,31.9,44,29.9,509.0,33.9,0.0,990.9
2026-07-25T08:00,33.0,43,31.7,623.0,32.3,0.0,990.1
2026-07-25T09:00,31.3,47,29.9,366.0,31.7,0.0,989.6
2026-07-25T10:00,30.3,53,29.5,242.0,30.5,0.0,989.1
2026-07-25T11:00,30.1,54,29.6,191.0,28.7,0.0,988.9
2026-07-25T12:00,29.0,61,28.8,74.0,29.9,0.0,989.7
2026-07-25T13:00,28.2,64,28.3,49.0,27.6,0.0,990.0
2026-07-25T14:00,26.6,74,27.7,1.0,24.4,0.0,991.1
2026-07-25T15:00,25.8,79,26.0,0.0,31.7,0.2,991.9
2026-07-25T16:00,25.2,81,26.0,0.0,27.3,0.1,992.3
2026-07-25T17:00,25.5,77,26.3,0.0,24.6,0.0,992.6
2026-07-25T18:00,25.4,75,25.5,0.0,28.1,0.0,992.6
2026-07-25T19:00,25.5,74,25.0,0.0,30.9,0.0,992.3
2026-07-25T20:00,25.3,75,24.9,0.0,30.6,0.0,991.8
2026-07-25T21:00,24.8,78,25.4,0.0,25.3,0.0,991.0
2026-07-25T22:00,24.4,80,26.0,0.0,17.9,0.0,991.0
2026-07-25T23:00,24.4,79,25.1,0.0,23.4,0.0,991.1
2026-07-26T00:00,24.4,79,24.9,0.0,24.7,0.0,991.2
2026-07-26T01:00,25.5,75,26.1,4.0,25.5,0.0,991.8
2026-07-26T02:00,26.2,73,27.1,88.0,23.2,0.0,992.8
2026-07-26T03:00,27.0,70,27.0,221.0,30.3,0.0,992.9
2026-07-26T04:00,28.0,66,28.6,226.0,26.2,0.0,993.4
2026-07-26T05:00,29.6,58,29.7,355.0,27.5,0.0,993.6
2026-07-26T06:00,30.5,55,29.9,469.0,32.0,0.0,993.4
2026-07-26T07:00,31.9,46,30.5,563.0,31.6,0.0,992.5
2026-07-26T08:00,31.9,48,30.8,498.0,32.6,0.0,991.7
2026-07-26T09:00,31.8,51,30.6,560.0,36.0,0.0,991.2
2026-07-26T10:00,30.5,56,29.2,473.0,37.7,0.0,991.0
2026-07-26T11:00,28.4,65,28.4,228.0,31.0,0.0,991.1
2026-07-26T12:00,26.3,77,25.9,53.0,35.6,0.2,991.5
2026-07-26T13:00,26.9,66,26.2,26.0,30.5,0.0,992.9
2026-07-26T14:00,25.7,72,25.9,1.0,25.8,0.0,993.6
2026-07-26T15:00,25.5,74,25.8,0.0,26.0,0.0,993.9
2026-07-26T16:00,25.7,72,25.8,0.0,27.1,0.1,994.6
2026-07-26T17:00,25.9,68,25.0,0.0,30.9,0.0,994.7
2026-07-26T18:00,25.7,68,25.1,0.0,28.3,1.5,994.4
2026-07-26T19:00,25.1,74,24.7,0.0,28.8,0.8,993.8
2026-07-26T20:00,25.4,70,24.6,0.0,30.4,0.1,993.0
2026-07-26T21:00,25.7,68,25.4,0.0,26.4,0.0,993.2
2026-07-26T22:00,25.7,69,25.7,0.0,25.4,0.0,993.2
2026-07-26T23:00,25.5,69,25.5,0.0,24.5,0.0,992.9
2026-07-27T00:00,25.2,71,25.3,0.0,23.8,0.0,992.9
2026-07-27T01:00,25.8,77,26.9,5.0,23.3,0.0,993.3
2026-07-27T02:00,26.6,73,27.9,100.0,22.5,0.0,994.3
2026-07-27T03:00,28.5,65,29.6,282.0,23.3,0.0,994.7
2026-07-27T04:00,29.5,61,30.1,373.0,25.4,0.0,995.1
2026-07-27T05:00,29.6,58,29.9,468.0,26.6,0.0,995.1
2026-07-27T06:00,31.6,52,32.5,687.0,25.9,0.0,994.2
2026-07-27T07:00,31.4,52,31.6,561.0,27.3,0.0,993.6
2026-07-27T08:00,32.5,48,33.1,755.0,28.2,0.0,992.7
2026-07-27T09:00,33.4,42,33.0,713.0,29.0,0.0,991.6
2026-07-27T10:00,31.9,50,31.4,561.0,30.1,0.1,991.4
2026-07-27T11:00,31.3,51,30.9,392.0,29.2,0.0,991.0
2026-07-27T12:00,30.0,55,29.5,258.0,29.5,0.0,991.4
2026-07-27T13:00,28.4,64,29.3,85.0,23.4,0.0,992.0
2026-07-27T14:00,27.6,65,28.6,1.0,20.9,0.0,992.9
2026-07-27T15:00,27.0,69,28.2,0.0,20.4,0.0,993.8
2026-07-27T16:00,26.4,72,28.0,0.0,18.8,0.0,994.6
2026-07-27T17:00,26.1,73,27.7,0.0,18.0,0.0,995.2
2026-07-27T18:00,25.5,76,27.6,0.0,15.0,0.0,995.2
2026-07-27T19:00,25.1,78,27.2,0.0,15.0,0.0,994.7
2026-07-27T20:00,24.7,80,26.8,0.0,15.2,0.0,993.9
2026-07-27T21:00,24.5,81,26.7,0.0,14.9,0.0,993.4
2026-07-27T22:00,24.4,79,26.4,0.0,14.8,0.0,992.7
2026-07-27T23:00,24.5,77,26.4,0.0,14.1,0.0,992.4
2026-07-28T00:00,24.5,75,26.3,0.0,13.5,0.0,993.0
2026-07-28T01:00,26.0,65,26.6,6.0,18.0,0.0,993.0
2026-07-28T02:00,27.3,62,28.2,123.0,18.1,0.0,993.5
2026-07-28T03:00,29.1,55,29.6,338.0,19.7,0.0,993.7
2026-07-28T04:00,31.1,47,32.2,554.0,14.0,0.0,994.0
2026-07-28T05:00,33.4,40,35.2,740.0,14.4,0.0,993.8
2026-07-28T06:00,34.8,36,35.9,690.0,15.7,0.0,993.2
2026-07-28T07:00,34.7,36,35.1,475.0,15.2,0.0,992.3
2026-07-28T08:00,35.6,35,35.9,627.0,20.2,0.0,991.1
2026-07-28T09:00,34.5,40,35.1,657.0,22.2,0.1,990.8
2026-07-28T10:00,34.3,42,34.9,620.0,21.9,0.0,990.1
2026-07-28T11:00,33.4,45,33.9,450.0,22.9,0.0,989.9
2026-07-28T12:00,32.0,51,32.6,234.0,24.0,0.1,990.4
2026-07-28T13:00,29.9,55,30.1,85.0,23.9,0.0,991.8
2026-07-28T14:00,28.8,59,29.5,1.0,21.0,0.0,992.8
2026-07-28T15:00,28.1,62,29.2,0.0,19.3,0.0,993.9
2026-07-28T16:00,27.7,63,29.2,0.0,16.2,0.0,994.9
2026-07-28T17:00,27.5,64,29.4,0.0,13.3,0.0,995.4
2026-07-28T18:00,27.3,63,28.9,0.0,14.4,0.0,995.2
2026-07-28T19:00,26.8,64,28.1,0.0,14.7,0.0,994.7
2026-07-28T20:00,26.5,64,27.5,0.0,15.8,0.0,994.3
2026-07-28T21:00,25.8,66,27.1,0.0,13.7,0.0,994.0
2026-07-28T22:00,25.6,66,26.7,0.0,14.8,0.0,993.6
2026-07-28T23:00,25.6,65,26.7,0.0,14.4,0.0,993.8
2026-07-29T00:00,25.3,67,26.1,0.0,15.9,0.0,993.8
2026-07-29T01:00,26.3,60,26.7,6.0,16.8,0.0,993.8
2026-07-29T02:00,27.7,55,27.8,123.0,18.6,0.0,994.5
2026-07-29T03:00,29.6,52,29.5,332.0,21.9,0.0,994.4
2026-07-29T04:00,31.5,46,31.8,550.0,19.3,0.0,994.2
2026-07-29T05:00,33.6,41,34.9,745.0,18.2,0.0,993.7
2026-07-29T06:00,36.4,32,37.9,875.0,18.7,0.0,993.1
2026-07-29T07:00,36.5,33,37.8,818.0,19.2,0.0,992.4
2026-07-29T08:00,37.0,33,38.7,853.0,18.4,0.0,991.2
2026-07-29T09:00,37.2,33,38.8,814.0,18.6,0.0,990.3
2026-07-29T10:00,35.4,38,35.3,707.0,28.5,0.0,990.3
2026-07-29T11:00,33.6,42,32.3,445.0,31.5,0.0,990.2
2026-07-29T12:00,32.0,47,30.8,281.0,31.8,0.0,990.5
2026-07-29T13:00,30.8,51,31.1,82.0,23.3,0.0,992.0
2026-07-29T14:00,29.3,58,30.0,1.0,22.2,0.0,993.0
2026-07-29T15:00,28.3,62,29.4,0.0,20.2,0.0,993.8
2026-07-29T16:00,27.7,64,28.7,0.0,20.5,0.0,994.6
2026-07-29T17:00,27.4,65,28.6,0.0,18.9,0.0,995.3
2026-07-29T18:00,27.0,68,28.8,0.0,15.7,0.0,995.2
2026-07-29T19:00,26.6,70,28.5,0.0,15.5,0.0,994.6
2026-07-29T20:00,26.0,72,27.8,0.0,16.4,0.0,993.9
2026-07-29T21:00,25.6,75,27.7,0.0,15.2,0.0,993.5
2026-07-29T22:00,25.2,76,27.1,0.0,15.6,0.0,992.8
2026-07-29T23:00,24.9,77,27.0,0.0,14.5,0.0,992.9
2026-07-30T00:00,24.7,78,26.6,0.0,15.5,0.0,993.3
2026-07-30T01:00,25.7,73,27.3,5.0,16.7,0.0,993.4
2026-07-30T02:00,27.2,67,28.7,122.0,17.8,0.0,994.0
2026-07-30T03:00,29.6,57,30.6,335.0,20.1,0.0,994.4
2026-07-30T04:00,31.6,49,32.8,553.0,17.2,0.0,994.2
2026-07-30T05:00,33.7,43,35.9,736.0,16.5,0.0,993.8
2026-07-30T06:00,35.3,39,38.1,867.0,15.6,0.0,993.1
2026-07-30T07:00,36.8,35,39.9,895.0,14.1,0.0,992.0
2026-07-30T08:00,37.6,33,39.6,899.0,20.0,0.0,991.0
2026-07-30T09:00,34.9,41,36.5,751.0,20.9,0.4,990.7
2026-07-30T10:00,35.1,41,36.1,656.0,22.5,0.0,990.1
2026-07-30T11:00,35.0,41,35.3,416.0,22.6,0.2,989.7
2026-07-30T12:00,32.6,50,33.1,270.0,25.4,0.2,990.3
2026-07-30T13:00,30.0,57,30.6,35.0,24.4,0.0,991.7
2026-07-30T14:00,29.2,58,30.1,0.0,20.5,0.0,992.5
2026-07-30T15:00,28.4,62,29.3,0.0,21.7,0.0,993.3
2026-07-30T16:00,28.1,63,29.0,0.0,21.7,0.0,994.1
2026-07-30T17:00,27.5,67,28.6,0.0,21.1,0.0,994.6
2026-07-30T18:00,27.0,70,28.6,0.0,19.9,0.0,994.5
2026-07-30T19:00,26.6,73,28.3,0.0,19.2,0.0,994.1
2026-07-30T20:00,26.0,77,27.7,0.0,20.5,0.0,993.4
2026-07-30T21:00,25.5,78,26.9,0.0,21.7,0.0,992.9
2026-07-30T22:00,25.2,79,26.7,0.0,20.1,0.0,992.5
2026-07-30T23:00,25.1,79,26.6,0.0,19.5,0.0,992.5
2026-07-31T00:00,25.0,79,26.6,0.0,19.2,0.0,992.8
2026-07-31T01:00,26.3,75,28.0,5.0,20.1,0.0,992.9
2026-07-31T02:00,27.5,71,29.4,119.0,19.1,0.0,993.5
2026-07-31T03:00,29.8,61,31.1,332.0,21.5,0.0,994.0
2026-07-31T04:00,31.8,51,32.9,535.0,19.4,0.0,994.0
2026-07-31T05:00,33.8,44,36.1,716.0,15.9,0.0,993.6
2026-07-31T06:00,35.4,40,38.3,847.0,15.7,0.0,992.6
2026-07-31T07:00,36.4,38,39.4,925.0,18.3,0.0,991.5
2026-07-31T08:00,37.3,36,40.3,928.0,17.5,0.0,990.5
2026-07-31T09:00,37.4,35,39.4,797.0,19.1,0.0,989.6
2026-07-31T10:00,34.2,46,35.2,670.0,25.8,0.6,989.5
2026-07-31T11:00,33.4,47,34.4,393.0,21.4,0.4,989.8
2026-07-31T12:00,33.4,48,34.9,200.0,19.7,0.0,990.0
2026-07-31T13:00,30.7,58,31.7,81.0,24.1,0.0,991.5
2026-07-31T14:00,29.1,63,31.0,1.0,18.6,0.0,992.4
2026-07-31T15:00,28.4,67,30.2,0.0,19.3,0.0,993.0
2026-07-31T16:00,28.0,69,29.8,0.0,19.6,0.0,993.5
2026-07-31T17:00,27.4,73,29.5,0.0,19.6,0.0,993.6
2026-07-31T18:00,26.9,75,29.1,0.0,19.0,0.0,993.6
2026-07-31T19:00,26.4,78,29.1,0.0,15.8,0.0,993.3
2026-07-31T20:00,26.0,80,28.7,0.0,15.8,0.0,992.8
2026-07-31T21:00,25.6,81,28.1,0.0,17.0,0.0,992.3
2026-07-31T22:00,25.4,81,27.6,0.0,18.3,0.0,992.1
2026-07-31T23:00,25.3,81,27.4,0.0,18.3,0.0,992.2
2026-08-01T00:00,25.0,82,27.2,0.0,18.1,0.0,992.5
2026-08-01T01:00,26.0,78,28.1,5.0,18.4,0.0,993.0
2026-08-01T02:00,27.4,72,29.6,119.0,18.0,0.0,993.4
2026-08-01T03:00,29.8,59,31.8,335.0,16.1,0.0,993.6
2026-08-01T04:00,31.8,52,34.0,556.0,13.6,0.0,993.4
2026-08-01T05:00,33.7,45,36.8,742.0,13.1,0.0,993.0
2026-08-01T06:00,35.5,40,39.1,828.0,11.0,0.0,992.4
2026-08-01T07:00,36.9,36,40.9,870.0,9.7,0.0,991.4
2026-08-01T08:00,38.0,33,41.4,867.0,11.8,0.0,990.2
2026-08-01T09:00,38.3,32,40.9,787.0,12.6,0.0,989.3
2026-08-01T10:00,37.0,35,38.3,552.0,14.7,0.0,988.9
2026-08-01T11:00,33.3,49,34.1,351.0,23.8,0.2,989.2
2026-08-01T12:00,33.4,47,34.3,222.0,22.3,0.1,989.7
2026-08-01T13:00,31.7,54,32.6,65.0,24.0,0.0,990.6
2026-08-01T14:00,29.3,63,30.8,1.0,21.8,0.0,991.9
2026-08-01T15:00,28.2,71,30.0,0.0,22.4,0.0,992.8
2026-08-01T16:00,27.7,72,29.5,0.0,21.8,0.0,993.2
2026-08-01T17:00,27.4,72,29.6,0.0,17.9,0.0,993.2
2026-08-01T18:00,26.9,74,29.6,0.0,15.1,0.0,993.2
2026-08-01T19:00,26.6,76,29.2,0.0,15.2,0.0,992.9
2026-08-01T20:00,25.9,80,28.8,0.0,14.2,0.1,992.9
2026-08-01T21:00,25.4,85,28.7,0.0,14.3,2.5,992.3
2026-08-01T22:00,25.5,84,28.5,0.0,15.3,0.1,991.8
2026-08-01T23:00,25.5,83,28.9,0.0,12.4,0.0,992.3
2026-08-02T00:00,25.4,83,28.4,0.0,14.6,0.0,992.6
2026-08-02T01:00,26.3,80,30.2,4.0,9.1,0.0,992.3
2026-08-02T02:00,27.1,75,30.3,85.0,12.3,0.0,992.9
2026-08-02T03:00,29.3,63,32.0,274.0,13.0,0.0,993.4
2026-08-02T04:00,31.4,55,34.2,527.0,11.3,0.0,993.4
2026-08-02T05:00,33.1,49,36.7,698.0,10.5,0.0,993.1
2026-08-02T06:00,34.7,43,38.6,789.0,10.0,0.0,992.5
2026-08-02T07:00,36.2,39,40.5,888.0,9.8,0.0,991.6
2026-08-02T08:00,36.9,36,41.4,883.0,7.3,0.0,990.1
2026-08-02T09:00,37.5,34,41.1,721.0,6.4,0.0,988.6
2026-08-02T10:00,36.6,36,38.6,412.0,8.8,0.0,988.0
2026-08-02T11:00,28.2,76,31.7,214.0,15.5,6.8,989.1
2026-08-02T12:00,27.8,77,30.9,123.0,18.6,6.8,990.2
2026-08-02T13:00,29.2,63,29.8,65.0,27.4,0.0,991.0
2026-08-02T14:00,26.6,77,28.0,1.0,24.8,3.9,991.9
2026-08-02T15:00,25.8,80,28.0,0.0,18.9,2.9,993.4
2026-08-02T16:00,25.5,84,28.1,0.0,17.7,2.4,993.6
2026-08-02T17:00,24.6,89,27.7,0.0,15.2,0.5,993.9
2026-08-02T18:00,24.8,88,27.6,0.0,17.1,0.1,993.7
2026-08-02T19:00,25.0,86,27.6,0.0,17.5,0.0,993.2
2026-08-02T20:00,25.0,85,27.6,0.0,16.8,0.1,992.7
2026-08-02T21:00,24.6,86,27.0,0.0,18.0,0.0,992.5
2026-08-02T22:00,24.2,91,26.7,0.0,18.7,0.7,991.9
2026-08-02T23:00,24.1,92,27.0,0.0,16.3,0.4,992.2
2026-08-03T00:00,23.9,92,27.0,0.0,14.1,0.7,992.6
2026-08-03T01:00,24.5,92,28.6,3.0,9.6,0.1,992.4
2026-08-03T02:00,25.5,86,29.5,88.0,10.4,0.0,992.9
2026-08-03T03:00,28.2,68,30.9,319.0,13.6,0.0,993.7
2026-08-03T04:00,30.2,60,32.7,501.0,14.3,0.0,994.3
2026-08-03T05:00,31.8,53,34.5,579.0,13.1,0.0,993.8
2026-08-03T06:00,32.2,53,35.4,580.0,10.3,0.0,993.3
2026-08-03T07:00,32.5,52,36.0,567.0,7.7,0.0,992.2
2026-08-03T08:00,33.2,50,36.9,599.0,6.8,0.0,991.2
2026-08-03T09:00,32.5,51,36.0,526.0,5.8,0.3,990.5
2026-08-03T10:00,33.6,47,36.7,376.0,7.3,0.0,990.3
2026-08-03T11:00,27.8,72,30.3,296.0,17.1,1.4,991.5
2026-08-03T12:00,26.1,90,30.9,39.0,10.0,3.1,992.2
2026-08-03T13:00,26.2,85,30.3,19.0,11.0,0.7,992.4
2026-08-03T14:00,25.7,85,30.0,0.0,8.1,0.1,993.0
2026-08-03T15:00,25.9,83,29.3,0.0,13.9,0.0,993.9
2026-08-03T16:00,25.7,81,28.3,0.0,16.8,0.0,994.4
2026-08-03T17:00,25.6,81,28.2,0.0,15.8,0.0,994.8
2026-08-03T18:00,25.3,83,27.3,0.0,20.3,0.3,994.7
2026-08-03T19:00,24.8,84,26.9,0.0,18.9,0.1,994.3
2026-08-03T20:00,24.5,85,26.8,0.0,17.4,0.0,993.6
2026-08-03T21:00,24.1,88,26.6,0.0,16.7,0.3,993.0
2026-08-03T22:00,23.9,88,26.3,0.0,16.4,0.0,992.6
2026-08-03T23:00,23.9,87,26.4,0.0,15.5,0.0,992.6
2026-08-04T00:00,24.0,87,26.8,0.0,13.2,0.0,992.9
2026-08-04T01:00,25.1,85,27.9,2.0,15.7,0.0,993.1
2026-08-04T02:00,25.7,83,29.2,59.0,11.8,0.0,993.7
2026-08-04T03:00,26.9,77,30.6,187.0,10.5,0.0,994.0
2026-08-04T04:00,28.2,71,32.2,303.0,8.0,0.0,994.1
2026-08-04T05:00,31.2,57,34.8,660.0,11.8,0.0,993.8
2026-08-04T06:00,32.8,52,37.2,788.0,11.2,0.0,993.2
2026-08-04T07:00,33.6,49,38.6,835.0,8.8,0.0,992.7
2026-08-04T08:00,33.9,47,38.1,685.0,6.8,0.0,992.0
2026-08-04T09:00,34.0,46,37.7,611.0,5.5,0.0,990.4
2026-08-04T10:00,34.3,44,38.4,606.0,1.7,0.0,990.0
2026-08-04T11:00,33.7,44,36.0,466.0,10.3,0.0,990.1
2026-08-04T12:00,26.4,77,29.0,137.0,16.0,0.9,991.1
2026-08-04T13:00,30.6,54,32.5,65.0,13.8,0.1,990.8
2026-08-04T14:00,29.2,62,31.5,1.0,15.2,0.0,991.7
2026-08-04T15:00,28.4,70,33.1,0.0,2.9,0.0,993.2
2026-08-04T16:00,25.5,91,30.5,0.0,6.9,2.8,994.4
2026-08-04T17:00,25.1,93,30.4,0.0,5.4,1.1,994.8
2026-08-04T18:00,25.1,94,30.8,0.0,2.7,1.4,994.4
2026-08-04T19:00,25.1,93,30.9,0.0,1.0,0.6,994.0
2026-08-04T20:00,24.9,94,30.4,0.0,3.6,0.4,993.0
2026-08-04T21:00,24.9,94,30.4,0.0,3.6,0.3,992.7
2026-08-04T22:00,24.8,95,30.2,0.0,4.5,0.2,992.4
2026-08-04T23:00,24.6,95,30.0,0.0,3.4,0.0,992.2
2026-08-05T00:00,24.5,95,30.1,0.0,2.3,0.0,992.5
2026-08-05T01:00,26.0,85,30.7,1.0,5.9,0.0,992.9
2026-08-05T02:00,26.2,84,30.4,30.0,9.6,0.0,993.7
2026-08-05T03:00,26.6,82,30.8,98.0,9.5,0.0,994.3
2026-08-05T04:00,27.2,76,31.0,123.0,9.8,0.1,994.5
2026-08-05T05:00,29.1,65,32.3,279.0,11.1,0.0,994.0
2026-08-05T06:00,31.2,55,34.0,479.0,10.9,0.0,993.2
2026-08-05T07:00,32.0,52,35.0,526.0,8.5,0.0,992.6
2026-08-05T08:00,31.9,51,35.3,396.0,5.4,0.0,991.2
2026-08-05T09:00,33.5,46,37.0,662.0,7.8,0.0,990.2
2026-08-05T10:00,34.7,43,37.9,688.0,11.0,0.0,989.4
2026-08-05T11:00,28.9,72,33.1,347.0,9.4,1.7,990.4
2026-08-05T12:00,29.2,66,32.0,157.0,14.5,0.1,990.3
2026-08-05T13:00,28.0,65,29.1,63.0,21.5,0.0,991.7
2026-08-05T14:00,26.9,68,27.4,1.0,24.9,0.0,992.0
2026-08-05T15:00,26.6,66,26.8,0.0,23.9,0.0,992.9
2026-08-05T16:00,26.2,67,26.7,0.0,22.1,0.0,993.4
2026-08-05T17:00,25.8,71,26.6,0.0,20.7,0.0,993.6
2026-08-05T18:00,25.4,75,26.6,0.0,20.8,0.0,993.3
2026-08-05T19:00,25.0,81,26.6,0.0,20.3,0.0,992.7
2026-08-05T20:00,24.8,82,27.0,0.0,16.6,0.0,992.2
2026-08-05T21:00,24.7,82,27.3,0.0,13.7,0.0,992.2
2026-08-05T22:00,24.5,82,27.1,0.0,13.0,0.0,992.2
2026-08-05T23:00,24.3,83,26.7,0.0,14.3,0.0,992.4
2026-08-06T00:00,24.2,84,26.6,0.0,13.7,0.0,992.7
2026-08-06T01:00,24.6,84,27.5,5.0,13.0,0.0,992.7
2026-08-06T02:00,25.9,78,28.8,118.0,12.3,0.0,993.6
2026-08-06T03:00,27.8,69,30.6,334.0,11.8,0.0,994.0
2026-08-06T04:00,29.7,60,32.4,553.0,11.5,0.0,994.1
2026-08-06T05:00,31.2,54,34.7,736.0,12.7,0.0,993.6
2026-08-06T06:00,32.7,48,36.5,872.0,13.5,0.0,992.8
2026-08-06T07:00,34.1,43,37.8,928.0,14.5,0.0,991.9
2026-08-06T08:00,34.9,40,38.4,875.0,12.4,0.0,990.6
2026-08-06T09:00,35.3,38,38.6,827.0,11.2,0.0,989.8
2026-08-06T10:00,34.7,40,37.0,655.0,11.7,0.0,989.1
2026-08-06T11:00,34.2,42,35.8,438.0,13.3,0.0,988.9
2026-08-06T12:00,33.6,44,35.1,274.0,14.2,0.0,989.1
2026-08-06T13:00,30.7,55,31.2,75.0,24.5,0.0,989.8
2026-08-06T14:00,28.9,62,29.9,0.0,23.0,0.0,990.6
2026-08-06T15:00,27.6,67,28.9,0.0,20.3,0.0,991.4
2026-08-06T16:00,27.2,68,28.3,0.0,20.7,0.0,991.9
2026-08-06T17:00,26.6,70,27.8,0.0,20.2,0.0,992.5
2026-08-06T18:00,26.2,72,27.7,0.0,18.9,0.0,992.8
2026-08-06T19:00,26.0,73,27.8,0.0,17.0,0.0,992.6
2026-08-06T20:00,25.5,74,27.0,0.0,17.9,0.0,991.9
2026-08-06T21:00,25.5,74,27.1,0.0,17.0,0.0,991.6
2026-08-06T22:00,25.3,76,27.5,0.0,13.8,0.0,991.6
2026-08-06T23:00,25.1,79,28.3,0.0,8.4,0.0,992.2
2026-08-07T00:00,24.9,80,27.3,0.0,14.2,0.0,991.6
2026-08-07T01:00,25.7,75,27.6,4.0,16.2,0.0,992.5
2026-08-07T02:00,26.7,72,29.2,99.0,13.7,0.0,993.0
2026-08-07T03:00,28.5,65,31.1,288.0,13.0,0.0,993.5
2026-08-07T04:00,30.4,58,32.6,484.0,14.5,0.0,993.5
2026-08-07T05:00,32.3,51,35.6,714.0,12.8,0.0,993.2
2026-08-07T06:00,33.8,46,37.8,857.0,11.9,0.0,992.5
2026-08-07T07:00,34.7,42,38.6,859.0,10.9,0.0,991.3
2026-08-07T08:00,35.3,40,38.9,798.0,10.7,0.0,990.2
2026-08-07T09:00,35.7,40,39.1,768.0,11.6,0.0,989.3
2026-08-07T10:00,35.7,40,37.8,596.0,13.1,0.0,988.6
2026-08-07T11:00,34.8,41,35.9,438.0,17.9,0.0,988.4
2026-08-07T12:00,32.8,49,34.0,259.0,20.4,0.0,988.9
2026-08-07T13:00,30.8,55,32.0,78.0,20.5,0.0,990.0
2026-08-07T14:00,29.1,61,30.2,0.0,21.5,0.0,991.0
2026-08-07T15:00,27.7,68,28.6,0.0,24.4,0.0,991.8
2026-08-07T16:00,27.1,71,28.0,0.0,24.7,0.0,992.3
2026-08-07T17:00,26.8,72,28.0,0.0,22.5,0.0,992.7
2026-08-07T18:00,26.5,73,28.1,0.0,19.9,0.0,992.6
2026-08-07T19:00,26.0,75,28.1,0.0,16.6,0.0,992.8
2026-08-07T20:00,25.8,77,28.2,0.0,15.2,0.0,992.3
2026-08-07T21:00,25.4,80,28.6,0.0,10.7,0.0,992.2
2026-08-07T22:00,25.3,81,28.7,0.0,9.3,0.0,991.4
2026-08-07T23:00,25.1,83,28.7,0.0,8.5,0.0,991.8
2026-08-08T00:00,25.0,83,28.1,0.0,12.1,0.0,991.9
2026-08-08T01:00,25.6,80,28.2,5.0,14.9,0.0,992.3
2026-08-08T02:00,26.9,74,29.8,109.0,13.5,0.0,993.2
2026-08-08T03:00,28.7,66,31.7,295.0,12.0,0.0,993.8
2026-08-08T04:00,30.4,60,33.6,446.0,10.1,0.0,994.0
2026-08-08T05:00,31.9,54,35.4,593.0,9.2,0.0,993.6
2026-08-08T06:00,32.8,52,37.0,638.0,7.2,0.0,993.6
2026-08-08T07:00,33.6,49,38.4,699.0,5.1,0.0,992.9
2026-08-08T08:00,34.5,46,39.8,788.0,4.4,0.0,991.8
2026-08-08T09:00,34.9,45,39.7,689.0,3.0,0.0,990.5
2026-08-08T10:00,35.6,42,39.2,572.0,5.2,0.0,990.0
2026-08-08T11:00,29.8,65,33.0,272.0,14.1,1.3,991.1
2026-08-08T12:00,29.0,65,31.8,129.0,13.6,0.1,991.8
2026-08-08T13:00,31.3,53,33.2,65.0,15.5,0.0,992.0
2026-08-08T14:00,29.7,59,31.5,0.0,17.0,0.0,993.2
2026-08-08T15:00,28.4,64,30.6,0.0,14.7,0.0,994.6
2026-08-08T16:00,27.6,69,31.5,0.0,4.3,0.0,995.6
2026-08-08T17:00,27.1,73,31.7,0.0,1.8,0.0,996.1
2026-08-08T18:00,27.0,72,30.8,0.0,5.6,0.0,996.2
2026-08-08T19:00,26.7,74,30.5,0.0,6.1,0.0,995.2
2026-08-08T20:00,26.5,76,30.2,0.0,8.4,0.0,994.8
2026-08-08T21:00,26.0,79,29.8,0.0,7.6,0.0,994.1
2026-08-08T22:00,25.7,81,30.1,0.0,4.6,0.0,994.1
2026-08-08T23:00,25.8,81,29.6,0.0,7.9,0.0,994.5
2026-08-09T00:00,25.5,82,29.2,0.0,8.7,0.0,995.2
2026-08-09T01:00,25.7,83,29.6,3.0,8.4,0.0,994.9
2026-08-09T02:00,26.4,80,30.3,67.0,8.7,0.0,995.4
2026-08-09T03:00,27.6,74,31.2,175.0,10.9,0.0,995.7
2026-08-09T04:00,29.5,64,32.6,367.0,11.3,0.0,996.0
2026-08-09T05:00,31.2,57,35.0,620.0,8.6,0.0,995.8
2026-08-09T06:00,32.6,53,37.7,789.0,7.5,0.0,995.4
2026-08-09T07:00,33.7,48,38.5,812.0,8.2,0.0,994.6
2026-08-09T08:00,33.6,46,36.8,541.0,5.9,0.0,993.6
2026-08-09T09:00,33.5,45,36.4,357.0,6.5,0.0,992.5
2026-08-09T10:00,32.6,47,34.7,289.0,11.6,0.0,991.5
2026-08-09T11:00,31.6,51,32.8,246.0,18.7,0.0,992.0
2026-08-09T12:00,29.0,64,32.1,144.0,10.0,0.0,993.0
2026-08-09T13:00,26.8,77,30.3,26.0,11.3,0.2,994.2
2026-08-09T14:00,25.7,88,31.1,0.0,2.8,0.5,994.4
2026-08-09T15:00,25.6,91,31.2,0.0,4.0,0.2,995.2
2026-08-09T16:00,25.5,94,31.2,0.0,4.4,0.1,995.9
2026-08-09T17:00,25.6,94,31.6,0.0,2.3,0.1,996.0
2026-08-09T18:00,25.8,88,30.7,0.0,6.3,0.0,996.0
2026-08-09T19:00,25.9,82,29.5,0.0,10.8,0.1,995.4
2026-08-09T20:00,25.6,83,29.1,0.0,11.5,0.0,995.1
2026-08-09T21:00,25.3,85,29.0,0.0,10.2,0.0,994.6
2026-08-09T22:00,25.1,86,29.1,0.0,8.8,0.0,994.1
2026-08-09T23:00,24.8,88,28.9,0.0,7.7,0.0,994.0
2026-08-10T00:00,24.7,88,28.9,0.0,7.1,0.0,994.1
2026-08-10T01:00,25.6,88,30.4,4.0,6.4,0.0,994.5
2026-08-10T02:00,26.6,81,30.7,91.0,9.1,0.0,995.3
2026-08-10T03:00,28.0,71,31.5,238.0,10.8,0.0,995.6
2026-08-10T04:00,30.2,60,33.1,525.0,11.9,0.0,995.8
2026-08-10T05:00,31.9,53,35.7,733.0,10.6,0.0,995.3
2026-08-10T06:00,32.7,50,36.8,741.0,9.4,0.0,994.8
2026-08-10T07:00,33.4,48,38.1,756.0,6.5,0.0,994.1
2026-08-10T08:00,33.9,47,38.0,646.0,5.1,0.0,993.0
2026-08-10T09:00,34.5,44,37.6,557.0,6.0,0.0,991.7
2026-08-10T10:00,29.9,62,33.4,172.0,7.9,1.3,991.5
2026-08-10T11:00,25.3,83,30.1,119.0,2.2,5.5,992.7
2026-08-10T12:00,25.7,85,30.6,38.0,3.5,0.2,992.7
2026-08-10T13:00,24.9,87,29.3,19.0,6.0,1.8,993.3
2026-08-10T14:00,24.9,89,30.1,0.0,1.5,0.8,994.1
2026-08-10T15:00,25.5,85,29.9,0.0,6.4,0.1,994.6
2026-08-10T16:00,25.6,84,29.8,0.0,7.6,0.0,995.2
2026-08-10T17:00,25.5,84,29.8,0.0,6.5,0.0,995.8
2026-08-10T18:00,25.3,85,29.5,0.0,6.2,0.0,996.1
2026-08-10T19:00,25.2,84,29.0,0.0,9.0,0.0,995.5
2026-08-10T20:00,25.1,83,28.4,0.0,10.6,0.0,994.8
2026-08-10T21:00,25.0,82,28.2,0.0,10.9,0.0,994.2
2026-08-10T22:00,24.7,84,27.9,0.0,11.3,0.0,993.7
2026-08-10T23:00,24.6,84,27.7,0.0,11.1,0.0,994.2
2026-08-11T00:00,24.6,83,27.3,0.0,13.5,0.0,994.6
2026-08-11T01:00,25.7,78,28.5,2.0,13.3,0.0,994.5
2026-08-11T02:00,26.4,76,29.1,53.0,14.0,0.0,995.4
2026-08-11T03:00,26.5,76,28.9,162.0,17.0,0.1,996.6
2026-08-11T04:00,26.2,77,28.8,176.0,15.2,0.6,996.5
2026-08-11T05:00,27.5,74,30.8,283.0,11.9,0.5,996.3
2026-08-11T06:00,29.8,61,32.6,440.0,12.4,0.0,995.7
2026-08-11T07:00,31.2,54,33.6,539.0,12.9,0.0,994.8
2026-08-11T08:00,31.5,53,33.8,438.0,13.1,0.0,993.5
2026-08-11T09:00,32.4,48,33.6,393.0,17.3,0.0,992.6
2026-08-11T10:00,31.6,50,32.4,314.0,20.0,0.0,991.6
2026-08-11T11:00,30.6,55,31.7,256.0,20.9,0.0,991.5
2026-08-11T12:00,30.3,55,31.4,146.0,19.5,0.0,991.9
2026-08-11T13:00,29.7,53,30.0,46.0,20.7,0.0,992.4
2026-08-11T14:00,27.9,61,28.6,0.0,20.5,0.0,993.3
2026-08-11T15:00,27.0,68,29.0,0.0,15.5,0.0,994.1
2026-08-11T16:00,26.5,70,28.0,0.0,18.3,0.0,994.6
2026-08-11T17:00,26.0,73,27.4,0.0,18.9,0.0,995.2
2026-08-11T18:00,25.6,76,27.4,0.0,17.0,0.0,995.3
2026-08-11T19:00,25.3,77,27.0,0.0,18.6,0.0,994.5
2026-08-11T20:00,25.2,77,26.2,0.0,22.4,0.0,993.6
2026-08-11T21:00,24.9,78,25.8,0.0,23.2,0.0,993.0
2026-08-11T22:00,24.7,80,25.9,0.0,21.9,0.0,992.6
2026-08-11T23:00,24.6,81,25.9,0.0,21.2,0.0,992.6
2026-08-12T00:00,24.3,83,26.0,0.0,19.1,0.0,993.1
2026-08-12T01:00,25.6,76,27.1,3.0,19.9,0.0,992.9
2026-08-12T02:00,26.3,74,28.1,76.0,17.7,0.0,993.5
2026-08-12T03:00,28.2,66,29.8,263.0,19.4,0.0,993.9
2026-08-12T04:00,30.1,57,31.5,474.0,18.7,0.0,994.1
2026-08-12T05:00,31.6,51,33.4,641.0,17.8,0.0,994.1
2026-08-12T06:00,32.7,48,35.4,756.0,16.2,0.0,993.7
2026-08-12T07:00,33.4,46,36.0,763.0,16.8,0.0,992.6
2026-08-12T08:00,34.0,45,36.7,713.0,14.9,0.0,991.6
2026-08-12T09:00,31.1,52,33.4,689.0,16.2,0.2,991.2
2026-08-12T10:00,30.6,54,31.2,344.0,22.4,0.1,990.3
2026-08-12T11:00,30.0,60,32.0,251.0,16.9,0.3,990.3
2026-08-12T12:00,29.7,58,31.4,138.0,16.5,0.0,990.6
2026-08-12T13:00,28.4,64,30.4,60.0,15.9,0.0,991.7
2026-08-12T14:00,27.3,67,28.8,0.0,17.7,0.0,992.4
2026-08-12T15:00,26.4,72,27.9,0.0,18.9,0.0,993.1
2026-08-12T16:00,26.1,74,27.0,0.0,23.3,0.0,994.0
2026-08-12T17:00,25.7,76,26.9,0.0,22.4,0.0,993.8
2026-08-12T18:00,25.3,77,26.1,0.0,24.5,0.0,993.6
2026-08-12T19:00,25.1,77,25.8,0.0,24.2,0.0,993.1
2026-08-12T20:00,24.9,78,25.6,0.0,24.4,0.0,992.2
2026-08-12T21:00,24.7,79,25.8,0.0,21.3,0.0,991.5
2026-08-12T22:00,24.5,80,25.7,0.0,21.2,0.0,991.3
2026-08-12T23:00,24.2,82,25.3,0.0,21.9,0.0,991.2
2026-08-13T00:00,24.3,81,25.5,0.0,21.3,0.0,991.6
2026-08-13T01:00,25.6,76,26.8,2.0,21.8,0.0,991.5
2026-08-13T02:00,25.5,79,27.1,33.0,20.9,0.0,992.2
2026-08-13T03:00,26.3,74,27.6,148.0,22.0,0.0,992.7
2026-08-13T04:00,28.8,61,29.5,380.0,23.5,0.0,992.8
2026-08-13T05:00,29.6,58,30.5,410.0,22.1,0.0,992.9
2026-08-13T06:00,30.6,55,31.5,510.0,21.8,0.0,992.5
2026-08-13T07:00,31.0,53,31.5,518.0,24.0,0.0,991.6
2026-08-13T08:00,31.6,51,32.0,562.0,24.8,0.0,990.8
2026-08-13T09:00,31.7,50,32.2,656.0,25.9,0.0,989.9
2026-08-13T10:00,31.2,50,30.9,482.0,27.0,0.0,989.6
2026-08-13T11:00,30.1,56,30.1,311.0,27.0,0.0,989.7
2026-08-13T12:00,28.0,63,28.0,169.0,27.1,0.0,989.9
2026-08-13T13:00,28.1,65,28.8,39.0,24.2,0.0,990.2
2026-08-13T14:00,27.1,69,28.1,0.0,22.8,0.0,991.2
2026-08-13T15:00,26.4,72,27.0,0.0,25.4,0.0,992.0
2026-08-13T16:00,25.8,77,26.7,0.0,24.9,0.0,992.7
2026-08-13T17:00,25.6,76,26.3,0.0,25.2,0.0,993.1
2026-08-13T18:00,25.3,76,25.9,0.0,25.1,0.0,993.4
2026-08-13T19:00,24.9,78,25.5,0.0,25.3,0.0,993.0
2026-08-13T20:00,24.7,79,25.6,0.0,23.5,0.0,992.4
2026-08-13T21:00,24.6,80,25.7,0.0,21.4,0.0,992.2
2026-08-13T22:00,24.5,79,25.5,0.0,21.4,0.0,991.9
2026-08-13T23:00,24.2,81,25.5,0.0,20.0,0.0,992.1
2026-08-14T00:00,24.2,80,25.4,0.0,20.0,0.0,992.2
2026-08-14T01:00,25.3,76,26.8,4.0,19.1,0.0,992.3
2026-08-14T02:00,26.2,73,27.8,72.0,18.0,0.0,993.1
2026-08-14T03:00,28.1,65,29.1,310.0,22.3,0.0,993.6
2026-08-14T04:00,30.1,57,30.8,530.0,23.4,0.0,994.0
2026-08-14T05:00,31.8,50,33.0,713.0,23.9,0.0,993.5
2026-08-14T06:00,33.2,46,34.7,832.0,24.9,0.0,992.8
2026-08-14T07:00,33.7,44,35.0,882.0,27.2,0.0,991.8
2026-08-14T08:00,34.4,41,35.6,844.0,24.9,1.0,990.7
2026-08-14T09:00,33.6,42,33.7,771.0,28.5,0.3,989.7
2026-08-14T10:00,32.7,44,31.6,559.0,30.1,0.3,989.2
2026-08-14T11:00,31.7,50,31.4,421.0,27.8,0.0,989.0
2026-08-14T12:00,30.2,53,29.7,254.0,28.3,0.0,989.3
2026-08-14T13:00,28.5,62,29.3,76.0,22.6,0.0,990.3
2026-08-14T14:00,27.2,70,27.9,0.0,26.0,0.0,991.0
2026-08-14T15:00,26.2,74,26.2,0.0,30.3,0.0,991.8
2026-08-14T16:00,25.4,77,25.9,0.0,26.8,0.0,992.6
2026-08-14T17:00,25.5,76,25.8,0.0,27.1,0.0,993.0
2026-08-14T18:00,25.1,78,25.6,0.0,26.0,0.0,992.8
2026-08-14T19:00,24.9,78,25.6,0.0,24.0,0.0,992.5
2026-08-14T20:00,24.5,80,25.6,0.0,21.8,0.0,991.7
2026-08-14T21:00,24.4,80,25.6,0.0,20.6,0.0,991.3
2026-08-14T22:00,24.4,80,25.5,0.0,21.1,0.0,991.3
2026-08-14T23:00,24.2,81,25.5,0.0,20.2,0.0,991.5
2026-08-15T00:00,24.1,81,25.3,0.0,19.8,0.0,991.8
2026-08-15T01:00,25.9,73,27.4,4.0,18.7,0.0,991.9
2026-08-15T02:00,26.8,72,28.9,93.0,16.1,0.0,992.4
2026-08-15T03:00,26.4,76,28.5,128.0,18.2,0.0,993.1
2026-08-15T04:00,28.2,67,29.6,327.0,21.9,0.0,993.4
2026-08-15T05:00,30.9,54,31.3,569.0,26.7,0.0,992.9
2026-08-15T06:00,31.2,54,32.7,798.0,26.5,0.3,992.4
2026-08-15T07:00,31.5,50,31.5,619.0,27.7,0.1,991.6
2026-08-15T08:00,32.3,48,32.9,682.0,25.6,0.2,990.3
2026-08-15T09:00,33.7,44,34.6,706.0,24.3,0.1,989.1
2026-08-15T10:00,31.8,50,32.6,511.0,20.7,0.1,988.9
2026-08-15T11:00,30.7,55,30.4,383.0,30.9,0.0,988.6
2026-08-15T12:00,28.9,60,28.3,182.0,31.5,0.0,989.1
2026-08-15T13:00,27.9,67,28.5,62.0,25.6,0.0,989.5
2026-08-15T14:00,26.9,71,27.4,0.0,27.0,0.0,990.5
2026-08-15T15:00,26.0,77,26.4,0.0,28.7,0.0,991.1
2026-08-15T16:00,25.5,80,26.0,0.0,28.8,0.1,991.8
2026-08-15T17:00,24.6,84,25.4,0.0,26.9,0.3,992.4
2026-08-15T18:00,24.8,81,25.3,0.0,26.9,0.0,992.0
2026-08-15T19:00,24.4,82,25.0,0.0,26.6,0.0,991.7
2026-08-15T20:00,24.2,83,24.9,0.0,25.2,0.0,990.7
2026-08-15T21:00,24.2,82,24.7,0.0,25.5,0.0,990.0
2026-08-15T22:00,24.1,82,24.7,0.0,25.3,0.0,989.6
2026-08-15T23:00,24.2,82,24.9,0.0,24.5,0.0,989.9
2026-08-16T00:00,24.3,80,24.9,0.0,24.5,0.0,990.0
2026-08-16T01:00,25.2,80,26.3,2.0,24.0,0.2,990.1
2026-08-16T02:00,25.6,79,27.6,49.0,18.7,0.0,990.3
2026-08-16T03:00,26.9,73,28.1,236.0,24.4,0.0,990.9
2026-08-16T04:00,29.4,61,30.1,509.0,26.0,0.0,991.2
2026-08-16T05:00,31.1,55,32.5,672.0,24.1,0.0,990.9
2026-08-16T06:00,31.9,51,32.8,680.0,26.3,0.0,990.2
2026-08-16T07:00,33.2,46,34.7,798.0,24.2,0.0,989.2
2026-08-16T08:00,33.5,46,34.3,717.0,26.5,0.0,988.0
2026-08-16T09:00,32.9,47,33.4,778.0,29.3,0.5,987.3
2026-08-16T10:00,32.9,48,32.6,560.0,29.3,0.1,986.7
2026-08-16T11:00,31.2,53,30.8,393.0,29.8,0.0,987.3
2026-08-16T12:00,29.4,60,29.7,203.0,27.4,0.0,987.7
2026-08-16T13:00,27.7,66,28.5,51.0,23.8,0.0,988.7
2026-08-16T14:00,26.7,71,26.8,0.0,29.0,0.0,989.6
2026-08-16T15:00,25.8,77,26.6,0.0,25.8,0.0,990.0
2026-08-16T16:00,25.5,79,26.0,0.0,28.0,0.0,990.9
2026-08-16T17:00,25.3,80,26.0,0.0,27.0,0.0,991.4
2026-08-16T18:00,25.0,81,25.7,0.0,27.4,0.0,991.2
2026-08-16T19:00,24.9,81,25.6,0.0,26.4,0.0,990.9
2026-08-16T20:00,24.7,80,25.2,0.0,26.8,0.0,990.0
2026-08-16T21:00,24.6,81,25.4,0.0,24.8,0.0,989.3
2026-08-16T22:00,24.7,79,25.6,0.0,23.8,0.0,989.1
2026-08-16T23:00,24.7,79,25.8,0.0,22.1,0.0,989.5
2026-08-17T00:00,24.6,80,25.9,0.0,21.4,0.0,990.0
2026-08-17T01:00,25.6,79,26.9,3.0,22.8,0.0,989.8
2026-08-17T02:00,26.1,78,28.3,46.0,18.7,0.0,990.2
2026-08-17T03:00,27.1,72,28.5,172.0,22.4,0.0,990.9
2026-08-17T04:00,27.2,71,28.2,264.0,24.7,0.0,991.4
2026-08-17T05:00,29.5,60,30.1,383.0,25.7,0.0,991.4
2026-08-17T06:00,29.4,60,29.7,293.0,26.9,0.0,990.6
2026-08-17T07:00,29.7,57,30.1,230.0,24.8,0.0,990.3
2026-08-17T08:00,31.6,50,31.4,508.0,27.2,0.0,989.2
2026-08-17T09:00,31.6,52,31.9,742.0,31.3,0.5,988.5
2026-08-17T10:00,31.3,51,30.5,396.0,31.6,0.0,988.1
2026-08-17T11:00,30.1,57,29.9,404.0,30.4,0.0,988.1
2026-08-17T12:00,28.3,64,28.4,223.0,28.8,0.0,989.0
2026-08-17T13:00,27.4,70,28.8,35.0,22.1,0.0,990.1
2026-08-17T14:00,26.1,77,27.3,0.0,24.7,0.0,990.7
2026-08-17T15:00,25.3,81,26.3,0.0,25.8,0.0,991.5
2026-08-17T16:00,24.8,83,26.3,0.0,22.2,0.0,992.3
2026-08-17T17:00,24.7,81,25.5,0.0,24.8,0.0,992.8
2026-08-17T18:00,24.4,82,24.9,0.0,26.2,0.0,992.8
2026-08-17T19:00,24.5,81,25.2,0.0,24.8,0.0,992.6
2026-08-17T20:00,24.9,77,25.6,0.0,23.7,0.0,991.9
2026-08-17T21:00,24.8,79,25.8,0.0,22.9,0.0,991.5
2026-08-17T22:00,24.6,80,25.7,0.0,21.6,0.0,991.6
2026-08-17T23:00,24.4,80,25.5,0.0,21.9,0.0,991.9
2026-08-18T00:00,24.3,80,25.2,0.0,22.6,0.0,992.5
2026-08-18T01:00,25.4,76,26.2,3.0,23.8,0.0,992.5
2026-08-18T02:00,25.8,76,27.3,67.0,20.7,0.0,993.1
2026-08-18T03:00,27.3,69,28.5,225.0,22.0,0.0,993.4
2026-08-18T04:00,29.5,59,29.6,475.0,27.6,0.0,994.0
2026-08-18T05:00,30.7,54,30.4,640.0,32.0,0.0,993.8
2026-08-18T06:00,30.9,53,30.7,672.0,32.0,0.0,993.7
2026-08-18T07:00,31.9,50,31.6,754.0,33.8,0.0,993.1
2026-08-18T08:00,32.4,46,31.9,806.0,34.2,0.0,992.3
2026-08-18T09:00,31.5,49,30.6,649.0,34.3,0.0,991.8
2026-08-18T10:00,30.9,48,29.2,411.0,33.8,0.0,991.2
2026-08-18T11:00,29.6,53,28.3,211.0,32.5,0.0,990.8
2026-08-18T12:00,28.7,60,28.2,137.0,30.5,0.0,990.9
2026-08-18T13:00,27.5,64,27.3,34.0,28.2,0.0,991.9
2026-08-18T14:00,26.5,70,25.9,0.0,32.2,0.0,992.1
2026-08-18T15:00,26.1,72,25.4,0.0,33.0,0.0,992.9
2026-08-18T16:00,25.7,75,25.3,0.0,31.9,0.0,993.6
2026-08-18T17:00,25.3,78,25.2,0.0,30.8,0.0,994.3
2026-08-18T18:00,25.1,79,25.6,0.0,26.9,0.0,994.3
2026-08-18T19:00,25.1,78,25.6,0.0,26.4,0.0,993.7
2026-08-18T20:00,25.1,76,25.6,0.0,25.4,0.0,992.9
2026-08-18T21:00,24.9,76,25.2,0.0,25.1,0.0,992.2
2026-08-18T22:00,24.9,75,25.2,0.0,24.7,0.0,992.3
2026-08-18T23:00,24.9,75,25.2,0.0,24.6,0.0,992.6
2026-08-19T00:00,24.9,72,25.1,0.0,23.9,0.0,992.7
2026-08-19T01:00,25.6,71,26.0,4.0,22.7,0.0,993.3
2026-08-19T02:00,26.6,67,27.2,104.0,22.2,0.0,993.9
2026-08-19T03:00,28.2,61,28.5,259.0,23.7,0.0,994.5
2026-08-19T04:00,30.2,51,29.5,485.0,27.2,0.0,994.4
2026-08-19T05:00,32.0,44,31.3,722.0,30.3,0.0,994.1
2026-08-19T06:00,32.8,43,32.8,889.0,31.6,0.0,993.9
2026-08-19T07:00,33.8,41,34.3,943.0,29.8,0.0,992.9
2026-08-19T08:00,34.2,39,34.5,915.0,29.6,0.1,991.9
2026-08-19T09:00,34.5,40,34.5,711.0,26.6,0.6,991.1
2026-08-19T10:00,34.0,40,33.4,653.0,28.5,0.0,990.5
2026-08-19T11:00,32.7,45,31.7,484.0,30.5,0.0,990.4
2026-08-19T12:00,30.5,54,30.0,260.0,29.9,0.0,990.5
2026-08-19T13:00,29.5,54,29.6,68.0,23.4,0.0,991.5
2026-08-19T14:00,28.2,61,28.9,0.0,21.8,0.0,992.3
2026-08-19T15:00,27.4,63,28.0,0.0,21.1,0.0,993.2
2026-08-19T16:00,26.5,66,27.3,0.0,19.4,0.0,993.7
2026-08-19T17:00,25.9,69,26.9,0.0,18.4,0.0,994.1
2026-08-19T18:00,25.5,71,26.5,0.0,19.0,0.0,994.1
2026-08-19T19:00,25.1,74,26.1,0.0,19.7,0.0,993.4
2026-08-19T20:00,24.9,76,26.0,0.0,19.8,0.0,993.1
2026-08-19T21:00,24.6,78,25.9,0.0,19.6,0.0,992.7
2026-08-19T22:00,24.5,79,26.0,0.0,18.4,0.0,993.0
2026-08-19T23:00,24.3,80,26.1,0.0,16.6,0.0,993.5
2026-08-20T00:00,24.1,81,25.8,0.0,16.7,0.0,993.8
2026-08-20T01:00,25.0,75,26.9,5.0,14.3,0.0,993.9
2026-08-20T02:00,26.5,68,28.3,123.0,13.9,0.0,994.7
2026-08-20T03:00,28.7,58,30.1,347.0,15.6,0.0,994.9
2026-08-20T04:00,30.9,49,32.4,576.0,12.8,0.0,995.1
2026-08-20T05:00,32.7,43,35.1,747.0,12.5,0.0,994.7
2026-08-20T06:00,34.4,37,36.8,905.0,14.5,0.0,994.1
2026-08-20T07:00,35.4,34,37.3,939.0,17.5,0.0,993.0
2026-08-20T08:00,35.9,35,38.0,947.0,19.2,0.0,992.0
2026-08-20T09:00,35.5,36,36.6,853.0,23.1,0.0,991.1
2026-08-20T10:00,34.7,39,34.9,685.0,24.3,0.0,990.7
2026-08-20T11:00,34.4,39,33.7,479.0,25.1,0.0,990.4
2026-08-20T12:00,31.7,46,30.3,259.0,30.9,0.0,990.9
2026-08-20T13:00,29.9,53,29.7,68.0,24.7,0.0,992.0
2026-08-20T14:00,28.3,59,28.2,0.0,25.8,0.0,993.0
2026-08-20T15:00,27.6,63,27.5,0.0,26.5,0.0,993.8
2026-08-20T16:00,27.2,64,27.5,0.0,23.5,0.0,994.6
2026-08-20T17:00,26.7,67,27.9,0.0,18.4,0.0,995.4
2026-08-20T18:00,26.3,68,27.6,0.0,17.1,0.0,995.2
2026-08-20T19:00,25.9,69,27.3,0.0,15.7,0.0,994.9
2026-08-20T20:00,25.7,69,27.0,0.0,15.4,0.0,994.5
2026-08-20T21:00,25.3,70,26.9,0.0,13.5,0.0,994.3
2026-08-20T22:00,24.9,71,26.5,0.0,13.2,0.0,994.0
2026-08-20T23:00,24.6,72,26.1,0.0,13.5,0.0,994.4
2026-08-21T00:00,24.3,74,26.3,0.0,10.8,0.0,994.8
2026-08-21T01:00,24.8,78,27.5,5.0,9.6,0.0,995.5
2026-08-21T02:00,26.3,72,29.2,125.0,9.5,0.0,996.2
2026-08-21T03:00,28.7,62,31.2,349.0,10.8,0.0,997.0
2026-08-21T04:00,30.8,51,33.0,565.0,10.1,0.0,996.8
2026-08-21T05:00,32.4,46,35.7,767.0,9.8,0.0,996.4
2026-08-21T06:00,33.9,42,38.2,901.0,8.2,0.0,995.4
2026-08-21T07:00,35.2,38,39.9,968.0,7.3,0.0,994.3
2026-08-21T08:00,35.9,36,40.2,880.0,6.4,0.0,992.9
2026-08-21T09:00,36.7,34,40.4,825.0,7.2,0.0,992.0
2026-08-21T10:00,36.8,33,39.2,668.0,8.1,0.0,990.8
2026-08-21T11:00,36.4,33,38.2,462.0,6.3,0.0,990.4
2026-08-21T12:00,35.9,34,37.7,259.0,6.2,0.0,990.6
2026-08-21T13:00,33.8,39,35.5,59.0,7.9,0.0,991.8
2026-08-21T14:00,31.5,49,33.8,0.0,8.6,0.0,993.5
2026-08-21T15:00,29.5,62,31.4,0.0,18.1,0.0,994.6
2026-08-21T16:00,28.2,67,29.9,0.0,19.7,0.0,995.4
2026-08-21T17:00,27.7,71,30.0,0.0,17.1,0.0,995.8
2026-08-21T18:00,27.3,74,30.1,0.0,14.4,0.0,995.9
2026-08-21T19:00,26.7,75,29.1,0.0,16.7,0.1,995.7
2026-08-21T20:00,26.3,78,29.3,0.0,13.4,0.1,995.1
2026-08-21T21:00,25.8,81,28.9,0.0,13.7,0.0,994.7
2026-08-21T22:00,25.5,82,28.6,0.0,13.1,0.0,994.4
2026-08-21T23:00,25.3,83,28.6,0.0,11.4,0.0,995.0
2026-08-22T00:00,25.0,85,28.5,0.0,10.6,0.0,995.5
2026-08-22T01:00,26.3,84,30.8,3.0,7.7,0.0,995.3
2026-08-22T02:00,27.1,77,31.1,92.0,9.2,0.0,996.0
2026-08-22T03:00,28.8,65,32.0,238.0,10.1,0.0,996.6
2026-08-22T04:00,30.5,58,33.5,440.0,9.8,0.0,997.0
2026-08-22T05:00,31.5,54,34.8,507.0,7.6,0.0,996.2
2026-08-22T06:00,32.6,50,36.1,588.0,7.2,0.0,995.5
2026-08-22T07:00,33.3,48,36.3,559.0,8.3,0.0,994.2
2026-08-22T08:00,33.6,46,36.4,518.0,9.2,0.0,992.8
2026-08-22T09:00,33.7,45,36.3,471.0,8.9,0.0,991.9
2026-08-22T10:00,33.8,43,36.3,336.0,8.4,0.0,991.3
2026-08-22T11:00,33.9,41,35.8,254.0,9.5,0.0,990.8
2026-08-22T12:00,33.4,42,34.2,170.0,17.1,0.1,991.2
2026-08-22T13:00,32.1,46,33.6,34.0,12.8,0.0,991.8
2026-08-22T14:00,30.1,57,31.3,0.0,20.8,0.0,993.2
2026-08-22T15:00,28.7,64,30.4,0.0,18.4,0.0,993.9
2026-08-22T16:00,28.4,67,31.3,0.0,12.5,0.0,995.4
2026-08-22T17:00,27.4,73,31.0,0.0,9.3,0.0,996.3
2026-08-22T18:00,27.0,76,30.7,0.0,9.4,0.0,995.7
2026-08-22T19:00,26.3,80,30.7,0.0,5.6,0.0,995.0
2026-08-22T20:00,26.2,80,30.3,0.0,7.4,0.0,994.6
2026-08-22T21:00,25.8,84,30.0,0.0,8.4,0.0,993.7
2026-08-22T22:00,25.5,87,30.1,0.0,6.9,0.0,993.7
2026-08-22T23:00,25.1,89,29.8,0.0,6.5,0.0,993.8
2026-08-23T00:00,24.9,90,29.5,0.0,7.0,0.0,993.9
2026-08-23T01:00,25.6,79,28.4,4.0,12.8,0.0,993.9
2026-08-23T02:00,26.7,72,29.4,87.0,12.3,0.0,995.1
2026-08-23T03:00,28.3,65,31.3,236.0,10.4,0.0,995.6
2026-08-23T04:00,30.0,58,33.2,404.0,7.4,0.0,995.8
2026-08-23T05:00,31.2,52,34.1,483.0,6.8,0.0,995.7
2026-08-23T06:00,32.1,49,35.0,544.0,5.9,0.0,995.1
2026-08-23T07:00,33.0,45,35.7,563.0,6.9,0.0,994.1
2026-08-23T08:00,33.4,43,35.6,558.0,8.5,0.0,992.8
2026-08-23T09:00,33.6,42,35.3,476.0,11.0,0.0,991.8
2026-08-23T10:00,34.0,40,34.9,400.0,15.0,0.0,991.1
2026-08-23T11:00,33.2,42,33.5,266.0,19.0,0.0,990.9
2026-08-23T12:00,31.6,49,32.1,131.0,21.5,0.0,991.6
2026-08-23T13:00,31.1,50,32.1,52.0,17.1,0.0,992.7
2026-08-23T14:00,29.2,57,29.9,0.0,20.3,0.0,993.6
2026-08-23T15:00,28.0,65,29.3,0.0,19.8,0.0,994.4
2026-08-23T16:00,27.6,67,29.2,0.0,18.4,0.0,995.5
2026-08-23T17:00,27.4,67,29.1,0.0,17.6,0.0,995.9
2026-08-23T18:00,27.0,70,28.8,0.0,17.1,0.0,995.8
2026-08-23T19:00,26.5,72,28.6,0.0,16.1,0.0,995.3
2026-08-23T20:00,26.1,74,28.3,0.0,15.3,0.0,994.5
2026-08-23T21:00,25.7,77,27.9,0.0,15.7,0.0,993.8
2026-08-23T22:00,25.3,79,27.6,0.0,15.9,0.0,993.3
2026-08-23T23:00,25.1,81,27.6,0.0,14.8,0.0,993.9
2026-08-24T00:00,24.7,84,27.4,0.0,13.9,0.0,994.3
2026-08-24T01:00,25.4,79,27.7,4.0,15.4,0.0,994.9
2026-08-24T02:00,26.9,72,29.2,124.0,15.3,0.0,995.3
2026-08-24T03:00,29.1,62,31.2,343.0,15.8,0.0,995.9
2026-08-24T04:00,31.4,51,33.6,574.0,12.7,0.0,996.0
2026-08-24T05:00,33.1,45,36.2,768.0,11.1,0.0,995.8
2026-08-24T06:00,34.5,40,38.5,899.0,9.3,0.0,995.1
2026-08-24T07:00,35.6,37,40.0,955.0,7.9,0.0,994.0
2026-08-24T08:00,36.1,35,39.9,879.0,7.7,0.0,992.7
2026-08-24T09:00,36.6,34,39.6,778.0,8.4,0.0,991.8
2026-08-24T10:00,36.6,33,38.1,618.0,11.6,0.0,991.3
2026-08-24T11:00,36.0,35,37.0,446.0,13.5,0.0,990.9
2026-08-24T12:00,32.7,46,33.6,227.0,18.4,0.4,991.8
2026-08-24T13:00,32.2,46,32.6,56.0,19.9,0.0,992.6
2026-08-24T14:00,30.6,51,31.4,0.0,18.8,0.0,993.6
2026-08-24T15:00,29.2,55,29.9,0.0,19.3,0.0,994.5
2026-08-24T16:00,28.3,59,29.0,0.0,19.7,0.0,995.3
2026-08-24T17:00,27.6,64,28.6,0.0,19.8,0.0,996.0
2026-08-24T18:00,26.9,67,28.0,0.0,19.2,0.0,995.7
2026-08-24T19:00,26.3,70,27.7,0.0,18.7,0.0,995.2
2026-08-24T20:00,26.0,72,27.6,0.0,17.2,0.0,994.6
2026-08-24T21:00,25.5,75,27.7,0.0,14.4,0.0,994.3
2026-08-24T22:00,25.0,78,27.5,0.0,12.8,0.0,994.3
2026-08-24T23:00,24.5,81,27.1,0.0,12.5,0.0,994.4
2026-08-25T00:00,24.2,83,26.8,0.0,12.2,0.0,994.7
2026-08-25T01:00,25.1,80,27.8,4.0,12.8,0.0,994.6
2026-08-25T02:00,26.4,75,29.2,110.0,12.4,0.0,995.3
2026-08-25T03:00,28.8,64,31.5,350.0,11.6,0.0,995.5
2026-08-25T04:00,31.0,52,33.2,575.0,12.0,0.0,995.2
2026-08-25T05:00,33.0,42,35.6,769.0,12.1,0.0,994.8
2026-08-25T06:00,34.7,36,37.5,869.0,10.9,0.0,994.0
2026-08-25T07:00,35.7,33,38.7,858.0,7.9,0.0,992.7
2026-08-25T08:00,36.3,31,38.9,759.0,5.8,0.0,991.4
2026-08-25T09:00,37.3,28,40.3,832.0,5.2,0.0,990.2
2026-08-25T10:00,38.3,24,39.5,674.0,6.9,0.0,989.2
2026-08-25T11:00,37.9,24,37.2,440.0,12.7,0.0,988.9
2026-08-25T12:00,36.1,30,34.7,249.0,22.9,0.0,988.9
2026-08-25T13:00,34.0,34,35.7,62.0,1.9,0.0,989.9
2026-08-25T14:00,32.1,39,33.8,0.0,3.2,0.0,992.0
2026-08-25T15:00,30.7,51,32.3,0.0,13.2,0.0,993.2
2026-08-25T16:00,29.5,60,32.2,0.0,11.4,0.0,993.4
2026-08-25T17:00,28.4,65,31.1,0.0,11.9,0.0,994.4
2026-08-25T18:00,27.8,67,29.9,0.0,15.6,0.0,994.4
2026-08-25T19:00,27.3,69,29.0,0.0,18.8,0.0,994.1
2026-08-25T20:00,26.7,71,28.9,0.0,14.3,0.0,993.8
2026-08-25T21:00,26.3,72,28.9,0.0,11.5,0.0,993.3
2026-08-25T22:00,25.8,75,27.9,0.0,15.5,0.0,993.1
2026-08-25T23:00,25.6,76,27.2,0.0,18.4,0.0,993.4
2026-08-26T00:00,25.3,75,26.7,0.0,19.1,0.0,993.9
2026-08-26T01:00,25.7,72,26.4,4.0,22.0,0.0,994.1
2026-08-26T02:00,26.8,67,27.4,114.0,23.1,0.0,994.7
2026-08-26T03:00,28.4,60,29.6,303.0,18.4,0.0,995.2
2026-08-26T04:00,30.9,51,32.2,554.0,16.8,0.0,995.0
2026-08-26T05:00,33.4,41,35.1,764.0,17.0,0.0,994.4
2026-08-26T06:00,35.0,35,37.0,866.0,15.5,0.0,993.7
2026-08-26T07:00,36.3,31,38.2,946.0,17.1,0.1,992.9
2026-08-26T08:00,36.0,31,36.6,808.0,19.0,0.2,991.8
2026-08-26T09:00,36.3,31,36.9,848.0,21.0,0.0,990.7
2026-08-26T10:00,35.4,34,34.7,674.0,25.6,0.0,990.3
2026-08-26T11:00,34.0,39,33.0,444.0,27.7,0.0,990.1
2026-08-26T12:00,32.0,45,30.8,220.0,29.5,0.0,990.5
2026-08-26T13:00,31.1,45,30.8,59.0,21.0,0.0,991.5
2026-08-26T14:00,29.0,54,28.6,0.0,25.2,0.0,992.6
2026-08-26T15:00,28.3,59,28.4,0.0,24.2,0.0,993.0
2026-08-26T16:00,27.4,64,27.3,0.0,27.3,0.0,993.9
2026-08-26T17:00,26.5,71,26.8,0.0,27.8,0.0,994.4
2026-08-26T18:00,26.0,73,26.1,0.0,28.6,0.0,994.3
2026-08-26T19:00,25.6,77,26.8,0.0,22.7,0.0,993.7
2026-08-26T20:00,25.6,77,27.3,0.0,18.7,0.0,993.2
2026-08-26T21:00,25.2,77,26.0,0.0,23.8,0.0,992.9
2026-08-26T22:00,24.9,79,25.8,0.0,23.2,0.0,992.9
2026-08-26T23:00,24.8,81,26.7,0.0,17.6,0.0,992.8
