datetime,temperature_2m,relativehumidity_2m,apparent_temperature,shortwave_radiation,windspeed_10m,precipitation,pressure_msl
2026-01-01T00:00,-5.3,49,-9.8,0.0,6.6,0.0,1011.6
2026-01-01T01:00,-6.1,49,-10.4,0.0,5.4,0.0,1012.4
2026-01-01T02:00,-6.6,48,-11.0,0.0,5.0,0.0,1013.3
2026-01-01T03:00,-7.1,45,-11.5,0.0,4.6,0.0,1013.8
2026-01-01T04:00,-6.3,46,-10.7,0.0,5.2,0.0,1013.2
2026-01-01T05:00,-6.3,48,-10.4,0.0,3.3,0.0,1013.7
2026-01-01T06:00,-7.7,46,-12.0,0.0,4.0,0.0,1014.1
2026-01-01T07:00,-7.7,44,-12.1,0.0,4.8,0.0,1014.6
2026-01-01T08:00,-6.5,43,-10.5,57.0,2.7,0.0,1014.8
2026-01-01T09:00,-4.5,43,-8.3,229.0,1.8,0.0,1016.0
2026-01-01T10:00,-2.9,37,-6.9,333.0,2.4,0.0,1015.9
2026-01-01T11:00,-1.8,28,-6.1,461.0,4.2,0.0,1014.4
2026-01-01T12:00,-1.5,30,-5.6,539.0,3.4,0.0,1012.5
2026-01-01T13:00,-1.3,30,-5.4,560.0,3.1,0.0,1011.3
2026-01-01T14:00,-1.6,31,-5.7,456.0,3.1,0.0,1010.5
2026-01-01T15:00,-1.8,45,-5.2,304.0,0.4,0.0,1010.4
2026-01-01T16:00,-3.4,41,-7.1,118.0,0.9,0.0,1011.3
2026-01-01T17:00,-3.9,46,-7.8,25.0,2.7,0.0,1011.5
2026-01-01T18:00,-5.5,47,-9.9,0.0,5.7,0.0,1012.9
2026-01-01T19:00,-5.3,47,-9.4,0.0,4.0,0.0,1014.0
2026-01-01T20:00,-6.3,47,-10.1,0.0,1.1,0.0,1015.2
2026-01-01T21:00,-7.0,52,-10.7,0.0,0.7,0.0,1016.5
2026-01-01T22:00,-7.2,52,-11.0,0.0,1.8,0.0,1016.3
2026-01-01T23:00,-7.1,58,-10.9,0.0,2.0,0.0,1017.3
2026-01-02T00:00,-7.7,55,-11.8,0.0,3.5,0.1,1017.0
2026-01-02T01:00,-8.2,53,-12.0,0.0,0.9,0.1,1017.4
2026-01-02T02:00,-7.8,57,-11.5,0.0,0.7,0.1,1019.1
2026-01-02T03:00,-8.5,64,-12.2,0.0,1.7,0.1,1020.4
2026-01-02T04:00,-8.8,70,-12.5,0.0,1.9,0.2,1021.4
2026-01-02T05:00,-9.5,70,-13.3,0.0,2.1,0.2,1022.3
2026-01-02T06:00,-10.0,69,-13.7,0.0,0.9,0.1,1023.4
2026-01-02T07:00,-10.4,71,-14.0,0.0,0.3,0.1,1025.1
2026-01-02T08:00,-9.2,71,-12.8,42.0,1.1,0.0,1026.5
2026-01-02T09:00,-7.7,66,-11.5,164.0,2.2,0.0,1027.2
2026-01-02T10:00,-6.8,50,-10.9,324.0,3.1,0.0,1027.3
2026-01-02T11:00,-6.2,49,-9.9,451.0,0.9,0.0,1026.6
2026-01-02T12:00,-5.9,51,-9.8,535.0,2.5,0.0,1025.4
2026-01-02T13:00,-5.5,49,-9.4,571.0,3.3,0.0,1024.1
2026-01-02T14:00,-5.2,49,-9.2,521.0,3.3,0.0,1023.2
2026-01-02T15:00,-5.4,61,-9.0,393.0,1.6,0.0,1022.7
2026-01-02T16:00,-6.8,53,-10.5,216.0,0.8,0.0,1022.2
2026-01-02T17:00,-7.6,50,-11.3,42.0,0.5,0.0,1021.8
2026-01-02T18:00,-9.3,50,-13.1,0.0,0.9,0.0,1022.4
2026-01-02T19:00,-9.8,51,-13.6,0.0,0.4,0.0,1023.3
2026-01-02T20:00,-10.5,48,-14.5,0.0,1.3,0.0,1024.0
2026-01-02T21:00,-11.1,43,-15.2,0.0,1.9,0.0,1024.5
2026-01-02T22:00,-11.3,40,-15.4,0.0,1.1,0.0,1024.8
2026-01-02T23:00,-10.7,42,-14.8,0.0,1.7,0.0,1024.0
2026-01-03T00:00,-11.0,42,-14.9,0.0,0.7,0.0,1024.0
2026-01-03T01:00,-11.4,46,-15.3,0.0,0.4,0.0,1024.9
2026-01-03T02:00,-11.4,46,-15.3,0.0,0.4,0.0,1025.4
2026-01-03T03:00,-11.2,46,-15.1,0.0,0.3,0.0,1025.3
2026-01-03T04:00,-12.0,48,-16.0,0.0,1.0,0.0,1024.9
2026-01-03T05:00,-11.7,50,-15.8,0.0,1.5,0.0,1023.9
2026-01-03T06:00,-12.5,49,-16.5,0.0,1.1,0.0,1024.1
2026-01-03T07:00,-12.4,49,-16.3,0.0,0.8,0.0,1025.4
2026-01-03T08:00,-10.8,47,-14.7,54.0,0.6,0.0,1025.8
2026-01-03T09:00,-8.1,54,-12.0,187.0,2.0,0.0,1026.0
2026-01-03T10:00,-5.8,41,-10.1,296.0,3.9,0.0,1024.9
2026-01-03T11:00,-4.5,39,-9.1,455.0,6.3,0.0,1022.2
2026-01-03T12:00,-4.1,38,-8.7,530.0,6.8,0.0,1020.0
2026-01-03T13:00,-3.7,37,-8.5,550.0,7.5,0.0,1018.5
2026-01-03T14:00,-3.7,39,-8.5,429.0,8.2,0.0,1017.9
2026-01-03T15:00,-4.1,45,-8.4,261.0,5.0,0.0,1017.5
2026-01-03T16:00,-5.5,42,-9.8,167.0,4.3,0.0,1017.0
2026-01-03T17:00,-6.0,40,-10.1,36.0,2.7,0.0,1017.3
2026-01-03T18:00,-6.5,45,-10.8,0.0,4.0,0.0,1018.2
2026-01-03T19:00,-7.5,47,-11.6,0.0,2.9,0.0,1018.8
2026-01-03T20:00,-8.8,48,-12.8,0.0,1.8,0.0,1019.6
2026-01-03T21:00,-9.7,49,-13.6,0.0,1.5,0.0,1020.4
2026-01-03T22:00,-10.4,48,-14.5,0.0,1.8,0.0,1020.7
2026-01-03T23:00,-10.7,49,-15.0,0.0,3.4,0.0,1021.4
2026-01-04T00:00,-10.9,47,-15.1,0.0,2.6,0.0,1020.6
2026-01-04T01:00,-11.4,48,-15.5,0.0,2.2,0.0,1020.2
2026-01-04T02:00,-11.5,47,-15.7,0.0,2.7,0.0,1020.4
2026-01-04T03:00,-12.3,51,-16.5,0.0,2.3,0.0,1020.6
2026-01-04T04:00,-13.1,53,-17.3,0.0,2.1,0.0,1020.5
2026-01-04T05:00,-12.4,59,-16.8,0.0,4.5,0.0,1020.3
2026-01-04T06:00,-13.4,58,-17.7,0.0,3.2,0.0,1020.6
2026-01-04T07:00,-13.7,57,-17.9,0.0,2.9,0.0,1020.9
2026-01-04T08:00,-11.8,52,-16.1,61.0,3.3,0.0,1021.5
2026-01-04T09:00,-8.2,49,-12.2,213.0,1.9,0.0,1021.6
2026-01-04T10:00,-5.0,48,-9.2,374.0,4.2,0.1,1020.5
2026-01-04T11:00,-4.0,42,-9.2,462.0,10.7,0.1,1019.6
2026-01-04T12:00,-3.6,41,-8.6,551.0,9.5,0.1,1017.6
2026-01-04T13:00,-3.1,41,-7.7,594.0,8.9,0.0,1016.1
2026-01-04T14:00,-3.1,43,-7.8,526.0,7.9,0.0,1015.5
2026-01-04T15:00,-4.0,49,-8.4,396.0,5.9,0.0,1015.4
2026-01-04T16:00,-6.0,50,-10.2,214.0,4.3,0.0,1015.7
2026-01-04T17:00,-6.9,49,-11.1,43.0,4.4,0.0,1015.7
2026-01-04T18:00,-9.9,54,-14.0,0.0,3.1,0.0,1017.1
2026-01-04T19:00,-11.6,50,-16.1,0.0,4.7,0.0,1018.1
2026-01-04T20:00,-11.5,45,-16.1,0.0,5.2,0.0,1018.5
2026-01-04T21:00,-12.0,45,-16.6,0.0,4.9,0.0,1019.1
2026-01-04T22:00,-12.5,47,-17.1,0.0,5.1,0.0,1019.3
2026-01-04T23:00,-11.9,48,-16.4,0.0,4.6,0.0,1019.7
2026-01-05T00:00,-13.1,49,-17.7,0.0,4.9,0.0,1020.0
2026-01-05T01:00,-14.3,53,-19.0,0.0,5.6,0.0,1019.8
2026-01-05T02:00,-13.8,52,-18.4,0.0,5.4,0.0,1020.0
2026-01-05T03:00,-14.2,53,-18.9,0.0,5.3,0.0,1020.2
2026-01-05T04:00,-14.4,52,-19.0,0.0,5.3,0.0,1020.2
2026-01-05T05:00,-13.1,50,-17.7,0.0,4.8,0.0,1020.4
2026-01-05T06:00,-14.3,50,-18.9,0.0,4.7,0.0,1021.4
2026-01-05T07:00,-14.3,51,-19.0,0.0,5.5,0.0,1021.8
2026-01-05T08:00,-12.6,49,-17.2,63.0,5.1,0.0,1022.0
2026-01-05T09:00,-8.2,44,-12.3,224.0,2.7,0.1,1022.3
2026-01-05T10:00,-5.0,44,-9.1,396.0,3.6,0.1,1021.5
2026-01-05T11:00,-3.7,36,-8.7,508.0,9.0,0.1,1019.9
2026-01-05T12:00,-3.5,40,-8.4,561.0,9.4,0.1,1018.7
2026-01-05T13:00,-3.3,39,-8.3,559.0,10.1,0.0,1017.7
2026-01-05T14:00,-3.5,40,-8.3,499.0,8.7,0.0,1017.4
2026-01-05T15:00,-4.1,45,-8.5,372.0,6.1,0.0,1017.2
2026-01-05T16:00,-6.0,42,-10.3,194.0,3.9,0.0,1017.5
2026-01-05T17:00,-7.9,42,-12.2,41.0,3.6,0.0,1018.4
2026-01-05T18:00,-11.3,47,-15.7,0.0,4.4,0.0,1019.9
2026-01-05T19:00,-11.8,46,-16.1,0.0,2.9,0.0,1021.8
2026-01-05T20:00,-12.2,39,-16.5,0.0,2.3,0.0,1023.1
2026-01-05T21:00,-12.6,39,-17.3,0.0,5.0,0.1,1023.8
2026-01-05T22:00,-12.8,40,-17.3,0.0,4.0,0.1,1023.3
2026-01-05T23:00,-12.5,42,-16.8,0.0,3.1,0.1,1023.2
2026-01-06T00:00,-13.0,42,-17.4,0.0,2.8,0.1,1023.6
2026-01-06T01:00,-12.8,39,-17.1,0.0,2.4,0.1,1024.3
2026-01-06T02:00,-12.9,37,-17.4,0.0,3.4,0.0,1024.5
2026-01-06T03:00,-13.3,36,-17.7,0.0,3.0,0.0,1024.1
2026-01-06T04:00,-13.4,36,-17.7,0.0,2.7,0.0,1024.5
2026-01-06T05:00,-13.3,40,-17.6,0.0,2.5,0.0,1024.0
2026-01-06T06:00,-13.4,37,-17.8,0.0,2.5,0.0,1025.2
2026-01-06T07:00,-13.2,35,-17.3,0.0,1.4,0.1,1027.2
2026-01-06T08:00,-12.0,37,-16.3,65.0,2.4,0.1,1028.5
2026-01-06T09:00,-9.7,38,-13.6,236.0,0.3,0.0,1028.4
2026-01-06T10:00,-7.9,34,-12.0,412.0,2.2,0.0,1028.3
2026-01-06T11:00,-6.6,32,-10.9,558.0,3.8,0.0,1025.7
2026-01-06T12:00,-6.2,31,-10.2,632.0,4.8,0.0,1024.0
2026-01-06T13:00,-6.2,34,-11.0,577.0,8.0,0.0,1023.2
2026-01-06T14:00,-6.1,34,-10.8,456.0,6.0,0.0,1022.7
2026-01-06T15:00,-6.3,44,-10.4,318.0,3.3,0.0,1022.4
2026-01-06T16:00,-7.5,43,-11.7,189.0,3.5,0.0,1022.5
2026-01-06T17:00,-8.3,37,-12.5,41.0,2.7,0.0,1022.7
2026-01-06T18:00,-10.1,40,-14.3,0.0,2.8,0.0,1024.4
2026-01-06T19:00,-9.9,40,-14.1,0.0,2.0,0.0,1026.0
2026-01-06T20:00,-11.8,41,-16.2,0.0,3.6,0.0,1026.6
2026-01-06T21:00,-12.8,43,-17.3,0.0,4.1,0.0,1026.7
2026-01-06T22:00,-12.3,39,-16.3,0.0,0.9,0.0,1027.8
2026-01-06T23:00,-12.9,39,-17.1,0.0,2.3,0.0,1027.1
2026-01-07T00:00,-13.4,39,-17.7,0.0,2.3,0.0,1027.0
2026-01-07T01:00,-12.9,37,-17.1,0.0,1.7,0.0,1028.1
2026-01-07T02:00,-13.5,37,-17.9,0.0,3.0,0.0,1028.5
2026-01-07T03:00,-14.0,36,-18.3,0.0,2.3,0.0,1027.7
2026-01-07T04:00,-14.4,36,-18.7,0.0,1.7,0.0,1027.6
2026-01-07T05:00,-15.3,43,-19.8,0.0,3.8,0.0,1026.9
2026-01-07T06:00,-15.8,42,-20.2,0.0,3.0,0.0,1027.6
2026-01-07T07:00,-15.1,39,-19.3,0.0,1.7,0.0,1029.4
2026-01-07T08:00,-13.5,39,-18.0,66.0,4.0,0.0,1030.1
2026-01-07T09:00,-9.3,36,-13.3,226.0,0.9,0.0,1029.2
2026-01-07T10:00,-7.4,33,-11.7,398.0,3.2,0.0,1029.1
2026-01-07T11:00,-6.1,25,-10.7,540.0,5.1,0.0,1026.4
2026-01-07T12:00,-5.8,30,-10.4,633.0,8.7,0.0,1024.7
2026-01-07T13:00,-5.5,29,-10.2,602.0,7.8,0.0,1023.8
2026-01-07T14:00,-5.7,34,-10.7,473.0,8.1,0.0,1023.8
2026-01-07T15:00,-6.4,37,-11.2,404.0,7.7,0.0,1024.2
2026-01-07T16:00,-8.7,39,-13.5,238.0,6.9,0.0,1024.9
2026-01-07T17:00,-9.8,33,-14.4,53.0,4.6,0.0,1025.7
2026-01-07T18:00,-11.7,33,-16.1,0.0,3.4,0.0,1027.2
2026-01-07T19:00,-12.8,35,-17.3,0.0,3.8,0.0,1028.5
2026-01-07T20:00,-13.7,34,-18.2,0.0,4.0,0.0,1029.3
2026-01-07T21:00,-14.4,32,-18.9,0.0,3.5,0.0,1029.9
2026-01-07T22:00,-14.8,30,-19.3,0.0,3.0,0.0,1030.4
2026-01-07T23:00,-15.2,33,-19.9,0.0,4.6,0.0,1030.5
2026-01-08T00:00,-16.1,31,-20.7,0.0,3.6,0.0,1030.7
2026-01-08T01:00,-16.5,32,-21.1,0.0,3.7,0.0,1031.0
2026-01-08T02:00,-16.7,32,-21.3,0.0,3.6,0.0,1031.2
2026-01-08T03:00,-16.9,32,-21.5,0.0,3.8,0.0,1031.2
2026-01-08T04:00,-17.2,32,-21.9,0.0,4.0,0.0,1030.8
2026-01-08T05:00,-16.4,37,-21.1,0.0,4.4,0.0,1029.9
2026-01-08T06:00,-17.2,34,-21.8,0.0,4.0,0.0,1030.5
2026-01-08T07:00,-17.0,31,-21.6,0.0,3.6,0.0,1030.9
2026-01-08T08:00,-14.4,29,-18.9,80.0,3.4,0.0,1030.7
2026-01-08T09:00,-9.3,28,-13.7,282.0,2.6,0.0,1030.6
2026-01-08T10:00,-5.8,34,-10.1,465.0,3.9,0.0,1028.7
2026-01-08T11:00,-2.6,17,-7.5,597.0,8.2,0.0,1026.1
2026-01-08T12:00,-2.7,26,-7.0,664.0,8.2,0.0,1024.8
2026-01-08T13:00,-2.2,26,-6.4,659.0,7.3,0.0,1023.3
2026-01-08T14:00,-2.1,28,-6.6,583.0,6.7,0.0,1022.3
2026-01-08T15:00,-3.1,30,-7.8,443.0,6.2,0.0,1021.9
2026-01-08T16:00,-5.0,22,-9.6,255.0,4.7,0.0,1021.8
2026-01-08T17:00,-7.4,23,-12.0,59.0,4.3,0.0,1021.6
2026-01-08T18:00,-11.0,24,-15.7,0.0,4.6,0.0,1022.2
2026-01-08T19:00,-12.1,25,-16.9,0.0,5.4,0.0,1022.9
2026-01-08T20:00,-12.6,27,-17.4,0.0,5.4,0.0,1023.1
2026-01-08T21:00,-12.8,26,-17.6,0.0,5.2,0.0,1023.0
2026-01-08T22:00,-12.8,26,-17.6,0.0,5.3,0.0,1022.5
2026-01-08T23:00,-11.7,28,-16.3,0.0,4.0,0.0,1021.9
2026-01-09T00:00,-12.5,26,-17.2,0.0,4.4,0.0,1021.8
2026-01-09T01:00,-12.0,23,-16.6,0.0,4.0,0.0,1021.7
2026-01-09T02:00,-11.4,22,-15.9,0.0,2.9,0.0,1021.9
2026-01-09T03:00,-11.2,21,-15.6,0.0,2.7,0.0,1021.9
2026-01-09T04:00,-11.0,19,-15.4,0.0,2.2,0.0,1021.8
2026-01-09T05:00,-12.3,26,-16.7,0.0,3.0,0.0,1021.4
2026-01-09T06:00,-12.8,22,-17.3,0.0,2.5,0.0,1022.6
2026-01-09T07:00,-12.3,19,-16.6,0.0,1.5,0.0,1024.2
2026-01-09T08:00,-10.5,19,-14.6,80.0,0.6,0.0,1025.2
2026-01-09T09:00,-8.4,24,-12.5,282.0,0.5,0.0,1027.2
2026-01-09T10:00,-5.8,34,-9.7,465.0,1.2,0.0,1026.7
2026-01-09T11:00,-3.2,17,-7.5,598.0,4.1,0.0,1024.5
2026-01-09T12:00,-3.1,24,-7.1,664.0,6.0,0.0,1023.7
2026-01-09T13:00,-2.7,24,-6.8,660.0,6.1,0.0,1023.0
2026-01-09T14:00,-2.5,29,-6.7,585.0,4.8,0.0,1022.3
2026-01-09T15:00,-3.5,33,-7.9,446.0,5.3,0.0,1022.1
2026-01-09T16:00,-5.7,26,-10.4,259.0,5.3,0.0,1022.6
2026-01-09T17:00,-6.9,20,-11.3,62.0,2.8,0.0,1022.7
2026-01-09T18:00,-8.9,19,-13.1,0.0,1.6,0.0,1023.4
2026-01-09T19:00,-10.2,22,-14.5,0.0,2.3,0.0,1023.9
2026-01-09T20:00,-11.6,21,-16.2,0.0,3.3,0.0,1024.1
2026-01-09T21:00,-12.1,19,-16.6,0.0,2.4,0.0,1024.1
2026-01-09T22:00,-12.2,17,-16.7,0.0,2.5,0.0,1024.2
2026-01-09T23:00,-12.3,21,-16.9,0.0,3.6,0.0,1023.4
2026-01-10T00:00,-13.1,18,-17.6,0.0,3.1,0.0,1023.3
2026-01-10T01:00,-13.1,18,-17.7,0.0,3.1,0.0,1022.9
2026-01-10T02:00,-12.9,17,-17.4,0.0,2.7,0.0,1023.0
2026-01-10T03:00,-13.1,18,-17.7,0.0,3.1,0.0,1022.7
2026-01-10T04:00,-13.2,19,-17.7,0.0,3.1,0.0,1022.1
2026-01-10T05:00,-13.4,25,-18.0,0.0,4.1,0.0,1021.8
2026-01-10T06:00,-14.2,23,-18.9,0.0,4.0,0.0,1022.6
2026-01-10T07:00,-13.6,21,-18.2,0.0,3.4,0.0,1023.3
2026-01-10T08:00,-11.2,21,-15.7,81.0,3.1,0.0,1023.7
2026-01-10T09:00,-6.8,23,-11.1,283.0,2.3,0.0,1024.1
2026-01-10T10:00,-3.9,33,-8.1,467.0,3.5,0.0,1023.8
2026-01-10T11:00,-1.4,18,-6.2,599.0,8.5,0.0,1022.2
2026-01-10T12:00,-1.8,26,-6.0,666.0,7.7,0.0,1021.3
2026-01-10T13:00,-1.8,26,-5.8,661.0,6.8,0.0,1020.6
2026-01-10T14:00,-1.9,29,-6.1,586.0,5.0,0.0,1020.2
2026-01-10T15:00,-2.9,35,-7.2,448.0,4.2,0.0,1020.4
2026-01-10T16:00,-5.1,24,-9.4,261.0,3.3,0.0,1021.1
2026-01-10T17:00,-6.6,21,-11.0,63.0,2.8,0.0,1021.6
2026-01-10T18:00,-8.3,19,-12.7,0.0,2.5,0.0,1023.3
2026-01-10T19:00,-9.3,22,-13.5,0.0,1.3,0.0,1024.6
2026-01-10T20:00,-9.7,22,-13.8,0.0,0.6,0.0,1025.4
2026-01-10T21:00,-10.7,24,-14.9,0.0,0.9,0.0,1026.8
2026-01-10T22:00,-12.0,24,-16.2,0.0,1.5,0.0,1027.7
2026-01-10T23:00,-11.3,27,-15.6,0.0,1.8,0.0,1027.9
2026-01-11T00:00,-12.2,25,-16.3,0.0,0.4,0.0,1029.1
2026-01-11T01:00,-12.4,25,-16.5,0.0,0.4,0.0,1031.0
2026-01-11T02:00,-12.8,26,-16.9,0.0,0.6,0.0,1032.0
2026-01-11T03:00,-13.7,27,-17.8,0.0,0.8,0.0,1032.4
2026-01-11T04:00,-14.3,27,-18.6,0.0,1.7,0.0,1032.2
2026-01-11T05:00,-13.2,28,-17.5,0.0,1.7,0.0,1031.6
2026-01-11T06:00,-14.7,26,-19.0,0.0,1.5,0.0,1032.5
2026-01-11T07:00,-15.2,24,-19.6,0.0,1.8,0.0,1034.4
2026-01-11T08:00,-12.6,23,-16.7,82.0,0.8,0.0,1036.4
2026-01-11T09:00,-9.1,27,-13.1,287.0,0.6,0.0,1038.2
2026-01-11T10:00,-6.3,36,-10.4,472.0,2.4,0.0,1038.4
2026-01-11T11:00,-3.7,19,-7.9,606.0,3.9,0.0,1034.4
2026-01-11T12:00,-3.2,22,-7.1,673.0,5.4,0.0,1032.7
2026-01-11T13:00,-2.3,23,-6.0,669.0,4.5,0.0,1030.9
2026-01-11T14:00,-1.6,30,-5.6,594.0,4.0,0.0,1029.2
2026-01-11T15:00,-2.2,35,-6.4,448.0,4.2,0.0,1028.7
2026-01-11T16:00,-4.1,27,-8.2,229.0,2.1,0.0,1028.7
2026-01-11T17:00,-5.3,26,-9.4,66.0,1.7,0.0,1028.1
2026-01-11T18:00,-7.7,30,-11.8,0.0,1.8,0.0,1029.4
2026-01-11T19:00,-9.3,35,-13.6,0.0,2.4,0.0,1029.8
2026-01-11T20:00,-9.6,32,-13.9,0.0,2.3,0.0,1029.9
2026-01-11T21:00,-9.6,27,-13.9,0.0,2.2,0.0,1030.3
2026-01-11T22:00,-9.2,24,-13.5,0.0,1.7,0.0,1030.2
2026-01-11T23:00,-8.8,26,-13.1,0.0,2.5,0.0,1028.8
2026-01-12T00:00,-9.1,24,-13.4,0.0,2.2,0.0,1028.0
2026-01-12T01:00,-7.8,22,-12.1,0.0,2.6,0.0,1027.2
2026-01-12T02:00,-6.4,21,-10.7,0.0,2.2,0.0,1027.2
2026-01-12T03:00,-4.4,21,-8.6,0.0,2.4,0.0,1026.1
2026-01-12T04:00,-4.2,21,-8.6,0.0,2.9,0.0,1025.1
2026-01-12T05:00,-5.7,29,-10.0,0.0,3.5,0.0,1023.7
2026-01-12T06:00,-6.2,28,-10.7,0.0,4.0,0.0,1024.6
2026-01-12T07:00,-5.5,24,-9.9,0.0,3.6,0.0,1024.6
2026-01-12T08:00,-3.6,25,-8.1,53.0,4.7,0.0,1024.3
2026-01-12T09:00,-0.7,31,-5.2,190.0,6.4,0.0,1024.0
2026-01-12T10:00,1.7,31,-2.8,345.0,7.4,0.0,1022.9
2026-01-12T11:00,4.3,20,-0.9,492.0,10.5,0.0,1021.8
2026-01-12T12:00,3.4,28,-1.4,539.0,9.2,0.0,1020.2
2026-01-12T13:00,3.8,28,-0.8,575.0,9.3,0.0,1019.0
2026-01-12T14:00,3.5,30,-1.2,468.0,9.2,0.0,1018.1
2026-01-12T15:00,2.6,33,-1.9,361.0,8.0,0.0,1017.8
2026-01-12T16:00,0.7,34,-4.0,211.0,8.6,0.0,1017.3
2026-01-12T17:00,-1.1,31,-5.4,54.0,4.6,0.0,1017.3
2026-01-12T18:00,-3.8,37,-8.6,0.0,8.1,0.0,1018.1
2026-01-12T19:00,-6.7,40,-11.6,0.0,8.5,0.0,1019.2
2026-01-12T20:00,-7.7,40,-12.7,0.0,8.0,0.0,1020.8
2026-01-12T21:00,-7.8,38,-12.7,0.0,7.7,0.0,1022.1
2026-01-12T22:00,-8.7,35,-13.7,0.0,8.1,0.0,1023.1
2026-01-12T23:00,-8.3,37,-13.2,0.0,7.2,0.0,1024.0
2026-01-13T00:00,-9.5,34,-14.5,0.0,7.2,0.0,1024.2
2026-01-13T01:00,-9.5,31,-14.3,0.0,6.2,0.0,1024.4
2026-01-13T02:00,-8.8,27,-13.4,0.0,4.5,0.0,1025.2
2026-01-13T03:00,-8.5,26,-13.0,0.0,3.4,0.0,1025.3
2026-01-13T04:00,-8.4,26,-12.7,0.0,2.9,0.0,1025.7
2026-01-13T05:00,-8.4,31,-12.8,0.0,3.7,0.0,1026.2
2026-01-13T06:00,-9.1,30,-13.3,0.0,2.2,0.0,1027.3
2026-01-13T07:00,-9.3,29,-13.4,0.0,1.5,0.0,1029.0
2026-01-13T08:00,-7.7,29,-11.8,78.0,1.8,0.0,1030.1
2026-01-13T09:00,-4.4,34,-8.3,277.0,1.3,0.0,1030.2
2026-01-13T10:00,-1.2,23,-5.3,462.0,1.9,0.0,1030.1
2026-01-13T11:00,0.7,19,-3.2,594.0,2.3,0.0,1028.2
2026-01-13T12:00,1.2,24,-2.5,662.0,4.9,0.0,1026.2
2026-01-13T13:00,1.6,25,-2.1,659.0,5.1,0.0,1024.5
2026-01-13T14:00,1.8,33,-1.9,589.0,3.5,0.0,1022.9
2026-01-13T15:00,0.9,37,-3.2,444.0,4.8,0.0,1022.1
2026-01-13T16:00,-1.3,29,-5.8,256.0,5.3,0.0,1021.9
2026-01-13T17:00,-2.0,25,-6.2,61.0,2.4,0.0,1022.1
2026-01-13T18:00,-4.1,26,-8.3,0.0,2.3,0.0,1023.1
2026-01-13T19:00,-5.2,30,-9.4,0.0,2.4,0.0,1023.7
2026-01-13T20:00,-7.0,33,-11.3,0.0,3.1,0.0,1023.7
2026-01-13T21:00,-7.8,33,-12.0,0.0,2.4,0.0,1023.9
2026-01-13T22:00,-8.5,33,-12.8,0.0,2.9,0.0,1024.3
2026-01-13T23:00,-7.1,32,-11.3,0.0,2.3,0.0,1023.9
2026-01-14T00:00,-7.5,30,-11.6,0.0,1.5,0.0,1023.4
2026-01-14T01:00,-6.9,29,-10.9,0.0,1.1,0.0,1023.5
2026-01-14T02:00,-6.5,29,-10.5,0.0,1.0,0.0,1023.6
2026-01-14T03:00,-6.3,27,-10.2,0.0,0.4,0.0,1023.2
2026-01-14T04:00,-6.4,29,-10.3,0.0,0.5,0.0,1023.4
2026-01-14T05:00,-6.7,33,-10.8,0.0,1.9,0.0,1022.7
2026-01-14T06:00,-8.1,32,-12.1,0.0,1.3,0.0,1023.5
2026-01-14T07:00,-8.9,32,-12.9,0.0,0.9,0.0,1024.6
2026-01-14T08:00,-7.2,31,-11.2,78.0,0.5,0.0,1025.4
2026-01-14T09:00,-4.8,37,-8.6,279.0,0.4,0.0,1026.2
2026-01-14T10:00,-2.5,29,-6.6,462.0,2.7,0.0,1025.8
2026-01-14T11:00,-0.8,25,-4.6,595.0,2.8,0.0,1023.6
2026-01-14T12:00,-0.4,26,-3.9,664.0,3.9,0.0,1022.0
2026-01-14T13:00,-0.0,25,-3.4,663.0,2.9,0.0,1020.7
2026-01-14T14:00,0.1,26,-3.8,591.0,3.6,0.0,1019.9
2026-01-14T15:00,-0.5,44,-4.2,457.0,2.6,0.0,1019.7
2026-01-14T16:00,-2.5,35,-6.5,273.0,2.5,0.0,1019.9
2026-01-14T17:00,-3.5,31,-7.5,73.0,1.8,0.0,1019.7
2026-01-14T18:00,-5.3,30,-9.4,0.0,1.8,0.0,1020.8
2026-01-14T19:00,-5.9,31,-9.8,0.0,0.9,0.0,1021.6
2026-01-14T20:00,-6.6,32,-10.5,0.0,0.4,0.0,1022.3
2026-01-14T21:00,-7.4,33,-11.3,0.0,0.3,0.0,1022.9
2026-01-14T22:00,-7.8,33,-11.8,0.0,0.9,0.0,1023.4
2026-01-14T23:00,-7.4,36,-11.6,0.0,2.3,0.0,1023.0
2026-01-15T00:00,-8.0,34,-11.9,0.0,0.9,0.0,1023.2
2026-01-15T01:00,-8.6,37,-12.5,0.0,0.5,0.0,1023.8
2026-01-15T02:00,-8.5,37,-12.5,0.0,1.2,0.0,1024.2
2026-01-15T03:00,-8.6,36,-12.5,0.0,0.6,0.0,1024.2
2026-01-15T04:00,-9.1,36,-13.1,0.0,0.9,0.0,1024.6
2026-01-15T05:00,-9.0,40,-13.1,0.0,2.0,0.0,1023.8
2026-01-15T06:00,-9.6,38,-13.6,0.0,1.2,0.0,1024.6
2026-01-15T07:00,-9.7,39,-13.7,0.0,1.0,0.0,1025.6
2026-01-15T08:00,-7.7,37,-11.6,80.0,1.1,0.0,1026.2
2026-01-15T09:00,-4.8,41,-8.6,231.0,0.9,0.0,1026.9
2026-01-15T10:00,-2.3,30,-6.4,372.0,2.3,0.0,1026.6
2026-01-15T11:00,-0.4,28,-4.7,573.0,5.4,0.0,1024.5
2026-01-15T12:00,-0.1,30,-4.4,632.0,8.0,0.0,1023.4
2026-01-15T13:00,0.1,29,-4.5,579.0,7.9,0.0,1022.4
2026-01-15T14:00,-0.0,32,-4.6,429.0,7.0,0.0,1021.9
2026-01-15T15:00,-0.2,39,-4.2,396.0,4.1,0.0,1021.6
2026-01-15T16:00,-1.9,40,-5.9,229.0,3.5,0.0,1021.7
2026-01-15T17:00,-2.6,39,-6.4,62.0,1.7,0.0,1022.1
2026-01-15T18:00,-4.8,38,-8.7,0.0,1.5,0.0,1023.1
2026-01-15T19:00,-5.6,40,-9.4,0.0,0.7,0.0,1023.8
2026-01-15T20:00,-6.7,43,-10.6,0.0,1.2,0.0,1024.5
2026-01-15T21:00,-7.1,46,-11.0,0.0,1.5,0.0,1025.1
2026-01-15T22:00,-7.6,48,-11.6,0.0,1.8,0.0,1025.6
2026-01-15T23:00,-7.0,51,-11.0,0.0,2.4,0.0,1025.8
2026-01-16T00:00,-7.5,49,-11.5,0.0,2.2,0.0,1025.6
2026-01-16T01:00,-7.2,48,-11.1,0.0,1.3,0.0,1025.7
2026-01-16T02:00,-6.7,49,-10.6,0.0,1.8,0.0,1025.9
2026-01-16T03:00,-7.3,49,-11.3,0.0,2.6,0.0,1026.0
2026-01-16T04:00,-7.6,49,-11.6,0.0,2.5,0.0,1026.0
2026-01-16T05:00,-8.3,55,-12.4,0.0,3.4,0.0,1026.0
2026-01-16T06:00,-8.6,53,-12.6,0.0,2.6,0.0,1026.3
2026-01-16T07:00,-8.4,50,-12.4,0.0,2.3,0.0,1026.7
2026-01-16T08:00,-6.3,46,-10.3,70.0,2.4,0.0,1026.7
2026-01-16T09:00,-2.8,47,-6.6,238.0,2.4,0.0,1025.9
2026-01-16T10:00,-0.3,40,-4.5,393.0,5.6,0.0,1024.2
2026-01-16T11:00,1.3,32,-3.2,455.0,6.5,0.0,1022.0
2026-01-16T12:00,1.1,37,-3.7,512.0,9.6,0.0,1019.8
2026-01-16T13:00,1.5,38,-3.0,403.0,8.1,0.0,1017.9
2026-01-16T14:00,1.8,41,-2.5,342.0,6.7,0.0,1015.7
2026-01-16T15:00,1.6,48,-2.1,296.0,4.0,0.0,1015.3
2026-01-16T16:00,-0.0,51,-3.9,113.0,5.2,0.0,1015.9
2026-01-16T17:00,-1.2,54,-5.5,34.0,7.1,0.0,1016.8
2026-01-16T18:00,-3.1,54,-7.5,0.0,7.3,0.0,1016.7
2026-01-16T19:00,-4.8,53,-9.3,0.0,7.2,0.0,1017.5
2026-01-16T20:00,-6.2,54,-10.9,0.0,8.1,0.0,1018.6
2026-01-16T21:00,-6.5,55,-11.4,0.0,9.0,0.1,1019.7
2026-01-16T22:00,-6.8,57,-11.4,0.0,7.1,1.0,1020.5
2026-01-16T23:00,-6.0,57,-10.5,0.0,7.0,0.5,1020.6
2026-01-17T00:00,-7.4,56,-12.3,0.0,9.0,0.2,1020.0
2026-01-17T01:00,-8.3,57,-13.2,0.0,9.0,0.6,1019.9
2026-01-17T02:00,-8.9,57,-13.9,0.0,9.0,0.0,1019.7
2026-01-17T03:00,-10.0,60,-15.0,0.0,9.3,0.0,1019.7
2026-01-17T04:00,-9.4,61,-14.3,0.0,8.6,0.0,1019.6
2026-01-17T05:00,-8.6,60,-13.2,0.0,7.5,0.0,1019.0
2026-01-17T06:00,-8.6,60,-13.4,0.0,8.4,0.0,1019.0
2026-01-17T07:00,-10.3,60,-15.2,0.0,8.2,0.0,1019.6
2026-01-17T08:00,-7.7,56,-12.6,68.0,8.9,0.0,1019.4
2026-01-17T09:00,-3.9,48,-8.5,224.0,7.8,0.0,1020.2
2026-01-17T10:00,-2.4,42,-7.6,409.0,11.8,0.0,1019.7
2026-01-17T11:00,-0.7,41,-6.1,509.0,13.6,0.0,1018.5
2026-01-17T12:00,-1.6,45,-7.0,563.0,14.0,0.0,1017.5
2026-01-17T13:00,-1.2,43,-6.5,581.0,13.8,0.0,1016.0
2026-01-17T14:00,-0.7,41,-5.6,558.0,10.6,0.0,1014.6
2026-01-17T15:00,-0.8,43,-5.4,413.0,8.2,0.0,1013.4
2026-01-17T16:00,-1.6,44,-6.0,255.0,6.5,0.0,1011.8
2026-01-17T17:00,-2.2,36,-6.2,70.0,2.8,0.0,1012.1
2026-01-17T18:00,-4.4,32,-9.0,0.0,5.7,0.0,1012.3
2026-01-17T19:00,-5.9,34,-10.7,0.0,6.6,0.0,1012.6
2026-01-17T20:00,-7.6,35,-12.2,0.0,5.6,0.0,1013.9
2026-01-17T21:00,-9.2,37,-14.1,0.0,6.8,0.0,1015.1
2026-01-17T22:00,-10.8,42,-15.9,0.0,9.0,0.0,1015.7
2026-01-17T23:00,-9.5,37,-14.5,0.0,7.9,0.0,1015.8
2026-01-18T00:00,-10.9,37,-16.2,0.0,10.1,0.0,1016.0
2026-01-18T01:00,-11.5,40,-16.8,0.0,10.1,0.0,1015.9
2026-01-18T02:00,-11.9,42,-17.3,0.0,10.5,0.0,1016.3
2026-01-18T03:00,-12.4,45,-17.8,0.0,10.5,0.0,1016.4
2026-01-18T04:00,-12.8,47,-18.1,0.0,10.3,0.0,1016.1
2026-01-18T05:00,-12.8,48,-17.9,0.0,8.4,0.0,1015.9
2026-01-18T06:00,-13.1,47,-18.4,0.0,9.3,0.0,1016.9
2026-01-18T07:00,-12.9,46,-18.2,0.0,9.6,0.0,1017.8
2026-01-18T08:00,-10.4,44,-15.6,69.0,9.7,0.0,1018.3
2026-01-18T09:00,-5.9,39,-11.2,257.0,10.6,0.0,1018.8
2026-01-18T10:00,-4.7,34,-10.3,437.0,12.9,0.0,1018.6
2026-01-18T11:00,-3.6,32,-9.0,584.0,13.0,0.0,1018.5
2026-01-18T12:00,-4.0,35,-9.5,564.0,13.4,0.0,1017.3
2026-01-18T13:00,-3.3,36,-8.2,617.0,11.6,0.0,1015.9
2026-01-18T14:00,-3.2,37,-8.2,537.0,9.2,0.0,1015.4
2026-01-18T15:00,-3.5,40,-8.3,406.0,8.1,0.0,1015.1
2026-01-18T16:00,-4.8,43,-9.5,223.0,7.1,0.0,1015.6
2026-01-18T17:00,-6.6,44,-11.2,52.0,6.2,0.0,1016.3
2026-01-18T18:00,-8.2,48,-12.9,0.0,6.9,0.0,1016.8
2026-01-18T19:00,-10.2,50,-14.7,0.0,4.9,0.0,1017.3
2026-01-18T20:00,-10.6,49,-15.0,0.0,4.8,0.0,1017.5
2026-01-18T21:00,-10.9,49,-15.5,0.0,5.4,0.0,1018.2
2026-01-18T22:00,-11.2,49,-15.8,0.0,5.4,0.0,1018.2
2026-01-18T23:00,-9.2,45,-13.3,0.0,2.6,0.0,1018.2
2026-01-19T00:00,-10.6,45,-15.0,0.0,4.4,0.0,1018.4
2026-01-19T01:00,-10.4,44,-14.8,0.0,4.3,0.0,1018.5
2026-01-19T02:00,-10.1,44,-14.6,0.0,4.7,0.0,1018.7
2026-01-19T03:00,-10.2,45,-14.7,0.0,4.7,0.0,1018.9
2026-01-19T04:00,-10.4,45,-14.9,0.0,5.0,0.1,1018.8
2026-01-19T05:00,-10.7,53,-15.1,0.0,4.5,0.1,1018.4
2026-01-19T06:00,-10.3,50,-15.2,0.0,7.7,0.1,1018.9
2026-01-19T07:00,-9.7,47,-14.5,0.0,7.2,0.0,1019.1
2026-01-19T08:00,-8.8,46,-13.6,64.0,7.4,0.0,1019.3
2026-01-19T09:00,-5.9,44,-10.7,241.0,7.5,0.0,1019.8
2026-01-19T10:00,-4.6,41,-9.3,422.0,7.5,0.0,1019.8
2026-01-19T11:00,-3.3,35,-8.4,544.0,9.8,0.0,1018.8
2026-01-19T12:00,-3.9,37,-8.9,633.0,11.9,0.0,1018.1
2026-01-19T13:00,-3.8,37,-9.1,580.0,12.6,0.0,1017.1
2026-01-19T14:00,-3.3,39,-8.5,531.0,11.2,0.0,1015.8
2026-01-19T15:00,-3.5,42,-8.1,345.0,7.4,0.0,1015.4
2026-01-19T16:00,-4.8,44,-8.8,219.0,3.0,0.0,1015.4
2026-01-19T17:00,-6.2,45,-10.3,56.0,3.3,0.0,1015.3
2026-01-19T18:00,-8.1,49,-12.5,0.0,5.3,0.0,1016.1
2026-01-19T19:00,-9.2,50,-13.8,0.0,6.1,0.0,1016.6
2026-01-19T20:00,-10.7,52,-15.4,0.0,6.9,0.0,1017.3
2026-01-19T21:00,-11.0,53,-15.8,0.0,7.0,0.0,1017.4
2026-01-19T22:00,-11.0,53,-15.8,0.0,7.2,0.0,1017.7
2026-01-19T23:00,-11.1,53,-15.8,0.0,6.4,0.0,1018.2
2026-01-20T00:00,-11.9,53,-17.0,0.0,8.6,0.0,1018.2
2026-01-20T01:00,-12.5,52,-17.6,0.0,9.0,0.0,1018.5
2026-01-20T02:00,-12.6,50,-17.8,0.0,9.5,0.0,1018.6
2026-01-20T03:00,-12.8,52,-17.9,0.0,9.1,0.0,1019.1
2026-01-20T04:00,-12.8,51,-18.0,0.0,9.1,0.0,1018.9
2026-01-20T05:00,-12.7,51,-17.3,0.0,5.5,0.0,1019.2
2026-01-20T06:00,-14.3,52,-19.4,0.0,8.0,0.0,1020.4
2026-01-20T07:00,-14.8,51,-19.9,0.0,8.0,0.0,1021.2
2026-01-20T08:00,-12.2,49,-17.1,63.0,7.8,0.0,1022.0
2026-01-20T09:00,-8.0,47,-12.6,257.0,6.5,0.0,1022.4
2026-01-20T10:00,-5.5,39,-10.2,430.0,6.9,0.0,1021.4
2026-01-20T11:00,-4.2,30,-9.1,557.0,8.1,0.0,1020.4
2026-01-20T12:00,-3.8,30,-8.1,650.0,7.9,0.0,1018.9
2026-01-20T13:00,-3.5,32,-8.4,563.0,8.6,0.0,1018.0
2026-01-20T14:00,-2.9,32,-7.8,541.0,8.5,0.0,1016.4
2026-01-20T15:00,-3.3,38,-7.7,375.0,5.8,0.0,1015.8
2026-01-20T16:00,-4.8,41,-9.4,210.0,6.7,0.0,1015.7
2026-01-20T17:00,-6.3,39,-11.0,61.0,7.0,0.0,1016.7
2026-01-20T18:00,-8.4,43,-12.9,0.0,5.2,0.0,1018.4
2026-01-20T19:00,-10.0,44,-14.3,0.0,3.9,0.0,1019.8
2026-01-20T20:00,-10.8,46,-15.4,0.0,5.4,0.0,1021.6
2026-01-20T21:00,-11.3,45,-15.9,0.0,4.8,0.0,1022.1
2026-01-20T22:00,-10.8,44,-15.2,0.0,4.1,0.0,1022.5
2026-01-20T23:00,-10.1,54,-14.4,0.0,4.4,0.0,1022.7
2026-01-21T00:00,-10.9,51,-15.2,0.0,3.6,0.0,1023.0
2026-01-21T01:00,-11.2,49,-15.5,0.0,3.8,0.0,1023.4
2026-01-21T02:00,-11.1,48,-15.7,0.0,5.1,0.0,1023.8
2026-01-21T03:00,-11.2,46,-15.8,0.0,5.5,0.0,1023.9
2026-01-21T04:00,-11.5,43,-16.1,0.0,5.0,0.0,1023.8
2026-01-21T05:00,-12.4,46,-17.1,0.0,6.0,0.0,1023.5
2026-01-21T06:00,-13.2,43,-17.8,0.0,4.7,0.0,1024.3
2026-01-21T07:00,-12.9,40,-17.6,0.0,4.9,0.0,1025.2
2026-01-21T08:00,-10.9,38,-15.5,68.0,4.8,0.0,1025.7
2026-01-21T09:00,-7.4,41,-12.0,250.0,6.0,0.0,1026.2
2026-01-21T10:00,-4.6,35,-9.4,422.0,7.4,0.0,1025.5
2026-01-21T11:00,-2.7,27,-7.8,577.0,10.3,0.0,1023.6
2026-01-21T12:00,-2.7,30,-7.8,617.0,12.3,0.0,1022.4
2026-01-21T13:00,-2.1,30,-7.2,634.0,12.6,0.0,1020.6
2026-01-21T14:00,-2.0,30,-7.6,553.0,12.9,0.0,1019.5
2026-01-21T15:00,-2.3,32,-7.6,436.0,11.2,0.0,1018.8
2026-01-21T16:00,-3.4,35,-8.5,247.0,10.2,0.0,1018.3
2026-01-21T17:00,-5.6,37,-10.2,78.0,6.0,0.0,1017.9
2026-01-21T18:00,-9.7,41,-14.6,0.0,7.1,0.0,1018.7
2026-01-21T19:00,-11.0,44,-16.0,0.0,8.0,0.0,1019.7
2026-01-21T20:00,-11.7,45,-16.7,0.0,7.9,0.0,1020.2
2026-01-21T21:00,-11.6,44,-16.6,0.0,7.9,0.0,1020.2
2026-01-21T22:00,-11.4,43,-16.5,0.0,8.1,0.0,1020.0
2026-01-21T23:00,-10.5,42,-15.4,0.0,6.8,0.0,1019.9
2026-01-22T00:00,-11.7,38,-16.9,0.0,8.9,0.0,1020.0
2026-01-22T01:00,-12.0,38,-17.3,0.0,9.3,0.0,1019.6
2026-01-22T02:00,-12.3,38,-17.6,0.0,9.9,0.0,1019.7
2026-01-22T03:00,-12.5,39,-17.8,0.0,9.6,0.0,1019.4
2026-01-22T04:00,-12.7,40,-18.1,0.0,9.6,0.0,1019.3
2026-01-22T05:00,-12.8,39,-17.9,0.0,8.3,0.0,1019.6
2026-01-22T06:00,-13.1,38,-18.4,0.0,8.9,0.0,1020.1
2026-01-22T07:00,-12.9,39,-18.2,0.0,9.1,0.0,1019.6
2026-01-22T08:00,-10.0,39,-15.1,70.0,8.8,0.0,1019.4
2026-01-22T09:00,-5.0,38,-9.9,242.0,8.2,0.0,1018.6
2026-01-22T10:00,-1.6,27,-6.8,407.0,10.0,0.0,1017.2
2026-01-22T11:00,1.3,20,-3.9,537.0,10.1,0.0,1014.9
2026-01-22T12:00,1.2,28,-3.2,657.0,10.2,0.0,1013.1
2026-01-22T13:00,2.7,31,-0.7,662.0,4.8,0.0,1010.7
2026-01-22T14:00,3.1,33,-1.0,564.0,5.8,0.0,1009.2
2026-01-22T15:00,2.2,34,-2.3,392.0,7.6,0.0,1009.0
2026-01-22T16:00,0.6,31,-4.2,195.0,8.5,0.0,1009.4
2026-01-22T17:00,0.1,34,-4.9,48.0,10.1,0.0,1009.8
2026-01-22T18:00,-2.4,39,-7.3,0.0,9.3,0.0,1010.9
2026-01-22T19:00,-4.0,45,-8.6,0.0,7.6,0.0,1012.1
2026-01-22T20:00,-4.5,43,-8.7,0.0,4.3,0.0,1012.2
2026-01-22T21:00,-4.5,41,-8.5,0.0,3.0,0.0,1012.2
2026-01-22T22:00,-5.2,41,-9.7,0.0,5.8,0.0,1011.4
2026-01-22T23:00,-4.2,43,-8.8,0.0,7.3,0.0,1010.7
2026-01-23T00:00,-5.0,44,-9.7,0.0,7.0,0.0,1009.8
2026-01-23T01:00,-5.4,43,-9.7,0.0,4.8,0.0,1009.7
2026-01-23T02:00,-5.7,43,-9.8,0.0,3.2,0.0,1008.7
2026-01-23T03:00,-5.5,43,-9.2,0.0,0.4,0.0,1008.1
2026-01-23T04:00,-5.3,44,-9.0,0.0,1.0,0.0,1007.0
2026-01-23T05:00,-4.9,46,-9.1,0.0,4.6,0.0,1005.6
2026-01-23T06:00,-5.7,47,-9.6,0.0,1.7,0.0,1006.1
2026-01-23T07:00,-5.5,48,-9.2,0.0,1.5,0.1,1005.8
2026-01-23T08:00,-3.8,49,-7.3,33.0,0.4,0.1,1004.8
2026-01-23T09:00,-2.5,56,-6.3,101.0,3.4,0.2,1003.3
2026-01-23T10:00,-1.1,50,-5.3,183.0,6.4,0.2,1002.6
2026-01-23T11:00,-0.8,47,-5.1,263.0,6.6,0.2,1003.2
2026-01-23T12:00,-1.2,56,-5.1,226.0,5.5,0.4,1002.2
2026-01-23T13:00,-1.0,64,-5.1,305.0,7.8,0.9,1001.5
2026-01-23T14:00,-2.0,71,-5.8,282.0,5.8,1.1,1001.8
2026-01-23T15:00,-2.9,71,-7.2,224.0,8.7,0.8,1002.2
2026-01-23T16:00,-3.7,67,-8.3,126.0,9.7,1.4,1003.8
2026-01-23T17:00,-4.8,72,-9.0,47.0,7.1,0.7,1006.2
2026-01-23T18:00,-7.1,55,-12.0,0.0,9.7,1.9,1007.5
2026-01-23T19:00,-7.9,52,-12.7,0.0,8.5,0.4,1007.4
2026-01-23T20:00,-9.1,49,-14.0,0.0,8.1,0.0,1007.5
2026-01-23T21:00,-10.5,47,-15.1,0.0,5.6,0.0,1006.8
2026-01-23T22:00,-10.4,35,-14.7,0.0,2.8,0.0,1005.7
2026-01-23T23:00,-8.3,30,-13.0,0.0,5.3,0.1,1007.8
2026-01-24T00:00,-7.9,35,-12.7,0.0,6.9,0.0,1006.1
2026-01-24T01:00,-7.4,29,-13.4,0.0,14.4,0.0,1008.6
2026-01-24T02:00,-8.4,28,-13.9,0.0,11.3,0.0,1008.6
2026-01-24T03:00,-9.6,38,-15.3,0.0,12.6,0.0,1011.8
2026-01-24T04:00,-11.0,49,-15.9,0.0,7.9,0.1,1014.4
2026-01-24T05:00,-13.0,45,-17.7,0.0,5.2,0.0,1016.1
2026-01-24T06:00,-12.6,44,-17.0,0.0,3.7,0.0,1018.7
2026-01-24T07:00,-11.8,47,-16.8,0.0,7.9,0.0,1020.3
2026-01-24T08:00,-11.5,46,-15.6,56.0,2.3,0.1,1022.5
2026-01-24T09:00,-10.5,53,-15.0,211.0,5.1,0.1,1025.6
2026-01-24T10:00,-9.0,44,-14.2,395.0,9.3,0.0,1026.5
2026-01-24T11:00,-8.2,43,-13.2,595.0,10.0,0.0,1027.3
2026-01-24T12:00,-8.6,50,-12.8,713.0,9.9,0.0,1029.5
2026-01-24T13:00,-8.4,53,-12.2,706.0,7.9,0.0,1029.7
2026-01-24T14:00,-8.1,50,-12.2,637.0,6.2,0.0,1029.9
2026-01-24T15:00,-8.2,53,-12.4,505.0,3.9,0.0,1030.4
2026-01-24T16:00,-9.6,54,-13.4,323.0,0.6,0.0,1030.5
2026-01-24T17:00,-11.3,46,-15.3,107.0,0.7,0.0,1029.7
2026-01-24T18:00,-14.6,48,-18.9,1.0,2.5,0.0,1030.9
2026-01-24T19:00,-15.7,41,-20.2,0.0,3.5,0.0,1032.1
2026-01-24T20:00,-16.0,33,-20.5,0.0,3.2,0.0,1033.3
2026-01-24T21:00,-16.3,30,-20.9,0.0,3.6,0.0,1033.2
2026-01-24T22:00,-16.7,30,-21.2,0.0,3.1,0.0,1033.5
2026-01-24T23:00,-16.9,32,-21.4,0.0,2.9,0.0,1032.5
2026-01-25T00:00,-16.1,35,-20.8,0.0,4.2,0.0,1031.4
2026-01-25T01:00,-14.5,32,-19.1,0.0,3.9,0.0,1030.7
2026-01-25T02:00,-13.7,30,-18.3,0.0,4.1,0.0,1029.8
2026-01-25T03:00,-12.3,32,-17.1,0.0,5.2,0.0,1028.6
2026-01-25T04:00,-12.6,35,-17.5,0.0,6.1,0.0,1027.6
2026-01-25T05:00,-12.4,40,-16.8,0.0,3.2,0.0,1025.3
2026-01-25T06:00,-13.7,42,-18.8,0.0,8.0,0.0,1026.6
2026-01-25T07:00,-12.9,43,-18.0,0.0,8.1,0.0,1027.9
2026-01-25T08:00,-11.7,46,-16.6,69.0,7.1,0.0,1028.8
2026-01-25T09:00,-9.2,50,-13.9,226.0,6.3,0.0,1029.8
2026-01-25T10:00,-8.1,43,-12.9,427.0,7.3,0.0,1029.9
2026-01-25T11:00,-7.0,40,-11.5,599.0,7.2,0.0,1028.6
2026-01-25T12:00,-6.8,41,-11.1,686.0,9.6,0.0,1027.5
2026-01-25T13:00,-6.5,40,-10.3,702.0,6.8,0.0,1026.6
2026-01-25T14:00,-6.5,44,-10.7,630.0,6.9,0.0,1026.0
2026-01-25T15:00,-6.7,49,-11.1,488.0,5.6,0.0,1026.1
2026-01-25T16:00,-7.8,54,-12.2,282.0,5.2,0.0,1025.9
2026-01-25T17:00,-9.5,46,-13.6,91.0,2.4,0.0,1026.4
2026-01-25T18:00,-12.2,48,-16.8,1.0,5.5,0.0,1027.1
2026-01-25T19:00,-12.7,43,-17.3,0.0,4.5,0.0,1028.2
2026-01-25T20:00,-12.4,42,-16.8,0.0,3.6,0.0,1028.8
2026-01-25T21:00,-11.9,42,-16.2,0.0,2.5,0.0,1029.2
2026-01-25T22:00,-12.6,48,-17.0,0.0,3.4,0.0,1029.8
2026-01-25T23:00,-14.0,54,-18.4,0.0,3.5,0.0,1030.3
2026-01-26T00:00,-14.8,56,-19.1,0.0,3.5,0.0,1030.7
2026-01-26T01:00,-15.0,53,-19.3,0.0,2.6,0.0,1030.5
2026-01-26T02:00,-14.9,49,-19.3,0.0,3.2,0.0,1030.3
2026-01-26T03:00,-15.2,47,-19.8,0.0,4.2,0.0,1029.8
2026-01-26T04:00,-15.3,46,-19.9,0.0,4.4,0.0,1029.5
2026-01-26T05:00,-16.3,51,-20.9,0.0,4.9,0.0,1029.0
2026-01-26T06:00,-16.3,50,-21.0,0.0,5.1,0.0,1029.4
2026-01-26T07:00,-14.4,45,-19.1,0.0,5.2,0.0,1029.1
2026-01-26T08:00,-11.9,44,-16.5,69.0,4.9,0.0,1027.8
2026-01-26T09:00,-8.5,49,-13.0,203.0,5.4,0.0,1027.1
2026-01-26T10:00,-5.4,53,-9.7,298.0,5.6,0.0,1026.5
2026-01-26T11:00,-3.5,43,-8.5,429.0,9.6,0.0,1024.9
2026-01-26T12:00,-3.5,41,-8.4,625.0,12.3,0.0,1024.0
2026-01-26T13:00,-3.4,41,-8.1,647.0,11.4,0.0,1023.4
2026-01-26T14:00,-3.2,43,-8.1,525.0,9.4,0.0,1022.5
2026-01-26T15:00,-3.1,45,-7.8,371.0,8.6,0.0,1021.7
2026-01-26T16:00,-3.3,53,-7.7,178.0,7.2,0.0,1020.7
2026-01-26T17:00,-5.3,54,-9.7,59.0,6.5,0.0,1020.4
2026-01-26T18:00,-6.4,54,-11.2,1.0,8.2,0.0,1020.2
2026-01-26T19:00,-7.7,56,-12.5,0.0,8.0,0.0,1019.9
2026-01-26T20:00,-6.9,57,-11.7,0.0,8.4,0.0,1019.5
2026-01-26T21:00,-6.4,57,-11.1,0.0,8.3,0.1,1019.4
2026-01-26T22:00,-6.4,57,-11.1,0.0,8.5,0.1,1018.9
2026-01-26T23:00,-7.2,60,-11.6,0.0,6.3,0.1,1018.6
2026-01-27T00:00,-6.5,61,-11.0,0.0,7.5,0.2,1018.1
2026-01-27T01:00,-6.1,64,-10.4,0.0,6.6,0.6,1017.5
2026-01-27T02:00,-5.9,61,-10.5,0.0,8.6,0.2,1017.5
2026-01-27T03:00,-6.1,60,-10.8,0.0,8.6,0.1,1016.7
2026-01-27T04:00,-6.5,59,-11.3,0.0,9.1,0.2,1015.7
2026-01-27T05:00,-6.8,60,-11.2,0.0,6.4,0.3,1015.5
2026-01-27T06:00,-7.2,58,-12.2,0.0,10.1,2.0,1015.6
2026-01-27T07:00,-7.4,60,-12.3,0.0,9.5,1.2,1015.5
2026-01-27T08:00,-6.7,56,-11.6,52.0,9.4,3.0,1016.1
2026-01-27T09:00,-5.7,54,-11.4,203.0,15.3,2.7,1017.1
2026-01-27T10:00,-3.3,51,-8.8,385.0,14.7,2.5,1016.6
2026-01-27T11:00,-1.3,61,-5.1,474.0,5.2,0.3,1013.1
2026-01-27T12:00,-0.5,58,-4.4,543.0,5.3,0.7,1011.8
2026-01-27T13:00,-0.2,68,-3.6,503.0,4.3,0.8,1010.1
2026-01-27T14:00,-0.7,77,-3.8,524.0,2.6,0.5,1009.9
2026-01-27T15:00,-1.8,76,-5.1,372.0,3.4,1.4,1010.3
2026-01-27T16:00,-3.2,70,-7.4,218.0,7.7,0.9,1010.6
2026-01-27T17:00,-4.9,69,-9.1,80.0,7.2,1.2,1011.7
2026-01-27T18:00,-6.0,57,-10.9,1.0,9.9,1.2,1011.3
2026-01-27T19:00,-6.2,55,-11.1,0.0,9.6,0.5,1011.0
2026-01-27T20:00,-7.0,59,-12.0,0.0,10.5,0.9,1011.6
2026-01-27T21:00,-7.6,52,-13.0,0.0,12.1,0.8,1012.1
2026-01-27T22:00,-7.3,57,-12.7,0.0,12.6,0.6,1012.7
2026-01-27T23:00,-7.4,58,-12.0,0.0,7.6,1.1,1013.6
2026-01-28T00:00,-7.3,56,-12.5,0.0,11.2,0.9,1013.8
2026-01-28T01:00,-7.6,54,-13.0,0.0,11.9,0.4,1014.3
2026-01-28T02:00,-9.1,53,-14.9,0.0,14.3,0.4,1014.8
2026-01-28T03:00,-10.6,56,-16.5,0.0,14.8,0.1,1016.9
2026-01-28T04:00,-10.4,58,-15.8,0.0,12.3,0.2,1017.4
2026-01-28T05:00,-10.0,52,-14.8,0.0,6.9,0.1,1018.5
2026-01-28T06:00,-12.9,49,-18.0,0.0,8.6,0.0,1019.4
2026-01-28T07:00,-14.4,47,-19.6,1.0,8.7,0.0,1020.5
2026-01-28T08:00,-14.2,44,-19.3,105.0,8.3,0.0,1022.5
2026-01-28T09:00,-11.6,42,-16.6,304.0,7.7,0.0,1023.5
2026-01-28T10:00,-8.6,45,-13.2,462.0,5.7,0.0,1023.8
2026-01-28T11:00,-7.1,48,-11.0,615.0,4.5,0.0,1022.8
2026-01-28T12:00,-5.6,51,-9.3,669.0,6.1,0.0,1022.0
2026-01-28T13:00,-5.5,52,-9.0,720.0,6.7,0.0,1021.2
2026-01-28T14:00,-6.3,55,-10.3,636.0,7.1,0.0,1020.8
2026-01-28T15:00,-6.8,51,-11.3,510.0,6.1,0.0,1020.5
2026-01-28T16:00,-8.4,48,-13.1,317.0,6.8,0.0,1020.3
2026-01-28T17:00,-10.0,45,-14.8,107.0,6.8,0.0,1020.7
2026-01-28T18:00,-11.7,47,-17.0,2.0,10.1,0.0,1021.1
2026-01-28T19:00,-11.6,47,-16.7,0.0,8.4,0.0,1022.3
2026-01-28T20:00,-10.7,48,-15.5,0.0,6.5,0.0,1022.9
2026-01-28T21:00,-10.5,49,-15.1,0.0,5.5,0.0,1023.4
2026-01-28T22:00,-10.7,50,-15.1,0.0,4.7,0.0,1023.5
2026-01-28T23:00,-11.9,58,-16.5,0.0,5.7,0.0,1024.8
2026-01-29T00:00,-12.1,56,-16.6,0.0,5.2,0.0,1025.0
2026-01-29T01:00,-12.9,55,-17.5,0.0,5.3,0.0,1025.4
2026-01-29T02:00,-13.3,54,-18.0,0.0,6.0,0.0,1025.6
2026-01-29T03:00,-13.5,53,-18.1,0.0,5.7,0.0,1025.8
2026-01-29T04:00,-13.4,52,-18.1,0.0,5.6,0.0,1025.8
2026-01-29T05:00,-14.5,58,-19.1,0.0,5.3,0.0,1026.4
2026-01-29T06:00,-14.0,54,-18.6,0.0,5.2,0.0,1027.0
2026-01-29T07:00,-14.6,54,-19.0,1.0,3.8,0.0,1028.3
2026-01-29T08:00,-13.9,52,-18.5,98.0,4.9,0.0,1029.3
2026-01-29T09:00,-12.5,50,-17.0,306.0,4.6,0.0,1030.2
2026-01-29T10:00,-11.0,51,-15.4,507.0,4.8,0.0,1030.5
2026-01-29T11:00,-9.2,58,-13.2,655.0,6.6,0.0,1030.2
2026-01-29T12:00,-7.9,57,-11.6,725.0,7.7,0.0,1029.8
2026-01-29T13:00,-7.6,55,-10.9,740.0,6.4,0.0,1029.0
2026-01-29T14:00,-8.0,55,-11.5,673.0,5.0,0.0,1028.2
2026-01-29T15:00,-9.0,51,-13.5,541.0,5.8,0.0,1028.1
2026-01-29T16:00,-10.3,47,-14.9,346.0,5.6,0.0,1027.6
2026-01-29T17:00,-12.8,48,-17.6,128.0,6.4,0.0,1029.3
2026-01-29T18:00,-14.8,49,-19.7,3.0,7.2,0.0,1028.9
2026-01-29T19:00,-15.6,47,-20.4,0.0,6.0,0.0,1029.7
2026-01-29T20:00,-16.4,43,-21.5,0.0,7.5,0.0,1030.2
2026-01-29T21:00,-16.3,38,-21.4,0.0,7.6,0.0,1030.2
2026-01-29T22:00,-16.4,37,-21.5,0.0,7.5,0.0,1030.3
2026-01-29T23:00,-16.2,37,-21.3,0.0,7.5,0.0,1030.4
2026-01-30T00:00,-16.0,36,-21.2,0.0,7.6,0.0,1030.2
2026-01-30T01:00,-15.6,34,-20.8,0.0,7.9,0.0,1030.1
2026-01-30T02:00,-15.1,32,-20.4,0.0,8.3,0.0,1029.5
2026-01-30T03:00,-14.3,30,-19.4,0.0,7.6,0.0,1029.1
2026-01-30T04:00,-13.2,29,-18.2,0.0,7.3,0.0,1028.7
2026-01-30T05:00,-14.6,38,-19.9,0.0,8.8,0.0,1028.6
2026-01-30T06:00,-13.3,35,-18.4,0.0,7.7,0.0,1029.2
2026-01-30T07:00,-11.8,32,-16.9,1.0,7.4,0.0,1030.1
2026-01-30T08:00,-10.1,32,-15.0,70.0,6.7,0.0,1029.7
2026-01-30T09:00,-8.3,36,-13.0,257.0,6.0,0.0,1029.6
2026-01-30T10:00,-7.0,44,-11.8,455.0,7.3,0.0,1029.7
2026-01-30T11:00,-5.9,48,-10.2,637.0,8.3,0.0,1029.2
2026-01-30T12:00,-4.8,45,-8.5,724.0,8.0,0.0,1027.9
2026-01-30T13:00,-4.4,46,-7.9,721.0,7.1,0.0,1026.1
2026-01-30T14:00,-4.2,46,-8.1,654.0,6.5,0.0,1024.8
2026-01-30T15:00,-4.6,41,-9.0,497.0,5.2,0.0,1024.4
2026-01-30T16:00,-5.8,39,-10.5,317.0,6.6,0.0,1024.2
2026-01-30T17:00,-8.2,39,-13.1,109.0,7.9,0.0,1023.9
2026-01-30T18:00,-11.4,42,-16.7,3.0,10.2,0.0,1024.2
2026-01-30T19:00,-12.1,42,-17.5,0.0,10.7,0.0,1024.7
2026-01-30T20:00,-11.5,40,-16.7,0.0,9.1,0.0,1024.4
2026-01-30T21:00,-10.0,40,-15.0,0.0,8.2,0.0,1024.5
2026-01-30T22:00,-9.5,40,-14.5,0.0,8.0,0.0,1024.2
2026-01-30T23:00,-9.8,46,-14.7,0.0,7.6,0.0,1024.8
2026-01-31T00:00,-9.4,48,-14.7,0.0,10.6,0.0,1024.5
2026-01-31T01:00,-8.3,49,-13.5,0.0,9.9,0.0,1024.4
2026-01-31T02:00,-9.0,49,-14.3,0.0,10.9,0.0,1023.7
2026-01-31T03:00,-8.4,50,-13.7,0.0,10.7,0.0,1023.3
2026-01-31T04:00,-8.7,50,-14.1,0.0,11.6,0.0,1022.7
2026-01-31T05:00,-9.3,50,-14.4,0.0,9.6,0.1,1022.5
2026-01-31T06:00,-9.6,51,-15.1,0.0,12.4,0.0,1023.1
2026-01-31T07:00,-8.9,51,-14.3,1.0,11.8,0.1,1023.9
2026-01-31T08:00,-7.7,51,-13.4,73.0,13.9,0.1,1024.7
2026-01-31T09:00,-6.5,56,-12.2,236.0,14.8,0.0,1025.3
2026-01-31T10:00,-4.8,57,-9.9,424.0,11.6,0.0,1026.0
2026-01-31T11:00,-4.5,52,-9.0,597.0,9.1,0.0,1025.7
2026-01-31T12:00,-4.5,50,-9.0,678.0,12.3,0.0,1025.4
2026-01-31T13:00,-4.6,50,-9.4,675.0,13.6,0.0,1024.7
2026-01-31T14:00,-4.5,51,-9.5,635.0,13.5,0.0,1023.8
2026-01-31T15:00,-4.9,51,-10.2,523.0,12.3,0.0,1023.3
2026-01-31T16:00,-5.7,51,-11.1,311.0,13.1,0.0,1023.1
2026-01-31T17:00,-8.4,51,-13.7,110.0,11.1,0.0,1023.2
2026-01-31T18:00,-10.4,53,-16.3,3.0,14.4,0.0,1023.0
2026-01-31T19:00,-10.2,54,-15.6,0.0,11.8,0.0,1023.4
2026-01-31T20:00,-9.4,54,-14.7,0.0,11.6,0.0,1023.7
2026-01-31T21:00,-10.4,51,-15.9,0.0,12.5,0.0,1023.2
2026-01-31T22:00,-11.1,49,-16.7,0.0,12.7,0.0,1023.0
2026-01-31T23:00,-11.6,54,-17.1,0.0,11.4,0.0,1023.4
2026-02-01T00:00,-11.7,54,-17.6,0.0,14.4,0.0,1022.5
2026-02-01T01:00,-12.4,53,-18.3,0.0,14.2,0.0,1022.1
2026-02-01T02:00,-11.3,54,-17.2,0.0,14.9,0.0,1021.2
2026-02-01T03:00,-10.7,55,-16.5,0.0,14.1,0.1,1020.8
2026-02-01T04:00,-10.9,55,-16.6,0.0,13.8,0.0,1020.6
2026-02-01T05:00,-11.2,54,-16.6,0.0,11.5,0.0,1020.9
2026-02-01T06:00,-10.0,57,-15.9,0.0,15.0,0.3,1021.0
2026-02-01T07:00,-10.3,60,-15.8,1.0,12.7,0.0,1022.2
2026-02-01T08:00,-9.2,61,-14.5,76.0,11.7,0.0,1023.7
2026-02-01T09:00,-8.0,63,-13.1,271.0,11.4,0.0,1024.7
2026-02-01T10:00,-6.2,62,-11.3,500.0,11.2,0.0,1023.2
2026-02-01T11:00,-4.8,52,-9.0,623.0,7.7,0.0,1022.6
2026-02-01T12:00,-5.0,53,-10.2,481.0,11.5,0.0,1021.4
2026-02-01T13:00,-3.6,45,-8.2,652.0,11.5,0.0,1020.0
2026-02-01T14:00,-3.9,51,-8.9,471.0,10.4,0.0,1019.4
2026-02-01T15:00,-4.2,55,-8.8,378.0,8.2,0.1,1019.8
2026-02-01T16:00,-5.4,58,-10.1,207.0,8.4,0.1,1019.7
2026-02-01T17:00,-6.5,53,-11.0,74.0,7.0,0.0,1019.3
2026-02-01T18:00,-8.3,55,-13.3,3.0,9.1,0.0,1019.9
2026-02-01T19:00,-8.7,50,-13.5,0.0,7.7,0.0,1020.1
2026-02-01T20:00,-9.4,43,-14.4,0.0,8.2,0.0,1020.3
2026-02-01T21:00,-9.3,39,-14.2,0.0,7.7,0.0,1021.6
2026-02-01T22:00,-9.6,37,-14.6,0.0,8.1,0.0,1022.5
2026-02-01T23:00,-9.5,38,-14.1,0.0,4.9,0.0,1021.9
2026-02-02T00:00,-9.9,36,-14.8,0.0,7.0,0.0,1022.5
2026-02-02T01:00,-10.4,34,-15.3,0.0,6.5,0.0,1022.0
2026-02-02T02:00,-10.3,38,-15.2,0.0,6.9,0.0,1023.5
2026-02-02T03:00,-11.8,40,-16.8,0.0,7.1,0.0,1024.8
2026-02-02T04:00,-10.8,41,-15.7,0.0,6.9,0.0,1025.1
2026-02-02T05:00,-12.7,49,-17.5,0.0,6.3,0.0,1026.0
2026-02-02T06:00,-12.7,51,-17.5,0.0,6.7,0.0,1027.0
2026-02-02T07:00,-12.7,51,-17.2,1.0,4.9,0.0,1028.6
2026-02-02T08:00,-11.7,50,-16.4,106.0,6.1,0.0,1029.7
2026-02-02T09:00,-10.2,50,-14.9,321.0,6.7,0.0,1030.2
2026-02-02T10:00,-8.4,53,-12.9,484.0,5.6,0.0,1030.4
2026-02-02T11:00,-6.5,55,-10.5,645.0,6.9,0.0,1029.4
2026-02-02T12:00,-5.7,44,-9.6,684.0,7.6,0.0,1027.9
2026-02-02T13:00,-5.3,42,-9.2,668.0,6.5,0.0,1026.4
2026-02-02T14:00,-5.0,45,-9.3,615.0,7.3,0.0,1024.9
2026-02-02T15:00,-5.4,50,-10.1,461.0,7.6,0.0,1023.9
2026-02-02T16:00,-6.1,47,-10.6,287.0,6.6,0.0,1023.7
2026-02-02T17:00,-8.0,44,-12.6,97.0,6.5,0.0,1023.4
2026-02-02T18:00,-10.9,48,-16.2,4.0,10.7,0.0,1023.5
2026-02-02T19:00,-12.7,46,-18.2,0.0,11.1,0.0,1024.0
2026-02-02T20:00,-13.1,43,-18.4,0.0,9.9,0.0,1024.3
2026-02-02T21:00,-13.0,41,-18.3,0.0,9.2,0.0,1024.8
2026-02-02T22:00,-12.1,42,-17.3,0.0,9.3,0.0,1024.9
2026-02-02T23:00,-12.8,47,-17.9,0.0,8.6,0.0,1024.4
2026-02-03T00:00,-12.5,48,-18.0,0.0,11.3,0.0,1024.4
2026-02-03T01:00,-12.1,47,-17.5,0.0,10.6,0.0,1024.9
2026-02-03T02:00,-11.7,46,-17.0,0.0,9.8,0.0,1025.3
2026-02-03T03:00,-11.8,47,-17.2,0.0,10.7,0.0,1025.4
2026-02-03T04:00,-12.5,48,-18.1,0.0,11.8,0.0,1024.7
2026-02-03T05:00,-12.3,51,-17.3,0.0,7.7,0.1,1024.3
2026-02-03T06:00,-12.6,54,-18.2,0.0,12.7,0.1,1023.6
2026-02-03T07:00,-13.0,54,-18.4,1.0,10.9,0.1,1025.5
2026-02-03T08:00,-11.0,56,-16.1,77.0,9.2,0.1,1026.3
2026-02-03T09:00,-10.1,59,-14.9,223.0,7.7,0.2,1027.6
2026-02-03T10:00,-7.9,64,-12.2,386.0,5.6,0.2,1027.6
2026-02-03T11:00,-6.6,46,-10.9,519.0,4.8,0.0,1026.4
2026-02-03T12:00,-5.9,45,-10.0,665.0,8.1,0.0,1024.3
2026-02-03T13:00,-5.6,42,-8.9,728.0,5.1,0.0,1023.0
2026-02-03T14:00,-5.6,48,-9.3,663.0,6.1,0.0,1022.1
2026-02-03T15:00,-5.9,54,-10.5,482.0,7.2,0.0,1021.7
2026-02-03T16:00,-6.5,50,-10.5,278.0,2.5,0.0,1022.2
2026-02-03T17:00,-9.1,50,-13.6,116.0,5.0,0.0,1023.2
2026-02-03T18:00,-11.3,49,-16.1,4.0,7.3,0.0,1024.1
2026-02-03T19:00,-12.6,48,-17.4,0.0,6.6,0.0,1025.0
2026-02-03T20:00,-13.9,50,-18.9,0.0,7.8,0.0,1026.5
2026-02-03T21:00,-13.0,47,-17.8,0.0,6.6,0.0,1027.3
2026-02-03T22:00,-12.6,46,-17.2,0.0,4.9,0.0,1028.2
2026-02-03T23:00,-13.7,51,-18.4,0.0,6.1,0.0,1028.8
2026-02-04T00:00,-13.8,51,-18.9,0.0,8.4,0.0,1029.4
2026-02-04T01:00,-13.5,50,-18.4,0.0,6.7,0.0,1030.1
2026-02-04T02:00,-13.6,50,-18.3,0.0,6.0,0.0,1031.1
2026-02-04T03:00,-13.9,51,-18.4,0.0,4.6,0.0,1032.1
2026-02-04T04:00,-14.2,53,-18.5,0.0,3.0,0.0,1033.3
2026-02-04T05:00,-13.8,58,-18.4,0.0,5.3,0.0,1033.0
2026-02-04T06:00,-14.3,57,-18.9,0.0,5.6,0.0,1034.5
2026-02-04T07:00,-14.2,55,-18.6,2.0,3.8,0.0,1036.0
2026-02-04T08:00,-13.5,53,-17.8,102.0,3.6,0.0,1038.3
2026-02-04T09:00,-12.4,54,-17.0,297.0,5.5,0.0,1040.3
2026-02-04T10:00,-10.7,54,-15.2,487.0,4.8,0.0,1041.2
2026-02-04T11:00,-9.3,51,-12.9,649.0,4.0,0.0,1038.2
2026-02-04T12:00,-8.7,46,-11.4,756.0,2.3,0.0,1037.3
2026-02-04T13:00,-8.6,40,-11.0,773.0,0.8,0.0,1036.4
2026-02-04T14:00,-8.5,42,-11.3,704.0,0.9,0.0,1035.7
2026-02-04T15:00,-9.0,51,-12.9,569.0,2.3,0.0,1035.2
2026-02-04T16:00,-10.5,47,-14.6,375.0,2.5,0.0,1034.9
2026-02-04T17:00,-12.1,51,-16.3,152.0,2.6,0.0,1034.5
2026-02-04T18:00,-14.6,53,-19.4,6.0,6.3,0.0,1034.3
2026-02-04T19:00,-15.5,45,-20.5,0.0,6.9,0.0,1035.3
2026-02-04T20:00,-15.9,39,-20.9,0.0,6.9,0.0,1036.5
2026-02-04T21:00,-15.9,37,-20.7,0.0,5.7,0.0,1036.9
2026-02-04T22:00,-16.1,36,-20.9,0.0,5.5,0.0,1037.9
2026-02-04T23:00,-16.5,39,-21.3,0.0,5.4,0.0,1036.9
2026-02-05T00:00,-16.6,38,-21.8,0.0,7.8,0.0,1037.6
2026-02-05T01:00,-16.2,36,-21.1,0.0,5.9,0.0,1038.7
2026-02-05T02:00,-16.1,35,-21.0,0.0,5.7,0.0,1039.3
2026-02-05T03:00,-16.2,34,-21.1,0.0,5.9,0.0,1039.1
2026-02-05T04:00,-16.2,33,-20.9,0.0,5.0,0.0,1039.1
2026-02-05T05:00,-17.0,40,-21.9,0.0,5.6,0.0,1036.9
2026-02-05T06:00,-17.0,37,-22.1,0.0,7.2,0.0,1037.6
2026-02-05T07:00,-16.1,33,-20.9,2.0,4.8,0.0,1039.9
2026-02-05T08:00,-14.5,30,-19.2,128.0,4.1,0.0,1040.6
2026-02-05T09:00,-12.3,29,-16.5,351.0,1.7,0.0,1040.8
2026-02-05T10:00,-10.3,32,-14.4,546.0,0.9,0.0,1040.4
2026-02-05T11:00,-7.1,44,-10.3,695.0,3.2,0.0,1035.3
2026-02-05T12:00,-6.1,30,-8.9,773.0,3.1,0.0,1034.4
2026-02-05T13:00,-5.9,30,-8.5,767.0,1.5,0.0,1033.2
2026-02-05T14:00,-5.8,38,-8.9,689.0,2.3,0.0,1031.9
2026-02-05T15:00,-6.1,50,-10.2,548.0,3.7,0.0,1030.1
2026-02-05T16:00,-7.0,47,-11.4,335.0,5.6,0.0,1029.0
2026-02-05T17:00,-8.7,45,-13.4,132.0,6.5,0.0,1028.2
2026-02-05T18:00,-10.0,43,-15.1,5.0,9.1,0.0,1028.2
2026-02-05T19:00,-10.2,35,-15.4,0.0,9.3,0.0,1028.6
2026-02-05T20:00,-10.5,30,-15.7,0.0,8.6,0.0,1028.3
2026-02-05T21:00,-11.0,29,-16.2,0.0,8.2,0.0,1028.1
2026-02-05T22:00,-11.5,30,-16.7,0.0,8.5,0.0,1027.9
2026-02-05T23:00,-13.4,36,-18.7,0.0,9.0,0.0,1027.6
2026-02-06T00:00,-13.7,37,-19.2,0.0,10.0,0.0,1027.2
2026-02-06T01:00,-13.2,34,-18.5,0.0,8.9,0.0,1027.1
2026-02-06T02:00,-13.1,33,-18.3,0.0,8.6,0.0,1027.0
2026-02-06T03:00,-13.2,33,-18.5,0.0,8.6,0.0,1026.8
2026-02-06T04:00,-13.5,33,-18.7,0.0,8.6,0.0,1026.8
2026-02-06T05:00,-14.8,37,-20.0,0.0,8.6,0.0,1026.6
2026-02-06T06:00,-14.9,35,-20.2,0.0,9.3,0.0,1027.6
2026-02-06T07:00,-14.6,33,-19.9,3.0,8.8,0.0,1029.7
2026-02-06T08:00,-12.8,32,-18.0,132.0,8.0,0.0,1030.8
2026-02-06T09:00,-10.3,34,-15.3,358.0,7.3,0.0,1031.2
2026-02-06T10:00,-7.7,40,-12.4,558.0,6.5,0.0,1031.0
2026-02-06T11:00,-5.1,49,-8.7,704.0,6.7,0.0,1028.4
2026-02-06T12:00,-4.0,42,-7.3,784.0,8.0,0.0,1027.1
2026-02-06T13:00,-3.5,37,-6.9,788.0,8.3,0.0,1025.4
2026-02-06T14:00,-3.2,40,-7.1,717.0,9.0,0.0,1023.7
2026-02-06T15:00,-3.8,39,-8.8,580.0,10.7,0.0,1022.5
2026-02-06T16:00,-5.7,40,-11.1,379.0,11.8,0.0,1021.2
2026-02-06T17:00,-8.3,31,-13.5,150.0,9.0,0.0,1021.3
2026-02-06T18:00,-11.4,31,-17.0,8.0,11.2,0.0,1021.6
2026-02-06T19:00,-12.2,30,-17.7,0.0,10.4,0.0,1022.1
2026-02-06T20:00,-12.2,29,-17.6,0.0,9.3,0.0,1022.6
2026-02-06T21:00,-12.2,31,-17.4,0.0,8.8,0.0,1022.9
2026-02-06T22:00,-12.3,32,-17.6,0.0,9.2,0.0,1022.9
2026-02-06T23:00,-13.5,37,-18.9,0.0,9.6,0.0,1022.4
2026-02-07T00:00,-13.6,36,-19.1,0.0,10.2,0.0,1022.0
2026-02-07T01:00,-13.2,34,-18.6,0.0,9.4,0.0,1022.1
2026-02-07T02:00,-12.8,34,-18.1,0.0,9.4,0.0,1022.0
2026-02-07T03:00,-12.7,34,-18.0,0.0,9.2,0.0,1021.8
2026-02-07T04:00,-12.8,35,-18.0,0.0,8.5,0.0,1021.6
2026-02-07T05:00,-14.5,41,-19.6,0.0,8.2,0.0,1022.8
2026-02-07T06:00,-14.9,40,-20.0,0.0,8.2,0.0,1024.6
2026-02-07T07:00,-14.8,40,-19.9,3.0,7.8,0.0,1026.3
2026-02-07T08:00,-13.0,38,-17.8,134.0,6.2,0.0,1028.1
2026-02-07T09:00,-10.8,40,-15.5,358.0,5.9,0.0,1029.9
2026-02-07T10:00,-8.7,48,-12.9,558.0,4.1,0.0,1030.3
2026-02-07T11:00,-6.0,44,-9.3,706.0,4.6,0.0,1027.8
2026-02-07T12:00,-5.5,41,-8.3,788.0,4.7,0.0,1027.2
2026-02-07T13:00,-5.3,41,-7.9,794.0,3.4,0.0,1026.2
2026-02-07T14:00,-5.2,42,-8.1,724.0,2.7,0.0,1025.5
2026-02-07T15:00,-5.6,48,-9.0,585.0,0.9,0.0,1025.0
2026-02-07T16:00,-7.2,45,-11.0,391.0,0.6,0.0,1024.6
2026-02-07T17:00,-9.7,46,-14.2,165.0,4.9,0.0,1024.4
2026-02-07T18:00,-12.5,47,-17.5,9.0,7.8,0.0,1024.6
2026-02-07T19:00,-13.6,39,-18.8,0.0,8.7,0.0,1025.5
2026-02-07T20:00,-14.0,34,-19.3,0.0,8.8,0.0,1026.6
2026-02-07T21:00,-14.3,31,-19.4,0.0,7.7,0.0,1027.6
2026-02-07T22:00,-14.6,32,-19.6,0.0,6.8,0.0,1028.6
2026-02-07T23:00,-15.2,37,-20.1,0.0,6.2,0.0,1027.8
2026-02-08T00:00,-15.5,38,-20.5,0.0,7.4,0.0,1028.7
2026-02-08T01:00,-15.4,36,-20.4,0.0,6.9,0.0,1030.6
2026-02-08T02:00,-15.6,36,-20.6,0.0,7.2,0.0,1031.6
2026-02-08T03:00,-15.5,36,-20.3,0.0,5.6,0.0,1032.1
2026-02-08T04:00,-15.7,37,-20.6,0.0,5.8,0.0,1033.0
2026-02-08T05:00,-16.0,41,-20.8,0.0,5.4,0.0,1031.5
2026-02-08T06:00,-16.0,38,-21.0,0.0,6.4,0.0,1032.9
2026-02-08T07:00,-15.6,34,-20.3,4.0,4.4,0.0,1035.2
2026-02-08T08:00,-13.9,32,-18.5,139.0,3.8,0.0,1036.2
2026-02-08T09:00,-11.8,34,-16.1,367.0,2.8,0.0,1036.9
2026-02-08T10:00,-9.4,40,-13.3,569.0,1.8,0.0,1036.5
2026-02-08T11:00,-6.7,42,-9.9,717.0,4.4,0.0,1032.7
2026-02-08T12:00,-5.5,38,-8.4,798.0,4.8,0.0,1030.7
2026-02-08T13:00,-5.1,39,-7.8,803.0,4.4,0.0,1029.3
2026-02-08T14:00,-5.0,44,-8.0,732.0,4.2,0.0,1028.2
2026-02-08T15:00,-5.3,56,-9.1,586.0,3.9,0.0,1027.5
2026-02-08T16:00,-6.5,49,-10.5,379.0,2.9,0.0,1026.9
2026-02-08T17:00,-8.2,50,-12.6,143.0,5.0,0.0,1026.1
2026-02-08T18:00,-10.4,50,-15.3,8.0,7.3,0.0,1026.0
2026-02-08T19:00,-11.2,40,-16.3,0.0,8.1,0.0,1026.3
2026-02-08T20:00,-11.1,29,-16.2,0.0,8.1,0.0,1026.1
2026-02-08T21:00,-10.8,24,-16.0,0.0,8.4,0.0,1025.7
2026-02-08T22:00,-10.7,23,-16.0,0.0,8.7,0.0,1024.9
2026-02-08T23:00,-11.7,27,-16.9,0.0,7.9,0.0,1024.1
2026-02-09T00:00,-11.7,27,-17.1,0.0,9.4,0.0,1024.2
2026-02-09T01:00,-11.0,27,-16.3,0.0,8.5,0.0,1024.1
2026-02-09T02:00,-10.3,28,-15.4,0.0,7.5,0.0,1024.3
2026-02-09T03:00,-10.6,29,-15.7,0.0,7.8,0.0,1024.2
2026-02-09T04:00,-10.5,30,-15.5,0.0,7.5,0.0,1023.4
2026-02-09T05:00,-10.3,35,-15.3,0.0,7.0,0.0,1021.8
2026-02-09T06:00,-10.1,34,-15.2,0.0,8.5,0.0,1022.5
2026-02-09T07:00,-10.3,33,-15.4,3.0,8.2,0.0,1023.6
2026-02-09T08:00,-9.0,33,-13.9,120.0,7.0,0.0,1024.3
2026-02-09T09:00,-7.1,36,-11.8,347.0,5.8,0.0,1025.0
2026-02-09T10:00,-5.0,42,-9.0,555.0,2.9,0.0,1025.0
2026-02-09T11:00,-2.8,35,-6.2,707.0,4.8,0.0,1023.5
2026-02-09T12:00,-2.6,33,-5.5,779.0,5.0,0.0,1022.7
2026-02-09T13:00,-2.5,36,-5.3,789.0,4.7,0.0,1021.6
2026-02-09T14:00,-2.3,41,-5.5,710.0,4.9,0.0,1020.5
2026-02-09T15:00,-2.6,52,-6.4,566.0,4.1,0.0,1020.1
2026-02-09T16:00,-4.1,47,-8.5,367.0,6.0,0.0,1019.5
2026-02-09T17:00,-5.9,41,-10.4,154.0,5.4,0.0,1019.0
2026-02-09T18:00,-8.2,43,-13.2,9.0,8.7,0.0,1019.7
2026-02-09T19:00,-9.2,40,-14.2,0.0,8.6,0.0,1020.4
2026-02-09T20:00,-9.5,37,-14.6,0.0,8.5,0.0,1020.9
2026-02-09T21:00,-8.6,36,-13.5,0.0,7.3,0.0,1021.6
2026-02-09T22:00,-9.2,36,-14.0,0.0,6.5,0.0,1021.6
2026-02-09T23:00,-11.0,42,-16.1,0.0,8.2,0.0,1021.0
2026-02-10T00:00,-11.5,44,-16.8,0.0,9.7,0.0,1020.9
2026-02-10T01:00,-10.3,42,-15.4,0.0,8.5,0.0,1021.2
2026-02-10T02:00,-9.8,42,-14.7,0.0,7.7,0.0,1020.7
2026-02-10T03:00,-9.8,42,-14.6,0.0,7.1,0.0,1020.6
2026-02-10T04:00,-10.2,43,-15.3,0.0,8.7,0.0,1020.5
2026-02-10T05:00,-10.4,48,-15.4,0.0,8.5,0.0,1020.7
2026-02-10T06:00,-12.5,49,-18.2,0.0,12.5,0.0,1021.2
2026-02-10T07:00,-12.7,46,-18.1,4.0,10.6,0.0,1022.0
2026-02-10T08:00,-10.4,45,-15.6,136.0,9.4,0.0,1023.1
2026-02-10T09:00,-7.3,49,-12.0,345.0,7.7,0.0,1024.0
2026-02-10T10:00,-4.2,51,-8.2,524.0,3.8,0.0,1023.9
2026-02-10T11:00,-2.7,43,-6.3,671.0,5.4,0.0,1022.6
2026-02-10T12:00,-2.5,44,-5.9,757.0,8.1,0.0,1021.4
2026-02-10T13:00,-2.3,42,-5.4,769.0,6.9,0.0,1020.5
2026-02-10T14:00,-2.1,44,-5.8,702.0,8.1,0.0,1019.1
2026-02-10T15:00,-2.1,49,-6.6,553.0,8.1,0.0,1018.7
2026-02-10T16:00,-3.1,48,-7.4,351.0,5.6,0.0,1018.6
2026-02-10T17:00,-5.7,44,-10.3,143.0,6.4,0.0,1018.2
2026-02-10T18:00,-9.1,48,-14.4,10.0,10.8,0.0,1019.2
2026-02-10T19:00,-9.4,44,-14.5,0.0,9.0,0.0,1020.8
2026-02-10T20:00,-9.3,42,-14.2,0.0,7.7,0.0,1022.0
2026-02-10T21:00,-9.4,41,-14.1,0.0,6.5,0.0,1022.9
2026-02-10T22:00,-9.1,41,-13.6,0.0,4.5,0.0,1023.6
2026-02-10T23:00,-10.3,45,-14.9,0.0,5.4,0.0,1023.7
2026-02-11T00:00,-10.0,47,-14.8,0.0,7.2,0.0,1024.1
2026-02-11T01:00,-10.1,47,-14.8,0.0,5.9,0.0,1024.9
2026-02-11T02:00,-10.3,48,-15.1,0.0,7.0,0.0,1026.0
2026-02-11T03:00,-10.9,48,-15.5,0.0,5.5,0.0,1027.3
2026-02-11T04:00,-11.9,48,-16.8,0.0,7.2,0.0,1028.4
2026-02-11T05:00,-11.7,57,-16.2,0.0,5.1,0.0,1029.5
2026-02-11T06:00,-12.6,56,-17.4,0.0,7.0,0.0,1030.9
2026-02-11T07:00,-13.0,54,-17.7,5.0,6.5,0.0,1032.9
2026-02-11T08:00,-11.9,52,-16.7,142.0,7.1,0.0,1034.6
2026-02-11T09:00,-9.1,54,-13.4,366.0,4.5,0.0,1036.2
2026-02-11T10:00,-6.5,49,-10.4,572.0,2.7,0.0,1036.3
2026-02-11T11:00,-5.3,50,-8.2,722.0,3.0,0.0,1035.0
2026-02-11T12:00,-4.7,48,-6.9,792.0,1.9,0.0,1033.4
2026-02-11T13:00,-4.2,47,-6.2,793.0,1.4,0.0,1031.8
2026-02-11T14:00,-3.7,45,-6.1,711.0,0.4,0.0,1030.8
2026-02-11T15:00,-3.3,56,-6.8,570.0,2.0,0.0,1029.9
2026-02-11T16:00,-4.5,51,-8.4,384.0,3.4,0.0,1029.4
2026-02-11T17:00,-6.5,49,-10.8,159.0,4.8,0.0,1029.3
2026-02-11T18:00,-8.1,51,-12.4,9.0,4.6,0.0,1030.2
2026-02-11T19:00,-8.7,51,-13.2,0.0,5.2,0.0,1030.9
2026-02-11T20:00,-9.3,44,-14.0,0.0,6.5,0.0,1031.1
2026-02-11T21:00,-10.8,39,-16.0,0.0,8.7,0.0,1031.7
2026-02-11T22:00,-12.0,33,-17.3,0.0,8.8,0.0,1032.0
2026-02-11T23:00,-12.8,35,-17.7,0.0,6.9,0.0,1032.2
2026-02-12T00:00,-13.6,35,-19.0,0.0,9.8,0.0,1032.1
2026-02-12T01:00,-13.3,34,-18.5,0.0,8.4,0.0,1033.5
2026-02-12T02:00,-12.8,34,-17.5,0.0,5.3,0.0,1034.2
2026-02-12T03:00,-13.5,37,-18.6,0.0,7.3,0.0,1035.2
2026-02-12T04:00,-13.6,38,-18.5,0.0,6.0,0.0,1035.5
2026-02-12T05:00,-14.2,41,-19.0,0.0,6.1,0.0,1033.6
2026-02-12T06:00,-14.0,39,-19.1,0.0,7.7,0.0,1036.1
2026-02-12T07:00,-13.5,40,-18.2,6.0,4.9,0.0,1038.0
2026-02-12T08:00,-11.7,38,-15.9,150.0,2.1,0.0,1038.7
2026-02-12T09:00,-9.3,40,-13.2,380.0,0.6,0.0,1039.8
2026-02-12T10:00,-7.3,36,-11.2,582.0,2.1,0.0,1039.5
2026-02-12T11:00,-4.9,33,-7.5,729.0,0.5,0.0,1035.7
2026-02-12T12:00,-4.5,37,-6.7,809.0,2.2,0.0,1033.6
2026-02-12T13:00,-4.2,42,-6.6,805.0,2.9,0.0,1032.4
2026-02-12T14:00,-4.1,46,-6.8,740.0,3.1,0.0,1031.5
2026-02-12T15:00,-4.0,54,-7.4,605.0,3.1,0.0,1030.5
2026-02-12T16:00,-5.3,54,-9.2,410.0,3.2,0.0,1030.2
2026-02-12T17:00,-7.2,53,-11.4,182.0,4.2,0.0,1028.5
2026-02-12T18:00,-9.7,53,-14.3,14.0,6.4,0.0,1028.4
2026-02-12T19:00,-10.7,46,-15.5,0.0,7.0,0.0,1028.8
2026-02-12T20:00,-11.1,34,-16.0,0.0,6.9,0.0,1029.1
2026-02-12T21:00,-11.0,28,-16.0,0.0,7.0,0.0,1029.4
2026-02-12T22:00,-10.7,27,-15.8,0.0,7.7,0.0,1028.9
2026-02-12T23:00,-11.9,31,-17.0,0.0,7.9,0.0,1027.6
2026-02-13T00:00,-10.1,30,-15.1,0.0,7.4,0.0,1027.0
2026-02-13T01:00,-9.2,32,-14.1,0.0,6.9,0.0,1026.7
2026-02-13T02:00,-8.3,35,-13.2,0.0,7.3,0.0,1025.9
2026-02-13T03:00,-7.9,37,-12.6,0.0,6.1,0.0,1024.8
2026-02-13T04:00,-7.7,40,-12.4,0.0,6.5,0.0,1023.7
2026-02-13T05:00,-8.5,44,-13.3,0.0,7.0,0.0,1023.0
2026-02-13T06:00,-8.7,44,-13.7,0.0,8.2,0.0,1023.2
2026-02-13T07:00,-8.1,44,-12.9,4.0,7.4,0.0,1024.1
2026-02-13T08:00,-6.8,46,-11.5,88.0,6.8,0.0,1024.9
2026-02-13T09:00,-4.7,55,-8.9,245.0,5.1,0.0,1025.1
2026-02-13T10:00,-3.5,47,-7.8,404.0,5.2,0.0,1025.4
2026-02-13T11:00,-2.5,43,-6.4,603.0,4.9,0.0,1024.5
2026-02-13T12:00,-2.3,44,-5.4,742.0,6.2,0.0,1023.9
2026-02-13T13:00,-2.0,42,-4.8,764.0,4.8,0.0,1022.7
2026-02-13T14:00,-1.8,40,-4.9,721.0,5.2,0.0,1021.6
2026-02-13T15:00,-1.6,47,-5.3,576.0,3.3,0.0,1021.4
2026-02-13T16:00,-2.7,45,-6.4,398.0,1.5,0.0,1021.1
2026-02-13T17:00,-5.0,46,-9.2,174.0,4.8,0.0,1021.0
2026-02-13T18:00,-8.0,50,-12.1,13.0,3.0,0.0,1021.7
2026-02-13T19:00,-9.7,51,-13.7,0.0,2.3,0.0,1022.4
2026-02-13T20:00,-9.5,50,-13.6,0.0,2.6,0.0,1023.6
2026-02-13T21:00,-10.0,49,-14.2,0.0,3.1,0.0,1024.3
2026-02-13T22:00,-10.3,48,-14.4,0.0,2.5,0.0,1024.5
2026-02-13T23:00,-10.0,51,-14.0,0.0,1.7,0.0,1024.8
2026-02-14T00:00,-11.5,50,-15.7,0.0,2.7,0.0,1025.2
2026-02-14T01:00,-10.7,48,-14.8,0.0,2.2,0.0,1025.5
2026-02-14T02:00,-10.6,50,-14.8,0.0,2.6,0.0,1026.1
2026-02-14T03:00,-10.7,50,-14.7,0.0,1.5,0.0,1027.0
2026-02-14T04:00,-11.5,52,-15.6,0.0,2.3,0.0,1027.4
2026-02-14T05:00,-11.5,54,-15.5,0.0,1.4,0.0,1026.6
2026-02-14T06:00,-11.6,53,-15.6,0.0,1.3,0.0,1028.1
2026-02-14T07:00,-11.5,54,-15.5,6.0,1.5,0.0,1030.3
2026-02-14T08:00,-9.8,54,-13.8,134.0,2.3,0.0,1031.8
2026-02-14T09:00,-7.6,56,-11.4,349.0,1.1,0.0,1032.5
2026-02-14T10:00,-6.4,50,-10.2,560.0,2.0,0.0,1032.3
2026-02-14T11:00,-4.5,47,-7.3,722.0,2.8,0.0,1029.1
2026-02-14T12:00,-3.8,44,-6.0,809.0,2.8,0.0,1027.3
2026-02-14T13:00,-3.3,44,-5.5,812.0,2.8,0.0,1026.1
2026-02-14T14:00,-2.9,44,-5.5,738.0,2.3,0.0,1024.9
2026-02-14T15:00,-2.7,45,-6.3,596.0,2.6,0.0,1024.4
2026-02-14T16:00,-3.7,54,-7.2,397.0,1.0,0.0,1023.9
2026-02-14T17:00,-6.1,55,-9.8,182.0,1.0,0.0,1024.1
2026-02-14T18:00,-8.8,60,-12.6,15.0,1.7,0.0,1024.4
2026-02-14T19:00,-10.3,55,-14.3,0.0,2.4,0.0,1024.6
2026-02-14T20:00,-11.1,45,-15.2,0.0,1.9,0.0,1025.3
2026-02-14T21:00,-11.8,43,-16.0,0.0,2.7,0.0,1026.3
2026-02-14T22:00,-12.4,40,-16.7,0.0,2.4,0.0,1026.6
2026-02-14T23:00,-12.4,44,-16.6,0.0,1.8,0.0,1025.8
2026-02-15T00:00,-13.0,40,-17.2,0.0,1.6,0.0,1025.9
2026-02-15T01:00,-12.6,37,-16.8,0.0,1.5,0.0,1027.4
2026-02-15T02:00,-12.7,37,-16.8,0.0,0.9,0.0,1028.2
2026-02-15T03:00,-13.5,38,-17.7,0.0,1.4,0.0,1028.8
2026-02-15T04:00,-13.7,38,-17.8,0.0,1.0,0.0,1029.9
2026-02-15T05:00,-14.6,42,-18.7,0.0,0.9,0.0,1027.9
2026-02-15T06:00,-15.0,40,-19.2,0.0,1.2,0.0,1030.4
2026-02-15T07:00,-14.5,38,-18.7,8.0,1.5,0.0,1032.8
2026-02-15T08:00,-12.4,38,-16.6,160.0,1.6,0.0,1034.5
2026-02-15T09:00,-9.8,42,-13.8,388.0,1.2,0.0,1035.5
2026-02-15T10:00,-7.7,38,-11.7,591.0,3.2,0.0,1035.4
2026-02-15T11:00,-6.1,40,-8.9,742.0,2.3,0.0,1032.9
2026-02-15T12:00,-5.1,42,-7.2,825.0,2.1,0.0,1031.0
2026-02-15T13:00,-4.7,43,-6.6,831.0,1.5,0.0,1029.7
2026-02-15T14:00,-4.4,44,-6.9,761.0,2.4,0.0,1028.5
2026-02-15T15:00,-4.0,44,-7.5,614.0,2.5,0.0,1027.9
2026-02-15T16:00,-4.6,52,-8.1,407.0,0.6,0.0,1027.1
2026-02-15T17:00,-6.4,48,-10.0,188.0,0.4,0.0,1026.4
2026-02-15T18:00,-9.4,54,-13.2,17.0,1.1,0.0,1026.8
2026-02-15T19:00,-11.3,56,-15.5,0.0,3.2,0.0,1027.0
2026-02-15T20:00,-11.4,47,-15.5,0.0,1.5,0.0,1028.2
2026-02-15T21:00,-11.7,40,-15.9,0.0,2.2,0.0,1028.7
2026-02-15T22:00,-12.1,36,-16.3,0.0,2.3,0.0,1028.9
2026-02-15T23:00,-12.0,38,-16.2,0.0,2.0,0.0,1028.2
2026-02-16T00:00,-12.4,34,-16.6,0.0,1.8,0.0,1028.4
2026-02-16T01:00,-11.9,30,-16.0,0.0,1.3,0.0,1029.1
2026-02-16T02:00,-12.0,29,-16.2,0.0,1.5,0.0,1029.8
2026-02-16T03:00,-12.4,29,-16.6,0.0,1.8,0.0,1030.3
2026-02-16T04:00,-12.6,30,-16.8,0.0,1.5,0.0,1030.4
2026-02-16T05:00,-13.8,35,-18.0,0.0,1.8,0.0,1027.7
2026-02-16T06:00,-14.0,33,-18.2,0.0,1.2,0.0,1029.0
2026-02-16T07:00,-13.2,31,-17.3,9.0,0.9,0.0,1031.5
2026-02-16T08:00,-10.7,30,-14.7,165.0,0.6,0.0,1032.5
2026-02-16T09:00,-7.9,34,-11.8,396.0,0.3,0.0,1032.8
2026-02-16T10:00,-5.6,29,-9.3,598.0,1.0,0.0,1032.1
2026-02-16T11:00,-3.1,30,-5.9,746.0,2.1,0.0,1028.7
2026-02-16T12:00,-2.5,33,-4.8,826.0,3.1,0.0,1027.3
2026-02-16T13:00,-2.2,38,-4.6,827.0,4.0,0.0,1026.2
2026-02-16T14:00,-1.9,44,-5.0,698.0,4.4,0.0,1024.9
2026-02-16T15:00,-1.3,46,-5.2,521.0,3.7,0.0,1023.6
2026-02-16T16:00,-2.1,59,-5.8,342.0,3.3,0.0,1023.1
2026-02-16T17:00,-3.8,49,-7.4,178.0,1.1,0.0,1022.1
2026-02-16T18:00,-6.3,51,-10.1,17.0,1.3,0.0,1022.3
2026-02-16T19:00,-7.0,49,-11.1,0.0,2.7,0.0,1022.9
2026-02-16T20:00,-7.4,45,-11.3,0.0,1.7,0.0,1023.7
2026-02-16T21:00,-8.5,42,-12.7,0.0,2.6,0.0,1024.4
2026-02-16T22:00,-9.1,40,-13.2,0.0,2.1,0.0,1024.6
2026-02-16T23:00,-9.5,41,-13.6,0.0,2.2,0.0,1024.2
2026-02-17T00:00,-10.2,39,-14.4,0.0,2.3,0.0,1024.3
2026-02-17T01:00,-10.1,36,-14.3,0.0,2.4,0.0,1025.0
2026-02-17T02:00,-10.1,36,-14.1,0.0,1.0,0.0,1024.7
2026-02-17T03:00,-10.5,37,-14.7,0.0,2.3,0.0,1025.7
2026-02-17T04:00,-10.7,37,-14.8,0.0,1.2,0.0,1026.0
2026-02-17T05:00,-11.5,42,-15.7,0.0,2.4,0.0,1024.8
2026-02-17T06:00,-11.6,42,-15.8,0.0,2.6,0.0,1026.1
2026-02-17T07:00,-10.4,41,-14.5,8.0,1.6,0.0,1028.1
2026-02-17T08:00,-8.4,41,-12.3,131.0,0.7,0.0,1029.0
2026-02-17T09:00,-5.6,45,-9.3,346.0,0.5,0.0,1029.5
2026-02-17T10:00,-4.3,39,-8.0,559.0,0.9,0.0,1029.8
2026-02-17T11:00,-1.9,35,-5.0,709.0,3.2,0.0,1027.9
2026-02-17T12:00,-1.6,35,-4.2,775.0,3.6,0.0,1027.2
2026-02-17T13:00,-1.3,38,-3.8,808.0,4.5,0.0,1026.1
2026-02-17T14:00,-1.0,38,-3.4,750.0,1.9,0.0,1025.0
2026-02-17T15:00,-1.0,40,-4.3,594.0,1.1,0.0,1024.7
2026-02-17T16:00,-1.7,54,-5.1,400.0,1.2,0.0,1024.4
2026-02-17T17:00,-3.5,46,-7.2,178.0,1.0,0.0,1024.0
2026-02-17T18:00,-6.6,50,-10.7,17.0,3.1,0.0,1024.0
2026-02-17T19:00,-7.5,48,-11.5,0.0,2.4,0.0,1024.4
2026-02-17T20:00,-8.5,44,-12.5,0.0,1.5,0.0,1025.0
2026-02-17T21:00,-9.0,39,-13.2,0.0,2.5,0.0,1026.1
2026-02-17T22:00,-10.2,39,-14.6,0.0,3.9,0.0,1025.9
2026-02-17T23:00,-10.3,41,-14.5,0.0,2.2,0.0,1025.4
2026-02-18T00:00,-10.8,43,-15.3,0.0,4.4,0.0,1024.9
2026-02-18T01:00,-10.7,43,-14.9,0.0,2.7,0.0,1025.0
2026-02-18T02:00,-11.7,41,-15.9,0.0,2.2,0.0,1024.7
2026-02-18T03:00,-12.0,40,-16.4,0.0,3.7,0.0,1024.9
2026-02-18T04:00,-11.4,41,-15.7,0.0,2.9,0.0,1025.0
2026-02-18T05:00,-11.8,43,-16.1,0.0,2.4,0.0,1024.7
2026-02-18T06:00,-12.8,44,-17.1,0.0,2.7,0.0,1025.8
2026-02-18T07:00,-11.8,42,-16.0,10.0,2.1,0.0,1027.3
2026-02-18T08:00,-9.8,43,-14.0,159.0,2.3,0.0,1027.6
2026-02-18T09:00,-5.4,47,-9.1,368.0,1.0,0.0,1027.8
2026-02-18T10:00,-2.8,37,-6.5,590.0,2.3,0.0,1027.6
2026-02-18T11:00,-0.8,35,-3.4,750.0,2.8,0.0,1026.0
2026-02-18T12:00,-0.3,38,-2.3,834.0,2.9,0.0,1024.9
2026-02-18T13:00,0.3,42,-2.1,800.0,4.4,0.0,1023.1
2026-02-18T14:00,0.8,44,-2.3,713.0,6.1,0.0,1021.7
2026-02-18T15:00,1.0,45,-2.6,612.0,5.4,0.0,1021.3
2026-02-18T16:00,0.3,57,-3.1,424.0,2.7,0.0,1021.2
2026-02-18T17:00,-2.3,50,-5.8,164.0,1.3,0.0,1021.2
2026-02-18T18:00,-5.2,49,-9.1,19.0,2.2,0.0,1021.8
2026-02-18T19:00,-8.4,48,-12.8,0.0,4.7,0.0,1023.1
2026-02-18T20:00,-10.5,47,-15.0,0.0,4.9,0.0,1024.3
2026-02-18T21:00,-11.4,48,-15.8,0.0,3.9,0.0,1025.3
2026-02-18T22:00,-11.6,48,-15.8,0.0,2.8,0.0,1026.0
2026-02-18T23:00,-11.6,49,-15.7,0.0,2.3,0.0,1026.3
2026-02-19T00:00,-12.0,49,-16.3,0.0,3.5,0.0,1026.4
2026-02-19T01:00,-11.4,47,-15.4,0.0,1.2,0.0,1026.7
2026-02-19T02:00,-11.6,46,-15.6,0.0,1.2,0.0,1027.5
2026-02-19T03:00,-11.7,44,-15.7,0.0,0.9,0.0,1028.3
2026-02-19T04:00,-11.9,44,-15.9,0.0,0.9,0.0,1029.2
2026-02-19T05:00,-11.3,45,-15.3,0.0,0.7,0.0,1028.5
2026-02-19T06:00,-12.0,44,-16.0,0.0,0.8,0.0,1029.5
2026-02-19T07:00,-12.0,42,-16.1,12.0,1.3,0.0,1031.0
2026-02-19T08:00,-9.0,40,-12.9,180.0,0.8,0.0,1032.4
2026-02-19T09:00,-5.5,44,-9.2,412.0,0.7,0.0,1032.8
2026-02-19T10:00,-3.4,42,-7.0,615.0,3.4,0.0,1032.6
2026-02-19T11:00,-1.1,41,-3.8,763.0,4.5,0.0,1030.3
2026-02-19T12:00,-0.4,42,-2.5,843.0,4.5,0.0,1029.0
2026-02-19T13:00,0.2,42,-2.0,849.0,5.3,0.0,1027.6
2026-02-19T14:00,0.7,42,-2.0,778.0,5.7,0.0,1026.6
2026-02-19T15:00,0.9,41,-2.7,638.0,5.5,0.0,1025.9
2026-02-19T16:00,0.1,53,-3.5,440.0,3.2,0.0,1025.6
2026-02-19T17:00,-0.9,41,-4.5,209.0,0.7,0.0,1025.1
2026-02-19T18:00,-4.2,41,-7.9,23.0,0.4,0.0,1025.9
2026-02-19T19:00,-7.3,47,-11.2,0.0,1.9,0.0,1027.2
2026-02-19T20:00,-9.2,40,-13.4,0.0,2.7,0.0,1028.6
2026-02-19T21:00,-9.6,33,-13.8,0.0,1.9,0.0,1029.7
2026-02-19T22:00,-10.1,30,-14.2,0.0,1.5,0.0,1030.3
2026-02-19T23:00,-10.1,32,-14.2,0.0,1.1,0.0,1030.2
2026-02-20T00:00,-10.6,32,-14.8,0.0,1.3,0.0,1030.7
2026-02-20T01:00,-10.9,32,-15.2,0.0,2.1,0.0,1031.2
2026-02-20T02:00,-10.8,32,-14.9,0.0,1.5,0.0,1031.4
2026-02-20T03:00,-10.9,31,-15.0,0.0,1.3,0.0,1031.8
2026-02-20T04:00,-11.1,31,-15.2,0.0,1.0,0.0,1032.9
2026-02-20T05:00,-12.0,36,-16.0,0.0,0.3,0.0,1032.5
2026-02-20T06:00,-12.2,37,-16.3,0.0,0.9,0.0,1035.4
2026-02-20T07:00,-12.2,36,-16.2,14.0,0.5,0.0,1037.1
2026-02-20T08:00,-9.4,35,-13.4,186.0,0.7,0.0,1038.3
2026-02-20T09:00,-6.3,46,-10.1,419.0,1.5,0.0,1038.9
2026-02-20T10:00,-4.9,41,-8.6,624.0,3.8,0.0,1038.2
2026-02-20T11:00,-2.7,38,-5.1,773.0,1.8,0.0,1035.3
2026-02-20T12:00,-2.6,51,-4.8,851.0,5.2,0.0,1034.4
2026-02-20T13:00,-2.2,53,-4.0,855.0,3.2,0.0,1032.9
2026-02-20T14:00,-1.5,54,-3.8,783.0,3.9,0.0,1031.1
2026-02-20T15:00,-1.1,53,-4.2,650.0,4.1,0.0,1030.0
2026-02-20T16:00,-1.4,61,-4.8,455.0,2.4,0.0,1029.4
2026-02-20T17:00,-2.7,54,-6.1,218.0,0.7,0.0,1028.0
2026-02-20T18:00,-5.3,56,-8.8,24.0,0.2,0.0,1028.4
2026-02-20T19:00,-6.9,61,-10.6,0.0,1.2,0.0,1029.3
2026-02-20T20:00,-7.4,59,-11.1,0.0,1.3,0.0,1029.9
2026-02-20T21:00,-7.8,56,-11.5,0.0,1.0,0.0,1030.4
2026-02-20T22:00,-7.9,53,-11.6,0.0,0.5,0.0,1030.7
2026-02-20T23:00,-7.6,53,-11.3,0.0,0.6,0.0,1030.1
2026-02-21T00:00,-8.7,56,-12.5,0.0,1.3,0.0,1030.8
2026-02-21T01:00,-9.3,55,-13.1,0.0,1.0,0.0,1031.1
2026-02-21T02:00,-9.7,54,-13.5,0.0,0.5,0.0,1031.5
2026-02-21T03:00,-10.3,54,-14.1,0.0,0.5,0.0,1031.9
2026-02-21T04:00,-10.9,53,-14.8,0.0,0.8,0.0,1032.9
2026-02-21T05:00,-11.2,50,-15.0,0.0,0.6,0.0,1030.5
2026-02-21T06:00,-11.6,48,-15.7,0.0,1.5,0.0,1031.7
2026-02-21T07:00,-11.0,46,-14.9,15.0,0.5,0.0,1033.1
2026-02-21T08:00,-8.7,45,-12.4,188.0,0.0,0.0,1033.9
2026-02-21T09:00,-5.6,52,-9.1,420.0,0.4,0.0,1033.6
2026-02-21T10:00,-4.8,45,-8.1,623.0,1.1,0.0,1032.4
2026-02-21T11:00,-2.5,42,-4.6,772.0,0.9,0.0,1029.1
2026-02-21T12:00,-1.9,44,-3.7,849.0,2.8,0.0,1027.1
2026-02-21T13:00,-1.3,46,-3.0,852.0,2.1,0.0,1025.1
2026-02-21T14:00,-0.7,47,-2.7,782.0,1.8,0.0,1022.9
2026-02-21T15:00,-0.2,47,-3.1,637.0,2.0,0.0,1021.3
2026-02-21T16:00,-0.2,61,-3.2,440.0,0.7,0.0,1020.0
2026-02-21T17:00,-0.7,44,-4.2,211.0,0.9,0.0,1018.1
2026-02-21T18:00,-2.9,42,-6.6,25.0,1.1,0.0,1018.1
2026-02-21T19:00,-4.9,47,-8.8,0.0,2.8,0.0,1018.8
2026-02-21T20:00,-5.9,43,-9.8,0.0,1.8,0.0,1019.6
2026-02-21T21:00,-7.5,43,-11.5,0.0,1.8,0.0,1020.5
2026-02-21T22:00,-8.1,44,-12.3,0.0,2.8,0.0,1020.9
2026-02-21T23:00,-7.4,42,-11.4,0.0,2.0,0.0,1020.2
2026-02-22T00:00,-6.1,42,-10.0,0.0,1.4,0.0,1020.2
2026-02-22T01:00,-6.1,42,-9.9,0.0,0.9,0.0,1020.7
2026-02-22T02:00,-8.0,43,-12.0,0.0,1.8,0.0,1020.3
2026-02-22T03:00,-7.9,44,-11.7,0.0,0.4,0.0,1020.3
2026-02-22T04:00,-8.6,48,-12.5,0.0,0.9,0.0,1020.6
2026-02-22T05:00,-8.4,51,-12.2,0.0,0.9,0.1,1020.2
2026-02-22T06:00,-8.9,53,-12.7,0.0,1.2,0.0,1021.0
2026-02-22T07:00,-8.1,53,-11.8,11.0,0.0,0.0,1022.1
2026-02-22T08:00,-6.0,54,-9.6,135.0,0.8,0.0,1023.2
2026-02-22T09:00,-4.5,54,-8.2,396.0,1.9,0.0,1023.6
2026-02-22T10:00,-3.7,61,-6.9,618.0,3.1,0.0,1023.7
2026-02-22T11:00,-2.6,55,-4.9,759.0,3.1,0.0,1022.0
2026-02-22T12:00,-1.8,52,-3.7,819.0,3.1,0.0,1020.7
2026-02-22T13:00,-1.2,51,-3.6,782.0,4.0,0.0,1019.4
2026-02-22T14:00,-0.9,50,-3.8,691.0,4.1,0.0,1018.1
2026-02-22T15:00,-0.4,48,-4.1,565.0,3.6,0.0,1017.2
2026-02-22T16:00,-0.3,49,-4.1,411.0,4.1,0.0,1016.8
2026-02-22T17:00,-1.7,56,-5.0,200.0,1.2,0.0,1016.9
2026-02-22T18:00,-3.6,55,-7.1,25.0,0.8,0.0,1017.4
2026-02-22T19:00,-6.0,58,-9.6,0.0,1.5,0.0,1018.8
2026-02-22T20:00,-8.7,56,-13.1,0.0,5.2,0.0,1019.3
2026-02-22T21:00,-10.0,53,-14.4,0.0,4.7,0.0,1019.9
2026-02-22T22:00,-10.9,52,-15.2,0.0,3.6,0.0,1020.7
2026-02-22T23:00,-9.3,49,-13.4,0.0,2.4,0.0,1020.6
2026-02-23T00:00,-10.7,50,-14.8,0.0,2.1,0.0,1020.8
2026-02-23T01:00,-10.6,48,-14.5,0.0,0.9,0.0,1021.5
2026-02-23T02:00,-11.0,48,-15.0,0.0,1.0,0.0,1021.5
2026-02-23T03:00,-10.9,49,-14.9,0.0,1.2,0.0,1021.7
2026-02-23T04:00,-10.5,49,-14.4,0.0,0.5,0.0,1022.2
2026-02-23T05:00,-10.9,52,-14.8,0.0,1.1,0.0,1021.7
2026-02-23T06:00,-11.6,52,-15.4,0.0,0.5,0.0,1023.0
2026-02-23T07:00,-11.4,50,-15.2,18.0,0.4,0.0,1025.4
2026-02-23T08:00,-8.5,49,-12.2,198.0,0.0,0.0,1026.9
2026-02-23T09:00,-5.6,48,-9.5,432.0,1.9,0.0,1027.4
2026-02-23T10:00,-4.7,56,-8.1,634.0,3.5,0.0,1026.7
2026-02-23T11:00,-3.1,48,-5.4,785.0,3.3,0.0,1024.0
2026-02-23T12:00,-2.6,52,-4.3,877.0,3.5,0.0,1023.0
2026-02-23T13:00,-2.0,53,-3.6,885.0,3.4,0.0,1022.2
2026-02-23T14:00,-1.7,53,-4.0,770.0,3.8,0.0,1021.1
2026-02-23T15:00,-1.3,53,-4.6,622.0,3.3,0.0,1020.5
2026-02-23T16:00,-1.4,53,-5.1,431.0,3.3,0.0,1020.0
2026-02-23T17:00,-2.5,58,-5.9,214.0,1.4,0.0,1019.9
2026-02-23T18:00,-5.1,56,-8.7,27.0,1.2,0.0,1020.5
2026-02-23T19:00,-7.4,61,-10.9,0.0,0.4,0.0,1021.4
2026-02-23T20:00,-10.0,63,-14.1,0.0,3.8,0.0,1022.1
2026-02-23T21:00,-10.9,55,-15.1,0.0,3.1,0.0,1023.4
2026-02-23T22:00,-11.0,50,-15.1,0.0,2.1,0.0,1024.3
2026-02-23T23:00,-9.6,46,-13.7,0.0,1.8,0.0,1023.9
2026-02-24T00:00,-10.1,49,-14.1,0.0,1.3,0.0,1024.2
2026-02-24T01:00,-10.2,51,-14.2,0.0,1.8,0.0,1024.9
2026-02-24T02:00,-10.2,50,-14.2,0.0,1.3,0.0,1025.7
2026-02-24T03:00,-10.8,49,-14.7,0.0,1.2,0.0,1025.9
2026-02-24T04:00,-11.3,46,-15.3,0.0,1.3,0.0,1027.0
2026-02-24T05:00,-11.0,51,-14.9,0.0,0.5,0.0,1024.9
2026-02-24T06:00,-11.8,49,-15.6,0.0,0.3,0.0,1026.1
2026-02-24T07:00,-11.5,45,-15.4,20.0,0.8,0.0,1028.6
2026-02-24T08:00,-8.7,44,-12.6,203.0,1.0,0.0,1030.1
2026-02-24T09:00,-6.8,39,-10.8,438.0,2.0,0.0,1030.5
2026-02-24T10:00,-5.6,46,-8.8,642.0,1.3,0.0,1029.3
2026-02-24T11:00,-3.8,43,-6.4,790.0,3.9,0.0,1026.0
2026-02-24T12:00,-2.9,40,-4.9,869.0,3.2,0.0,1024.9
2026-02-24T13:00,-2.3,37,-4.1,874.0,2.5,0.0,1023.4
2026-02-24T14:00,-1.6,35,-3.7,802.0,1.7,0.0,1022.2
2026-02-24T15:00,-1.0,33,-4.2,659.0,2.0,0.0,1021.1
2026-02-24T16:00,-1.0,33,-5.0,461.0,2.9,0.0,1020.6
2026-02-24T17:00,-2.3,39,-6.2,228.0,2.3,0.0,1020.3
2026-02-24T18:00,-4.5,35,-8.3,30.0,1.0,0.0,1020.7
2026-02-24T19:00,-6.0,38,-9.7,0.0,0.3,0.0,1021.6
2026-02-24T20:00,-6.9,36,-10.8,0.0,0.9,0.0,1022.3
2026-02-24T21:00,-7.5,34,-11.5,0.0,1.3,0.0,1022.8
2026-02-24T22:00,-8.3,33,-12.4,0.0,1.6,0.0,1023.0
2026-02-24T23:00,-9.3,39,-13.4,0.0,2.3,0.0,1022.9
2026-02-25T00:00,-9.2,34,-13.3,0.0,1.4,0.0,1022.8
2026-02-25T01:00,-9.3,34,-13.3,0.0,0.7,0.0,1023.3
2026-02-25T02:00,-9.5,37,-13.6,0.0,1.4,0.0,1023.3
2026-02-25T03:00,-9.9,38,-13.9,0.0,0.9,0.0,1022.7
2026-02-25T04:00,-10.2,40,-14.2,0.0,0.9,0.0,1022.8
2026-02-25T05:00,-10.9,47,-15.1,0.0,2.3,0.0,1022.8
2026-02-25T06:00,-11.3,47,-15.3,0.0,1.3,0.0,1023.6
2026-02-25T07:00,-10.8,46,-14.8,22.0,1.4,0.0,1024.6
2026-02-25T08:00,-7.7,47,-11.6,208.0,1.8,0.0,1025.2
2026-02-25T09:00,-4.2,45,-8.2,444.0,3.4,0.0,1025.1
2026-02-25T10:00,-2.5,45,-6.0,650.0,4.9,0.0,1024.5
2026-02-25T11:00,-1.6,39,-5.0,799.0,9.7,0.0,1023.5
2026-02-25T12:00,-0.7,32,-3.2,884.0,6.8,0.0,1021.9
2026-02-25T13:00,0.2,29,-2.2,886.0,6.0,0.0,1020.2
2026-02-25T14:00,0.6,30,-2.4,811.0,6.8,0.0,1018.8
2026-02-25T15:00,0.8,32,-3.1,661.0,7.6,0.0,1018.2
2026-02-25T16:00,0.6,42,-3.4,463.0,4.6,0.0,1017.6
2026-02-25T17:00,-1.2,42,-5.4,229.0,4.9,0.0,1017.7
2026-02-25T18:00,-4.1,37,-8.1,31.0,2.4,0.0,1018.4
2026-02-25T19:00,-6.0,39,-9.9,0.0,1.5,0.0,1019.0
2026-02-25T20:00,-7.2,39,-11.2,0.0,2.1,0.0,1019.7
2026-02-25T21:00,-7.8,40,-11.9,0.0,2.3,0.0,1020.5
2026-02-25T22:00,-8.3,40,-12.4,0.0,2.3,0.0,1021.1
2026-02-25T23:00,-8.8,46,-13.1,0.0,4.0,0.0,1021.2
2026-02-26T00:00,-9.5,45,-13.7,0.0,3.0,0.0,1021.5
2026-02-26T01:00,-9.7,44,-13.7,0.0,1.9,0.0,1021.9
2026-02-26T02:00,-10.1,44,-14.3,0.0,2.2,0.0,1021.3
2026-02-26T03:00,-10.5,44,-14.7,0.0,2.6,0.0,1021.0
2026-02-26T04:00,-10.9,45,-15.2,0.0,2.8,0.0,1020.5
2026-02-26T05:00,-11.9,55,-16.3,0.0,4.6,0.0,1020.7
2026-02-26T06:00,-12.3,53,-16.6,0.0,3.4,0.0,1020.5
2026-02-26T07:00,-11.6,50,-15.9,23.0,3.5,0.0,1020.6
2026-02-26T08:00,-7.3,52,-11.7,206.0,5.3,0.0,1020.6
2026-02-26T09:00,-2.3,41,-6.9,443.0,7.6,0.0,1019.8
2026-02-26T10:00,-0.4,39,-4.6,649.0,8.8,0.0,1018.6
2026-02-26T11:00,0.4,35,-3.3,797.0,11.0,0.0,1017.6
2026-02-26T12:00,1.2,35,-1.9,879.0,10.4,0.0,1015.8
2026-02-26T13:00,1.6,36,-1.6,881.0,11.4,0.0,1014.3
2026-02-26T14:00,1.8,38,-1.8,806.0,11.6,0.0,1013.1
2026-02-26T15:00,2.0,37,-2.4,662.0,12.1,0.0,1012.2
2026-02-26T16:00,1.6,41,-2.9,464.0,8.3,0.0,1011.7
2026-02-26T17:00,0.0,45,-4.3,226.0,7.2,0.0,1011.3
2026-02-26T18:00,-2.4,40,-6.6,30.0,4.7,0.0,1012.1
2026-02-26T19:00,-3.4,42,-7.3,0.0,2.6,0.0,1013.4
2026-02-26T20:00,-5.4,48,-9.3,0.0,2.1,0.0,1014.4
2026-02-26T21:00,-7.7,51,-11.9,0.0,3.4,0.0,1015.1
2026-02-26T22:00,-8.8,50,-13.2,0.0,4.9,0.0,1015.6
2026-02-26T23:00,-9.0,56,-13.4,0.0,5.3,0.0,1015.8
2026-02-27T00:00,-9.5,54,-14.0,0.0,5.6,0.0,1015.9
2026-02-27T01:00,-9.3,49,-13.6,0.0,3.8,0.0,1016.0
2026-02-27T02:00,-9.3,47,-13.5,0.0,3.3,0.0,1015.6
2026-02-27T03:00,-8.7,43,-12.9,0.0,3.4,0.0,1015.3
2026-02-27T04:00,-8.0,43,-12.2,0.0,3.1,0.0,1015.1
2026-02-27T05:00,-10.0,53,-14.4,0.0,4.6,0.0,1016.3
2026-02-27T06:00,-10.4,53,-14.8,0.0,4.2,0.0,1016.6
2026-02-27T07:00,-9.2,51,-13.4,21.0,3.4,0.0,1017.6
2026-02-27T08:00,-5.6,53,-9.8,185.0,4.5,0.0,1018.2
2026-02-27T09:00,-2.3,43,-6.9,400.0,7.6,0.0,1018.5
2026-02-27T10:00,-1.0,43,-5.6,592.0,9.7,0.0,1017.5
2026-02-27T11:00,-0.2,40,-4.1,756.0,11.8,0.0,1016.6
2026-02-27T12:00,0.6,36,-2.7,874.0,11.3,0.0,1015.2
2026-02-27T13:00,1.1,35,-2.3,874.0,12.0,0.0,1013.7
2026-02-27T14:00,1.3,36,-2.2,806.0,11.2,0.0,1012.3
2026-02-27T15:00,1.5,34,-2.7,657.0,9.7,0.0,1012.0
2026-02-27T16:00,1.0,39,-3.4,457.0,7.1,0.0,1011.4
2026-02-27T17:00,-0.8,47,-4.9,230.0,5.4,0.0,1011.6
2026-02-27T18:00,-4.0,40,-8.2,33.0,4.2,0.0,1011.8
2026-02-27T19:00,-5.3,41,-9.7,0.0,4.7,0.0,1012.8
2026-02-27T20:00,-5.7,40,-9.9,0.0,3.4,0.0,1013.2
2026-02-27T21:00,-6.4,42,-10.8,0.0,4.9,0.0,1013.8
2026-02-27T22:00,-6.8,43,-11.3,0.0,5.8,0.0,1014.0
2026-02-27T23:00,-5.8,53,-9.9,0.0,4.2,0.0,1015.1
2026-02-28T00:00,-7.7,58,-11.6,0.0,2.2,0.0,1015.5
2026-02-28T01:00,-8.1,57,-12.2,0.0,3.4,0.0,1015.7
2026-02-28T02:00,-8.0,51,-12.1,0.0,2.9,0.0,1015.6
2026-02-28T03:00,-8.6,50,-12.6,0.0,2.6,0.0,1016.0
2026-02-28T04:00,-8.6,50,-12.6,0.0,2.1,0.0,1016.5
2026-02-28T05:00,-8.7,61,-12.8,0.0,3.6,0.0,1017.2
2026-02-28T06:00,-9.0,63,-12.9,0.0,2.3,0.1,1018.7
2026-02-28T07:00,-8.2,64,-11.9,20.0,1.3,0.1,1020.5
2026-02-28T08:00,-5.8,63,-9.4,177.0,1.5,0.0,1021.4
2026-02-28T09:00,-4.2,57,-7.7,345.0,0.7,0.0,1021.7
2026-02-28T10:00,-3.1,56,-6.5,518.0,1.0,0.0,1021.2
2026-02-28T11:00,-1.9,51,-5.0,693.0,4.9,0.0,1020.2
2026-02-28T12:00,-1.1,46,-3.2,827.0,3.9,0.0,1019.0
2026-02-28T13:00,-0.2,41,-2.6,827.0,5.2,0.0,1017.3
2026-02-28T14:00,0.2,38,-2.9,771.0,6.8,0.0,1016.1
2026-02-28T15:00,0.6,36,-3.2,649.0,6.7,0.0,1015.5
2026-02-28T16:00,0.4,40,-4.0,453.0,6.6,0.0,1015.1
2026-02-28T17:00,-1.2,46,-5.0,225.0,3.2,0.0,1015.8
2026-02-28T18:00,-4.3,39,-8.3,36.0,2.6,0.0,1016.3
2026-02-28T19:00,-5.6,38,-9.6,0.0,2.0,0.0,1017.2
2026-02-28T20:00,-6.6,36,-10.6,0.0,1.8,0.0,1018.0
2026-02-28T21:00,-7.9,36,-12.0,0.0,2.0,0.0,1018.8
2026-02-28T22:00,-8.6,32,-13.0,0.0,3.5,0.0,1019.3
2026-02-28T23:00,-7.5,37,-11.8,0.0,3.6,0.0,1019.0
2026-03-01T00:00,-8.6,33,-12.9,0.0,2.9,0.0,1018.9
2026-03-01T01:00,-9.0,34,-13.1,0.0,1.7,0.0,1019.0
2026-03-01T02:00,-9.2,35,-13.2,0.0,1.3,0.0,1018.9
2026-03-01T03:00,-9.8,36,-14.0,0.0,2.2,0.0,1018.8
2026-03-01T04:00,-10.1,36,-14.4,0.0,2.5,0.0,1018.5
2026-03-01T05:00,-9.0,44,-13.3,0.0,3.1,0.0,1019.0
2026-03-01T06:00,-10.0,43,-14.1,0.0,2.2,0.0,1019.6
2026-03-01T07:00,-9.0,41,-13.2,28.0,2.3,0.0,1020.8
2026-03-01T08:00,-5.1,47,-8.9,221.0,1.6,0.0,1021.7
2026-03-01T09:00,-2.7,39,-6.7,457.0,2.8,0.0,1021.7
2026-03-01T10:00,-1.4,38,-4.5,662.0,2.5,0.0,1020.9
2026-03-01T11:00,-0.3,35,-3.2,810.0,6.7,0.0,1019.8
2026-03-01T12:00,0.1,32,-2.5,894.0,7.9,0.0,1018.7
2026-03-01T13:00,0.7,28,-1.8,899.0,7.4,0.0,1017.5
2026-03-01T14:00,1.1,28,-2.1,824.0,8.5,0.0,1016.4
2026-03-01T15:00,1.3,30,-2.8,679.0,8.9,0.0,1016.2
2026-03-01T16:00,0.8,37,-3.7,478.0,7.0,0.0,1016.1
2026-03-01T17:00,-0.5,39,-4.5,241.0,3.5,0.0,1016.4
2026-03-01T18:00,-3.4,28,-7.4,37.0,1.9,0.0,1016.9
2026-03-01T19:00,-4.7,29,-8.8,0.0,1.9,0.0,1017.9
2026-03-01T20:00,-5.9,30,-10.0,0.0,2.0,0.0,1019.1
2026-03-01T21:00,-6.6,31,-10.8,0.0,2.5,0.0,1020.1
2026-03-01T22:00,-7.2,33,-11.3,0.0,2.4,0.0,1020.3
2026-03-01T23:00,-6.6,41,-10.8,0.0,3.4,0.0,1020.2
2026-03-02T00:00,-7.5,39,-11.7,0.0,2.8,0.0,1020.6
2026-03-02T01:00,-7.9,39,-11.9,0.0,1.7,0.0,1020.8
2026-03-02T02:00,-8.4,39,-12.5,0.0,2.1,0.0,1020.8
2026-03-02T03:00,-9.0,39,-13.1,0.0,2.4,0.0,1020.8
2026-03-02T04:00,-9.4,39,-13.5,0.0,2.3,0.0,1021.0
2026-03-02T05:00,-10.1,48,-14.4,0.0,3.9,0.0,1022.0
2026-03-02T06:00,-10.9,46,-15.1,0.0,2.7,0.0,1022.7
2026-03-02T07:00,-10.0,44,-14.2,31.0,2.3,0.0,1023.5
2026-03-02T08:00,-5.6,51,-9.6,229.0,3.4,0.0,1024.2
2026-03-02T09:00,-2.1,38,-6.4,466.0,5.6,0.0,1024.3
2026-03-02T10:00,-0.5,32,-4.4,672.0,7.1,0.0,1023.6
2026-03-02T11:00,0.2,33,-3.3,821.0,10.4,0.0,1023.5
2026-03-02T12:00,0.8,28,-2.2,903.0,9.4,0.0,1022.6
2026-03-02T13:00,1.6,27,-1.3,905.0,9.2,0.0,1021.7
2026-03-02T14:00,1.8,30,-1.6,827.0,9.7,0.0,1021.1
2026-03-02T15:00,1.9,32,-2.3,680.0,10.1,0.0,1021.0
2026-03-02T16:00,1.5,36,-3.0,478.0,7.2,0.0,1021.0
2026-03-02T17:00,0.3,39,-3.6,243.0,3.6,0.0,1021.3
2026-03-02T18:00,-3.2,32,-7.4,39.0,3.0,0.0,1022.2
2026-03-02T19:00,-4.7,36,-8.7,0.0,2.3,0.0,1023.1
2026-03-02T20:00,-5.8,38,-9.9,0.0,2.7,0.0,1024.0
2026-03-02T21:00,-6.5,37,-10.6,0.0,2.4,0.0,1024.9
2026-03-02T22:00,-6.7,34,-10.8,0.0,2.2,0.0,1025.7
2026-03-02T23:00,-5.9,38,-10.2,0.0,3.6,0.0,1026.1
2026-03-03T00:00,-6.8,34,-11.0,0.0,2.2,0.0,1025.7
2026-03-03T01:00,-7.0,33,-11.0,0.0,1.6,0.0,1026.0
2026-03-03T02:00,-7.3,33,-11.5,0.0,2.5,0.0,1025.7
2026-03-03T03:00,-7.8,33,-12.1,0.0,2.7,0.0,1025.1
2026-03-03T04:00,-8.2,33,-12.4,0.0,2.5,0.0,1024.9
2026-03-03T05:00,-7.9,40,-12.2,0.0,3.6,0.0,1025.3
2026-03-03T06:00,-8.9,38,-13.1,0.0,2.5,0.0,1025.4
2026-03-03T07:00,-7.4,37,-11.6,33.0,2.8,0.0,1025.9
2026-03-03T08:00,-2.7,46,-6.5,230.0,2.6,0.0,1026.0
2026-03-03T09:00,1.2,31,-3.2,461.0,6.0,0.0,1025.9
2026-03-03T10:00,2.9,24,-0.8,663.0,5.7,0.0,1024.4
2026-03-03T11:00,4.0,24,0.9,813.0,7.7,0.0,1023.9
2026-03-03T12:00,4.1,25,1.6,896.0,7.6,0.0,1023.0
2026-03-03T13:00,4.7,24,2.6,898.0,5.3,0.0,1021.9
2026-03-03T14:00,4.9,31,2.7,822.0,4.1,0.0,1020.7
2026-03-03T15:00,4.8,35,1.7,677.0,5.1,0.0,1020.3
2026-03-03T16:00,4.5,40,0.7,471.0,4.7,0.0,1019.7
2026-03-03T17:00,3.7,35,-0.1,240.0,4.0,0.0,1019.7
2026-03-03T18:00,0.4,28,-3.7,39.0,3.3,0.0,1020.5
2026-03-03T19:00,-0.6,28,-4.5,0.0,1.9,0.0,1021.5
2026-03-03T20:00,-1.2,29,-5.2,0.0,1.6,0.0,1022.6
2026-03-03T21:00,-1.7,28,-5.7,0.0,1.8,0.0,1023.4
2026-03-03T22:00,-1.8,27,-5.9,0.0,2.0,0.0,1024.0
2026-03-03T23:00,-1.8,35,-5.9,0.0,3.5,0.0,1024.4
2026-03-04T00:00,-2.4,30,-6.6,0.0,2.9,0.0,1024.4
2026-03-04T01:00,-2.2,30,-6.3,0.0,2.9,0.0,1024.8
2026-03-04T02:00,-2.0,31,-6.0,0.0,2.6,0.0,1024.6
2026-03-04T03:00,-2.1,31,-6.1,0.0,2.0,0.0,1024.3
2026-03-04T04:00,-2.3,32,-6.3,0.0,2.2,0.0,1024.5
2026-03-04T05:00,-3.1,40,-7.3,0.0,3.9,0.0,1024.1
2026-03-04T06:00,-4.0,36,-8.1,0.0,3.1,0.0,1025.6
2026-03-04T07:00,-2.5,35,-6.4,33.0,1.5,0.0,1027.1
2026-03-04T08:00,1.1,47,-2.5,219.0,3.2,0.0,1028.1
2026-03-04T09:00,3.6,41,0.1,445.0,2.4,0.0,1028.0
2026-03-04T10:00,4.7,45,2.3,657.0,1.7,0.0,1026.9
2026-03-04T11:00,6.2,17,3.1,805.0,7.0,0.0,1025.7
2026-03-04T12:00,7.4,16,4.4,874.0,8.7,0.0,1025.2
2026-03-04T13:00,8.0,17,5.2,866.0,7.6,0.0,1024.1
2026-03-04T14:00,8.1,18,4.4,706.0,7.3,0.0,1023.1
2026-03-04T15:00,7.5,21,2.8,466.0,8.0,0.0,1023.1
2026-03-04T16:00,6.9,24,2.3,299.0,8.1,0.0,1023.1
2026-03-04T17:00,5.0,30,1.1,133.0,4.0,0.0,1022.8
2026-03-04T18:00,2.7,33,-1.0,38.0,2.2,0.0,1023.4
2026-03-04T19:00,2.5,34,-1.1,0.0,1.1,0.0,1024.0
2026-03-04T20:00,1.3,39,-2.3,0.0,1.8,0.0,1024.9
2026-03-04T21:00,1.3,40,-2.3,0.0,1.8,0.0,1025.7
2026-03-04T22:00,1.1,41,-2.5,0.0,1.6,0.0,1025.6
2026-03-04T23:00,0.2,45,-3.5,0.0,3.3,0.0,1025.6
2026-03-05T00:00,0.3,43,-3.6,0.0,4.1,0.0,1025.3
2026-03-05T01:00,0.5,43,-3.3,0.0,3.6,0.0,1025.1
2026-03-05T02:00,0.7,43,-3.1,0.0,3.8,0.0,1024.8
2026-03-05T03:00,0.8,43,-2.9,0.0,2.7,0.0,1024.3
2026-03-05T04:00,0.6,44,-3.1,0.0,3.1,0.0,1024.3
2026-03-05T05:00,-0.1,50,-3.8,0.0,3.4,0.0,1024.5
2026-03-05T06:00,-0.2,48,-4.0,0.0,3.4,0.0,1025.1
2026-03-05T07:00,1.3,41,-2.7,32.0,4.7,0.0,1025.7
2026-03-05T08:00,4.8,33,0.6,210.0,6.3,0.0,1026.3
2026-03-05T09:00,6.7,29,2.9,451.0,4.2,0.0,1025.6
2026-03-05T10:00,7.9,25,4.6,652.0,4.5,0.0,1024.7
2026-03-05T11:00,8.3,24,5.6,794.0,6.2,0.0,1023.8
2026-03-05T12:00,9.5,23,6.6,876.0,9.9,0.0,1022.6
2026-03-05T13:00,10.0,23,7.3,880.0,9.5,0.0,1021.2
2026-03-05T14:00,10.3,22,7.0,808.0,10.4,0.0,1019.7
2026-03-05T15:00,10.5,22,6.5,668.0,9.7,0.0,1018.4
2026-03-05T16:00,10.3,24,5.7,476.0,9.4,0.0,1017.7
2026-03-05T17:00,8.3,28,4.5,247.0,4.3,0.0,1017.0
2026-03-05T18:00,4.2,36,-0.0,43.0,6.7,0.0,1017.5
2026-03-05T19:00,2.2,40,-1.9,0.0,6.3,0.0,1018.5
2026-03-05T20:00,1.3,39,-3.1,0.0,7.2,0.0,1019.2
2026-03-05T21:00,1.7,35,-2.7,0.0,6.7,0.0,1020.0
2026-03-05T22:00,2.2,34,-2.1,0.0,6.1,0.0,1020.3
2026-03-05T23:00,1.8,39,-2.3,0.0,5.3,0.0,1020.0
2026-03-06T00:00,1.3,40,-2.9,0.0,6.3,0.0,1020.0
2026-03-06T01:00,1.4,41,-2.8,0.0,6.3,0.0,1019.8
2026-03-06T02:00,1.4,40,-2.9,0.0,6.6,0.0,1019.6
2026-03-06T03:00,1.3,39,-3.0,0.0,6.6,0.0,1019.5
2026-03-06T04:00,1.3,37,-2.9,0.0,6.2,0.0,1019.1
2026-03-06T05:00,0.9,41,-3.3,0.0,5.6,0.0,1019.7
2026-03-06T06:00,0.8,37,-3.5,0.0,5.8,0.0,1020.3
2026-03-06T07:00,2.3,31,-2.0,35.0,6.2,0.0,1020.7
2026-03-06T08:00,5.9,23,0.9,201.0,10.5,0.0,1021.2
2026-03-06T09:00,7.0,20,1.7,378.0,11.8,0.0,1021.1
2026-03-06T10:00,8.2,18,3.2,625.0,12.4,0.0,1020.3
2026-03-06T11:00,8.6,17,4.4,752.0,12.3,0.0,1019.4
2026-03-06T12:00,9.6,17,5.3,819.0,15.4,0.0,1018.8
2026-03-06T13:00,10.4,19,6.6,828.0,12.7,0.0,1017.1
2026-03-06T14:00,11.2,18,7.3,768.0,12.0,0.0,1015.0
2026-03-06T15:00,11.4,15,5.6,531.0,15.5,0.0,1014.0
2026-03-06T16:00,9.8,19,4.1,310.0,15.4,0.0,1014.8
2026-03-06T17:00,7.1,22,2.6,189.0,7.6,0.0,1015.6
2026-03-06T18:00,5.0,24,0.9,35.0,3.8,0.0,1015.8
2026-03-06T19:00,4.8,26,0.9,0.0,2.4,0.0,1016.6
2026-03-06T20:00,4.3,27,0.0,0.0,5.8,0.0,1017.5
2026-03-06T21:00,3.2,31,-1.1,0.0,6.2,0.0,1018.7
2026-03-06T22:00,2.8,35,-1.4,0.0,6.3,0.0,1019.2
2026-03-06T23:00,2.4,37,-1.8,0.0,6.1,0.0,1019.6
2026-03-07T00:00,1.7,40,-2.8,0.0,8.4,0.0,1019.6
2026-03-07T01:00,1.5,42,-2.9,0.0,7.9,0.0,1019.9
2026-03-07T02:00,1.4,43,-3.0,0.0,7.8,0.0,1019.8
2026-03-07T03:00,0.8,43,-3.6,0.0,7.6,0.0,1019.9
2026-03-07T04:00,1.3,42,-3.1,0.0,7.7,0.0,1020.3
2026-03-07T05:00,2.5,39,-1.5,0.0,5.2,0.0,1019.6
2026-03-07T06:00,1.6,44,-2.6,0.0,6.9,0.0,1020.4
2026-03-07T07:00,2.6,43,-1.5,26.0,6.9,0.0,1021.4
2026-03-07T08:00,5.1,33,0.3,165.0,11.0,0.0,1021.7
2026-03-07T09:00,6.0,30,1.0,371.0,11.9,0.0,1021.9
2026-03-07T10:00,7.0,28,2.3,555.0,10.2,0.0,1021.4
2026-03-07T11:00,7.8,27,3.9,707.0,10.7,0.0,1020.4
2026-03-07T12:00,8.3,27,4.1,652.0,10.8,0.0,1019.8
2026-03-07T13:00,8.6,28,5.9,755.0,5.3,0.0,1018.4
2026-03-07T14:00,7.9,33,3.6,592.0,10.5,0.0,1018.2
2026-03-07T15:00,6.8,38,1.7,368.0,14.9,0.0,1018.9
2026-03-07T16:00,6.2,39,1.6,357.0,11.0,0.0,1019.2
2026-03-07T17:00,4.0,47,0.1,178.0,6.7,0.0,1021.4
2026-03-07T18:00,1.9,56,-2.0,32.0,6.7,0.0,1022.4
2026-03-07T19:00,1.8,55,-2.0,0.0,6.0,0.2,1023.7
2026-03-07T20:00,0.9,57,-2.9,0.0,6.0,0.0,1024.4
2026-03-07T21:00,1.2,61,-2.5,0.0,5.6,0.1,1025.8
2026-03-07T22:00,0.4,66,-3.3,0.0,5.8,0.0,1026.7
2026-03-07T23:00,0.3,63,-3.2,0.0,4.4,0.0,1027.2
2026-03-08T00:00,0.4,60,-3.1,0.0,4.0,0.2,1027.2
2026-03-08T01:00,0.1,65,-2.9,0.0,0.8,0.4,1027.8
2026-03-08T02:00,-0.8,66,-4.2,0.0,3.4,0.1,1028.2
2026-03-08T03:00,-0.7,58,-4.1,0.0,2.7,0.0,1027.8
2026-03-08T04:00,-0.4,54,-3.8,0.0,2.0,0.0,1027.7
2026-03-08T05:00,-1.2,53,-4.7,0.0,1.8,0.0,1027.6
2026-03-08T06:00,-1.8,49,-5.7,0.0,3.9,0.0,1028.0
2026-03-08T07:00,0.1,40,-3.5,39.0,1.4,0.0,1028.7
2026-03-08T08:00,2.5,35,-1.3,231.0,3.5,0.0,1028.9
2026-03-08T09:00,3.2,38,-0.3,378.0,1.5,0.0,1028.9
2026-03-08T10:00,4.0,38,0.6,576.0,3.0,0.0,1028.8
2026-03-08T11:00,3.7,41,0.8,672.0,4.3,0.0,1028.9
2026-03-08T12:00,4.5,37,2.1,741.0,3.2,0.0,1028.0
2026-03-08T13:00,5.5,34,4.3,870.0,1.5,0.0,1026.6
2026-03-08T14:00,5.9,32,4.1,780.0,1.3,0.0,1025.2
2026-03-08T15:00,6.0,32,3.3,666.0,2.2,0.0,1024.2
2026-03-08T16:00,5.6,34,2.3,454.0,1.3,0.0,1024.0
2026-03-08T17:00,5.1,41,1.9,253.0,2.0,0.0,1023.5
2026-03-08T18:00,1.6,49,-1.9,47.0,2.6,0.0,1024.9
2026-03-08T19:00,0.6,56,-2.5,0.0,0.8,0.0,1026.7
2026-03-08T20:00,-0.4,55,-3.8,0.0,2.5,0.0,1027.2
2026-03-08T21:00,-1.0,44,-4.9,0.0,3.5,0.0,1027.6
2026-03-08T22:00,-1.2,38,-5.2,0.0,3.4,0.0,1027.8
2026-03-08T23:00,0.1,36,-3.7,0.0,2.3,0.0,1027.5
2026-03-09T00:00,-0.7,33,-4.6,0.0,2.7,0.0,1027.0
2026-03-09T01:00,-0.2,32,-3.9,0.0,1.0,0.0,1027.2
2026-03-09T02:00,-0.8,32,-4.7,0.0,2.4,0.0,1027.0
2026-03-09T03:00,-1.2,33,-5.2,0.0,2.8,0.0,1026.9
2026-03-09T04:00,-1.5,34,-5.6,0.0,3.6,0.0,1027.2
2026-03-09T05:00,-0.9,38,-4.8,0.0,2.7,0.0,1027.0
2026-03-09T06:00,-1.4,37,-5.3,0.0,2.7,0.0,1027.7
2026-03-09T07:00,0.2,31,-3.8,47.0,2.8,0.0,1029.4
2026-03-09T08:00,2.0,26,-2.2,256.0,4.0,0.0,1030.1
2026-03-09T09:00,3.2,23,-1.0,484.0,3.5,0.0,1029.3
2026-03-09T10:00,4.6,21,1.6,682.0,2.0,0.0,1028.5
2026-03-09T11:00,5.7,19,3.5,831.0,3.2,0.0,1026.3
2026-03-09T12:00,7.3,17,5.5,872.0,1.8,0.0,1024.2
2026-03-09T13:00,7.7,17,5.5,865.0,4.3,0.0,1022.9
2026-03-09T14:00,7.7,17,4.0,716.0,7.4,0.0,1021.6
2026-03-09T15:00,7.7,18,3.9,627.0,4.8,0.0,1020.6
2026-03-09T16:00,7.5,19,3.3,431.0,4.1,0.0,1020.4
2026-03-09T17:00,6.3,23,2.2,221.0,4.3,0.0,1020.6
2026-03-09T18:00,3.2,29,-1.0,40.0,4.8,0.0,1021.5
2026-03-09T19:00,1.6,35,-2.3,0.0,3.8,0.0,1022.7
2026-03-09T20:00,1.5,37,-2.5,0.0,4.1,0.0,1023.8
2026-03-09T21:00,1.4,38,-2.6,0.0,4.4,0.0,1024.4
2026-03-09T22:00,0.5,40,-3.5,0.0,4.4,0.0,1024.6
2026-03-09T23:00,1.0,39,-2.9,0.0,3.8,0.0,1024.0
2026-03-10T00:00,0.1,40,-4.2,0.0,6.7,0.0,1023.4
2026-03-10T01:00,2.1,40,-2.1,0.0,6.1,0.0,1022.8
2026-03-10T02:00,2.2,42,-2.0,0.0,6.7,0.0,1022.9
2026-03-10T03:00,2.0,45,-2.2,0.0,6.9,0.0,1023.7
2026-03-10T04:00,1.7,47,-2.3,0.0,6.4,0.0,1024.0
2026-03-10T05:00,1.9,47,-1.4,0.0,0.9,0.0,1024.4
2026-03-10T06:00,1.6,46,-1.9,0.0,2.4,0.0,1024.9
2026-03-10T07:00,2.5,42,-1.2,24.0,3.1,0.0,1025.5
2026-03-10T08:00,4.0,35,-0.3,137.0,6.9,0.0,1026.0
2026-03-10T09:00,4.7,34,0.5,295.0,6.4,0.0,1025.8
2026-03-10T10:00,5.6,34,1.2,505.0,8.3,0.0,1025.4
2026-03-10T11:00,5.5,35,1.4,450.0,6.9,0.0,1025.4
2026-03-10T12:00,6.4,33,3.3,702.0,6.0,0.0,1024.2
2026-03-10T13:00,6.7,35,3.0,607.0,6.5,0.0,1023.2
2026-03-10T14:00,6.5,38,2.7,560.0,6.2,0.0,1022.6
2026-03-10T15:00,6.3,39,2.6,474.0,4.7,0.0,1022.4
2026-03-10T16:00,5.9,39,2.1,295.0,5.4,0.0,1022.0
2026-03-10T17:00,4.4,46,0.5,201.0,6.5,0.0,1023.3
2026-03-10T18:00,1.4,57,-2.2,36.0,5.1,0.0,1024.5
2026-03-10T19:00,-0.1,62,-3.8,0.0,5.5,0.0,1025.7
2026-03-10T20:00,0.9,57,-2.9,0.0,5.6,0.0,1025.9
2026-03-10T21:00,-0.1,60,-4.0,0.0,6.3,0.0,1026.6
2026-03-10T22:00,0.4,58,-3.4,0.0,5.5,0.0,1026.7
2026-03-10T23:00,-0.1,58,-3.9,0.0,5.2,0.0,1027.0
2026-03-11T00:00,0.4,55,-3.7,0.0,7.3,0.1,1027.3
2026-03-11T01:00,0.2,59,-3.4,0.0,4.4,0.1,1027.0
2026-03-11T02:00,0.3,61,-3.1,0.0,3.5,0.1,1026.1
2026-03-11T03:00,0.6,57,-2.8,0.0,3.3,0.0,1025.0
2026-03-11T04:00,0.5,56,-2.9,0.0,2.9,0.0,1024.7
2026-03-11T05:00,1.0,59,-2.2,0.0,2.2,0.1,1023.7
2026-03-11T06:00,1.0,56,-2.4,0.0,2.7,0.0,1023.2
2026-03-11T07:00,2.0,49,-1.7,18.0,4.4,0.2,1023.2
2026-03-11T08:00,2.2,52,-2.1,75.0,8.9,0.5,1024.3
2026-03-11T09:00,2.8,49,-1.1,170.0,6.0,0.1,1024.3
2026-03-11T10:00,3.6,46,-0.2,340.0,5.7,0.0,1023.8
2026-03-11T11:00,3.7,45,-0.2,364.0,6.6,0.1,1023.6
2026-03-11T12:00,5.0,42,2.0,641.0,4.4,0.0,1021.9
2026-03-11T13:00,6.4,40,3.9,724.0,4.8,0.0,1019.1
2026-03-11T14:00,6.7,40,3.8,674.0,5.2,0.0,1017.2
2026-03-11T15:00,6.5,40,2.6,583.0,8.1,0.0,1016.7
2026-03-11T16:00,5.7,43,1.3,291.0,10.3,0.0,1016.8
2026-03-11T17:00,3.9,45,0.1,202.0,5.6,0.0,1018.2
2026-03-11T18:00,2.0,54,-1.9,39.0,6.6,0.0,1018.7
2026-03-11T19:00,0.9,59,-2.8,0.0,5.4,0.0,1020.3
2026-03-11T20:00,1.0,62,-2.7,0.0,6.3,0.0,1021.2
2026-03-11T21:00,0.6,65,-2.9,0.0,4.5,0.0,1021.2
2026-03-11T22:00,0.7,63,-2.8,0.0,4.9,0.0,1021.0
2026-03-11T23:00,0.7,64,-2.9,0.0,5.0,0.0,1020.9
2026-03-12T00:00,1.1,64,-2.5,0.0,5.2,0.1,1020.1
2026-03-12T01:00,0.8,61,-2.9,0.0,5.7,0.0,1019.8
2026-03-12T02:00,1.1,59,-2.6,0.0,5.7,0.0,1018.5
2026-03-12T03:00,1.0,60,-2.6,0.0,4.8,0.0,1016.7
2026-03-12T04:00,1.0,57,-2.5,0.0,4.2,0.1,1015.9
2026-03-12T05:00,0.9,61,-2.7,0.0,5.1,0.0,1013.5
2026-03-12T06:00,0.2,68,-3.6,0.0,6.7,2.6,1012.7
2026-03-12T07:00,0.0,68,-3.7,27.0,6.1,0.4,1012.8
2026-03-12T08:00,1.6,66,-2.0,117.0,6.8,0.6,1013.2
2026-03-12T09:00,1.6,63,-2.5,190.0,9.4,0.9,1013.5
2026-03-12T10:00,1.7,64,-2.2,311.0,8.2,1.0,1013.3
2026-03-12T11:00,1.3,65,-2.8,450.0,9.3,0.6,1013.3
2026-03-12T12:00,1.2,69,-2.6,418.0,8.0,1.3,1013.2
2026-03-12T13:00,2.0,65,-1.5,518.0,5.8,1.5,1011.9
2026-03-12T14:00,2.0,69,-1.7,606.0,10.0,1.6,1012.0
2026-03-12T15:00,1.8,66,-1.6,603.0,7.0,0.3,1011.9
2026-03-12T16:00,0.4,67,-3.3,404.0,6.3,0.4,1013.4
2026-03-12T17:00,0.2,58,-4.0,224.0,7.9,0.4,1015.1
2026-03-12T18:00,-3.1,62,-7.6,52.0,8.9,0.0,1015.2
2026-03-12T19:00,-4.4,62,-8.8,0.0,7.6,0.0,1015.8
2026-03-12T20:00,-4.4,62,-8.7,0.0,7.0,0.0,1016.6
2026-03-12T21:00,-4.7,63,-8.9,0.0,5.9,0.0,1017.0
2026-03-12T22:00,-5.2,60,-9.3,0.0,4.9,0.0,1017.1
2026-03-12T23:00,-4.0,57,-8.1,0.0,5.6,0.0,1018.2
2026-03-13T00:00,-5.3,56,-9.6,0.0,6.4,0.0,1018.4
2026-03-13T01:00,-5.2,56,-9.6,0.0,6.6,0.0,1018.7
2026-03-13T02:00,-5.1,57,-9.4,0.0,6.0,0.0,1019.6
2026-03-13T03:00,-4.7,57,-8.8,0.0,4.5,0.0,1019.7
2026-03-13T04:00,-6.0,57,-10.0,0.0,4.2,0.0,1020.6
2026-03-13T05:00,-5.4,64,-9.3,0.0,4.1,0.0,1021.1
2026-03-13T06:00,-6.7,58,-11.0,0.0,5.4,0.0,1021.4
2026-03-13T07:00,-5.7,52,-9.9,59.0,4.6,0.0,1022.6
2026-03-13T08:00,-3.4,52,-7.4,258.0,4.4,0.0,1023.6
2026-03-13T09:00,-2.2,48,-6.5,511.0,6.2,0.0,1024.2
2026-03-13T10:00,-1.4,44,-4.7,714.0,5.9,0.0,1023.7
2026-03-13T11:00,-0.3,42,-2.6,870.0,6.6,0.0,1023.7
2026-03-13T12:00,-0.2,43,-2.6,925.0,8.9,0.0,1022.7
2026-03-13T13:00,0.1,43,-2.1,939.0,8.4,0.0,1021.6
2026-03-13T14:00,0.5,44,-2.0,868.0,7.4,0.0,1020.4
2026-03-13T15:00,0.2,48,-2.8,721.0,6.0,0.0,1019.7
2026-03-13T16:00,-0.8,51,-4.9,518.0,5.6,0.0,1019.8
2026-03-13T17:00,-0.7,52,-4.7,271.0,5.8,0.0,1019.7
2026-03-13T18:00,-3.4,52,-7.8,43.0,7.1,0.0,1020.1
2026-03-13T19:00,-4.6,56,-8.7,0.0,4.7,0.0,1020.3
2026-03-13T20:00,-6.0,55,-10.2,0.0,5.0,0.0,1021.1
2026-03-13T21:00,-6.3,53,-10.4,0.0,3.9,0.0,1021.9
2026-03-13T22:00,-6.1,52,-10.1,0.0,3.3,0.0,1022.1
2026-03-13T23:00,-4.7,54,-8.6,0.0,3.4,0.0,1022.0
2026-03-14T00:00,-5.6,51,-9.7,0.0,4.2,0.0,1022.3
2026-03-14T01:00,-5.1,50,-9.0,0.0,2.4,0.0,1022.3
2026-03-14T02:00,-5.6,51,-9.6,0.0,2.7,0.0,1022.4
2026-03-14T03:00,-5.7,52,-9.7,0.0,3.5,0.0,1022.2
2026-03-14T04:00,-5.4,51,-9.5,0.0,3.8,0.0,1022.0
2026-03-14T05:00,-6.0,59,-9.9,0.0,3.6,0.0,1022.2
2026-03-14T06:00,-7.1,56,-11.3,0.0,5.0,0.0,1023.6
2026-03-14T07:00,-5.8,54,-10.0,64.0,4.4,0.0,1025.3
2026-03-14T08:00,-3.4,55,-7.1,253.0,3.0,0.0,1026.2
2026-03-14T09:00,-2.1,41,-5.8,503.0,1.3,0.0,1026.4
2026-03-14T10:00,-0.9,39,-3.6,713.0,2.3,0.0,1025.7
2026-03-14T11:00,0.4,37,-1.6,838.0,3.2,0.0,1024.3
2026-03-14T12:00,0.5,39,-1.9,874.0,6.8,0.0,1023.3
2026-03-14T13:00,0.9,38,-1.1,896.0,5.5,0.0,1021.7
2026-03-14T14:00,1.1,38,-1.7,781.0,6.2,0.0,1020.5
2026-03-14T15:00,1.1,41,-3.0,566.0,6.1,0.0,1019.7
2026-03-14T16:00,0.5,52,-3.1,360.0,3.2,0.0,1019.0
2026-03-14T17:00,0.6,50,-3.0,173.0,2.7,0.0,1018.5
2026-03-14T18:00,-2.2,46,-6.0,44.0,2.6,0.0,1018.6
2026-03-14T19:00,-2.9,43,-6.5,0.0,1.0,0.0,1019.7
2026-03-14T20:00,-4.1,49,-8.1,0.0,3.5,0.0,1020.3
2026-03-14T21:00,-4.9,54,-9.1,0.0,4.8,0.0,1020.4
2026-03-14T22:00,-5.7,54,-9.9,0.0,5.2,0.0,1020.8
2026-03-14T23:00,-4.2,55,-8.2,0.0,4.3,0.0,1020.5
2026-03-15T00:00,-3.3,57,-7.5,0.0,5.9,0.0,1020.4
2026-03-15T01:00,-3.3,57,-7.2,0.0,4.0,0.0,1020.3
2026-03-15T02:00,-3.6,55,-7.6,0.0,4.1,0.0,1020.0
2026-03-15T03:00,-3.2,56,-7.0,0.0,3.9,0.0,1019.6
2026-03-15T04:00,-3.9,57,-8.2,0.0,6.2,0.0,1019.9
2026-03-15T05:00,-4.3,62,-8.3,0.0,5.2,0.0,1019.2
2026-03-15T06:00,-5.1,61,-9.5,0.0,6.8,0.0,1018.8
2026-03-15T07:00,-4.4,57,-8.6,55.0,5.6,0.0,1018.5
2026-03-15T08:00,-1.4,52,-5.3,277.0,4.2,0.0,1018.6
2026-03-15T09:00,-0.1,44,-4.2,418.0,5.2,0.0,1018.0
2026-03-15T10:00,0.6,41,-3.0,598.0,4.0,0.0,1016.3
2026-03-15T11:00,2.2,37,-0.5,802.0,6.5,0.0,1013.7
2026-03-15T12:00,2.4,37,-0.4,809.0,7.6,0.0,1011.3
2026-03-15T13:00,3.1,38,0.2,729.0,5.6,0.0,1008.6
2026-03-15T14:00,3.2,46,-0.3,468.0,2.9,0.0,1006.4
2026-03-15T15:00,2.1,45,-2.4,389.0,9.8,0.0,1006.3
2026-03-15T16:00,0.4,52,-3.7,163.0,7.0,0.1,1007.5
2026-03-15T17:00,1.2,55,-2.1,98.0,2.8,0.2,1006.6
2026-03-15T18:00,-1.8,54,-5.6,36.0,4.2,0.0,1008.0
2026-03-15T19:00,-2.4,61,-6.3,0.0,5.2,0.2,1010.0
2026-03-15T20:00,-3.2,63,-6.9,0.0,3.7,0.0,1010.6
2026-03-15T21:00,-3.2,58,-6.5,0.0,0.6,0.0,1011.7
2026-03-15T22:00,-4.6,62,-8.7,0.0,5.3,0.0,1012.0
2026-03-15T23:00,-2.9,62,-6.9,0.0,5.1,0.0,1011.8
2026-03-16T00:00,-3.3,64,-7.4,0.0,6.5,0.1,1010.8
2026-03-16T01:00,-4.2,66,-8.3,0.0,6.0,0.1,1010.2
2026-03-16T02:00,-4.2,63,-8.0,0.0,3.8,0.0,1009.8
2026-03-16T03:00,-3.8,60,-7.6,0.0,3.1,0.2,1009.8
2026-03-16T04:00,-3.9,62,-7.9,0.0,4.7,0.3,1010.1
2026-03-16T05:00,-3.5,63,-7.0,0.0,2.2,0.1,1010.9
2026-03-16T06:00,-5.1,60,-9.1,0.0,4.4,0.1,1012.0
2026-03-16T07:00,-4.0,57,-7.8,46.0,3.6,0.0,1012.9
2026-03-16T08:00,-3.4,54,-7.5,215.0,5.0,0.2,1014.2
2026-03-16T09:00,-3.2,52,-7.7,298.0,7.5,0.2,1014.1
2026-03-16T10:00,-2.6,42,-6.6,497.0,2.9,0.0,1013.4
2026-03-16T11:00,-1.4,37,-4.6,677.0,3.3,0.1,1012.0
2026-03-16T12:00,-0.4,39,-2.9,807.0,4.8,0.0,1010.3
2026-03-16T13:00,-0.9,45,-5.3,585.0,8.8,0.1,1009.7
2026-03-16T14:00,-1.1,47,-5.0,725.0,10.5,0.0,1009.7
2026-03-16T15:00,-2.2,47,-7.0,560.0,9.7,0.0,1010.8
2026-03-16T16:00,-2.6,47,-6.9,322.0,5.8,0.0,1011.1
2026-03-16T17:00,-2.7,52,-7.1,126.0,7.6,0.1,1012.2
2026-03-16T18:00,-4.2,60,-8.3,34.0,5.8,0.1,1012.4
2026-03-16T19:00,-4.6,66,-8.6,0.0,5.2,0.0,1013.1
2026-03-16T20:00,-4.9,64,-8.9,0.0,5.2,0.0,1013.9
2026-03-16T21:00,-5.2,60,-9.1,0.0,3.8,0.0,1015.0
2026-03-16T22:00,-5.7,53,-9.7,0.0,3.1,0.0,1015.6
2026-03-16T23:00,-6.2,54,-9.9,0.0,1.4,0.0,1017.0
2026-03-17T00:00,-8.0,53,-12.0,0.0,2.9,0.0,1018.0
2026-03-17T01:00,-8.3,51,-12.3,0.0,2.6,0.0,1019.4
2026-03-17T02:00,-7.8,47,-11.7,0.0,1.3,0.0,1020.4
2026-03-17T03:00,-7.1,50,-10.7,0.0,0.3,0.0,1021.3
2026-03-17T04:00,-7.7,55,-11.3,0.0,0.5,0.1,1022.1
2026-03-17T05:00,-7.6,60,-11.5,0.0,2.2,0.1,1021.4
2026-03-17T06:00,-8.9,57,-12.8,0.0,1.9,0.0,1022.0
2026-03-17T07:00,-8.2,56,-12.1,67.0,2.1,0.0,1023.5
2026-03-17T08:00,-6.3,52,-10.4,254.0,3.9,0.0,1024.8
2026-03-17T09:00,-5.9,50,-9.8,450.0,2.6,0.0,1025.1
2026-03-17T10:00,-5.1,48,-8.2,665.0,2.3,0.0,1024.2
2026-03-17T11:00,-3.8,43,-6.2,785.0,2.7,0.0,1021.8
2026-03-17T12:00,-3.2,45,-6.0,796.0,5.4,0.0,1020.6
2026-03-17T13:00,-2.8,45,-5.3,783.0,3.7,0.0,1019.8
2026-03-17T14:00,-2.6,45,-5.9,681.0,4.5,0.0,1018.6
2026-03-17T15:00,-2.9,48,-7.1,432.0,5.9,0.0,1018.6
2026-03-17T16:00,-3.1,51,-7.4,305.0,6.1,0.1,1018.8
2026-03-17T17:00,-3.2,52,-7.3,143.0,4.7,0.0,1019.4
2026-03-17T18:00,-5.1,60,-8.8,42.0,2.4,0.0,1019.4
2026-03-17T19:00,-5.2,60,-8.7,0.0,1.1,0.0,1020.0
2026-03-17T20:00,-4.8,61,-8.4,0.0,1.4,0.0,1020.7
2026-03-17T21:00,-4.7,59,-8.3,0.0,1.5,0.0,1020.8
2026-03-17T22:00,-4.8,59,-8.4,0.0,1.6,0.0,1020.7
2026-03-17T23:00,-3.7,67,-7.3,0.0,3.1,0.0,1020.8
2026-03-18T00:00,-3.6,68,-7.3,0.0,3.6,0.1,1020.3
2026-03-18T01:00,-4.2,70,-7.8,0.0,3.5,0.1,1020.5
2026-03-18T02:00,-3.7,69,-7.3,0.0,3.1,0.1,1019.9
2026-03-18T03:00,-3.8,63,-7.2,0.0,1.0,0.1,1020.2
2026-03-18T04:00,-3.9,67,-7.5,0.0,2.7,0.2,1020.2
2026-03-18T05:00,-3.7,72,-7.2,0.0,3.2,0.2,1019.9
2026-03-18T06:00,-3.8,71,-7.5,0.0,4.0,0.1,1020.3
2026-03-18T07:00,-3.4,68,-7.1,35.0,3.5,0.1,1021.1
2026-03-18T08:00,-2.7,57,-6.8,163.0,5.5,0.1,1021.6
2026-03-18T09:00,-2.5,58,-6.4,298.0,4.3,0.1,1022.1
2026-03-18T10:00,-1.7,55,-5.4,550.0,2.9,0.1,1021.4
2026-03-18T11:00,-1.1,52,-4.1,687.0,4.5,0.1,1020.2
2026-03-18T12:00,-0.6,52,-3.7,694.0,5.6,0.1,1019.2
2026-03-18T13:00,0.3,49,-1.8,792.0,3.6,0.1,1017.7
2026-03-18T14:00,1.2,49,-1.4,779.0,6.2,0.1,1015.6
2026-03-18T15:00,1.4,51,-2.7,492.0,7.6,0.0,1014.8
2026-03-18T16:00,0.9,57,-2.8,267.0,4.7,0.1,1014.7
2026-03-18T17:00,0.1,66,-3.5,123.0,5.1,0.1,1015.0
2026-03-18T18:00,-1.0,69,-4.9,27.0,7.2,0.2,1015.4
2026-03-18T19:00,-1.4,73,-4.9,0.0,4.4,0.2,1016.3
2026-03-18T20:00,-1.2,71,-4.5,0.0,3.0,0.1,1017.1
2026-03-18T21:00,-1.4,68,-5.0,0.0,4.8,0.0,1017.1
2026-03-18T22:00,-1.2,67,-4.9,0.0,5.0,0.0,1016.7
2026-03-18T23:00,-1.5,64,-4.9,0.0,2.4,0.0,1016.2
2026-03-19T00:00,-0.9,67,-4.5,0.0,4.6,0.0,1016.3
2026-03-19T01:00,-1.4,62,-5.2,0.0,5.4,0.0,1016.6
2026-03-19T02:00,-1.8,61,-5.9,0.0,6.3,0.0,1016.1
2026-03-19T03:00,-1.6,64,-5.4,0.0,5.0,0.0,1015.9
2026-03-19T04:00,-1.4,57,-5.0,0.0,3.1,0.0,1016.0
2026-03-19T05:00,-2.6,65,-6.5,0.0,5.1,0.0,1015.8
2026-03-19T06:00,-3.1,60,-7.2,0.0,6.1,0.0,1015.6
2026-03-19T07:00,-1.8,59,-5.8,57.0,6.1,0.1,1016.2
2026-03-19T08:00,0.2,53,-3.6,233.0,5.1,0.0,1017.4
2026-03-19T09:00,0.3,52,-4.1,457.0,8.5,0.0,1018.1
2026-03-19T10:00,1.2,50,-2.5,678.0,9.2,0.0,1017.7
2026-03-19T11:00,1.4,48,-2.1,659.0,6.9,0.0,1017.1
2026-03-19T12:00,1.8,47,-0.8,833.0,8.2,0.0,1016.1
2026-03-19T13:00,2.8,46,0.8,912.0,7.5,0.0,1014.2
2026-03-19T14:00,2.8,49,-0.2,733.0,7.3,0.0,1012.9
2026-03-19T15:00,2.3,51,-1.6,473.0,5.9,0.0,1012.8
2026-03-19T16:00,1.7,53,-2.3,337.0,7.6,0.0,1012.9
2026-03-19T17:00,1.1,59,-2.4,140.0,4.1,0.0,1012.7
2026-03-19T18:00,-0.3,62,-4.4,35.0,8.1,0.0,1013.4
2026-03-19T19:00,-1.1,67,-4.8,0.0,4.9,0.0,1013.4
2026-03-19T20:00,-1.2,65,-5.2,0.0,6.9,0.0,1014.3
2026-03-19T21:00,-1.4,67,-5.1,0.0,5.7,0.1,1014.2
2026-03-19T22:00,-2.0,68,-5.9,0.0,6.2,0.1,1014.6
2026-03-19T23:00,-1.8,67,-5.5,0.0,4.6,0.1,1013.5
2026-03-20T00:00,-2.4,65,-6.4,0.0,5.9,0.1,1012.0
2026-03-20T01:00,-2.5,64,-6.3,0.0,4.5,0.0,1011.6
2026-03-20T02:00,-4.0,59,-8.1,0.0,5.7,0.0,1011.2
2026-03-20T03:00,-1.6,62,-5.4,0.0,5.0,0.0,1010.0
2026-03-20T04:00,-2.4,60,-6.3,0.0,5.2,0.0,1009.1
2026-03-20T05:00,-2.6,60,-6.2,0.0,3.1,0.0,1008.3
2026-03-20T06:00,-3.2,63,-7.2,0.0,5.6,0.0,1008.5
2026-03-20T07:00,-2.4,64,-6.5,42.0,6.8,0.1,1009.9
2026-03-20T08:00,-0.7,65,-4.5,151.0,6.4,0.4,1011.1
2026-03-20T09:00,-0.0,61,-4.2,287.0,8.1,0.7,1011.3
2026-03-20T10:00,0.6,59,-3.6,492.0,8.5,0.5,1011.4
2026-03-20T11:00,1.3,55,-2.0,638.0,6.5,0.2,1009.9
2026-03-20T12:00,1.5,56,-1.8,725.0,9.5,0.2,1009.0
2026-03-20T13:00,1.2,55,-1.6,661.0,3.8,0.1,1008.5
2026-03-20T14:00,0.7,63,-2.9,577.0,6.6,0.4,1008.9
2026-03-20T15:00,0.5,65,-2.7,447.0,2.6,0.4,1009.1
2026-03-20T16:00,-0.1,71,-3.6,255.0,4.8,0.3,1009.9
2026-03-20T17:00,-0.5,74,-3.5,125.0,1.9,0.4,1010.0
2026-03-20T18:00,-1.9,74,-5.5,37.0,4.7,0.3,1010.8
2026-03-20T19:00,-2.5,72,-6.1,0.0,4.8,0.2,1010.7
2026-03-20T20:00,-2.9,69,-6.5,0.0,3.7,0.1,1011.4
2026-03-20T21:00,-3.5,67,-7.2,0.0,4.2,0.1,1012.3
2026-03-20T22:00,-3.7,65,-7.5,0.0,4.5,0.1,1013.2
2026-03-20T23:00,-3.9,64,-7.6,0.0,3.2,0.1,1013.0
2026-03-21T00:00,-4.5,60,-8.6,0.0,5.3,0.0,1012.3
2026-03-21T01:00,-4.2,58,-8.2,0.0,4.1,0.0,1011.9
2026-03-21T02:00,-3.8,57,-7.8,0.0,4.6,0.1,1012.1
2026-03-21T03:00,-3.1,56,-6.8,0.0,2.7,0.1,1013.2
2026-03-21T04:00,-4.0,58,-7.7,0.0,3.1,0.1,1013.7
2026-03-21T05:00,-4.3,56,-8.0,0.0,2.7,0.0,1013.7
2026-03-21T06:00,-4.0,55,-7.8,0.0,2.9,0.0,1015.0
2026-03-21T07:00,-3.3,56,-6.9,67.0,1.6,0.0,1016.8
2026-03-21T08:00,-2.8,57,-6.9,256.0,5.7,0.0,1018.6
2026-03-21T09:00,-3.0,58,-7.2,478.0,6.3,0.0,1020.1
2026-03-21T10:00,-2.6,57,-5.6,698.0,4.5,0.0,1020.7
2026-03-21T11:00,-1.6,55,-3.5,831.0,3.5,0.0,1020.4
2026-03-21T12:00,-1.0,53,-2.8,876.0,4.6,0.0,1020.3
2026-03-21T13:00,-0.5,49,-1.7,914.0,2.6,0.0,1019.6
2026-03-21T14:00,-0.1,47,-1.7,844.0,2.4,0.0,1018.6
2026-03-21T15:00,0.3,44,-2.8,648.0,3.5,0.0,1018.1
2026-03-21T16:00,0.2,49,-3.4,462.0,2.8,0.0,1017.8
2026-03-21T17:00,-0.5,48,-4.1,234.0,2.0,0.0,1017.4
2026-03-21T18:00,-2.8,47,-6.5,63.0,1.7,0.0,1017.8
2026-03-21T19:00,-4.0,47,-7.7,0.0,1.8,0.0,1018.6
2026-03-21T20:00,-4.8,47,-8.7,0.0,2.6,0.0,1019.8
2026-03-21T21:00,-4.5,44,-8.2,0.0,0.4,0.0,1021.1
2026-03-21T22:00,-5.0,45,-8.7,0.0,1.4,0.0,1021.9
2026-03-21T23:00,-4.4,48,-8.1,0.0,1.5,0.0,1022.3
2026-03-22T00:00,-4.6,49,-8.5,0.0,2.5,0.0,1022.8
2026-03-22T01:00,-5.9,50,-9.9,0.0,2.8,0.0,1023.4
2026-03-22T02:00,-5.8,54,-9.9,0.0,4.2,0.0,1023.7
2026-03-22T03:00,-5.5,54,-9.5,0.0,3.5,0.0,1024.1
2026-03-22T04:00,-6.2,53,-10.0,0.0,1.7,0.0,1024.4
2026-03-22T05:00,-6.6,54,-10.2,0.0,0.8,0.0,1024.0
2026-03-22T06:00,-7.6,55,-11.6,0.0,2.7,0.0,1024.8
2026-03-22T07:00,-5.5,55,-9.4,91.0,2.5,0.0,1026.1
2026-03-22T08:00,-3.7,47,-7.8,305.0,4.7,0.0,1026.9
2026-03-22T09:00,-3.7,48,-7.5,570.0,3.4,0.0,1027.5
2026-03-22T10:00,-3.1,49,-5.6,777.0,3.5,0.0,1027.7
2026-03-22T11:00,-1.6,45,-2.5,928.0,1.0,0.0,1025.7
2026-03-22T12:00,-1.0,46,-1.8,1003.0,3.1,0.0,1024.5
2026-03-22T13:00,-0.6,47,-1.3,997.0,2.8,0.0,1023.6
2026-03-22T14:00,-0.2,50,-1.4,908.0,2.5,0.0,1022.5
2026-03-22T15:00,-0.1,52,-2.3,743.0,2.6,0.0,1021.8
2026-03-22T16:00,-0.4,63,-3.6,539.0,2.3,0.0,1021.4
2026-03-22T17:00,-0.9,54,-4.1,309.0,0.8,0.0,1020.8
2026-03-22T18:00,-3.5,54,-7.0,66.0,0.6,0.0,1020.5
2026-03-22T19:00,-4.7,52,-8.4,0.0,1.5,0.0,1021.0
2026-03-22T20:00,-4.6,46,-8.5,0.0,2.4,0.0,1021.9
2026-03-22T21:00,-4.4,41,-8.3,0.0,2.0,0.0,1022.1
2026-03-22T22:00,-4.7,37,-8.7,0.0,2.0,0.0,1022.0
2026-03-22T23:00,-4.3,41,-8.4,0.0,2.9,0.0,1020.4
2026-03-23T00:00,-4.3,42,-8.5,0.0,4.4,0.0,1019.6
2026-03-23T01:00,-3.2,43,-7.2,0.0,3.5,0.0,1019.9
2026-03-23T02:00,-2.9,44,-6.8,0.0,3.3,0.0,1019.7
2026-03-23T03:00,-3.4,42,-7.3,0.0,2.2,0.0,1019.8
2026-03-23T04:00,-4.4,45,-8.6,0.0,4.2,0.0,1019.7
2026-03-23T05:00,-5.0,45,-9.0,0.0,2.9,0.0,1019.2
2026-03-23T06:00,-6.0,49,-10.3,0.0,4.9,0.0,1019.9
2026-03-23T07:00,-4.7,51,-8.7,99.0,3.6,0.0,1021.5
2026-03-23T08:00,-2.3,52,-6.1,334.0,3.0,0.0,1022.0
2026-03-23T09:00,-1.9,45,-5.9,544.0,3.8,0.0,1022.5
2026-03-23T10:00,-1.0,44,-3.2,741.0,1.4,0.0,1022.1
2026-03-23T11:00,0.3,41,-1.6,877.0,4.7,0.0,1020.9
2026-03-23T12:00,0.6,41,-0.7,967.0,4.5,0.0,1019.7
2026-03-23T13:00,1.1,40,0.0,979.0,3.7,0.0,1018.2
2026-03-23T14:00,1.4,38,0.3,903.0,1.1,0.0,1016.4
2026-03-23T15:00,1.7,37,-0.7,733.0,1.5,0.0,1015.6
2026-03-23T16:00,1.6,39,-1.8,452.0,0.4,0.0,1014.9
2026-03-23T17:00,0.7,45,-2.6,230.0,0.5,0.0,1014.8
2026-03-23T18:00,-1.5,43,-5.0,65.0,0.4,0.0,1015.1
2026-03-23T19:00,-3.7,47,-7.7,0.0,3.7,0.0,1015.7
2026-03-23T20:00,-4.0,46,-7.8,0.0,1.7,0.0,1017.0
2026-03-23T21:00,-4.2,44,-8.1,0.0,2.3,0.0,1018.1
2026-03-23T22:00,-3.7,45,-7.6,0.0,2.5,0.0,1018.3
2026-03-23T23:00,-2.8,52,-6.5,0.0,2.8,0.0,1018.1
2026-03-24T00:00,-4.0,53,-7.8,0.0,2.7,0.0,1018.3
2026-03-24T01:00,-4.2,57,-7.9,0.0,2.4,0.1,1019.5
2026-03-24T02:00,-4.5,61,-8.2,0.0,2.8,0.1,1019.8
2026-03-24T03:00,-4.7,57,-8.2,0.0,0.8,0.0,1020.0
2026-03-24T04:00,-4.2,64,-7.5,0.0,0.9,0.0,1020.8
2026-03-24T05:00,-4.4,72,-7.8,0.0,2.2,0.0,1021.7
2026-03-24T06:00,-4.7,73,-8.3,1.0,3.1,0.1,1022.0
2026-03-24T07:00,-4.4,73,-7.9,81.0,2.4,0.0,1023.3
2026-03-24T08:00,-3.8,66,-7.5,247.0,3.1,0.0,1023.9
2026-03-24T09:00,-3.4,68,-6.8,491.0,2.0,0.0,1024.5
2026-03-24T10:00,-2.7,66,-5.5,615.0,0.6,0.0,1024.5
2026-03-24T11:00,-2.4,70,-3.9,868.0,4.2,0.0,1023.8
2026-03-24T12:00,-1.7,66,-2.6,920.0,2.5,0.0,1022.6
2026-03-24T13:00,-0.9,62,-1.9,912.0,2.7,0.0,1021.5
2026-03-24T14:00,-0.5,63,-2.6,830.0,6.1,0.0,1020.5
2026-03-24T15:00,-0.3,61,-3.6,645.0,5.9,0.0,1020.1
2026-03-24T16:00,-0.2,53,-3.4,446.0,0.6,0.0,1019.6
2026-03-24T17:00,-0.4,64,-3.4,233.0,0.6,0.0,1019.8
2026-03-24T18:00,-2.8,63,-6.2,72.0,1.3,0.0,1020.6
2026-03-24T19:00,-4.8,69,-8.1,0.0,0.4,0.0,1021.9
2026-03-24T20:00,-6.0,72,-9.3,0.0,0.2,0.0,1023.5
2026-03-24T21:00,-6.6,71,-10.0,0.0,0.3,0.0,1024.5
2026-03-24T22:00,-7.2,70,-10.7,0.0,1.0,0.0,1025.3
2026-03-24T23:00,-5.5,69,-8.8,0.0,0.7,0.0,1025.0
2026-03-25T00:00,-6.4,68,-10.2,0.0,2.9,0.0,1025.0
2026-03-25T01:00,-7.0,60,-11.0,0.0,3.7,0.0,1024.5
2026-03-25T02:00,-7.6,51,-11.5,0.0,1.8,0.0,1024.2
2026-03-25T03:00,-7.7,47,-11.8,0.0,3.1,0.0,1024.3
2026-03-25T04:00,-6.6,45,-10.5,0.0,1.3,0.0,1024.5
2026-03-25T05:00,-5.5,47,-9.3,0.0,1.5,0.0,1023.6
2026-03-25T06:00,-7.3,43,-11.4,1.0,2.3,0.0,1024.4
2026-03-25T07:00,-5.7,44,-9.6,110.0,1.9,0.0,1025.8
2026-03-25T08:00,-3.1,37,-7.1,352.0,2.7,0.0,1026.8
2026-03-25T09:00,-2.5,40,-6.2,594.0,3.0,0.0,1027.0
2026-03-25T10:00,-1.8,43,-3.9,798.0,2.4,0.0,1026.5
2026-03-25T11:00,-0.4,39,-1.8,943.0,3.7,0.0,1025.1
2026-03-25T12:00,0.2,37,-1.1,1015.0,5.7,0.0,1023.9
2026-03-25T13:00,0.8,35,-0.5,1009.0,4.9,0.0,1022.5
2026-03-25T14:00,1.2,33,-0.7,925.0,5.5,0.0,1021.5
2026-03-25T15:00,1.4,32,-1.5,770.0,5.5,0.0,1021.1
2026-03-25T16:00,1.1,43,-2.6,560.0,3.5,0.0,1020.6
2026-03-25T17:00,0.6,40,-3.1,316.0,2.3,0.0,1020.0
2026-03-25T18:00,-2.6,33,-6.5,84.0,1.3,0.0,1020.2
2026-03-25T19:00,-4.2,33,-8.1,0.0,1.0,0.0,1021.4
2026-03-25T20:00,-4.6,33,-8.7,0.0,2.6,0.0,1022.5
2026-03-25T21:00,-3.7,34,-7.6,0.0,1.5,0.0,1023.1
2026-03-25T22:00,-3.0,35,-7.0,0.0,1.9,0.0,1023.4
2026-03-25T23:00,-1.8,38,-5.8,0.0,2.7,0.0,1022.9
2026-03-26T00:00,-2.4,39,-6.5,0.0,3.3,0.0,1022.6
2026-03-26T01:00,-1.6,38,-5.4,0.0,1.9,0.0,1022.9
2026-03-26T02:00,-2.4,41,-6.5,0.0,3.7,0.0,1022.5
2026-03-26T03:00,-2.2,40,-6.0,0.0,1.7,0.0,1022.8
2026-03-26T04:00,-3.1,43,-7.1,0.0,3.2,0.0,1022.9
2026-03-26T05:00,-1.6,49,-5.1,0.0,1.8,0.0,1023.7
2026-03-26T06:00,-3.0,53,-6.9,1.0,3.7,0.0,1024.3
2026-03-26T07:00,-1.8,56,-5.4,89.0,3.1,0.0,1025.3
2026-03-26T08:00,-0.7,48,-4.7,306.0,5.1,0.0,1026.0
2026-03-26T09:00,-0.2,48,-4.0,508.0,4.0,0.0,1026.3
2026-03-26T10:00,0.6,46,-1.5,769.0,2.0,0.0,1025.9
2026-03-26T11:00,1.5,43,0.6,922.0,1.5,0.0,1025.3
2026-03-26T12:00,2.1,43,1.6,996.0,2.4,0.0,1024.0
2026-03-26T13:00,2.7,42,2.2,1005.0,2.5,0.0,1022.9
2026-03-26T14:00,3.0,43,1.9,893.0,2.2,0.0,1022.0
2026-03-26T15:00,3.1,49,1.4,744.0,0.8,0.0,1021.1
2026-03-26T16:00,3.0,56,0.1,523.0,0.6,0.0,1020.4
2026-03-26T17:00,3.1,54,0.2,285.0,0.7,0.0,1019.7
2026-03-26T18:00,-0.0,49,-3.5,75.0,1.6,0.0,1019.6
2026-03-26T19:00,-1.6,52,-5.2,0.0,1.9,0.0,1021.0
2026-03-26T20:00,-2.0,56,-5.8,0.0,3.7,0.0,1022.0
2026-03-26T21:00,-1.8,56,-5.2,0.0,1.2,0.0,1023.1
2026-03-26T22:00,-2.3,54,-5.8,0.0,1.7,0.0,1023.4
2026-03-26T23:00,-1.1,55,-4.5,0.0,1.3,0.0,1022.2
2026-03-27T00:00,-3.1,54,-6.8,0.0,2.4,0.0,1021.8
2026-03-27T01:00,-3.6,55,-7.4,0.0,3.2,0.0,1021.3
2026-03-27T02:00,-3.7,52,-7.4,0.0,1.9,0.0,1021.3
2026-03-27T03:00,-2.1,52,-5.6,0.0,1.4,0.0,1021.4
2026-03-27T04:00,-2.5,52,-6.1,0.0,1.5,0.0,1021.3
2026-03-27T05:00,-1.6,56,-4.9,0.0,0.7,0.0,1019.8
2026-03-27T06:00,-3.3,59,-6.8,1.0,2.1,0.0,1021.1
2026-03-27T07:00,-2.6,60,-6.0,69.0,2.0,0.0,1022.6
2026-03-27T08:00,-1.0,58,-4.6,289.0,3.3,0.0,1023.1
2026-03-27T09:00,0.2,52,-3.5,559.0,4.3,0.0,1023.2
2026-03-27T10:00,1.0,50,-1.1,773.0,3.5,0.0,1022.2
2026-03-27T11:00,1.9,48,1.2,915.0,0.8,0.0,1020.5
2026-03-27T12:00,3.8,41,3.7,987.0,0.2,0.0,1018.9
2026-03-27T13:00,4.5,37,3.8,959.0,1.7,0.0,1017.5
2026-03-27T14:00,4.7,36,3.3,846.0,1.8,0.0,1016.3
2026-03-27T15:00,4.6,35,2.0,683.0,2.3,0.0,1015.2
2026-03-27T16:00,4.4,37,0.5,479.0,4.6,0.0,1014.9
2026-03-27T17:00,3.7,40,-0.1,243.0,4.9,0.2,1014.9
2026-03-27T18:00,1.7,48,-1.7,65.0,1.8,0.0,1015.7
2026-03-27T19:00,0.1,55,-3.1,0.0,0.6,0.0,1017.0
2026-03-27T20:00,-1.5,60,-5.1,0.0,3.5,0.5,1018.4
2026-03-27T21:00,-4.0,67,-7.8,0.0,4.1,1.0,1019.4
2026-03-27T22:00,-4.5,61,-8.2,0.0,2.7,2.0,1020.0
2026-03-27T23:00,-2.9,70,-6.1,0.0,1.5,0.0,1020.5
2026-03-28T00:00,-3.8,69,-7.3,0.0,2.3,0.6,1020.6
2026-03-28T01:00,-3.6,67,-7.1,0.0,2.6,0.0,1020.8
2026-03-28T02:00,-4.0,65,-7.4,0.0,1.0,0.0,1020.6
2026-03-28T03:00,-4.6,66,-7.9,0.0,0.5,0.0,1020.7
2026-03-28T04:00,-4.5,69,-7.8,0.0,0.5,0.0,1021.2
2026-03-28T05:00,-3.2,72,-6.3,0.0,0.5,0.1,1020.5
2026-03-28T06:00,-3.7,74,-7.0,2.0,1.9,0.1,1021.7
2026-03-28T07:00,-2.8,62,-6.4,107.0,2.8,0.0,1022.7
2026-03-28T08:00,-2.0,52,-5.8,337.0,3.3,0.0,1022.8
2026-03-28T09:00,-0.4,44,-4.1,579.0,3.9,0.0,1022.2
2026-03-28T10:00,1.0,44,-1.2,784.0,3.7,0.0,1021.2
2026-03-28T11:00,1.5,45,0.7,914.0,1.3,0.0,1019.5
2026-03-28T12:00,3.6,38,3.0,967.0,1.3,0.0,1017.8
2026-03-28T13:00,4.2,36,3.4,963.0,2.3,0.0,1016.6
2026-03-28T14:00,4.5,35,3.2,852.0,1.4,0.0,1015.3
2026-03-28T15:00,4.7,33,2.3,713.0,2.0,0.0,1014.6
2026-03-28T16:00,4.6,31,1.0,522.0,2.0,0.0,1014.3
2026-03-28T17:00,4.5,30,0.8,292.0,1.8,0.0,1012.8
2026-03-28T18:00,2.2,35,-1.2,79.0,0.7,0.0,1013.4
2026-03-28T19:00,1.5,37,-1.9,0.0,0.0,0.0,1014.3
2026-03-28T20:00,1.3,37,-2.4,0.0,2.0,0.0,1015.1
2026-03-28T21:00,-0.6,41,-4.5,0.0,3.3,0.0,1015.9
2026-03-28T22:00,-0.8,41,-5.1,0.0,5.9,0.0,1015.9
2026-03-28T23:00,-0.2,41,-4.0,0.0,2.9,0.0,1015.5
2026-03-29T00:00,-0.2,42,-4.2,0.0,4.7,0.0,1015.1
2026-03-29T01:00,0.8,38,-2.8,0.0,1.8,0.0,1014.7
2026-03-29T02:00,0.4,38,-3.6,0.0,4.3,0.0,1014.2
2026-03-29T03:00,0.6,38,-3.1,0.0,1.5,0.0,1013.5
2026-03-29T04:00,0.8,37,-3.4,0.0,5.1,0.0,1013.5
2026-03-29T05:00,0.6,44,-3.1,0.0,3.3,0.0,1012.1
2026-03-29T06:00,0.3,47,-3.5,2.0,4.0,0.0,1011.3
2026-03-29T07:00,2.6,43,-1.7,88.0,8.1,0.0,1013.1
2026-03-29T08:00,4.0,48,-0.1,118.0,8.4,0.1,1014.1
2026-03-29T09:00,4.1,41,-0.3,219.0,9.5,0.2,1015.0
2026-03-29T10:00,4.0,45,0.2,305.0,5.8,0.2,1016.2
2026-03-29T11:00,3.3,51,-0.4,306.0,5.5,0.4,1016.9
2026-03-29T12:00,3.3,52,-0.5,292.0,6.6,0.3,1017.3
2026-03-29T13:00,3.0,58,-0.8,267.0,7.0,0.2,1017.4
2026-03-29T14:00,4.3,55,0.9,524.0,5.2,0.2,1016.1
2026-03-29T15:00,5.2,50,2.1,678.0,7.8,0.0,1014.8
2026-03-29T16:00,5.3,48,1.4,519.0,8.3,0.0,1014.2
2026-03-29T17:00,5.1,49,1.2,278.0,7.7,0.0,1014.4
2026-03-29T18:00,1.7,60,-1.9,83.0,5.1,0.0,1015.4
2026-03-29T19:00,0.7,60,-2.4,0.0,1.2,0.0,1016.8
2026-03-29T20:00,0.1,60,-3.3,0.0,2.7,0.0,1018.4
2026-03-29T21:00,0.2,56,-3.4,0.0,4.3,0.0,1018.7
2026-03-29T22:00,0.7,50,-3.0,0.0,3.9,0.0,1018.5
2026-03-29T23:00,1.2,50,-2.1,0.0,1.6,0.0,1018.7
2026-03-30T00:00,1.3,48,-2.3,0.0,3.3,0.0,1018.7
2026-03-30T01:00,1.0,45,-2.9,0.0,4.5,0.0,1019.2
2026-03-30T02:00,-0.1,47,-4.0,0.0,4.6,0.0,1019.3
2026-03-30T03:00,0.1,48,-3.8,0.0,4.6,0.0,1019.3
2026-03-30T04:00,-0.5,49,-3.9,0.0,1.3,0.0,1018.4
2026-03-30T05:00,0.8,46,-2.8,0.0,2.6,0.0,1018.4
2026-03-30T06:00,0.4,46,-3.6,2.0,4.8,0.0,1018.8
2026-03-30T07:00,1.9,47,-2.5,73.0,8.9,0.0,1019.6
2026-03-30T08:00,4.1,41,0.4,243.0,4.8,0.0,1019.6
2026-03-30T09:00,5.2,30,1.0,522.0,6.6,0.0,1019.8
2026-03-30T10:00,6.1,28,2.9,733.0,7.3,0.0,1019.4
2026-03-30T11:00,7.1,25,4.9,865.0,5.7,0.0,1017.7
2026-03-30T12:00,8.3,24,5.4,870.0,9.9,0.0,1016.8
2026-03-30T13:00,9.0,23,6.7,937.0,8.8,0.0,1015.5
2026-03-30T14:00,9.2,22,6.1,816.0,9.4,0.0,1014.5
2026-03-30T15:00,8.9,23,4.4,614.0,10.7,0.0,1013.5
2026-03-30T16:00,8.1,25,3.4,306.0,9.8,0.0,1013.3
2026-03-30T17:00,7.8,26,4.1,150.0,2.9,0.0,1012.8
2026-03-30T18:00,5.2,36,1.0,44.0,7.2,0.0,1012.4
2026-03-30T19:00,3.6,45,-0.4,0.0,6.8,0.0,1013.6
2026-03-30T20:00,3.2,45,-0.9,0.0,7.7,0.0,1014.6
2026-03-30T21:00,2.4,47,-1.7,0.0,7.0,0.0,1014.9
2026-03-30T22:00,1.4,48,-2.8,0.0,7.4,0.0,1014.3
2026-03-30T23:00,0.4,47,-3.5,0.0,5.0,0.0,1012.0
2026-03-31T00:00,0.3,49,-3.9,0.0,7.2,0.0,1011.9
2026-03-31T01:00,0.5,49,-3.6,0.0,6.8,0.0,1013.2
2026-03-31T02:00,1.6,41,-2.3,0.0,4.6,0.0,1014.3
2026-03-31T03:00,1.2,41,-2.7,0.0,4.4,0.0,1015.6
2026-03-31T04:00,0.3,47,-3.5,0.0,4.3,0.0,1016.9
2026-03-31T05:00,-0.2,45,-3.9,0.0,2.7,0.0,1016.6
2026-03-31T06:00,-0.5,44,-4.5,4.0,4.6,0.0,1017.8
2026-03-31T07:00,2.3,36,-2.1,120.0,7.3,0.0,1019.7
2026-03-31T08:00,2.8,36,-1.2,340.0,4.7,0.0,1020.7
2026-03-31T09:00,3.8,36,0.1,584.0,4.8,0.0,1020.5
2026-03-31T10:00,4.7,33,2.2,746.0,3.6,0.0,1020.2
2026-03-31T11:00,4.7,29,3.1,872.0,2.4,0.0,1019.4
2026-03-31T12:00,6.0,29,4.5,939.0,4.4,0.0,1018.9
2026-03-31T13:00,6.4,29,4.3,899.0,7.0,0.0,1017.7
2026-03-31T14:00,6.4,27,3.7,800.0,6.0,0.0,1016.7
2026-03-31T15:00,6.2,25,2.5,619.0,5.4,0.0,1015.8
2026-03-31T16:00,6.2,23,1.9,532.0,5.7,0.0,1015.2
2026-03-31T17:00,5.0,27,1.1,273.0,3.2,0.0,1015.7
2026-03-31T18:00,2.8,32,-0.8,87.0,0.9,0.0,1015.3
2026-03-31T19:00,-0.2,40,-4.1,0.0,3.3,0.0,1015.4
2026-03-31T20:00,-1.6,42,-5.7,0.0,4.0,0.0,1016.3
2026-03-31T21:00,-2.0,41,-6.2,0.0,4.8,0.0,1017.5
2026-03-31T22:00,-2.1,39,-6.3,0.0,4.5,0.0,1017.8
2026-03-31T23:00,-1.0,34,-5.1,0.0,3.8,0.0,1017.0
2026-04-01T00:00,-1.6,36,-5.7,0.0,4.2,0.0,1016.7
2026-04-01T01:00,-1.6,35,-5.4,0.0,1.9,0.0,1017.3
2026-04-01T02:00,-1.1,32,-5.3,0.0,4.0,0.0,1017.9
2026-04-01T03:00,-1.7,34,-5.9,0.0,4.1,0.0,1017.3
2026-04-01T04:00,-1.5,34,-5.3,0.0,1.7,0.0,1017.5
2026-04-01T05:00,-0.6,33,-4.4,0.0,1.7,0.0,1017.1
2026-04-01T06:00,-1.3,35,-5.3,4.0,2.7,0.0,1018.0
2026-04-01T07:00,1.6,31,-2.6,122.0,4.8,0.0,1019.7
2026-04-01T08:00,2.8,27,-1.4,365.0,4.9,0.0,1020.3
2026-04-01T09:00,4.0,26,0.1,573.0,4.2,0.0,1020.4
2026-04-01T10:00,5.2,26,2.4,778.0,5.1,0.0,1019.8
2026-04-01T11:00,5.3,26,4.0,937.0,2.6,0.0,1019.2
2026-04-01T12:00,6.7,24,5.8,1003.0,2.9,0.0,1018.1
2026-04-01T13:00,7.3,24,5.9,944.0,3.6,0.0,1016.9
2026-04-01T14:00,7.2,24,5.2,825.0,3.1,0.0,1016.3
2026-04-01T15:00,7.4,24,4.0,643.0,4.3,0.0,1015.4
2026-04-01T16:00,7.1,25,3.0,461.0,5.2,0.0,1015.0
2026-04-01T17:00,5.9,28,1.8,247.0,5.3,0.0,1015.9
2026-04-01T18:00,3.6,34,-0.0,87.0,2.3,0.0,1016.9
2026-04-01T19:00,2.3,35,-1.2,0.0,1.0,0.0,1018.3
2026-04-01T20:00,0.5,40,-2.9,0.0,0.5,0.0,1019.5
2026-04-01T21:00,-0.2,40,-4.3,0.0,4.4,0.0,1020.9
2026-04-01T22:00,-1.0,42,-5.1,0.0,4.9,0.0,1020.9
2026-04-01T23:00,-0.8,43,-4.6,0.0,3.0,0.0,1020.8
2026-04-02T00:00,-1.9,47,-5.9,0.0,4.8,0.0,1020.6
2026-04-02T01:00,-2.4,48,-6.2,0.0,2.7,0.0,1021.0
2026-04-02T02:00,-2.3,47,-6.3,0.0,4.1,0.0,1021.2
2026-04-02T03:00,-2.1,46,-6.0,0.0,3.4,0.0,1021.6
2026-04-02T04:00,-1.5,43,-5.2,0.0,2.1,0.0,1021.7
2026-04-02T05:00,-1.7,46,-5.5,0.0,2.8,0.0,1020.8
2026-04-02T06:00,-1.1,43,-4.9,5.0,3.1,0.0,1022.3
2026-04-02T07:00,1.4,36,-2.8,115.0,5.2,0.0,1024.1
2026-04-02T08:00,2.7,33,-1.6,328.0,6.1,0.0,1024.1
2026-04-02T09:00,4.0,31,-0.2,485.0,6.0,0.0,1023.8
2026-04-02T10:00,5.0,29,1.1,538.0,4.1,0.0,1023.0
2026-04-02T11:00,6.0,29,3.7,754.0,2.7,0.0,1021.8
2026-04-02T12:00,7.5,28,5.6,873.0,5.0,0.0,1020.9
2026-04-02T13:00,8.4,27,6.7,930.0,5.7,0.0,1019.7
2026-04-02T14:00,8.7,27,6.9,830.0,3.1,0.0,1018.5
2026-04-02T15:00,8.8,27,6.3,659.0,0.4,0.0,1017.5
2026-04-02T16:00,8.8,27,5.4,507.0,1.5,0.0,1016.7
2026-04-02T17:00,8.4,27,4.8,303.0,2.3,0.0,1017.5
2026-04-02T18:00,5.4,37,2.3,96.0,0.4,0.0,1017.9
2026-04-02T19:00,2.8,40,-0.5,1.0,0.3,0.0,1018.7
2026-04-02T20:00,1.6,43,-2.1,0.0,3.2,0.0,1020.0
2026-04-02T21:00,0.2,44,-3.6,0.0,3.9,0.0,1020.9
2026-04-02T22:00,-0.2,44,-4.2,0.0,4.3,0.0,1021.5
2026-04-02T23:00,0.9,41,-2.9,0.0,3.4,0.0,1020.5
2026-04-03T00:00,-0.2,42,-4.2,0.0,4.8,0.0,1020.2
2026-04-03T01:00,-0.3,40,-4.2,0.0,3.4,0.0,1020.5
2026-04-03T02:00,-0.3,39,-4.4,0.0,4.5,0.0,1020.8
2026-04-03T03:00,0.3,37,-3.7,0.0,3.4,0.0,1021.3
2026-04-03T04:00,1.1,36,-3.0,0.0,4.4,0.0,1021.4
2026-04-03T05:00,1.5,37,-2.0,0.0,1.4,0.0,1020.5
2026-04-03T06:00,0.3,40,-3.5,7.0,3.3,0.0,1021.2
2026-04-03T07:00,3.6,34,-0.1,125.0,3.1,0.0,1022.2
2026-04-03T08:00,4.8,30,0.9,348.0,3.4,0.0,1022.1
2026-04-03T09:00,6.2,26,2.6,568.0,1.9,0.0,1020.9
2026-04-03T10:00,8.2,22,6.0,775.0,2.0,0.0,1019.2
2026-04-03T11:00,9.0,22,6.8,857.0,5.4,0.0,1016.8
2026-04-03T12:00,10.2,21,7.3,820.0,8.4,0.0,1014.6
2026-04-03T13:00,10.9,22,8.0,830.0,8.8,0.0,1012.7
2026-04-03T14:00,11.6,22,8.1,728.0,9.1,0.0,1010.5
2026-04-03T15:00,11.0,23,6.6,402.0,8.5,0.0,1009.3
2026-04-03T16:00,10.4,25,6.0,303.0,8.6,0.0,1009.0
2026-04-03T17:00,7.6,45,4.1,199.0,6.2,0.0,1011.3
2026-04-03T18:00,5.2,62,2.7,54.0,1.0,2.2,1014.0
2026-04-03T19:00,1.5,76,-1.9,1.0,6.5,1.2,1016.9
2026-04-03T20:00,1.2,74,-1.9,0.0,4.0,0.4,1017.3
2026-04-03T21:00,1.5,65,-1.3,0.0,1.0,0.0,1016.3
2026-04-03T22:00,0.8,66,-2.7,0.0,5.6,0.0,1017.9
2026-04-03T23:00,2.1,57,-1.0,0.0,2.2,0.0,1016.8
2026-04-04T00:00,0.5,55,-3.0,0.0,2.7,0.0,1016.5
2026-04-04T01:00,-1.4,52,-5.6,0.0,6.9,0.0,1015.5
2026-04-04T02:00,-1.2,47,-5.2,0.0,4.2,0.0,1015.7
2026-04-04T03:00,-0.9,45,-4.9,0.0,4.4,0.0,1016.2
2026-04-04T04:00,-1.6,47,-5.7,0.0,5.0,0.0,1016.1
2026-04-04T05:00,1.6,35,-2.1,0.0,2.0,0.0,1014.2
2026-04-04T06:00,1.0,35,-3.2,4.0,4.8,0.0,1016.8
2026-04-04T07:00,3.4,35,-1.6,78.0,11.4,0.0,1017.7
2026-04-04T08:00,4.3,33,-0.6,262.0,11.7,0.0,1017.2
2026-04-04T09:00,6.0,27,1.5,426.0,7.6,0.0,1015.8
2026-04-04T10:00,7.0,25,3.5,601.0,3.1,0.0,1014.7
2026-04-04T11:00,8.5,21,5.2,723.0,6.8,0.0,1012.0
2026-04-04T12:00,9.6,21,6.0,705.0,7.7,0.0,1010.5
2026-04-04T13:00,9.2,21,5.4,665.0,7.6,0.0,1010.0
2026-04-04T14:00,8.2,22,3.2,538.0,11.0,0.0,1009.9
2026-04-04T15:00,8.2,23,3.9,417.0,6.8,0.0,1009.0
2026-04-04T16:00,7.8,24,3.6,340.0,5.7,0.0,1008.5
2026-04-04T17:00,6.2,30,2.2,198.0,5.3,0.0,1010.9
2026-04-04T18:00,3.9,40,0.3,78.0,2.9,0.0,1011.6
2026-04-04T19:00,3.4,47,-0.3,1.0,5.0,0.0,1012.1
2026-04-04T20:00,2.5,51,-0.8,0.0,2.3,0.0,1013.8
2026-04-04T21:00,1.3,57,-2.0,0.0,2.3,0.0,1015.5
2026-04-04T22:00,0.5,54,-3.2,0.0,4.0,0.0,1016.3
2026-04-04T23:00,0.5,47,-2.8,0.0,0.7,0.0,1015.7
2026-04-05T00:00,-0.0,51,-3.3,0.0,0.7,0.0,1015.1
2026-04-05T01:00,0.4,51,-2.9,0.0,1.1,0.0,1015.3
2026-04-05T02:00,-0.0,50,-3.8,0.0,4.1,0.0,1016.1
2026-04-05T03:00,-1.0,48,-4.8,0.0,3.6,0.0,1015.9
2026-04-05T04:00,-1.1,47,-5.1,0.0,4.8,0.0,1015.6
2026-04-05T05:00,-1.1,50,-4.7,0.0,2.4,0.0,1015.8
2026-04-05T06:00,-0.5,47,-3.9,5.0,0.6,0.0,1016.9
2026-04-05T07:00,-0.2,39,-4.5,96.0,6.5,0.0,1017.8
2026-04-05T08:00,0.8,37,-3.1,315.0,3.0,0.0,1017.7
2026-04-05T09:00,2.2,33,-1.5,587.0,3.6,0.0,1017.2
2026-04-05T10:00,3.6,31,1.0,776.0,4.3,0.0,1016.3
2026-04-05T11:00,4.2,27,3.1,914.0,1.3,0.0,1014.9
2026-04-05T12:00,5.7,25,4.5,947.0,2.6,0.0,1013.7
2026-04-05T13:00,6.1,26,4.8,863.0,0.6,0.0,1012.5
2026-04-05T14:00,6.7,27,5.0,860.0,3.0,0.0,1011.1
2026-04-05T15:00,6.2,29,2.8,606.0,3.2,0.0,1010.4
2026-04-05T16:00,5.7,29,2.0,490.0,2.8,0.0,1010.0
2026-04-05T17:00,5.7,26,1.6,286.0,4.3,0.0,1009.1
2026-04-05T18:00,3.9,31,0.4,93.0,1.1,0.0,1009.8
2026-04-05T19:00,2.1,36,-1.4,1.0,1.1,0.0,1011.0
2026-04-05T20:00,0.9,40,-2.6,0.0,1.3,0.0,1012.8
2026-04-05T21:00,0.1,41,-3.5,0.0,1.7,0.0,1014.0
2026-04-05T22:00,-1.6,44,-5.5,0.0,3.7,0.0,1014.6
2026-04-05T23:00,-0.4,44,-4.0,0.0,1.9,0.0,1015.5
2026-04-06T00:00,-2.4,50,-6.1,0.0,2.6,0.0,1015.1
2026-04-06T01:00,-2.9,52,-6.6,0.0,2.4,0.0,1014.9
2026-04-06T02:00,-2.4,50,-6.1,0.0,2.4,0.0,1014.9
2026-04-06T03:00,-2.9,50,-6.3,0.0,0.3,0.0,1015.2
2026-04-06T04:00,-2.9,48,-6.3,0.0,0.3,0.0,1015.6
2026-04-06T05:00,-2.8,50,-6.3,0.0,1.4,0.0,1015.7
2026-04-06T06:00,-3.0,49,-6.8,10.0,3.1,0.0,1016.5
2026-04-06T07:00,-0.3,42,-4.4,150.0,5.4,0.0,1017.7
2026-04-06T08:00,1.0,36,-3.5,380.0,7.2,0.0,1017.9
2026-04-06T09:00,2.1,34,-2.0,592.0,7.1,0.0,1017.6
2026-04-06T10:00,3.3,32,0.1,741.0,6.8,0.0,1016.8
2026-04-06T11:00,3.7,32,2.0,909.0,4.1,0.0,1015.7
2026-04-06T12:00,5.5,26,3.9,944.0,4.5,0.0,1014.2
2026-04-06T13:00,6.2,25,4.9,945.0,3.4,0.0,1012.6
2026-04-06T14:00,6.3,28,4.2,825.0,4.1,0.0,1011.9
2026-04-06T15:00,5.5,31,1.8,563.0,3.8,0.0,1011.6
2026-04-06T16:00,5.2,31,1.3,377.0,4.6,0.0,1010.9
2026-04-06T17:00,5.2,29,1.7,235.0,0.5,0.0,1010.4
2026-04-06T18:00,3.3,33,-0.5,91.0,3.5,0.0,1011.5
2026-04-06T19:00,1.4,40,-2.1,1.0,1.2,0.0,1012.6
2026-04-06T20:00,0.2,45,-3.1,0.0,0.4,0.0,1014.0
2026-04-06T21:00,-0.7,47,-4.3,0.0,2.3,0.0,1014.9
2026-04-06T22:00,-1.8,46,-5.8,0.0,4.2,0.0,1014.9
2026-04-06T23:00,-0.8,46,-4.5,0.0,2.7,0.0,1014.6
2026-04-07T00:00,-1.3,47,-5.1,0.0,3.1,0.0,1015.0
2026-04-07T01:00,-1.9,48,-5.7,0.0,3.1,0.0,1015.1
2026-04-07T02:00,-2.3,48,-6.0,0.0,2.7,0.0,1015.1
2026-04-07T03:00,-2.3,47,-6.0,0.0,1.9,0.0,1015.8
2026-04-07T04:00,-1.8,45,-5.4,0.0,1.3,0.0,1016.1
2026-04-07T05:00,-1.1,46,-4.6,0.0,1.0,0.0,1016.2
2026-04-07T06:00,-1.7,47,-5.2,10.0,1.5,0.0,1017.0
2026-04-07T07:00,0.0,42,-4.4,143.0,7.2,0.0,1017.5
2026-04-07T08:00,1.0,39,-3.4,362.0,6.9,0.0,1017.3
2026-04-07T09:00,2.6,33,-1.3,601.0,5.6,0.0,1016.3
2026-04-07T10:00,4.2,27,1.4,810.0,6.4,0.0,1014.9
2026-04-07T11:00,4.6,25,3.2,955.0,3.7,0.0,1013.0
2026-04-07T12:00,6.4,22,4.8,1019.0,6.2,0.0,1011.7
2026-04-07T13:00,7.1,20,5.2,997.0,7.2,0.0,1010.1
2026-04-07T14:00,7.5,19,5.1,896.0,6.4,0.0,1008.5
2026-04-07T15:00,7.5,19,4.3,717.0,5.0,0.0,1007.1
2026-04-07T16:00,7.2,18,2.9,540.0,4.9,0.0,1006.2
2026-04-07T17:00,6.4,17,1.7,296.0,7.4,0.0,1006.4
2026-04-07T18:00,4.6,22,0.8,90.0,1.6,0.0,1006.3
2026-04-07T19:00,2.9,28,-1.2,1.0,4.4,0.0,1006.1
2026-04-07T20:00,1.7,39,-2.3,0.0,5.0,0.0,1006.3
2026-04-07T21:00,0.8,43,-2.9,0.0,3.1,0.0,1006.3
2026-04-07T22:00,0.2,44,-3.6,0.0,3.8,0.0,1006.2
2026-04-07T23:00,0.5,39,-3.4,0.0,3.4,0.0,1005.6
2026-04-08T00:00,-1.4,43,-5.8,0.0,6.8,0.0,1005.3
2026-04-08T01:00,-1.2,44,-5.4,0.0,5.2,0.0,1004.9
2026-04-08T02:00,-0.3,42,-4.2,0.0,3.7,0.0,1005.0
2026-04-08T03:00,1.0,39,-2.6,0.0,1.8,0.0,1005.2
2026-04-08T04:00,0.4,42,-3.3,0.0,3.0,0.0,1005.0
2026-04-08T05:00,-0.8,46,-4.5,0.0,2.3,0.0,1004.4
2026-04-08T06:00,-0.8,49,-5.2,11.0,7.7,0.0,1005.2
2026-04-08T07:00,2.8,45,-1.1,155.0,6.1,0.0,1005.3
2026-04-08T08:00,4.9,30,1.2,363.0,2.5,0.0,1005.0
2026-04-08T09:00,5.9,27,2.1,568.0,3.4,0.0,1004.6
2026-04-08T10:00,7.3,23,4.3,720.0,5.0,0.0,1003.5
2026-04-08T11:00,7.8,22,5.3,869.0,6.8,0.0,1001.8
2026-04-08T12:00,8.7,22,6.2,925.0,8.9,0.0,1001.0
2026-04-08T13:00,9.5,21,6.3,861.0,10.9,0.0,1000.2
2026-04-08T14:00,8.3,26,4.1,718.0,12.4,0.0,1000.8
2026-04-08T15:00,8.0,26,4.2,563.0,4.3,0.0,1000.5
2026-04-08T16:00,7.5,27,3.6,397.0,4.1,0.0,1000.5
2026-04-08T17:00,6.8,26,3.1,229.0,2.2,0.0,1000.9
2026-04-08T18:00,4.1,45,-0.2,72.0,8.8,0.0,1003.7
2026-04-08T19:00,1.6,70,-1.4,1.0,2.9,0.0,1007.1
2026-04-08T20:00,1.8,65,-1.2,0.0,2.4,0.0,1008.3
2026-04-08T21:00,0.6,67,-2.5,0.0,2.3,0.0,1009.5
2026-04-08T22:00,0.3,66,-2.6,0.0,0.5,0.0,1010.2
2026-04-08T23:00,-0.3,64,-3.6,0.0,2.2,0.1,1010.6
2026-04-09T00:00,-0.2,54,-4.4,0.0,7.3,0.4,1011.3
2026-04-09T01:00,-0.6,58,-4.4,0.0,5.1,0.4,1011.2
2026-04-09T02:00,-1.1,58,-4.6,0.0,3.1,0.2,1011.9
2026-04-09T03:00,-1.5,59,-5.7,0.0,7.4,0.4,1012.5
2026-04-09T04:00,-2.9,73,-6.5,0.0,4.0,0.6,1013.1
2026-04-09T05:00,-2.7,78,-6.1,0.0,3.5,0.5,1012.9
2026-04-09T06:00,-2.7,75,-6.1,7.0,3.2,0.3,1014.3
2026-04-09T07:00,-2.1,73,-5.6,79.0,3.8,0.6,1015.4
2026-04-09T08:00,-1.7,69,-4.9,207.0,2.0,0.5,1016.3
2026-04-09T09:00,-1.2,69,-4.3,443.0,1.2,0.7,1016.8
2026-04-09T10:00,-1.0,75,-3.6,602.0,1.3,0.8,1016.9
2026-04-09T11:00,-0.2,56,-2.1,805.0,3.2,0.2,1016.1
2026-04-09T12:00,0.0,58,-1.1,970.0,5.2,0.1,1015.9
2026-04-09T13:00,0.4,56,-1.0,1002.0,7.4,0.0,1015.5
2026-04-09T14:00,0.3,54,-2.1,928.0,10.6,0.0,1015.5
2026-04-09T15:00,-0.1,55,-3.4,767.0,9.7,0.0,1015.8
2026-04-09T16:00,-1.2,64,-5.0,511.0,5.2,0.0,1017.0
2026-04-09T17:00,-1.4,56,-5.0,301.0,3.1,0.4,1017.6
2026-04-09T18:00,-2.1,64,-5.3,93.0,0.9,0.1,1018.0
2026-04-09T19:00,-2.6,64,-6.1,2.0,2.2,0.0,1018.3
2026-04-09T20:00,-4.2,59,-7.8,0.0,1.8,0.0,1019.5
2026-04-09T21:00,-5.9,56,-9.8,0.0,3.1,0.0,1020.0
2026-04-09T22:00,-6.1,53,-9.9,0.0,1.8,0.0,1020.1
2026-04-09T23:00,-4.7,49,-8.4,0.0,1.6,0.0,1020.5
2026-04-10T00:00,-5.6,49,-9.3,0.0,1.4,0.0,1020.6
2026-04-10T01:00,-5.2,49,-8.9,0.0,1.5,0.0,1020.9
2026-04-10T02:00,-5.7,47,-9.6,0.0,2.4,0.0,1020.3
2026-04-10T03:00,-5.3,43,-9.1,0.0,0.8,0.0,1020.3
2026-04-10T04:00,-5.2,43,-9.1,0.0,1.8,0.0,1020.8
2026-04-10T05:00,-4.5,46,-8.3,0.0,2.2,0.0,1020.9
2026-04-10T06:00,-3.8,55,-7.4,12.0,2.1,0.0,1022.1
2026-04-10T07:00,-2.8,65,-6.2,131.0,2.3,0.0,1023.3
2026-04-10T08:00,-1.6,60,-5.2,371.0,3.2,0.0,1023.8
2026-04-10T09:00,-0.5,51,-4.0,592.0,4.3,0.0,1023.6
2026-04-10T10:00,0.3,49,-2.0,792.0,5.1,0.0,1023.4
2026-04-10T11:00,0.8,47,-0.5,953.0,4.6,0.0,1023.1
2026-04-10T12:00,1.0,51,-0.4,1035.0,8.3,0.0,1022.5
2026-04-10T13:00,1.0,52,-1.2,937.0,9.6,0.0,1022.2
2026-04-10T14:00,0.6,53,-2.6,821.0,11.2,0.0,1022.6
2026-04-10T15:00,0.4,55,-2.6,769.0,9.0,0.0,1022.3
2026-04-10T16:00,0.2,56,-3.3,590.0,5.4,0.0,1021.5
2026-04-10T17:00,-0.1,58,-3.4,364.0,2.3,0.0,1022.2
2026-04-10T18:00,-2.7,56,-6.3,123.0,2.0,0.0,1022.0
2026-04-10T19:00,-5.1,55,-9.1,3.0,3.5,0.0,1021.9
2026-04-10T20:00,-5.5,48,-9.6,0.0,4.1,0.0,1022.6
2026-04-10T21:00,-5.5,43,-9.6,0.0,3.3,0.0,1023.0
2026-04-10T22:00,-4.8,39,-8.6,0.0,1.1,0.0,1023.0
2026-04-10T23:00,-4.4,41,-8.2,0.0,1.4,0.0,1023.1
2026-04-11T00:00,-4.9,41,-8.6,0.0,0.4,0.0,1023.3
2026-04-11T01:00,-4.3,45,-8.4,0.0,3.7,0.0,1023.3
2026-04-11T02:00,-4.7,40,-8.4,0.0,0.4,0.0,1021.7
2026-04-11T03:00,-4.3,42,-8.0,0.0,0.3,0.0,1021.6
2026-04-11T04:00,-4.2,44,-8.1,0.0,2.2,0.1,1021.0
2026-04-11T05:00,-3.0,50,-6.6,0.0,1.8,0.1,1019.6
2026-04-11T06:00,-2.7,50,-6.1,10.0,0.4,0.1,1019.5
2026-04-11T07:00,-1.0,50,-4.4,107.0,0.6,0.0,1019.8
2026-04-11T08:00,0.9,48,-2.9,276.0,4.5,0.1,1019.2
2026-04-11T09:00,2.1,38,-1.8,489.0,4.2,0.0,1017.9
2026-04-11T10:00,2.8,34,0.5,744.0,1.8,0.0,1017.1
2026-04-11T11:00,3.2,29,1.1,834.0,3.4,0.0,1016.2
2026-04-11T12:00,3.0,38,0.9,832.0,4.9,0.0,1015.5
2026-04-11T13:00,3.0,40,0.9,824.0,4.6,0.0,1014.9
2026-04-11T14:00,3.2,47,1.3,754.0,2.2,0.0,1014.0
2026-04-11T15:00,3.4,53,1.7,760.0,2.4,0.0,1012.9
2026-04-11T16:00,2.9,50,-0.4,593.0,4.6,0.0,1012.9
2026-04-11T17:00,3.3,41,-0.1,332.0,1.8,0.0,1013.2
2026-04-11T18:00,0.8,46,-2.6,77.0,1.9,0.0,1014.3
2026-04-11T19:00,0.0,49,-3.3,2.0,1.1,0.0,1015.5
2026-04-11T20:00,-0.9,54,-4.3,0.0,1.3,0.0,1016.8
2026-04-11T21:00,-1.9,58,-5.5,0.0,2.6,0.0,1018.3
2026-04-11T22:00,-2.3,61,-5.7,0.0,1.9,0.0,1018.9
2026-04-11T23:00,-1.2,64,-4.3,0.0,1.2,0.0,1019.4
2026-04-12T00:00,-1.9,64,-5.3,0.0,1.9,0.0,1019.1
2026-04-12T01:00,-3.0,65,-6.3,0.0,1.3,0.0,1018.9
2026-04-12T02:00,-4.3,67,-7.7,0.0,1.4,0.0,1018.8
2026-04-12T03:00,-3.3,65,-6.7,0.0,1.9,0.2,1018.9
2026-04-12T04:00,-3.9,63,-7.6,0.0,3.2,0.3,1018.9
2026-04-12T05:00,-2.5,70,-5.6,0.0,0.9,0.4,1017.8
2026-04-12T06:00,-2.9,68,-6.1,14.0,0.6,0.1,1018.6
2026-04-12T07:00,-1.6,72,-4.5,149.0,0.2,0.2,1019.9
2026-04-12T08:00,-0.7,70,-3.7,323.0,1.4,0.4,1020.4
2026-04-12T09:00,-0.7,71,-3.8,437.0,1.5,0.4,1020.6
2026-04-12T10:00,-0.0,62,-2.3,674.0,1.3,0.2,1020.0
2026-04-12T11:00,-0.1,57,-1.5,880.0,3.1,0.1,1020.0
2026-04-12T12:00,0.7,51,-1.3,796.0,3.2,0.0,1018.8
2026-04-12T13:00,1.2,50,0.6,966.0,2.3,0.0,1017.8
2026-04-12T14:00,1.6,48,0.6,903.0,1.8,0.0,1017.0
2026-04-12T15:00,2.1,47,-0.2,694.0,1.3,0.0,1016.1
2026-04-12T16:00,1.8,62,-1.1,535.0,1.4,0.0,1016.0
2026-04-12T17:00,3.1,34,-0.3,319.0,0.8,0.0,1015.5
2026-04-12T18:00,1.3,42,-2.1,111.0,0.9,0.0,1017.0
2026-04-12T19:00,-0.5,45,-4.0,3.0,1.6,0.0,1018.8
2026-04-12T20:00,-1.7,51,-5.5,0.0,3.3,0.0,1019.7
2026-04-12T21:00,-2.5,50,-6.4,0.0,3.6,0.0,1020.4
2026-04-12T22:00,-3.0,49,-6.9,0.0,3.8,0.0,1020.6
2026-04-12T23:00,-2.5,50,-6.2,0.0,2.5,0.0,1020.7
2026-04-13T00:00,-2.3,47,-6.1,0.0,3.2,0.0,1020.7
2026-04-13T01:00,-1.8,46,-5.4,0.0,1.0,0.0,1020.9
2026-04-13T02:00,-2.6,48,-6.2,0.0,1.1,0.0,1020.9
2026-04-13T03:00,-2.3,43,-5.9,0.0,0.8,0.0,1021.2
2026-04-13T04:00,-2.4,44,-6.0,0.0,0.5,0.0,1021.4
2026-04-13T05:00,-2.9,47,-6.6,0.0,1.7,0.0,1021.8
2026-04-13T06:00,-2.3,43,-6.1,17.0,2.2,0.0,1022.2
2026-04-13T07:00,-0.7,39,-4.2,155.0,0.4,0.0,1023.0
2026-04-13T08:00,1.2,39,-2.7,355.0,3.9,0.0,1022.7
2026-04-13T09:00,2.2,42,-1.6,544.0,4.2,0.1,1021.9
2026-04-13T10:00,3.5,38,1.4,752.0,1.9,0.0,1021.4
2026-04-13T11:00,4.0,33,2.4,889.0,3.6,0.0,1020.7
2026-04-13T12:00,5.2,30,3.2,888.0,5.5,0.0,1019.7
2026-04-13T13:00,6.0,27,4.2,939.0,5.6,0.0,1018.6
2026-04-13T14:00,6.5,25,4.1,890.0,7.6,0.0,1017.6
2026-04-13T15:00,6.7,25,3.0,799.0,11.4,0.0,1017.2
2026-04-13T16:00,6.3,26,1.4,600.0,12.1,0.0,1016.9
2026-04-13T17:00,5.4,27,0.5,361.0,10.2,0.0,1017.2
2026-04-13T18:00,3.0,35,-1.0,119.0,5.0,0.0,1017.9
2026-04-13T19:00,1.6,39,-1.9,3.0,1.7,0.0,1018.7
2026-04-13T20:00,0.1,44,-3.3,0.0,0.4,0.0,1019.4
2026-04-13T21:00,-1.2,48,-5.0,0.0,3.6,0.0,1020.3
2026-04-13T22:00,-1.2,48,-5.2,0.0,5.1,0.0,1020.8
2026-04-13T23:00,-0.2,45,-3.8,0.0,2.2,0.0,1020.6
2026-04-14T00:00,-0.4,44,-3.9,0.0,1.4,0.0,1020.6
2026-04-14T01:00,-0.6,44,-4.1,0.0,1.0,0.0,1020.8
2026-04-14T02:00,-1.1,45,-4.8,0.0,2.1,0.0,1021.0
2026-04-14T03:00,-1.5,45,-5.3,0.0,3.3,0.0,1021.3
2026-04-14T04:00,-1.4,46,-5.3,0.0,3.3,0.0,1021.8
2026-04-14T05:00,-1.1,46,-4.5,0.0,0.9,0.0,1021.6
2026-04-14T06:00,-0.5,43,-4.2,20.0,2.1,0.0,1022.8
2026-04-14T07:00,1.5,38,-2.7,186.0,5.6,0.0,1024.0
2026-04-14T08:00,2.5,35,-1.7,430.0,5.9,0.0,1024.0
2026-04-14T09:00,3.7,33,0.3,664.0,5.8,0.0,1023.5
2026-04-14T10:00,5.0,31,2.8,858.0,5.4,0.0,1022.2
2026-04-14T11:00,5.2,26,4.2,982.0,3.0,0.0,1021.3
2026-04-14T12:00,6.6,24,6.2,1035.0,1.8,0.0,1019.9
2026-04-14T13:00,7.4,23,7.0,1025.0,1.5,0.0,1018.5
2026-04-14T14:00,7.8,24,6.7,945.0,2.2,0.0,1017.3
2026-04-14T15:00,8.1,24,6.0,808.0,3.1,0.0,1016.3
2026-04-14T16:00,7.9,23,4.1,598.0,4.7,0.0,1015.7
2026-04-14T17:00,7.1,22,3.0,359.0,4.3,0.0,1015.8
2026-04-14T18:00,4.5,32,0.9,128.0,2.6,0.0,1017.1
2026-04-14T19:00,2.8,35,-0.7,4.0,1.2,0.0,1018.2
2026-04-14T20:00,1.3,39,-2.1,0.0,0.8,0.0,1019.3
2026-04-14T21:00,-0.0,42,-3.7,0.0,2.0,0.0,1020.4
2026-04-14T22:00,-0.9,44,-4.9,0.0,4.3,0.0,1021.0
2026-04-14T23:00,-0.0,44,-3.6,0.0,1.9,0.0,1021.1
2026-04-15T00:00,-1.0,46,-4.9,0.0,3.6,0.0,1021.0
2026-04-15T01:00,-0.7,43,-4.4,0.0,2.4,0.0,1021.0
2026-04-15T02:00,-0.5,41,-4.3,0.0,2.4,0.0,1020.7
2026-04-15T03:00,-0.7,40,-4.3,0.0,1.5,0.0,1020.8
2026-04-15T04:00,-0.9,40,-4.7,0.0,2.1,0.0,1021.3
2026-04-15T05:00,-1.2,42,-4.8,0.0,1.7,0.0,1021.7
2026-04-15T06:00,-0.7,40,-4.5,24.0,2.0,0.0,1022.3
2026-04-15T07:00,2.0,36,-1.9,204.0,4.2,0.0,1023.4
2026-04-15T08:00,3.5,30,-0.8,447.0,6.1,0.0,1023.1
2026-04-15T09:00,4.9,28,1.5,676.0,5.4,0.0,1022.6
2026-04-15T10:00,6.1,26,4.0,865.0,4.9,0.0,1021.9
2026-04-15T11:00,6.3,25,5.2,995.0,4.2,0.0,1021.0
2026-04-15T12:00,7.8,23,6.7,1057.0,5.9,0.0,1019.7
2026-04-15T13:00,8.6,21,7.3,1040.0,6.1,0.0,1018.2
2026-04-15T14:00,9.1,19,7.3,936.0,5.1,0.0,1016.6
2026-04-15T15:00,9.0,18,6.7,781.0,2.7,0.0,1015.5
2026-04-15T16:00,8.7,18,5.0,590.0,3.0,0.0,1015.0
2026-04-15T17:00,8.3,18,4.1,356.0,4.7,0.0,1015.1
2026-04-15T18:00,6.1,24,2.2,132.0,2.8,0.0,1015.6
2026-04-15T19:00,4.3,23,0.5,4.0,1.3,0.0,1016.5
2026-04-15T20:00,2.2,27,-1.7,0.0,2.1,0.0,1017.4
2026-04-15T21:00,0.3,32,-4.0,0.0,5.1,0.0,1018.5
2026-04-15T22:00,-0.9,38,-5.1,0.0,4.9,0.0,1019.1
2026-04-15T23:00,-0.6,39,-4.5,0.0,3.6,0.0,1018.9
2026-04-16T00:00,-1.3,41,-5.3,0.0,3.9,0.0,1019.2
2026-04-16T01:00,-0.8,39,-4.5,0.0,1.5,0.0,1019.5
2026-04-16T02:00,-0.7,36,-4.4,0.0,1.6,0.0,1019.4
2026-04-16T03:00,-0.7,34,-4.6,0.0,2.3,0.0,1019.8
2026-04-16T04:00,-0.6,31,-4.5,0.0,2.3,0.0,1020.2
2026-04-16T05:00,-0.6,38,-4.4,0.0,2.5,0.0,1019.4
2026-04-16T06:00,-0.4,34,-4.2,26.0,2.3,0.0,1020.0
2026-04-16T07:00,3.7,26,-0.2,211.0,2.4,0.0,1021.0
2026-04-16T08:00,5.4,23,1.5,453.0,2.2,0.0,1020.5
2026-04-16T09:00,6.9,20,4.0,681.0,1.8,0.0,1019.7
2026-04-16T10:00,8.3,18,6.5,868.0,2.4,0.0,1019.0
2026-04-16T11:00,8.8,17,7.7,995.0,3.1,0.0,1017.6
2026-04-16T12:00,10.6,16,9.7,1043.0,3.9,0.0,1016.0
2026-04-16T13:00,11.9,16,10.6,1036.0,6.0,0.0,1014.5
2026-04-16T14:00,12.0,14,9.3,956.0,10.2,0.0,1013.7
2026-04-16T15:00,12.0,13,8.4,782.0,8.9,0.0,1012.3
2026-04-16T16:00,11.1,13,5.7,474.0,12.0,0.0,1012.5
2026-04-16T17:00,9.9,15,4.7,193.0,11.5,0.0,1012.7
2026-04-16T18:00,8.5,19,3.7,66.0,8.9,0.0,1013.6
2026-04-16T19:00,6.8,24,2.2,3.0,7.7,0.0,1015.5
2026-04-16T20:00,5.1,30,1.1,0.0,4.5,0.0,1018.0
2026-04-16T21:00,3.6,34,-0.1,0.0,3.0,0.0,1019.0
2026-04-16T22:00,3.0,36,-0.8,0.0,3.1,0.0,1019.7
2026-04-16T23:00,2.8,37,-1.1,0.0,4.6,0.0,1020.3
2026-04-17T00:00,3.0,35,-0.7,0.0,2.2,0.0,1020.5
2026-04-17T01:00,2.5,37,-0.8,0.0,0.4,0.0,1020.0
2026-04-17T02:00,2.2,37,-1.6,0.0,3.2,0.0,1020.3
2026-04-17T03:00,2.7,36,-1.0,0.0,2.6,0.0,1020.0
2026-04-17T04:00,2.4,40,-1.1,0.0,1.3,0.0,1020.0
2026-04-17T05:00,2.4,42,-0.9,0.0,0.9,0.0,1020.0
2026-04-17T06:00,2.8,44,-0.3,16.0,0.2,0.0,1021.2
2026-04-17T07:00,4.1,35,0.1,100.0,4.8,0.0,1022.0
2026-04-17T08:00,4.9,32,0.8,265.0,5.3,0.0,1022.0
2026-04-17T09:00,5.7,32,2.1,402.0,3.0,0.0,1021.9
2026-04-17T10:00,6.3,34,2.4,440.0,5.5,0.0,1022.0
2026-04-17T11:00,7.4,29,4.3,702.0,5.9,0.0,1021.2
2026-04-17T12:00,8.2,28,5.5,796.0,6.7,0.0,1020.2
2026-04-17T13:00,8.5,28,5.5,703.0,5.4,0.0,1019.0
2026-04-17T14:00,8.3,30,4.5,595.0,6.3,0.0,1018.5
2026-04-17T15:00,7.4,33,3.4,359.0,6.4,0.0,1018.5
2026-04-17T16:00,6.5,38,2.7,226.0,6.1,0.1,1019.2
2026-04-17T17:00,6.7,40,2.8,125.0,7.0,0.1,1018.7
2026-04-17T18:00,5.6,42,1.9,58.0,5.8,0.0,1019.8
2026-04-17T19:00,4.2,46,0.8,3.0,3.1,0.0,1021.1
2026-04-17T20:00,3.1,55,-0.1,0.0,3.2,0.0,1022.1
2026-04-17T21:00,2.3,61,-0.6,0.0,1.4,0.0,1023.0
2026-04-17T22:00,2.6,56,-0.5,0.0,2.2,0.0,1022.9
2026-04-17T23:00,2.0,60,-0.9,0.0,1.3,0.0,1023.8
2026-04-18T00:00,1.2,63,-2.4,0.0,5.6,0.0,1023.6
2026-04-18T01:00,0.8,64,-2.6,0.0,3.8,0.0,1023.6
2026-04-18T02:00,1.6,56,-1.9,0.0,4.1,0.0,1023.6
2026-04-18T03:00,1.4,55,-2.2,0.0,4.4,0.0,1022.9
2026-04-18T04:00,1.5,54,-2.1,0.0,4.7,0.0,1022.9
2026-04-18T05:00,1.9,49,-1.6,0.0,2.9,0.1,1022.5
2026-04-18T06:00,2.2,49,-1.5,20.0,5.0,0.0,1023.0
2026-04-18T07:00,3.5,42,-0.8,152.0,8.3,0.0,1023.6
2026-04-18T08:00,3.9,41,-0.1,238.0,6.8,0.1,1023.2
2026-04-18T09:00,5.2,40,1.3,467.0,6.5,0.0,1022.6
2026-04-18T10:00,6.0,40,2.0,522.0,6.9,0.0,1022.1
2026-04-18T11:00,6.6,38,2.8,469.0,5.9,0.0,1020.8
2026-04-18T12:00,7.6,37,4.7,798.0,9.5,0.0,1020.4
2026-04-18T13:00,8.1,37,4.7,631.0,7.0,0.1,1019.5
2026-04-18T14:00,8.2,39,5.3,594.0,2.4,0.1,1019.0
2026-04-18T15:00,7.8,39,4.5,516.0,4.0,0.0,1018.8
2026-04-18T16:00,7.7,39,3.8,403.0,7.4,0.0,1018.3
2026-04-18T17:00,6.2,39,2.3,205.0,6.3,0.0,1019.5
2026-04-18T18:00,5.5,40,1.4,85.0,7.2,0.0,1019.9
2026-04-18T19:00,4.5,43,0.9,2.0,4.7,0.0,1021.3
2026-04-18T20:00,3.9,46,0.2,0.0,4.6,0.0,1021.9
2026-04-18T21:00,3.5,47,-0.1,0.0,4.5,0.0,1023.0
2026-04-18T22:00,2.8,52,-0.8,0.0,5.0,0.0,1022.8
2026-04-18T23:00,2.8,49,-0.7,0.0,3.4,0.0,1023.3
2026-04-19T00:00,2.6,46,-1.2,0.0,5.1,0.0,1022.5
2026-04-19T01:00,2.3,47,-1.4,0.0,4.3,0.0,1021.9
2026-04-19T02:00,2.3,42,-1.4,0.0,3.6,0.0,1021.6
2026-04-19T03:00,2.3,38,-1.2,0.0,1.9,0.0,1021.4
2026-04-19T04:00,1.8,39,-2.2,0.0,4.2,0.0,1021.0
2026-04-19T05:00,2.0,38,-1.7,0.0,3.1,0.0,1020.6
2026-04-19T06:00,2.4,37,-1.7,19.0,5.6,0.0,1021.2
2026-04-19T07:00,3.5,35,-1.2,121.0,9.7,0.0,1021.4
2026-04-19T08:00,4.2,35,-0.4,374.0,9.3,0.0,1021.4
2026-04-19T09:00,5.0,33,0.3,442.0,10.2,0.0,1021.1
2026-04-19T10:00,6.1,30,1.4,583.0,11.5,0.0,1020.3
2026-04-19T11:00,6.7,29,4.7,849.0,4.5,0.0,1019.3
2026-04-19T12:00,8.1,28,5.7,948.0,10.2,0.0,1018.2
2026-04-19T13:00,8.0,30,4.8,769.0,9.3,0.0,1017.1
2026-04-19T14:00,7.1,34,2.4,492.0,11.3,0.1,1016.9
2026-04-19T15:00,7.0,34,2.7,330.0,8.5,0.1,1016.4
2026-04-19T16:00,5.7,37,1.5,203.0,7.5,0.1,1017.1
2026-04-19T17:00,5.5,39,1.3,133.0,8.4,0.0,1017.2
2026-04-19T18:00,4.4,41,0.3,75.0,7.1,0.0,1018.4
2026-04-19T19:00,2.6,47,-0.9,5.0,3.1,0.0,1019.3
2026-04-19T20:00,2.1,45,-1.3,0.0,1.9,0.0,1020.5
2026-04-19T21:00,1.9,45,-1.5,0.0,1.9,0.0,1021.4
2026-04-19T22:00,1.4,49,-2.0,0.0,2.0,0.0,1022.2
2026-04-19T23:00,1.2,48,-2.1,0.0,1.3,0.0,1023.4
2026-04-20T00:00,0.5,52,-2.9,0.0,2.2,0.0,1023.4
2026-04-20T01:00,0.9,50,-2.5,0.0,1.6,0.0,1023.6
2026-04-20T02:00,0.5,52,-2.7,0.0,0.6,0.0,1023.9
2026-04-20T03:00,0.2,53,-3.3,0.0,2.9,0.0,1023.9
2026-04-20T04:00,-0.4,53,-4.0,0.0,3.4,0.0,1024.1
2026-04-20T05:00,0.7,48,-2.7,0.0,1.8,0.0,1023.5
2026-04-20T06:00,1.0,51,-2.6,20.0,3.1,0.0,1024.1
2026-04-20T07:00,1.7,39,-2.5,115.0,5.9,0.0,1025.0
2026-04-20T08:00,1.8,35,-2.6,251.0,7.0,0.0,1025.6
2026-04-20T09:00,2.6,34,-1.6,438.0,5.4,0.0,1025.1
2026-04-20T10:00,4.5,31,2.2,808.0,4.0,0.0,1023.9
2026-04-20T11:00,5.1,29,4.3,999.0,2.9,0.0,1021.8
2026-04-20T12:00,7.2,27,7.0,1038.0,1.3,0.0,1020.0
2026-04-20T13:00,8.1,28,8.2,1043.0,0.4,0.0,1018.9
2026-04-20T14:00,8.2,28,6.6,815.0,1.4,0.0,1017.9
2026-04-20T15:00,8.7,26,6.4,737.0,1.9,0.0,1016.9
2026-04-20T16:00,8.6,24,4.7,553.0,4.4,0.0,1016.3
2026-04-20T17:00,8.4,23,4.1,332.0,6.1,0.0,1016.2
2026-04-20T18:00,6.5,29,2.8,109.0,2.8,0.0,1016.7
2026-04-20T19:00,4.5,31,1.1,6.0,0.6,0.0,1018.1
2026-04-20T20:00,3.3,33,-0.2,0.0,1.1,0.0,1019.3
2026-04-20T21:00,1.8,36,-1.8,0.0,1.7,0.0,1020.1
2026-04-20T22:00,0.5,39,-3.5,0.0,3.9,0.0,1020.5
2026-04-20T23:00,1.6,38,-2.0,0.0,1.3,0.0,1020.8
2026-04-21T00:00,0.3,40,-3.6,0.0,3.4,0.0,1020.6
2026-04-21T01:00,-0.4,43,-4.2,0.0,3.0,0.0,1020.5
2026-04-21T02:00,-1.1,46,-5.0,0.0,3.5,0.0,1020.4
2026-04-21T03:00,-1.6,48,-5.5,0.0,3.5,0.0,1020.7
2026-04-21T04:00,-1.8,48,-5.6,0.0,2.5,0.0,1020.9
2026-04-21T05:00,-1.7,48,-5.4,0.0,2.8,0.0,1021.1
2026-04-21T06:00,-0.4,46,-4.3,35.0,3.9,0.0,1022.1
2026-04-21T07:00,3.4,37,-0.5,226.0,4.3,0.0,1023.0
2026-04-21T08:00,4.8,28,0.4,466.0,6.8,0.0,1022.9
2026-04-21T09:00,6.1,27,2.7,692.0,6.4,0.0,1022.3
2026-04-21T10:00,7.5,26,5.2,877.0,6.6,0.0,1021.6
2026-04-21T11:00,8.2,26,7.1,1005.0,4.8,0.0,1020.2
2026-04-21T12:00,9.9,23,8.8,1046.0,6.0,0.0,1018.9
2026-04-21T13:00,10.7,21,9.4,1026.0,6.5,0.0,1017.1
2026-04-21T14:00,11.2,20,9.4,932.0,5.7,0.0,1015.6
2026-04-21T15:00,11.3,19,9.0,770.0,3.1,0.0,1014.6
2026-04-21T16:00,11.3,18,7.8,591.0,2.3,0.3,1014.1
2026-04-21T17:00,11.2,19,7.3,374.0,3.5,0.0,1013.6
2026-04-21T18:00,9.1,24,5.6,140.0,1.5,0.0,1014.8
2026-04-21T19:00,6.8,26,3.5,6.0,0.2,0.0,1016.1
2026-04-21T20:00,3.4,38,-0.5,0.0,4.8,0.0,1017.6
2026-04-21T21:00,1.5,50,-2.3,0.0,5.1,0.0,1019.2
2026-04-21T22:00,0.1,54,-3.7,0.0,4.6,0.0,1020.3
2026-04-21T23:00,-0.2,52,-3.9,0.0,3.9,0.0,1020.6
2026-04-22T00:00,-0.9,51,-4.6,0.0,3.2,0.0,1021.3
2026-04-22T01:00,-0.9,48,-4.4,0.0,1.8,0.0,1022.1
2026-04-22T02:00,-0.5,45,-3.9,0.0,0.9,0.0,1022.6
2026-04-22T03:00,-0.5,44,-4.3,0.0,3.2,0.0,1023.4
2026-04-22T04:00,-0.5,44,-4.3,0.0,3.3,0.0,1023.9
2026-04-22T05:00,0.3,41,-3.3,0.0,1.5,0.0,1023.4
2026-04-22T06:00,1.2,39,-2.7,37.0,3.4,0.0,1024.1
2026-04-22T07:00,5.0,29,0.6,230.0,7.0,0.0,1024.6
2026-04-22T08:00,6.7,21,2.0,471.0,8.2,0.0,1024.0
2026-04-22T09:00,8.1,19,4.3,697.0,7.9,0.0,1022.9
2026-04-22T10:00,9.8,17,7.3,884.0,6.9,0.0,1021.3
2026-04-22T11:00,10.6,16,9.2,1013.0,5.4,0.0,1019.8
2026-04-22T12:00,12.4,14,11.0,1072.0,6.7,0.0,1017.9
2026-04-22T13:00,13.5,12,12.2,1057.0,6.1,0.0,1016.3
2026-04-22T14:00,14.0,12,12.7,968.0,3.1,0.0,1014.8
2026-04-22T15:00,14.1,13,12.0,798.0,1.8,0.0,1013.7
2026-04-22T16:00,13.9,15,10.5,606.0,2.7,0.0,1013.1
2026-04-22T17:00,13.6,16,9.7,378.0,4.0,0.0,1012.2
2026-04-22T18:00,11.3,20,7.8,144.0,1.2,0.0,1013.1
2026-04-22T19:00,9.3,20,5.8,7.0,0.5,0.0,1014.5
2026-04-22T20:00,7.6,22,4.0,0.0,1.0,0.0,1015.9
2026-04-22T21:00,5.6,28,1.7,0.0,3.6,0.0,1016.9
2026-04-22T22:00,4.2,33,0.4,0.0,3.7,0.0,1017.8
2026-04-22T23:00,5.0,31,1.5,0.0,1.5,0.0,1017.7
2026-04-23T00:00,3.9,33,0.4,0.0,1.7,0.0,1018.3
2026-04-23T01:00,4.0,32,0.2,0.0,2.8,0.0,1018.9
2026-04-23T02:00,3.4,32,-0.5,0.0,3.7,0.0,1019.3
2026-04-23T03:00,3.1,31,-0.9,0.0,4.1,0.0,1019.8
2026-04-23T04:00,3.1,30,-0.8,0.0,2.8,0.0,1019.9
2026-04-23T05:00,2.8,35,-0.8,0.0,1.7,0.0,1019.4
2026-04-23T06:00,3.5,34,-0.3,39.0,3.5,0.0,1020.5
2026-04-23T07:00,7.3,24,3.2,228.0,4.7,0.0,1021.5
2026-04-23T08:00,8.4,22,4.4,469.0,4.4,0.0,1021.5
2026-04-23T09:00,10.0,20,7.1,693.0,3.5,0.0,1020.9
2026-04-23T10:00,11.7,18,9.8,877.0,4.5,0.0,1019.7
2026-04-23T11:00,12.2,17,11.0,1003.0,4.5,0.0,1018.8
2026-04-23T12:00,13.8,15,12.8,1060.0,5.5,0.0,1017.4
2026-04-23T13:00,14.3,15,13.5,1044.0,3.9,0.0,1016.0
2026-04-23T14:00,14.2,17,12.0,814.0,3.7,0.0,1014.9
2026-04-23T15:00,14.1,18,10.7,676.0,6.5,0.0,1013.8
2026-04-23T16:00,13.9,19,9.4,470.0,8.5,0.0,1013.0
2026-04-23T17:00,14.0,17,10.1,360.0,4.6,0.0,1011.8
2026-04-23T18:00,11.3,24,7.7,134.0,3.2,0.0,1013.0
2026-04-23T19:00,8.9,27,5.4,7.0,2.5,0.0,1014.5
2026-04-23T20:00,7.4,30,3.9,0.0,2.4,0.0,1015.8
2026-04-23T21:00,5.6,34,2.0,0.0,3.0,0.0,1017.0
2026-04-23T22:00,4.4,37,0.7,0.0,3.4,0.0,1017.6
2026-04-23T23:00,5.2,36,1.8,0.0,1.9,0.0,1017.6
2026-04-24T00:00,4.5,37,1.0,0.0,2.3,0.0,1017.6
2026-04-24T01:00,4.7,36,1.3,0.0,1.7,0.0,1017.8
2026-04-24T02:00,4.3,36,0.9,0.0,1.7,0.0,1018.0
2026-04-24T03:00,4.1,35,0.7,0.0,1.0,0.0,1019.0
2026-04-24T04:00,3.4,36,-0.2,0.0,2.5,0.0,1019.4
2026-04-24T05:00,3.3,41,-0.2,0.0,2.0,0.0,1019.6
2026-04-24T06:00,4.2,38,0.4,41.0,4.5,0.0,1020.6
2026-04-24T07:00,7.6,29,3.9,236.0,3.5,0.0,1022.0
2026-04-24T08:00,8.8,28,5.2,470.0,3.3,0.0,1021.6
2026-04-24T09:00,10.1,26,7.1,681.0,4.9,0.0,1021.2
2026-04-24T10:00,11.4,24,9.2,865.0,6.7,0.0,1020.1
2026-04-24T11:00,11.7,22,10.7,998.0,4.4,0.0,1019.2
2026-04-24T12:00,12.8,22,11.4,956.0,5.9,0.0,1017.9
2026-04-24T13:00,13.3,23,12.1,904.0,3.5,0.0,1016.6
2026-04-24T14:00,13.9,22,12.1,867.0,5.0,0.0,1015.3
2026-04-24T15:00,13.8,23,11.4,737.0,4.4,0.0,1014.1
2026-04-24T16:00,13.3,24,9.7,546.0,3.9,0.0,1013.3
2026-04-24T17:00,13.1,23,9.4,337.0,4.3,0.0,1013.0
2026-04-24T18:00,11.7,29,8.8,125.0,0.8,0.0,1014.0
2026-04-24T19:00,9.1,30,5.6,7.0,3.6,0.0,1014.8
2026-04-24T20:00,7.6,37,4.1,0.0,4.1,0.0,1015.9
2026-04-24T21:00,6.4,39,3.0,0.0,3.1,0.0,1017.1
2026-04-24T22:00,5.8,39,2.1,0.0,4.6,0.0,1017.6
2026-04-24T23:00,6.3,36,2.9,0.0,2.4,0.0,1018.0
2026-04-25T00:00,5.2,38,1.4,0.0,5.0,0.0,1018.0
2026-04-25T01:00,4.7,39,1.1,0.0,3.3,0.0,1018.0
2026-04-25T02:00,4.9,35,1.3,0.0,3.0,0.0,1018.2
2026-04-25T03:00,4.4,36,1.0,0.0,1.4,0.0,1019.0
2026-04-25T04:00,3.8,38,-0.0,0.0,4.1,0.0,1019.7
2026-04-25T05:00,4.1,42,0.8,0.0,1.7,0.0,1019.6
2026-04-25T06:00,4.7,41,1.0,40.0,4.4,0.0,1020.5
2026-04-25T07:00,7.5,32,3.9,207.0,3.8,0.0,1021.2
2026-04-25T08:00,8.6,29,5.1,373.0,3.0,0.0,1021.2
2026-04-25T09:00,9.6,27,6.1,526.0,3.1,0.0,1020.7
2026-04-25T10:00,10.8,27,8.5,754.0,4.3,0.0,1020.0
2026-04-25T11:00,10.6,27,8.1,825.0,7.8,0.0,1019.7
2026-04-25T12:00,11.8,29,9.7,812.0,6.1,0.0,1018.7
2026-04-25T13:00,12.8,28,11.9,852.0,0.9,0.0,1017.2
2026-04-25T14:00,13.6,24,11.8,764.0,2.1,0.0,1015.3
2026-04-25T15:00,13.5,18,10.1,648.0,5.5,0.0,1014.6
2026-04-25T16:00,12.0,23,7.7,408.0,8.1,0.0,1015.6
2026-04-25T17:00,11.3,26,7.6,294.0,4.0,0.0,1015.7
2026-04-25T18:00,10.1,28,6.6,100.0,2.9,0.0,1016.6
2026-04-25T19:00,7.9,37,4.3,7.0,4.9,0.0,1018.6
2026-04-25T20:00,6.9,42,3.3,0.0,5.4,0.0,1020.3
2026-04-25T21:00,5.2,49,1.6,0.0,6.0,0.0,1021.8
2026-04-25T22:00,4.3,53,1.2,0.0,2.7,0.0,1022.8
2026-04-25T23:00,3.8,56,1.0,0.0,0.9,0.0,1024.0
2026-04-26T00:00,3.0,58,-0.0,0.0,1.9,0.0,1024.5
2026-04-26T01:00,2.2,61,-1.2,0.0,4.6,0.0,1024.3
2026-04-26T02:00,0.9,69,-2.4,0.0,3.8,0.1,1024.3
2026-04-26T03:00,0.3,69,-3.0,0.0,3.5,0.1,1024.8
2026-04-26T04:00,0.0,68,-3.2,0.0,3.0,0.0,1025.1
2026-04-26T05:00,0.8,68,-2.3,0.0,2.6,0.3,1025.2
2026-04-26T06:00,1.5,62,-2.0,35.0,5.4,0.7,1025.8
2026-04-26T07:00,2.7,65,-0.1,213.0,1.5,0.8,1026.9
2026-04-26T08:00,4.2,56,1.0,436.0,3.5,0.0,1026.3
2026-04-26T09:00,6.0,46,3.5,672.0,3.6,0.0,1025.2
2026-04-26T10:00,7.4,42,5.9,822.0,3.6,0.0,1023.8
2026-04-26T11:00,7.9,40,7.1,906.0,2.7,0.0,1022.2
2026-04-26T12:00,10.1,32,9.3,963.0,3.7,0.0,1020.3
2026-04-26T13:00,11.2,27,9.4,827.0,4.0,0.0,1018.7
2026-04-26T14:00,11.8,25,10.0,844.0,4.2,0.0,1017.4
2026-04-26T15:00,11.9,24,8.9,647.0,3.9,0.0,1015.9
2026-04-26T16:00,11.9,24,8.2,496.0,4.2,0.0,1015.1
2026-04-26T17:00,11.6,22,7.7,315.0,5.1,0.0,1015.1
2026-04-26T18:00,10.5,27,7.0,132.0,2.6,0.0,1015.5
2026-04-26T19:00,8.4,32,5.2,9.0,1.3,0.0,1016.6
2026-04-26T20:00,6.7,40,3.3,0.0,4.0,0.0,1017.7
2026-04-26T21:00,4.3,55,0.9,0.0,5.3,0.0,1018.4
2026-04-26T22:00,2.5,62,-0.8,0.0,4.7,0.0,1019.0
2026-04-26T23:00,1.8,63,-1.4,0.0,3.8,0.0,1018.8
2026-04-27T00:00,1.0,60,-2.5,0.0,4.7,0.0,1018.5
2026-04-27T01:00,0.5,55,-3.0,0.0,3.1,0.0,1018.2
2026-04-27T02:00,0.4,51,-3.0,0.0,1.9,0.0,1017.9
2026-04-27T03:00,0.5,47,-2.9,0.0,1.7,0.0,1018.1
2026-04-27T04:00,0.9,42,-2.7,0.0,2.1,0.0,1018.0
2026-04-27T05:00,1.2,48,-2.3,0.0,2.4,0.0,1018.2
2026-04-27T06:00,3.1,43,-0.5,34.0,3.6,0.0,1018.5
2026-04-27T07:00,6.5,35,3.2,170.0,1.7,0.0,1019.1
2026-04-27T08:00,8.3,27,4.7,386.0,2.6,0.0,1018.5
2026-04-27T09:00,9.4,25,6.1,586.0,2.4,0.0,1017.9
2026-04-27T10:00,11.2,22,9.1,810.0,3.7,0.0,1016.7
2026-04-27T11:00,11.8,19,10.7,992.0,4.2,0.0,1014.9
2026-04-27T12:00,13.4,17,12.4,1050.0,5.6,0.0,1013.4
2026-04-27T13:00,14.1,17,13.1,962.0,2.8,0.0,1012.1
2026-04-27T14:00,13.7,19,11.1,714.0,3.3,0.0,1011.5
2026-04-27T15:00,13.2,22,9.8,607.0,4.8,0.0,1011.4
2026-04-27T16:00,13.0,22,9.4,474.0,3.1,0.0,1010.6
2026-04-27T17:00,13.5,18,9.7,354.0,3.9,0.0,1008.9
2026-04-27T18:00,11.9,26,8.7,149.0,1.6,0.0,1010.0
2026-04-27T19:00,9.4,28,6.1,10.0,1.5,0.0,1011.0
2026-04-27T20:00,7.3,36,4.1,0.0,1.7,0.0,1011.7
2026-04-27T21:00,5.6,43,2.2,0.0,3.6,0.0,1013.0
2026-04-27T22:00,4.1,49,0.6,0.0,4.6,0.0,1013.7
2026-04-27T23:00,4.6,45,1.4,0.0,2.5,0.0,1013.1
2026-04-28T00:00,3.0,50,-0.6,0.0,5.0,0.0,1014.3
2026-04-28T01:00,2.7,50,-0.8,0.0,3.7,0.0,1015.2
2026-04-28T02:00,2.6,48,-0.6,0.0,1.3,0.0,1015.4
2026-04-28T03:00,2.1,48,-1.4,0.0,3.2,0.0,1015.7
2026-04-28T04:00,1.4,49,-2.3,0.0,3.7,0.0,1015.6
2026-04-28T05:00,2.8,47,-0.4,0.0,0.9,0.0,1015.7
2026-04-28T06:00,3.7,44,0.3,46.0,2.7,0.0,1016.1
2026-04-28T07:00,7.4,33,3.9,229.0,2.6,0.0,1016.0
2026-04-28T08:00,8.7,29,5.1,473.0,3.5,0.0,1015.6
2026-04-28T09:00,10.4,24,7.4,631.0,2.3,0.0,1014.2
2026-04-28T10:00,11.9,21,10.1,822.0,2.7,0.0,1013.3
2026-04-28T11:00,12.1,20,11.1,995.0,4.2,0.0,1011.7
2026-04-28T12:00,13.9,18,12.8,1029.0,6.0,0.0,1009.4
2026-04-28T13:00,14.6,18,13.3,951.0,4.8,0.0,1007.4
2026-04-28T14:00,14.9,18,13.2,838.0,2.6,0.0,1005.3
2026-04-28T15:00,14.9,18,11.6,637.0,4.8,0.0,1004.2
2026-04-28T16:00,14.2,20,10.4,349.0,4.7,0.0,1004.1
2026-04-28T17:00,12.4,26,9.1,165.0,2.9,0.0,1006.0
2026-04-28T18:00,11.4,30,8.1,66.0,2.8,0.0,1007.3
2026-04-28T19:00,9.5,37,5.8,6.0,6.8,0.0,1009.6
2026-04-28T20:00,7.7,47,4.1,0.0,7.2,0.0,1012.1
2026-04-28T21:00,6.3,54,2.8,0.0,6.9,0.1,1014.1
2026-04-28T22:00,5.7,57,2.4,0.0,5.5,0.1,1014.9
2026-04-28T23:00,5.4,63,2.2,0.0,6.4,0.0,1014.5
2026-04-29T00:00,5.1,64,1.8,0.0,6.4,0.0,1014.0
2026-04-29T01:00,4.4,68,1.7,0.0,3.5,0.0,1014.3
2026-04-29T02:00,4.0,72,1.2,0.0,4.5,0.1,1014.0
2026-04-29T03:00,3.9,73,1.0,0.0,4.7,0.0,1014.1
2026-04-29T04:00,3.4,76,0.3,0.0,5.9,0.0,1014.3
2026-04-29T05:00,3.2,84,1.0,0.0,1.2,0.0,1013.7
2026-04-29T06:00,3.8,79,1.1,21.0,4.6,0.0,1014.4
2026-04-29T07:00,3.9,76,0.9,84.0,6.1,0.0,1015.0
2026-04-29T08:00,4.1,72,0.9,182.0,6.9,0.0,1015.6
2026-04-29T09:00,4.3,67,1.0,225.0,6.7,0.1,1015.6
2026-04-29T10:00,5.5,59,2.7,348.0,2.6,0.1,1014.5
2026-04-29T11:00,6.8,50,5.8,803.0,1.7,0.0,1012.3
2026-04-29T12:00,9.1,40,7.0,681.0,2.3,0.0,1010.4
2026-04-29T13:00,10.6,36,9.4,816.0,2.7,0.0,1008.4
2026-04-29T14:00,10.1,36,7.3,582.0,2.3,0.0,1007.9
2026-04-29T15:00,9.4,38,6.4,412.0,1.8,0.1,1008.2
2026-04-29T16:00,8.7,45,5.2,302.0,7.1,0.2,1008.8
2026-04-29T17:00,6.9,53,3.2,204.0,9.0,0.0,1009.4
2026-04-29T18:00,5.9,61,3.2,90.0,2.4,0.2,1011.2
2026-04-29T19:00,5.4,67,2.9,5.0,1.8,0.4,1012.3
2026-04-29T20:00,4.6,73,2.1,0.0,2.5,0.1,1013.6
2026-04-29T21:00,3.8,77,1.3,0.0,2.7,0.0,1014.6
2026-04-29T22:00,3.1,80,0.2,0.0,4.9,0.1,1015.3
2026-04-29T23:00,2.8,80,-0.1,0.0,4.7,0.3,1015.2
2026-04-30T00:00,2.7,75,-0.5,0.0,5.9,0.1,1014.8
2026-04-30T01:00,2.4,72,-0.9,0.0,5.6,0.0,1014.9
2026-04-30T02:00,2.4,71,-0.7,0.0,4.5,0.0,1014.4
2026-04-30T03:00,2.1,73,-0.7,0.0,2.2,0.0,1014.4
2026-04-30T04:00,1.8,75,-1.1,0.0,2.9,0.0,1014.4
2026-04-30T05:00,1.9,78,-0.6,0.0,1.5,0.0,1014.8
2026-04-30T06:00,2.0,74,-1.1,19.0,4.6,0.0,1015.6
2026-04-30T07:00,2.2,73,-0.7,86.0,2.7,0.0,1016.1
2026-04-30T08:00,2.9,69,0.1,178.0,2.4,0.0,1016.3
2026-04-30T09:00,4.1,61,1.3,357.0,2.1,0.0,1015.9
2026-04-30T10:00,5.8,54,3.2,586.0,2.0,0.0,1015.1
2026-04-30T11:00,7.2,44,5.1,683.0,1.9,0.0,1013.1
2026-04-30T12:00,8.0,42,4.9,613.0,5.1,0.0,1012.4
2026-04-30T13:00,8.3,46,6.2,694.0,3.7,0.0,1011.7
2026-04-30T14:00,8.2,51,5.6,655.0,6.3,0.0,1011.6
2026-04-30T15:00,7.1,53,4.2,360.0,3.6,0.0,1011.9
2026-04-30T16:00,7.9,48,4.9,397.0,3.8,0.0,1011.2
2026-04-30T17:00,7.6,56,4.7,267.0,4.7,0.0,1010.7
2026-04-30T18:00,7.1,56,3.9,105.0,6.7,0.0,1011.5
2026-04-30T19:00,4.9,75,2.4,9.0,3.2,2.2,1013.9
2026-04-30T20:00,2.7,83,0.5,0.0,0.9,1.0,1015.6
2026-04-30T21:00,2.2,86,-0.1,0.0,1.8,1.2,1016.8
2026-04-30T22:00,1.8,83,-0.5,0.0,0.9,1.5,1017.7
2026-04-30T23:00,1.3,87,-1.2,0.0,1.5,0.8,1017.6
2026-05-01T00:00,0.1,85,-2.7,0.0,2.3,0.2,1017.4
2026-05-01T01:00,-1.6,81,-4.6,0.0,2.3,0.1,1017.2
2026-05-01T02:00,-1.0,79,-4.1,0.0,2.8,0.1,1016.7
2026-05-01T03:00,-1.4,79,-4.6,0.0,3.3,0.3,1016.8
2026-05-01T04:00,-0.7,80,-3.8,0.0,3.0,0.3,1016.8
2026-05-01T05:00,0.2,82,-2.4,0.0,0.5,0.3,1016.8
2026-05-01T06:00,0.0,81,-3.0,46.0,3.2,0.1,1017.5
2026-05-01T07:00,2.3,80,-0.4,167.0,3.1,0.2,1018.1
2026-05-01T08:00,3.1,78,0.4,372.0,3.9,0.2,1018.2
2026-05-01T09:00,3.6,77,0.9,428.0,3.8,0.1,1017.6
2026-05-01T10:00,4.5,74,3.0,727.0,3.7,0.0,1016.8
2026-05-01T11:00,6.8,57,6.1,871.0,3.5,0.0,1015.4
2026-05-01T12:00,9.2,47,8.5,929.0,5.2,0.0,1013.3
2026-05-01T13:00,10.4,37,9.1,927.0,6.9,0.0,1011.5
2026-05-01T14:00,10.0,39,7.2,651.0,6.4,0.0,1010.8
2026-05-01T15:00,11.0,35,8.3,672.0,5.1,0.0,1008.9
2026-05-01T16:00,10.6,36,7.1,381.0,5.7,0.0,1008.5
2026-05-01T17:00,9.5,44,6.2,249.0,5.7,0.0,1009.4
2026-05-01T18:00,8.2,48,4.9,117.0,5.8,0.0,1010.7
2026-05-01T19:00,6.3,55,3.8,10.0,0.4,0.0,1012.1
2026-05-01T20:00,5.0,64,2.2,0.0,3.7,0.0,1013.4
2026-05-01T21:00,5.0,64,2.5,0.0,1.8,0.0,1014.9
2026-05-01T22:00,3.7,69,0.8,0.0,3.7,0.0,1016.3
2026-05-01T23:00,3.4,67,0.7,0.0,1.8,0.0,1016.5
2026-05-02T00:00,2.4,70,-0.4,0.0,2.7,0.0,1016.9
2026-05-02T01:00,1.9,72,-0.8,0.0,1.3,0.0,1017.0
2026-05-02T02:00,1.8,73,-0.8,0.0,0.7,0.0,1016.5
2026-05-02T03:00,0.3,78,-2.5,0.0,1.6,0.0,1016.6
2026-05-02T04:00,-0.2,77,-3.2,0.0,2.6,0.0,1016.8
2026-05-02T05:00,1.5,74,-1.1,0.0,1.0,0.0,1016.3
2026-05-02T06:00,2.5,68,-0.2,36.0,1.0,0.0,1016.8
2026-05-02T07:00,4.1,63,1.2,191.0,3.6,0.0,1017.0
2026-05-02T08:00,5.3,60,2.2,414.0,4.3,0.0,1016.6
2026-05-02T09:00,6.7,54,3.9,597.0,5.1,0.0,1015.6
2026-05-02T10:00,8.5,48,6.8,779.0,4.9,0.0,1014.2
2026-05-02T11:00,8.7,46,8.2,912.0,3.2,0.0,1013.0
2026-05-02T12:00,10.8,37,10.0,928.0,4.3,0.0,1011.2
2026-05-02T13:00,11.7,31,10.4,884.0,4.7,0.0,1009.3
2026-05-02T14:00,11.3,31,9.0,690.0,3.1,0.0,1008.3
2026-05-02T15:00,10.8,32,7.4,437.0,4.2,0.0,1007.6
2026-05-02T16:00,9.5,41,5.7,380.0,8.8,0.1,1008.5
2026-05-02T17:00,9.6,45,6.3,155.0,6.7,0.0,1008.2
2026-05-02T18:00,8.6,49,5.3,146.0,7.0,0.0,1008.6
2026-05-02T19:00,6.6,55,4.0,12.0,1.8,0.0,1009.7
2026-05-02T20:00,5.8,57,3.2,0.0,1.1,0.0,1011.0
2026-05-02T21:00,4.7,60,2.1,0.0,1.3,0.0,1012.1
2026-05-02T22:00,3.6,60,0.7,0.0,2.2,0.0,1012.4
2026-05-02T23:00,4.0,59,1.3,0.0,0.9,0.0,1012.9
2026-05-03T00:00,3.5,58,0.8,0.0,0.7,0.0,1012.6
2026-05-03T01:00,3.0,59,0.1,0.0,1.3,0.0,1012.7
2026-05-03T02:00,2.6,58,-0.4,0.0,1.4,0.0,1012.4
2026-05-03T03:00,2.4,57,-0.5,0.0,1.0,0.0,1013.0
2026-05-03T04:00,1.8,57,-1.5,0.0,2.5,0.0,1013.5
2026-05-03T05:00,1.6,57,-1.6,0.0,1.9,0.0,1013.3
2026-05-03T06:00,2.7,53,-0.3,57.0,0.8,0.0,1012.5
2026-05-03T07:00,5.9,42,2.0,215.0,6.6,0.0,1012.9
2026-05-03T08:00,6.9,38,3.7,377.0,1.5,0.0,1012.7
2026-05-03T09:00,8.0,35,4.7,502.0,2.4,0.0,1011.7
2026-05-03T10:00,9.4,32,6.9,707.0,4.2,0.0,1010.9
2026-05-03T11:00,9.7,34,7.6,778.0,5.1,0.0,1010.0
2026-05-03T12:00,10.8,32,9.5,772.0,0.5,0.0,1008.9
2026-05-03T13:00,11.7,30,9.8,799.0,4.8,0.0,1008.3
2026-05-03T14:00,12.0,32,9.7,801.0,7.8,0.0,1007.9
2026-05-03T15:00,11.3,34,7.3,602.0,10.9,0.0,1007.9
2026-05-03T16:00,11.2,28,7.4,563.0,7.0,0.0,1007.0
2026-05-03T17:00,11.0,24,6.9,336.0,7.0,0.0,1006.5
2026-05-03T18:00,9.3,33,6.2,157.0,1.2,0.0,1008.0
2026-05-03T19:00,6.8,33,3.6,14.0,0.8,0.0,1009.5
2026-05-03T20:00,5.4,35,2.0,0.0,2.1,0.0,1010.8
2026-05-03T21:00,4.5,37,1.0,0.0,2.6,0.0,1012.0
2026-05-03T22:00,4.2,37,0.9,0.0,1.1,0.0,1012.9
2026-05-03T23:00,4.4,39,1.0,0.0,1.6,0.0,1012.9
2026-05-04T00:00,2.4,43,-1.4,0.0,4.4,0.0,1012.3
2026-05-04T01:00,1.3,47,-2.4,0.0,4.0,0.0,1012.3
2026-05-04T02:00,0.8,49,-2.9,0.0,4.2,0.0,1013.1
2026-05-04T03:00,1.0,49,-3.1,0.0,6.6,0.0,1013.3
2026-05-04T04:00,0.8,51,-3.0,0.0,4.6,0.0,1013.3
2026-05-04T05:00,-0.5,54,-4.2,0.0,3.8,0.0,1013.0
2026-05-04T06:00,1.8,48,-2.4,43.0,7.3,0.0,1014.2
2026-05-04T07:00,5.6,31,1.8,162.0,3.8,0.0,1015.3
2026-05-04T08:00,6.1,31,2.0,297.0,5.9,0.0,1014.9
2026-05-04T09:00,7.2,29,3.4,530.0,4.0,0.0,1013.7
2026-05-04T10:00,8.5,28,5.8,742.0,5.2,0.0,1012.7
2026-05-04T11:00,9.5,27,6.7,770.0,6.8,0.0,1011.1
2026-05-04T12:00,10.5,26,8.2,888.0,8.0,0.0,1009.9
2026-05-04T13:00,9.7,28,6.5,714.0,7.8,0.0,1010.1
2026-05-04T14:00,9.5,29,5.9,501.0,4.0,0.1,1009.4
2026-05-04T15:00,9.6,30,5.9,545.0,4.9,0.1,1008.7
2026-05-04T16:00,9.0,31,4.9,366.0,7.7,0.0,1008.6
2026-05-04T17:00,8.0,38,4.2,189.0,6.6,0.0,1010.0
2026-05-04T18:00,7.2,39,4.0,79.0,2.3,0.0,1011.0
2026-05-04T19:00,6.2,43,2.5,7.0,5.6,0.0,1012.3
2026-05-04T20:00,5.3,51,1.8,0.0,5.2,0.0,1013.9
2026-05-04T21:00,3.0,57,-0.4,0.0,3.9,0.0,1015.4
2026-05-04T22:00,2.2,55,-1.2,0.0,4.2,0.0,1017.0
2026-05-04T23:00,2.6,54,-1.0,0.0,4.5,0.0,1017.5
2026-05-05T00:00,0.8,56,-3.0,0.0,5.3,0.0,1017.4
2026-05-05T01:00,-0.2,60,-3.5,0.0,2.5,0.0,1017.4
2026-05-05T02:00,0.5,56,-3.4,0.0,6.0,0.0,1017.5
2026-05-05T03:00,0.7,56,-2.9,0.0,3.7,0.0,1016.6
2026-05-05T04:00,0.9,53,-2.4,0.0,2.3,0.0,1017.0
2026-05-05T05:00,0.2,66,-3.1,0.0,3.0,0.0,1019.2
2026-05-05T06:00,1.5,57,-2.9,30.0,10.1,0.5,1020.1
2026-05-05T07:00,1.8,58,-2.0,111.0,6.4,0.8,1020.9
2026-05-05T08:00,2.3,58,-1.3,316.0,5.6,0.6,1021.4
2026-05-05T09:00,3.0,53,-0.9,529.0,6.8,0.1,1021.5
2026-05-05T10:00,3.9,49,0.9,668.0,5.6,0.0,1021.3
2026-05-05T11:00,3.8,47,1.5,717.0,3.3,0.0,1020.8
2026-05-05T12:00,5.7,42,4.2,801.0,1.9,0.0,1019.3
2026-05-05T13:00,6.3,42,4.4,752.0,3.1,0.0,1018.3
2026-05-05T14:00,7.5,39,6.4,901.0,3.8,0.0,1016.8
2026-05-05T15:00,7.4,33,3.5,570.0,6.2,0.0,1016.2
2026-05-05T16:00,7.7,29,3.7,486.0,6.2,0.0,1015.3
2026-05-05T17:00,6.4,45,2.8,336.0,6.0,0.0,1016.0
2026-05-05T18:00,5.5,52,2.1,141.0,5.3,0.0,1016.8
2026-05-05T19:00,3.6,59,0.4,14.0,3.6,0.0,1017.7
2026-05-05T20:00,2.9,59,-0.0,0.0,1.6,0.0,1018.6
2026-05-05T21:00,2.0,62,-0.7,0.0,0.3,0.0,1019.5
2026-05-05T22:00,0.8,63,-2.5,0.0,3.2,0.0,1019.9
2026-05-05T23:00,0.6,55,-2.8,0.0,2.7,0.0,1020.1
2026-05-06T00:00,-0.7,56,-4.3,0.0,3.3,0.0,1020.0
2026-05-06T01:00,-1.8,60,-5.4,0.0,3.0,0.1,1020.4
2026-05-06T02:00,-3.3,63,-7.2,0.0,4.9,0.6,1020.5
2026-05-06T03:00,-5.0,76,-8.4,0.0,2.3,1.4,1021.2
2026-05-06T04:00,-4.8,63,-8.3,0.0,1.4,0.7,1021.2
2026-05-06T05:00,-0.8,53,-4.1,0.0,0.7,0.0,1020.3
2026-05-06T06:00,0.5,48,-2.7,67.0,0.6,0.0,1020.7
2026-05-06T07:00,2.5,46,-1.2,269.0,4.6,0.0,1021.5
2026-05-06T08:00,3.8,43,-0.3,485.0,7.0,0.0,1021.4
2026-05-06T09:00,5.2,39,2.1,703.0,6.8,0.0,1020.2
2026-05-06T10:00,6.8,34,4.7,899.0,8.1,0.0,1018.9
2026-05-06T11:00,7.8,24,6.6,1015.0,5.4,0.0,1016.8
2026-05-06T12:00,9.3,21,7.8,1046.0,7.6,0.0,1015.3
2026-05-06T13:00,10.3,18,8.8,1040.0,6.7,0.0,1013.6
2026-05-06T14:00,10.5,17,8.1,857.0,5.8,0.0,1012.2
2026-05-06T15:00,10.9,16,8.3,819.0,5.2,0.0,1011.0
2026-05-06T16:00,10.7,16,6.8,603.0,5.2,0.0,1010.2
2026-05-06T17:00,10.3,18,6.4,400.0,2.8,0.0,1010.0
2026-05-06T18:00,9.4,21,5.6,150.0,3.0,0.0,1010.5
2026-05-06T19:00,7.2,26,3.8,16.0,0.9,0.0,1011.6
2026-05-06T20:00,5.7,31,1.6,0.0,5.4,0.0,1013.3
2026-05-06T21:00,4.7,37,0.6,0.0,6.9,0.0,1014.6
2026-05-06T22:00,3.9,40,-0.1,0.0,6.5,0.0,1015.9
2026-05-06T23:00,3.3,44,-0.5,0.0,5.2,0.0,1016.7
2026-05-07T00:00,2.2,45,-2.0,0.0,7.0,0.0,1016.9
2026-05-07T01:00,1.0,49,-2.7,0.0,4.2,0.0,1017.0
2026-05-07T02:00,0.3,51,-3.2,0.0,3.0,0.0,1017.3
2026-05-07T03:00,0.5,50,-3.0,0.0,2.3,0.0,1017.9
2026-05-07T04:00,0.3,50,-3.1,0.0,1.9,0.0,1018.3
2026-05-07T05:00,-0.9,58,-4.4,0.0,2.7,0.0,1019.3
2026-05-07T06:00,1.6,51,-2.0,58.0,3.5,0.0,1020.1
2026-05-07T07:00,4.8,41,1.3,239.0,3.6,0.0,1020.6
2026-05-07T08:00,6.4,35,2.6,456.0,5.5,0.0,1020.1
2026-05-07T09:00,7.8,31,4.4,653.0,6.5,0.0,1019.3
2026-05-07T10:00,9.0,27,6.4,803.0,7.0,0.0,1018.7
2026-05-07T11:00,9.8,22,8.4,963.0,4.8,0.0,1017.4
2026-05-07T12:00,11.1,19,10.4,1073.0,4.8,0.0,1016.3
2026-05-07T13:00,11.6,19,11.1,1045.0,2.9,0.0,1015.5
2026-05-07T14:00,11.7,19,10.7,949.0,2.3,0.0,1014.5
2026-05-07T15:00,11.8,18,9.5,780.0,2.9,0.0,1013.6
2026-05-07T16:00,11.3,18,7.5,471.0,2.5,0.0,1013.4
2026-05-07T17:00,11.3,17,7.2,329.0,4.2,0.0,1013.3
2026-05-07T18:00,10.2,18,5.6,173.0,7.4,0.0,1013.9
2026-05-07T19:00,7.8,23,4.1,17.0,1.6,0.0,1014.8
2026-05-07T20:00,6.3,27,2.2,0.0,5.0,0.0,1016.1
2026-05-07T21:00,5.0,29,0.7,0.0,6.0,0.0,1017.2
2026-05-07T22:00,3.2,34,-1.0,0.0,5.8,0.0,1017.9
2026-05-07T23:00,2.0,39,-2.0,0.0,4.4,0.0,1018.6
2026-05-08T00:00,0.8,40,-3.3,0.0,5.3,0.0,1018.5
2026-05-08T01:00,-0.1,41,-4.0,0.0,4.0,0.0,1018.5
2026-05-08T02:00,-0.4,42,-4.3,0.0,3.5,0.0,1018.8
2026-05-08T03:00,-0.5,42,-4.3,0.0,2.4,0.0,1019.5
2026-05-08T04:00,-0.5,42,-4.4,0.0,3.3,0.0,1020.2
2026-05-08T05:00,-0.0,41,-3.8,0.0,3.0,0.0,1020.6
2026-05-08T06:00,2.6,35,-1.4,73.0,5.0,0.0,1021.0
2026-05-08T07:00,6.9,26,3.0,284.0,3.7,0.0,1021.6
2026-05-08T08:00,8.4,22,4.1,520.0,6.3,0.0,1021.5
2026-05-08T09:00,9.7,20,6.6,738.0,5.9,0.0,1020.8
2026-05-08T10:00,10.9,19,8.9,915.0,6.0,0.0,1020.1
2026-05-08T11:00,11.5,15,10.2,1009.0,4.8,0.0,1018.3
2026-05-08T12:00,12.6,13,11.5,1027.0,4.1,0.0,1017.5
2026-05-08T13:00,13.1,13,12.3,1024.0,2.4,0.0,1016.7
2026-05-08T14:00,13.1,13,11.8,906.0,1.4,0.0,1015.9
2026-05-08T15:00,13.4,12,11.3,810.0,1.4,0.0,1015.0
2026-05-08T16:00,13.1,11,9.7,623.0,1.9,0.0,1014.7
2026-05-08T17:00,12.7,11,8.2,417.0,5.7,0.0,1014.4
2026-05-08T18:00,11.7,12,7.1,183.0,6.4,0.0,1015.3
2026-05-08T19:00,8.2,19,3.9,19.0,5.4,0.0,1016.4
2026-05-08T20:00,6.3,24,1.8,0.0,6.9,0.0,1017.6
2026-05-08T21:00,4.3,25,-0.2,0.0,6.7,0.0,1019.2
2026-05-08T22:00,2.7,27,-1.6,0.0,5.7,0.0,1020.2
2026-05-08T23:00,1.7,32,-2.4,0.0,4.4,0.0,1021.2
2026-05-09T00:00,0.9,33,-3.3,0.0,4.9,0.0,1021.2
2026-05-09T01:00,0.5,34,-3.6,0.0,4.1,0.0,1021.6
2026-05-09T02:00,0.1,34,-3.9,0.0,3.5,0.0,1022.0
2026-05-09T03:00,-0.3,35,-4.2,0.0,2.7,0.0,1022.5
2026-05-09T04:00,-0.5,34,-4.5,0.0,3.1,0.0,1023.3
2026-05-09T05:00,0.0,34,-3.9,0.0,2.7,0.0,1023.8
2026-05-09T06:00,2.8,29,-1.2,77.0,3.7,0.0,1024.5
2026-05-09T07:00,7.7,21,3.6,291.0,4.1,0.0,1025.0
2026-05-09T08:00,9.5,16,4.8,529.0,7.2,0.0,1024.5
2026-05-09T09:00,10.9,14,7.3,748.0,8.3,0.0,1023.7
2026-05-09T10:00,12.1,13,9.5,927.0,8.5,0.0,1022.5
2026-05-09T11:00,12.7,11,11.1,1050.0,6.9,0.0,1021.3
2026-05-09T12:00,14.1,9,12.6,1105.0,7.7,0.0,1020.1
2026-05-09T13:00,14.8,9,13.2,1088.0,7.5,0.0,1018.6
2026-05-09T14:00,15.2,8,13.0,1001.0,8.0,0.0,1017.6
2026-05-09T15:00,15.3,8,11.9,849.0,9.1,0.0,1016.9
2026-05-09T16:00,14.8,8,10.1,650.0,10.3,0.0,1016.6
2026-05-09T17:00,14.5,8,9.5,420.0,8.6,0.0,1016.5
2026-05-09T18:00,13.2,10,8.6,186.0,5.5,0.0,1016.9
2026-05-09T19:00,9.7,15,5.6,20.0,3.6,0.0,1017.8
2026-05-09T20:00,7.2,21,2.5,0.0,7.9,0.0,1019.2
2026-05-09T21:00,4.6,26,0.1,0.0,6.9,0.0,1020.3
2026-05-09T22:00,3.3,24,-1.2,0.0,5.9,0.0,1021.3
2026-05-09T23:00,2.5,25,-1.6,0.0,3.6,0.0,1021.6
2026-05-10T00:00,1.9,24,-2.3,0.0,3.6,0.0,1021.8
2026-05-10T01:00,1.4,23,-2.8,0.0,3.0,0.0,1022.2
2026-05-10T02:00,1.3,22,-2.8,0.0,2.3,0.0,1022.2
2026-05-10T03:00,1.2,22,-2.9,0.0,2.8,0.0,1022.6
2026-05-10T04:00,1.5,21,-2.5,0.0,1.4,0.0,1023.4
2026-05-10T05:00,2.6,18,-1.3,0.0,0.8,0.0,1023.3
2026-05-10T06:00,4.4,18,0.4,80.0,1.8,0.0,1024.0
2026-05-10T07:00,8.8,12,4.4,294.0,4.4,0.0,1024.6
2026-05-10T08:00,10.2,11,5.7,532.0,4.9,0.0,1024.0
2026-05-10T09:00,11.7,10,8.5,751.0,5.1,0.0,1022.9
2026-05-10T10:00,13.5,10,11.3,928.0,5.8,0.0,1020.9
2026-05-10T11:00,13.9,10,12.7,1048.0,4.5,0.0,1019.3
2026-05-10T12:00,15.9,9,14.8,1093.0,5.4,0.0,1017.4
2026-05-10T13:00,17.1,8,15.9,1075.0,5.4,0.0,1015.1
2026-05-10T14:00,17.7,7,16.2,991.0,4.2,0.0,1013.0
2026-05-10T15:00,17.9,6,15.5,844.0,3.8,0.0,1011.4
2026-05-10T16:00,17.8,8,13.8,635.0,6.0,0.0,1010.2
2026-05-10T17:00,17.2,11,12.2,383.0,10.0,0.0,1010.0
2026-05-10T18:00,15.6,11,11.1,166.0,6.4,0.0,1010.9
2026-05-10T19:00,12.9,13,9.1,19.0,1.5,0.0,1012.3
2026-05-10T20:00,11.3,14,7.6,0.0,0.7,0.0,1013.3
2026-05-10T21:00,9.6,18,5.6,0.0,3.7,0.0,1014.5
2026-05-10T22:00,8.3,22,4.3,0.0,3.7,0.0,1015.3
2026-05-10T23:00,8.9,19,5.2,0.0,1.4,0.0,1015.1
2026-05-11T00:00,7.7,20,3.9,0.0,1.9,0.0,1015.2
2026-05-11T01:00,7.7,19,3.8,0.0,2.1,0.0,1015.1
2026-05-11T02:00,7.6,19,3.9,0.0,1.0,0.0,1015.1
2026-05-11T03:00,6.5,18,2.4,0.0,3.7,0.0,1015.2
2026-05-11T04:00,5.8,19,1.8,0.0,2.8,0.0,1015.6
2026-05-11T05:00,6.7,18,2.8,0.0,1.7,0.0,1015.9
2026-05-11T06:00,8.0,19,4.1,51.0,2.2,0.0,1016.0
2026-05-11T07:00,10.0,15,6.3,182.0,1.0,0.0,1016.7
2026-05-11T08:00,11.4,15,7.7,437.0,1.5,0.0,1016.5
2026-05-11T09:00,12.8,15,10.5,734.0,0.9,0.0,1015.4
2026-05-11T10:00,14.1,14,12.7,897.0,1.9,0.0,1014.3
2026-05-11T11:00,14.5,14,13.1,1015.0,6.1,0.0,1013.5
2026-05-11T12:00,16.0,15,15.0,1074.0,6.7,0.0,1012.2
2026-05-11T13:00,16.6,16,14.2,997.0,11.5,0.0,1011.1
2026-05-11T14:00,15.9,19,12.4,767.0,11.9,0.0,1011.2
2026-05-11T15:00,16.2,19,12.6,720.0,10.4,0.0,1010.5
2026-05-11T16:00,16.1,17,11.2,536.0,11.3,0.0,1009.2
2026-05-11T17:00,14.8,22,10.1,361.0,11.8,0.0,1010.0
2026-05-11T18:00,13.6,24,9.2,159.0,9.9,0.0,1011.0
2026-05-11T19:00,11.6,30,7.9,18.0,6.4,0.0,1012.3
2026-05-11T20:00,10.9,32,7.2,0.0,6.3,0.0,1013.1
2026-05-11T21:00,9.4,35,6.2,0.0,2.5,0.0,1013.8
2026-05-11T22:00,8.6,38,5.7,0.0,0.5,0.0,1014.3
2026-05-11T23:00,8.0,37,5.0,0.0,0.5,0.0,1013.5
2026-05-12T00:00,7.0,40,4.0,0.0,1.4,0.0,1014.1
2026-05-12T01:00,6.9,39,4.0,0.0,0.4,0.0,1013.5
2026-05-12T02:00,5.5,45,2.5,0.0,1.1,0.0,1014.1
2026-05-12T03:00,4.7,49,1.8,0.0,1.1,0.0,1015.0
2026-05-12T04:00,4.6,48,1.6,0.0,1.5,0.0,1015.4
2026-05-12T05:00,4.6,52,1.2,0.0,5.1,0.0,1016.3
2026-05-12T06:00,5.6,49,1.6,35.0,8.8,0.0,1017.0
2026-05-12T07:00,6.1,47,2.6,183.0,5.3,0.0,1017.6
2026-05-12T08:00,6.8,45,3.4,408.0,4.4,0.0,1018.0
2026-05-12T09:00,7.4,40,3.8,443.0,5.5,0.0,1017.5
2026-05-12T10:00,8.3,39,5.3,543.0,1.8,0.0,1016.5
2026-05-12T11:00,8.9,43,6.5,646.0,3.4,0.0,1015.9
2026-05-12T12:00,9.1,51,8.6,907.0,4.4,0.2,1014.6
2026-05-12T13:00,8.5,57,7.9,957.0,6.9,1.2,1013.6
2026-05-12T14:00,7.5,64,6.5,856.0,6.3,1.4,1013.2
2026-05-12T15:00,9.0,47,7.4,743.0,3.2,0.4,1012.6
2026-05-12T16:00,8.4,44,5.5,590.0,3.9,0.1,1012.6
2026-05-12T17:00,7.2,48,4.3,362.0,2.1,0.0,1014.0
2026-05-12T18:00,5.5,54,2.4,167.0,3.9,0.1,1016.0
2026-05-12T19:00,4.6,60,1.9,17.0,1.3,0.2,1017.3
2026-05-12T20:00,3.5,67,0.7,0.0,2.6,0.1,1018.7
2026-05-12T21:00,3.0,71,0.2,0.0,2.9,0.3,1020.0
2026-05-12T22:00,2.4,73,-0.5,0.0,3.5,0.1,1020.4
2026-05-12T23:00,2.4,75,-0.3,0.0,2.6,0.1,1020.6
2026-05-13T00:00,1.8,74,-1.2,0.0,3.9,0.1,1020.0
2026-05-13T01:00,1.1,75,-2.0,0.0,3.6,0.2,1020.4
2026-05-13T02:00,0.4,73,-2.8,0.0,4.2,0.2,1020.3
2026-05-13T03:00,-0.2,70,-3.7,0.0,4.6,0.1,1020.8
2026-05-13T04:00,-1.5,69,-5.0,0.0,4.2,0.0,1021.3
2026-05-13T05:00,0.8,75,-2.3,0.0,4.2,0.0,1022.0
2026-05-13T06:00,1.1,68,-2.6,51.0,7.0,0.1,1022.7
2026-05-13T07:00,2.1,64,-1.1,192.0,3.8,0.1,1023.2
2026-05-13T08:00,2.7,63,-0.2,332.0,2.1,0.0,1023.2
2026-05-13T09:00,4.0,61,1.3,569.0,2.5,0.1,1022.4
2026-05-13T10:00,5.8,53,5.1,907.0,3.4,0.0,1020.8
2026-05-13T11:00,7.3,37,6.8,981.0,3.2,0.0,1019.1
2026-05-13T12:00,8.6,36,7.7,1027.0,6.7,0.1,1017.4
2026-05-13T13:00,9.7,33,9.2,985.0,3.6,0.0,1015.0
2026-05-13T14:00,10.4,29,8.4,903.0,7.8,0.0,1013.3
2026-05-13T15:00,10.4,29,7.2,713.0,8.2,0.1,1012.1
2026-05-13T16:00,9.5,32,5.4,525.0,8.5,0.1,1011.9
2026-05-13T17:00,8.5,37,4.6,366.0,7.6,0.1,1011.5
2026-05-13T18:00,7.4,46,4.0,125.0,5.5,0.2,1012.9
2026-05-13T19:00,6.6,49,3.7,16.0,1.7,0.0,1013.7
2026-05-13T20:00,5.4,59,2.8,0.0,1.4,0.1,1016.1
2026-05-13T21:00,4.4,66,1.5,0.0,3.4,0.2,1017.6
2026-05-13T22:00,4.6,63,2.0,0.0,1.3,0.0,1017.7
2026-05-13T23:00,3.6,65,0.6,0.0,3.6,0.0,1018.1
2026-05-14T00:00,2.6,62,-0.8,0.0,5.0,0.0,1017.6
2026-05-14T01:00,1.8,69,-1.5,0.0,5.2,0.1,1018.2
2026-05-14T02:00,0.9,74,-2.4,0.0,4.5,0.3,1018.5
2026-05-14T03:00,-0.3,75,-3.7,0.0,4.8,0.6,1019.4
2026-05-14T04:00,-1.4,75,-4.9,0.0,5.2,0.5,1020.3
2026-05-14T05:00,-1.8,78,-5.1,0.0,3.4,0.5,1021.2
2026-05-14T06:00,0.2,68,-3.3,76.0,4.6,0.2,1021.7
2026-05-14T07:00,1.8,58,-1.4,281.0,2.4,0.0,1021.7
2026-05-14T08:00,3.4,54,0.4,541.0,1.5,0.0,1020.9
2026-05-14T09:00,4.6,55,2.7,760.0,4.2,0.0,1020.1
2026-05-14T10:00,6.3,49,5.6,917.0,3.6,0.0,1018.9
2026-05-14T11:00,7.0,42,6.9,1006.0,2.6,0.0,1018.4
2026-05-14T12:00,8.4,39,7.7,983.0,4.7,0.0,1016.8
2026-05-14T13:00,9.3,36,8.4,958.0,5.2,0.0,1015.2
2026-05-14T14:00,9.9,35,8.1,912.0,7.9,0.1,1013.7
2026-05-14T15:00,9.7,35,6.6,700.0,8.4,0.1,1013.0
2026-05-14T16:00,9.7,34,6.0,559.0,6.0,0.1,1012.7
2026-05-14T17:00,10.4,27,7.0,348.0,2.5,0.0,1011.0
2026-05-14T18:00,10.0,30,6.9,175.0,1.0,0.0,1011.0
2026-05-14T19:00,7.8,39,4.8,25.0,1.2,0.0,1012.2
2026-05-14T20:00,6.4,44,3.5,0.0,0.9,0.0,1013.2
2026-05-14T21:00,5.7,45,2.8,0.0,0.4,0.0,1014.1
2026-05-14T22:00,4.9,45,1.8,0.0,1.5,0.0,1015.0
2026-05-14T23:00,4.9,43,1.7,0.0,1.5,0.0,1014.2
2026-05-15T00:00,3.2,46,-0.2,0.0,2.8,0.0,1013.8
2026-05-15T01:00,2.7,47,-0.8,0.0,2.7,0.0,1013.4
2026-05-15T02:00,2.2,48,-1.3,0.0,3.2,0.0,1013.4
2026-05-15T03:00,2.1,49,-1.4,0.0,3.3,0.0,1013.0
2026-05-15T04:00,1.4,50,-2.1,0.0,2.9,0.0,1013.0
2026-05-15T05:00,1.4,53,-1.9,1.0,2.5,0.0,1014.1
2026-05-15T06:00,3.7,46,-0.1,94.0,5.7,0.0,1014.5
2026-05-15T07:00,6.9,36,3.3,317.0,4.0,0.0,1015.2
2026-05-15T08:00,8.1,35,4.7,536.0,3.2,0.0,1015.1
2026-05-15T09:00,9.4,34,7.5,740.0,2.1,0.0,1014.4
2026-05-15T10:00,10.7,33,9.8,907.0,3.2,0.0,1013.5
2026-05-15T11:00,10.8,32,9.7,951.0,5.7,0.1,1013.0
2026-05-15T12:00,12.2,32,11.2,1046.0,8.7,0.1,1011.6
2026-05-15T13:00,13.1,29,11.7,1021.0,9.8,0.1,1010.3
2026-05-15T14:00,12.0,32,8.4,777.0,14.3,0.1,1009.8
2026-05-15T15:00,12.3,30,8.9,668.0,9.1,0.0,1008.8
2026-05-15T16:00,11.4,30,7.4,444.0,8.3,0.1,1009.6
2026-05-15T17:00,9.9,40,6.5,272.0,5.6,0.0,1011.2
2026-05-15T18:00,9.2,41,5.7,141.0,6.3,0.0,1011.4
2026-05-15T19:00,7.4,53,4.5,22.0,3.5,0.0,1012.4
2026-05-15T20:00,6.5,59,4.1,0.0,0.9,0.0,1013.5
2026-05-15T21:00,6.0,59,3.6,0.0,0.8,0.0,1014.4
2026-05-15T22:00,4.7,61,2.1,0.0,1.3,0.0,1014.7
2026-05-15T23:00,3.5,63,0.7,0.0,2.3,0.0,1015.5
2026-05-16T00:00,1.6,65,-1.7,0.0,4.1,0.0,1015.9
2026-05-16T01:00,0.5,67,-2.8,0.0,3.7,0.0,1016.3
2026-05-16T02:00,0.2,65,-3.1,0.0,2.7,0.0,1016.4
2026-05-16T03:00,0.5,62,-2.8,0.0,2.6,0.0,1016.6
2026-05-16T04:00,0.7,59,-2.5,0.0,1.8,0.0,1017.0
2026-05-16T05:00,1.5,56,-1.7,1.0,1.6,0.0,1016.9
2026-05-16T06:00,3.8,50,0.6,98.0,2.5,0.0,1017.3
2026-05-16T07:00,6.7,42,3.7,324.0,0.9,0.0,1017.7
2026-05-16T08:00,7.9,41,4.8,552.0,2.3,0.0,1017.2
2026-05-16T09:00,9.2,39,7.7,760.0,1.9,0.0,1016.3
2026-05-16T10:00,10.6,36,10.6,930.0,0.4,0.0,1015.2
2026-05-16T11:00,10.9,31,11.0,1011.0,1.2,0.1,1014.4
2026-05-16T12:00,11.7,33,10.6,908.0,5.1,0.1,1013.6
2026-05-16T13:00,12.4,33,11.2,912.0,6.0,0.2,1012.5
2026-05-16T14:00,12.2,35,10.6,869.0,7.2,0.2,1011.7
2026-05-16T15:00,11.7,40,9.3,726.0,8.0,0.4,1012.1
2026-05-16T16:00,11.3,39,7.9,557.0,7.0,0.1,1011.3
2026-05-16T17:00,11.9,32,7.7,328.0,10.6,0.2,1011.0
2026-05-16T18:00,10.8,36,7.1,187.0,7.4,0.0,1011.9
2026-05-16T19:00,9.1,45,6.3,26.0,2.0,0.0,1013.1
2026-05-16T20:00,8.3,45,5.6,0.0,1.3,0.0,1014.3
2026-05-16T21:00,7.3,49,4.6,0.0,1.1,0.0,1015.9
2026-05-16T22:00,6.2,52,3.6,0.0,0.6,0.0,1016.8
2026-05-16T23:00,5.9,53,3.2,0.0,1.1,0.0,1018.2
2026-05-17T00:00,3.1,64,0.3,0.0,2.0,0.0,1018.6
2026-05-17T01:00,2.0,66,-1.1,0.0,3.1,0.0,1019.1
2026-05-17T02:00,1.4,68,-1.6,0.0,2.7,0.0,1019.6
2026-05-17T03:00,1.2,67,-1.8,0.0,2.3,0.0,1020.2
2026-05-17T04:00,0.8,67,-2.2,0.0,1.6,0.0,1020.3
2026-05-17T05:00,1.7,66,-1.1,1.0,1.0,0.0,1020.9
2026-05-17T06:00,3.1,62,0.0,92.0,3.5,0.0,1021.4
2026-05-17T07:00,6.5,51,3.8,316.0,1.3,0.0,1021.9
2026-05-17T08:00,8.1,46,5.6,557.0,0.4,0.0,1021.2
2026-05-17T09:00,9.8,43,8.8,773.0,0.4,0.0,1020.3
2026-05-17T10:00,10.9,43,10.7,878.0,1.2,0.1,1019.1
2026-05-17T11:00,11.3,40,11.5,1012.0,3.2,0.0,1018.3
2026-05-17T12:00,13.2,36,14.2,1048.0,0.7,0.0,1016.2
2026-05-17T13:00,14.4,33,15.0,1045.0,2.1,0.0,1014.2
2026-05-17T14:00,15.2,30,14.9,917.0,2.4,0.0,1012.2
2026-05-17T15:00,15.7,25,13.1,748.0,7.3,0.0,1011.0
2026-05-17T16:00,15.5,19,11.0,556.0,9.8,0.0,1010.8
2026-05-17T17:00,14.9,21,10.6,401.0,8.7,0.2,1011.4
2026-05-17T18:00,13.9,26,10.1,199.0,6.5,0.0,1011.6
2026-05-17T19:00,11.2,34,8.1,30.0,3.5,0.0,1013.0
2026-05-17T20:00,10.4,34,7.6,0.0,0.4,0.0,1013.8
2026-05-17T21:00,8.6,39,5.8,0.0,0.6,0.0,1014.9
2026-05-17T22:00,6.9,45,4.1,0.0,1.0,0.0,1016.2
2026-05-17T23:00,6.9,44,4.1,0.0,1.0,0.0,1017.4
2026-05-18T00:00,5.4,48,2.5,0.0,1.5,0.0,1017.5
2026-05-18T01:00,4.4,49,1.3,0.0,1.5,0.0,1017.7
2026-05-18T02:00,3.6,48,0.5,0.0,1.5,0.0,1017.8
2026-05-18T03:00,3.1,46,-0.1,0.0,1.3,0.0,1018.3
2026-05-18T04:00,2.7,45,-0.5,0.0,1.2,0.0,1018.8
2026-05-18T05:00,3.0,42,-0.4,1.0,1.5,0.0,1020.1
2026-05-18T06:00,5.2,40,1.9,105.0,2.3,0.0,1020.4
2026-05-18T07:00,9.1,32,6.0,327.0,1.4,0.0,1020.7
2026-05-18T08:00,10.7,30,7.7,559.0,1.0,0.0,1020.2
2026-05-18T09:00,12.2,28,10.8,769.0,0.6,0.0,1018.7
2026-05-18T10:00,13.7,27,13.5,938.0,0.4,0.0,1017.1
2026-05-18T11:00,13.9,25,14.4,1052.0,0.9,0.0,1016.5
2026-05-18T12:00,15.8,22,16.8,1104.0,0.2,0.0,1014.7
2026-05-18T13:00,16.8,20,17.2,1078.0,1.5,0.0,1013.2
2026-05-18T14:00,17.4,19,17.0,987.0,2.3,0.0,1011.6
2026-05-18T15:00,17.2,21,14.7,720.0,4.9,0.0,1011.1
2026-05-18T16:00,16.6,23,13.1,566.0,6.4,0.1,1011.3
2026-05-18T17:00,16.6,18,12.6,376.0,7.0,0.1,1010.7
2026-05-18T18:00,15.2,37,12.9,173.0,1.7,0.0,1011.7
2026-05-18T19:00,12.8,30,10.0,31.0,0.5,0.0,1012.7
2026-05-18T20:00,11.0,35,8.0,0.0,2.2,0.0,1013.2
2026-05-18T21:00,10.2,36,7.2,0.0,1.7,0.0,1014.6
2026-05-18T22:00,9.4,36,6.4,0.0,1.5,0.0,1015.3
2026-05-18T23:00,9.3,35,6.3,0.0,0.9,0.0,1015.3
2026-05-19T00:00,8.2,37,5.3,0.0,0.5,0.0,1015.0
2026-05-19T01:00,7.4,37,4.3,0.0,1.5,0.0,1014.9
2026-05-19T02:00,6.7,36,3.4,0.0,2.3,0.0,1014.6
2026-05-19T03:00,6.3,36,2.8,0.0,2.6,0.0,1014.3
2026-05-19T04:00,5.7,36,2.1,0.0,3.2,0.0,1014.4
2026-05-19T05:00,5.5,39,2.1,1.0,2.4,0.0,1015.5
2026-05-19T06:00,7.8,39,4.4,99.0,4.0,0.0,1016.1
2026-05-19T07:00,11.0,26,7.4,304.0,3.6,0.0,1016.2
2026-05-19T08:00,12.4,24,8.9,496.0,3.6,0.0,1015.6
2026-05-19T09:00,13.9,24,11.5,768.0,5.3,0.0,1014.5
2026-05-19T10:00,15.2,23,13.8,927.0,5.6,0.0,1013.4
2026-05-19T11:00,15.3,22,14.4,1002.0,5.4,0.0,1013.5
2026-05-19T12:00,15.8,21,14.9,1035.0,6.4,0.0,1012.9
2026-05-19T13:00,15.9,21,14.8,1053.0,8.1,0.0,1012.2
2026-05-19T14:00,16.1,20,14.7,932.0,5.2,0.0,1011.5
2026-05-19T15:00,16.4,18,13.0,756.0,10.2,0.0,1010.8
2026-05-19T16:00,15.1,22,10.1,596.0,16.1,0.0,1012.2
2026-05-19T17:00,14.2,25,9.6,378.0,12.2,0.0,1012.7
2026-05-19T18:00,13.3,29,9.0,172.0,11.1,0.0,1013.1
2026-05-19T19:00,11.3,39,8.4,30.0,3.5,0.0,1013.9
2026-05-19T20:00,10.6,39,8.0,0.0,0.8,0.0,1014.3
2026-05-19T21:00,9.9,40,7.3,0.0,0.6,0.0,1015.0
2026-05-19T22:00,8.9,43,6.2,0.0,1.5,0.0,1016.0
2026-05-19T23:00,9.0,43,6.0,0.0,3.1,0.0,1015.4
2026-05-20T00:00,7.6,46,4.5,0.0,3.6,0.0,1015.5
2026-05-20T01:00,6.7,48,3.5,0.0,4.1,0.0,1016.0
2026-05-20T02:00,5.8,49,2.3,0.0,6.0,0.0,1016.8
2026-05-20T03:00,5.5,50,2.0,0.0,5.5,0.0,1017.5
2026-05-20T04:00,5.2,51,1.8,0.0,5.0,0.0,1018.3
2026-05-20T05:00,5.1,54,2.1,1.0,3.2,0.0,1019.5
2026-05-20T06:00,7.0,47,3.7,100.0,5.0,0.0,1020.1
2026-05-20T07:00,8.6,41,5.3,293.0,4.5,0.0,1020.5
2026-05-20T08:00,9.6,40,6.7,511.0,2.8,0.0,1020.3
2026-05-20T09:00,11.3,37,9.6,748.0,3.1,0.0,1019.2
2026-05-20T10:00,12.5,35,11.8,893.0,3.2,0.0,1017.9
2026-05-20T11:00,12.9,30,12.4,962.0,3.5,0.1,1017.0
2026-05-20T12:00,14.2,31,13.5,957.0,5.6,0.1,1015.4
2026-05-20T13:00,14.7,31,14.2,935.0,3.8,0.1,1014.1
2026-05-20T14:00,15.4,28,14.7,915.0,4.0,0.1,1012.5
2026-05-20T15:00,15.1,29,13.2,768.0,5.2,0.1,1011.5
2026-05-20T16:00,14.3,31,10.4,549.0,10.0,0.2,1011.8
2026-05-20T17:00,12.7,35,9.2,323.0,6.9,0.2,1012.9
2026-05-20T18:00,12.3,35,9.5,188.0,2.5,0.0,1013.3
2026-05-20T19:00,11.0,43,8.6,31.0,0.9,0.0,1013.6
2026-05-20T20:00,10.0,44,7.2,0.0,2.9,0.0,1015.2
2026-05-20T21:00,9.3,46,6.5,0.0,2.4,0.0,1016.9
2026-05-20T22:00,8.7,49,6.4,0.0,0.2,0.0,1017.2
2026-05-20T23:00,7.9,54,5.4,0.0,1.9,0.0,1018.6
2026-05-21T00:00,6.2,62,3.9,0.0,0.2,0.0,1018.2
2026-05-21T01:00,4.3,66,1.5,0.0,2.7,0.0,1018.3
2026-05-21T02:00,3.8,64,0.9,0.0,3.2,0.0,1018.3
2026-05-21T03:00,2.6,66,-0.7,0.0,4.8,0.0,1018.6
2026-05-21T04:00,2.5,64,-0.7,0.0,4.0,0.0,1018.5
2026-05-21T05:00,3.0,66,0.0,2.0,3.6,0.0,1018.9
2026-05-21T06:00,5.5,57,2.4,91.0,4.6,0.0,1019.0
2026-05-21T07:00,8.8,42,5.8,291.0,2.6,0.0,1018.7
2026-05-21T08:00,10.4,34,7.4,514.0,2.3,0.0,1017.6
2026-05-21T09:00,11.3,32,8.3,575.0,2.7,0.0,1016.7
2026-05-21T10:00,12.7,30,11.3,803.0,2.3,0.0,1015.5
2026-05-21T11:00,13.0,27,11.7,861.0,3.9,0.0,1015.1
2026-05-21T12:00,13.8,27,12.5,837.0,3.0,0.0,1013.8
2026-05-21T13:00,14.0,29,12.5,816.0,3.7,0.0,1013.0
2026-05-21T14:00,13.5,31,10.8,596.0,3.1,0.0,1012.8
2026-05-21T15:00,12.4,35,9.2,450.0,5.4,0.1,1012.9
2026-05-21T16:00,12.0,38,8.8,373.0,5.8,0.0,1013.5
2026-05-21T17:00,12.1,36,8.8,309.0,5.8,0.1,1013.9
2026-05-21T18:00,11.4,37,8.6,183.0,2.1,0.0,1014.0
2026-05-21T19:00,9.8,49,7.6,31.0,0.3,0.0,1015.0
2026-05-21T20:00,9.3,49,6.9,0.0,0.4,0.0,1016.4
2026-05-21T21:00,7.4,56,5.0,0.0,1.2,0.0,1017.8
2026-05-21T22:00,6.1,62,3.8,0.0,0.6,0.0,1018.5
2026-05-21T23:00,5.7,66,2.9,0.0,4.1,0.0,1019.8
2026-05-22T00:00,5.2,65,2.8,0.0,1.4,0.0,1019.8
2026-05-22T01:00,5.0,65,2.5,0.0,1.2,0.0,1019.8
2026-05-22T02:00,4.7,63,2.1,0.0,1.7,0.0,1019.9
2026-05-22T03:00,4.1,63,1.4,0.0,1.6,0.0,1019.8
2026-05-22T04:00,3.7,63,1.0,0.0,1.6,0.0,1019.7
2026-05-22T05:00,3.8,61,1.0,2.0,2.2,0.0,1018.5
2026-05-22T06:00,6.3,52,2.9,95.0,5.6,0.0,1018.2
2026-05-22T07:00,8.4,38,5.3,268.0,2.8,0.0,1017.8
2026-05-22T08:00,9.4,34,5.9,387.0,4.5,0.0,1017.0
2026-05-22T09:00,11.2,32,8.4,640.0,4.0,0.0,1015.4
2026-05-22T10:00,12.1,32,9.3,680.0,6.9,0.0,1014.5
2026-05-22T11:00,10.8,36,7.1,550.0,7.3,0.0,1015.4
2026-05-22T12:00,10.3,41,6.4,528.0,10.2,0.1,1015.8
2026-05-22T13:00,9.9,48,6.3,555.0,9.7,0.2,1016.8
2026-05-22T14:00,10.0,50,6.6,538.0,8.8,0.4,1016.1
2026-05-22T15:00,11.1,46,8.8,700.0,7.3,0.2,1014.5
2026-05-22T16:00,8.3,67,5.9,539.0,5.2,1.5,1015.4
2026-05-22T17:00,10.1,48,7.0,310.0,6.9,0.7,1014.4
2026-05-22T18:00,6.5,65,2.4,165.0,13.5,0.1,1017.4
2026-05-22T19:00,4.3,71,0.7,25.0,9.8,0.9,1020.4
2026-05-22T20:00,3.8,77,0.8,0.0,5.8,0.8,1021.1
2026-05-22T21:00,3.6,70,0.7,0.0,4.0,0.4,1021.9
2026-05-22T22:00,3.3,67,0.2,0.0,4.3,0.4,1022.8
2026-05-22T23:00,3.1,73,0.5,0.0,2.0,0.3,1022.5
2026-05-23T00:00,3.2,65,0.3,0.0,2.9,0.1,1022.0
2026-05-23T01:00,2.2,66,-0.6,0.0,1.9,0.1,1021.7
2026-05-23T02:00,1.9,66,-1.2,0.0,3.1,0.0,1021.4
2026-05-23T03:00,1.3,67,-1.9,0.0,4.0,0.0,1022.1
2026-05-23T04:00,0.0,71,-3.1,0.0,3.0,0.0,1022.8
2026-05-23T05:00,0.1,74,-3.0,2.0,2.9,0.0,1024.1
2026-05-23T06:00,1.5,66,-1.4,94.0,1.3,0.0,1024.0
2026-05-23T07:00,2.7,63,0.0,291.0,0.5,0.0,1024.2
2026-05-23T08:00,3.8,64,1.3,513.0,0.4,0.0,1023.8
2026-05-23T09:00,4.5,63,3.3,743.0,1.3,0.0,1023.2
2026-05-23T10:00,5.8,57,5.3,851.0,0.9,0.0,1021.9
2026-05-23T11:00,6.7,44,6.2,986.0,3.6,0.0,1021.4
2026-05-23T12:00,8.3,41,8.4,1058.0,3.6,0.0,1019.6
2026-05-23T13:00,9.5,38,9.3,955.0,1.7,0.0,1018.1
2026-05-23T14:00,10.4,36,9.7,910.0,2.5,0.0,1016.3
2026-05-23T15:00,10.8,36,9.0,765.0,3.8,0.0,1015.1
2026-05-23T16:00,10.3,39,7.0,540.0,5.4,0.1,1014.9
2026-05-23T17:00,9.0,42,5.8,360.0,4.4,0.2,1016.2
2026-05-23T18:00,7.6,55,4.4,180.0,6.0,0.0,1017.4
2026-05-23T19:00,5.9,64,3.2,31.0,3.6,0.0,1019.0
2026-05-23T20:00,5.6,67,3.3,0.0,1.3,0.0,1020.0
2026-05-23T21:00,4.9,69,2.6,0.0,0.9,0.1,1020.6
2026-05-23T22:00,4.6,67,2.2,0.0,0.6,0.0,1020.6
2026-05-23T23:00,3.6,74,1.2,0.0,1.2,0.0,1022.2
2026-05-24T00:00,2.5,74,-0.2,0.0,2.3,0.0,1022.2
2026-05-24T01:00,1.5,73,-1.5,0.0,3.4,0.0,1021.3
2026-05-24T02:00,0.9,70,-2.4,0.0,4.0,0.0,1021.0
2026-05-24T03:00,1.0,67,-2.2,0.0,3.3,0.0,1021.1
2026-05-24T04:00,1.1,66,-2.1,0.0,3.5,0.0,1021.3
2026-05-24T05:00,1.6,62,-1.4,2.0,1.6,0.0,1021.3
2026-05-24T06:00,4.1,55,1.1,91.0,1.7,0.0,1022.3
2026-05-24T07:00,5.1,53,2.2,254.0,2.1,0.0,1022.0
2026-05-24T08:00,6.6,48,3.7,533.0,1.6,0.0,1020.9
2026-05-24T09:00,8.3,41,6.7,739.0,1.3,0.0,1019.2
2026-05-24T10:00,9.9,38,9.3,899.0,2.0,0.0,1017.4
2026-05-24T11:00,10.1,36,10.2,984.0,1.5,0.1,1016.8
2026-05-24T12:00,11.7,34,11.8,1033.0,3.1,0.1,1015.7
2026-05-24T13:00,11.7,33,10.6,916.0,5.5,0.1,1015.2
2026-05-24T14:00,12.1,31,11.0,894.0,4.4,0.1,1014.0
2026-05-24T15:00,12.1,30,9.8,745.0,4.7,0.0,1013.4
2026-05-24T16:00,11.8,30,8.8,592.0,2.9,0.0,1012.8
2026-05-24T17:00,10.9,32,7.8,368.0,2.4,0.0,1013.3
2026-05-24T18:00,10.0,33,7.1,199.0,0.9,0.0,1014.0
2026-05-24T19:00,8.5,46,5.8,33.0,1.6,0.0,1014.6
2026-05-24T20:00,7.5,45,4.7,0.0,1.2,0.0,1015.5
2026-05-24T21:00,6.6,47,3.8,0.0,0.8,0.0,1016.8
2026-05-24T22:00,5.5,53,2.8,0.0,0.8,0.0,1018.2
2026-05-24T23:00,5.7,51,2.8,0.0,2.0,0.0,1018.6
2026-05-25T00:00,5.0,56,2.5,0.0,0.3,0.1,1019.0
2026-05-25T01:00,3.5,62,0.8,0.0,0.8,0.1,1020.1
2026-05-25T02:00,3.6,59,0.4,0.0,4.0,0.1,1020.2
2026-05-25T03:00,3.3,60,-0.0,0.0,4.4,0.1,1020.2
2026-05-25T04:00,2.8,62,-0.3,0.0,3.2,0.1,1020.0
2026-05-25T05:00,2.9,70,0.1,1.0,3.1,0.1,1020.8
2026-05-25T06:00,3.3,61,0.1,65.0,3.9,0.0,1021.2
2026-05-25T07:00,4.0,54,0.9,185.0,2.9,0.1,1021.2
2026-05-25T08:00,4.8,49,1.6,315.0,2.8,0.1,1020.5
2026-05-25T09:00,6.6,43,4.1,674.0,3.6,0.0,1019.1
2026-05-25T10:00,8.1,39,6.1,731.0,2.7,0.0,1017.1
2026-05-25T11:00,8.2,41,5.6,729.0,6.7,0.1,1016.5
2026-05-25T12:00,9.1,41,7.5,797.0,4.0,0.1,1014.9
2026-05-25T13:00,10.0,41,9.5,964.0,4.3,0.2,1013.9
2026-05-25T14:00,10.0,41,8.5,882.0,7.1,0.2,1012.8
2026-05-25T15:00,9.9,40,7.9,690.0,2.7,0.0,1012.2
2026-05-25T16:00,9.1,41,5.9,508.0,4.6,0.0,1012.6
2026-05-25T17:00,7.4,47,4.1,281.0,5.2,0.1,1014.4
2026-05-25T18:00,6.2,55,3.1,144.0,5.0,0.0,1015.2
2026-05-25T19:00,4.7,70,2.2,19.0,2.2,0.1,1016.8
2026-05-25T20:00,4.0,79,1.4,0.0,4.0,0.9,1018.7
2026-05-25T21:00,4.1,71,1.4,0.0,3.0,0.2,1018.7
2026-05-25T22:00,3.7,70,1.0,0.0,2.5,0.1,1019.7
2026-05-25T23:00,3.1,67,0.1,0.0,3.6,0.2,1020.3
2026-05-26T00:00,2.7,69,-0.3,0.0,4.2,0.2,1020.1
2026-05-26T01:00,2.4,71,-0.9,0.0,5.4,0.2,1020.0
2026-05-26T02:00,2.2,71,-0.9,0.0,4.7,0.2,1020.4
2026-05-26T03:00,1.7,74,-1.3,0.0,4.0,0.3,1020.8
2026-05-26T04:00,1.0,77,-2.1,0.0,4.6,0.5,1021.7
2026-05-26T05:00,0.9,75,-2.1,2.0,3.5,0.5,1023.3
2026-05-26T06:00,1.1,74,-1.8,63.0,2.5,0.2,1023.5
2026-05-26T07:00,2.1,69,-0.8,236.0,2.5,0.0,1023.9
2026-05-26T08:00,3.3,68,0.7,449.0,1.8,0.0,1023.6
2026-05-26T09:00,4.8,66,3.2,644.0,0.3,0.1,1022.9
2026-05-26T10:00,6.4,55,5.3,794.0,1.9,0.1,1021.9
2026-05-26T11:00,7.3,49,7.5,1001.0,2.1,0.3,1021.1
2026-05-26T12:00,9.3,41,9.8,1036.0,1.3,0.1,1019.5
2026-05-26T13:00,10.8,32,10.8,1044.0,2.8,0.0,1017.7
2026-05-26T14:00,11.7,29,10.9,973.0,4.6,0.0,1016.0
2026-05-26T15:00,12.2,25,10.0,838.0,6.6,0.0,1015.0
2026-05-26T16:00,12.1,25,8.8,663.0,6.5,0.0,1014.5
2026-05-26T17:00,11.5,28,7.2,431.0,9.6,0.0,1015.2
2026-05-26T18:00,10.9,29,7.2,222.0,5.2,0.0,1015.7
2026-05-26T19:00,9.1,35,6.2,41.0,1.0,0.0,1016.5
2026-05-26T20:00,8.5,36,5.5,0.0,0.6,0.0,1017.5
2026-05-26T21:00,7.2,39,4.2,0.0,0.9,0.0,1018.7
2026-05-26T22:00,6.0,43,3.1,0.0,0.8,0.0,1019.5
2026-05-26T23:00,6.2,40,3.2,0.0,0.8,0.0,1020.4
2026-05-27T00:00,4.9,46,2.0,0.0,0.2,0.0,1020.3
2026-05-27T01:00,3.6,47,0.6,0.0,0.3,0.0,1020.1
2026-05-27T02:00,2.8,49,-0.3,0.0,0.6,0.0,1020.4
2026-05-27T03:00,2.3,48,-0.7,0.0,0.3,0.0,1020.8
2026-05-27T04:00,1.9,48,-1.3,0.0,1.1,0.0,1021.5
2026-05-27T05:00,2.8,44,-0.4,3.0,0.7,0.0,1022.7
2026-05-27T06:00,5.2,46,2.2,118.0,1.4,0.0,1023.2
2026-05-27T07:00,7.5,35,4.1,341.0,2.9,0.0,1023.2
2026-05-27T08:00,8.7,34,5.9,569.0,0.3,0.0,1022.9
2026-05-27T09:00,10.2,33,8.9,774.0,0.6,0.0,1021.5
2026-05-27T10:00,11.7,30,11.2,943.0,2.5,0.0,1019.8
2026-05-27T11:00,12.1,27,12.1,1039.0,2.3,0.0,1018.6
2026-05-27T12:00,13.2,25,12.9,1035.0,3.8,0.0,1017.3
2026-05-27T13:00,13.5,25,12.1,1003.0,8.5,0.0,1016.0
2026-05-27T14:00,13.1,27,11.6,872.0,4.8,0.0,1015.7
2026-05-27T15:00,13.8,24,11.4,756.0,5.0,0.0,1013.8
2026-05-27T16:00,13.7,24,9.9,585.0,7.3,0.0,1013.2
2026-05-27T17:00,12.8,24,8.9,430.0,6.4,0.0,1014.1
2026-05-27T18:00,12.2,26,8.5,226.0,5.1,0.0,1014.6
2026-05-27T19:00,9.6,36,6.5,43.0,2.2,0.0,1015.8
2026-05-27T20:00,8.7,38,5.8,0.0,0.6,0.0,1016.9
2026-05-27T21:00,8.1,40,5.3,0.0,0.4,0.0,1017.4
2026-05-27T22:00,7.5,41,4.6,0.0,0.9,0.0,1017.8
2026-05-27T23:00,7.4,39,4.4,0.0,0.9,0.0,1018.7
2026-05-28T00:00,6.2,42,3.2,0.0,0.9,0.0,1018.3
2026-05-28T01:00,5.6,43,2.6,0.0,0.7,0.0,1018.3
2026-05-28T02:00,5.2,44,2.2,0.0,0.3,0.0,1018.6
2026-05-28T03:00,4.7,44,1.6,0.0,0.9,0.0,1018.7
2026-05-28T04:00,4.2,45,1.0,0.0,1.2,0.0,1018.9
2026-05-28T05:00,4.3,49,1.3,3.0,1.3,0.0,1020.2
2026-05-28T06:00,6.4,47,3.5,116.0,1.9,0.0,1020.2
2026-05-28T07:00,8.3,36,5.2,328.0,1.6,0.0,1020.0
2026-05-28T08:00,9.9,31,6.8,557.0,1.4,0.0,1019.4
2026-05-28T09:00,11.1,29,9.3,752.0,2.1,0.0,1018.0
2026-05-28T10:00,12.5,29,11.5,914.0,4.1,0.0,1016.4
2026-05-28T11:00,12.6,27,11.9,980.0,3.9,0.0,1016.1
2026-05-28T12:00,13.1,28,12.2,978.0,5.9,0.0,1015.0
2026-05-28T13:00,12.5,34,10.8,906.0,8.4,0.2,1014.7
2026-05-28T14:00,13.1,33,11.6,844.0,5.8,0.3,1014.5
2026-05-28T15:00,8.8,59,5.1,668.0,16.5,0.6,1017.3
2026-05-28T16:00,8.0,59,5.6,346.0,2.8,0.5,1018.8
2026-05-28T17:00,10.1,44,6.9,355.0,5.6,0.1,1015.7
2026-05-28T18:00,10.3,42,7.4,198.0,2.8,0.0,1016.1
2026-05-28T19:00,8.5,51,5.8,35.0,2.9,0.0,1017.8
2026-05-28T20:00,6.2,75,3.6,0.0,6.3,0.7,1021.0
2026-05-28T21:00,6.0,72,4.1,0.0,0.2,0.2,1021.8
2026-05-28T22:00,5.9,81,4.1,0.0,0.8,0.0,1021.5
2026-05-28T23:00,4.9,77,2.8,0.0,1.4,0.0,1020.7
2026-05-29T00:00,3.1,82,1.0,0.0,0.5,0.0,1019.3
2026-05-29T01:00,0.9,82,-1.7,0.0,1.4,0.0,1018.8
2026-05-29T02:00,-0.1,78,-3.0,0.0,2.0,0.0,1019.3
2026-05-29T03:00,1.0,70,-1.9,0.0,1.8,0.0,1019.4
2026-05-29T04:00,1.4,66,-1.5,0.0,1.0,0.0,1019.9
2026-05-29T05:00,4.6,55,2.0,3.0,0.4,0.0,1019.5
2026-05-29T06:00,5.7,54,2.9,78.0,1.5,0.0,1019.9
2026-05-29T07:00,6.8,55,4.0,252.0,3.4,0.0,1019.7
2026-05-29T08:00,8.4,51,5.7,463.0,2.9,0.0,1019.1
2026-05-29T09:00,10.1,46,8.5,735.0,3.8,0.1,1017.1
2026-05-29T10:00,11.6,44,10.6,870.0,5.8,0.0,1015.5
2026-05-29T11:00,11.8,37,10.7,825.0,3.2,0.1,1014.4
2026-05-29T12:00,12.6,35,10.9,735.0,2.8,0.0,1012.8
2026-05-29T13:00,13.2,32,11.3,682.0,1.8,0.0,1011.5
2026-05-29T14:00,13.7,32,11.8,829.0,7.0,0.0,1010.4
2026-05-29T15:00,12.9,35,10.2,740.0,9.3,0.2,1010.6
2026-05-29T16:00,12.8,33,9.5,453.0,5.3,0.1,1010.4
2026-05-29T17:00,12.4,35,9.0,270.0,6.7,0.1,1010.1
2026-05-29T18:00,11.5,40,8.2,180.0,6.6,0.1,1011.0
2026-05-29T19:00,9.9,51,7.5,36.0,2.2,0.0,1012.3
2026-05-29T20:00,8.7,54,6.3,0.0,2.0,0.0,1013.8
2026-05-29T21:00,7.8,56,5.4,0.0,1.2,0.0,1015.0
2026-05-29T22:00,7.3,57,5.0,0.0,0.4,0.0,1015.6
2026-05-29T23:00,7.8,56,5.3,0.0,1.9,0.0,1015.9
2026-05-30T00:00,5.9,60,3.5,0.0,0.8,0.0,1015.6
2026-05-30T01:00,5.0,65,2.6,0.0,0.4,0.0,1015.7
2026-05-30T02:00,5.2,66,2.9,0.0,0.4,0.0,1016.0
2026-05-30T03:00,4.8,69,2.6,0.0,0.4,0.0,1016.2
2026-05-30T04:00,5.1,70,2.9,0.0,0.7,0.0,1016.5
2026-05-30T05:00,5.3,67,3.0,2.0,1.3,0.0,1017.8
2026-05-30T06:00,5.9,59,3.2,98.0,2.5,0.0,1017.4
2026-05-30T07:00,7.2,53,4.3,276.0,3.6,0.0,1017.3
2026-05-30T08:00,8.2,51,5.5,435.0,2.2,0.0,1017.5
2026-05-30T09:00,8.3,54,5.6,486.0,3.7,0.1,1017.3
2026-05-30T10:00,10.0,52,8.5,724.0,4.0,0.2,1016.4
2026-05-30T11:00,10.5,51,9.2,831.0,7.3,0.1,1015.1
2026-05-30T12:00,11.6,44,11.6,899.0,1.9,0.1,1013.5
2026-05-30T13:00,12.2,42,11.8,875.0,2.7,0.2,1012.8
2026-05-30T14:00,12.2,39,9.7,673.0,6.1,0.2,1012.2
2026-05-30T15:00,12.4,38,9.4,594.0,6.1,0.0,1011.8
2026-05-30T16:00,12.3,38,9.3,474.0,4.3,0.0,1011.4
2026-05-30T17:00,9.9,56,7.3,232.0,5.0,0.0,1013.1
2026-05-30T18:00,8.6,65,6.5,133.0,2.9,0.4,1013.7
2026-05-30T19:00,7.4,75,5.4,21.0,3.3,0.4,1015.8
2026-05-30T20:00,6.6,84,4.9,0.0,2.0,0.1,1017.4
2026-05-30T21:00,6.3,82,4.5,0.0,1.9,0.4,1018.2
2026-05-30T22:00,6.0,83,4.3,0.0,1.2,0.3,1019.4
2026-05-30T23:00,5.7,87,3.8,0.0,2.7,0.6,1019.1
2026-05-31T00:00,5.4,88,3.7,0.0,1.7,0.2,1018.7
2026-05-31T01:00,5.4,92,3.9,0.0,0.8,0.2,1018.6
2026-05-31T02:00,5.2,91,3.7,0.0,0.4,0.3,1018.6
2026-05-31T03:00,4.9,93,3.4,0.0,0.5,0.4,1018.9
2026-05-31T04:00,4.6,94,3.1,0.0,0.6,0.4,1019.4
2026-05-31T05:00,4.6,91,2.8,1.0,1.7,0.4,1020.0
2026-05-31T06:00,4.7,92,2.9,43.0,1.9,0.4,1020.3
2026-05-31T07:00,5.5,88,3.6,155.0,2.8,0.2,1020.2
2026-05-31T08:00,7.2,79,5.3,359.0,3.3,0.2,1020.0
2026-05-31T09:00,8.1,74,6.2,394.0,3.4,0.2,1019.0
2026-05-31T10:00,9.8,67,8.1,585.0,3.8,0.2,1018.0
2026-05-31T11:00,10.1,62,9.9,808.0,2.5,0.1,1017.1
2026-05-31T12:00,12.8,52,12.6,876.0,4.9,0.9,1015.6
2026-05-31T13:00,14.2,48,14.5,930.0,4.0,0.1,1013.9
2026-05-31T14:00,14.0,48,13.1,918.0,10.1,0.0,1012.9
2026-05-31T15:00,13.2,49,11.5,661.0,5.1,0.3,1013.3
2026-05-31T16:00,13.5,48,11.0,501.0,5.9,0.3,1012.3
2026-05-31T17:00,14.4,43,11.7,425.0,6.1,0.1,1011.6
2026-05-31T18:00,13.5,46,11.1,182.0,4.4,0.0,1011.4
2026-05-31T19:00,11.5,54,9.6,34.0,1.5,0.0,1012.6
2026-05-31T20:00,10.8,55,9.0,0.0,0.3,0.0,1013.8
2026-05-31T21:00,9.6,57,7.6,0.0,0.9,0.0,1014.5
2026-05-31T22:00,8.4,56,6.1,0.0,1.7,0.0,1015.2
2026-05-31T23:00,7.1,53,4.3,0.0,2.7,0.0,1016.1
2026-06-01T00:00,5.8,55,2.9,0.0,2.8,0.0,1016.1
2026-06-01T01:00,5.4,54,2.5,0.0,2.3,0.0,1016.2
2026-06-01T02:00,5.0,53,2.1,0.0,1.6,0.0,1016.3
2026-06-01T03:00,4.6,51,1.6,0.0,1.7,0.0,1016.8
2026-06-01T04:00,4.4,51,1.4,0.0,1.7,0.0,1017.1
2026-06-01T05:00,4.3,54,1.4,4.0,1.5,0.0,1018.6
2026-06-01T06:00,6.3,49,3.4,112.0,1.8,0.0,1018.4
2026-06-01T07:00,10.1,43,7.4,324.0,2.3,0.0,1018.5
2026-06-01T08:00,12.0,36,8.7,551.0,5.3,0.0,1017.8
2026-06-01T09:00,13.4,34,11.6,755.0,4.4,0.0,1017.0
2026-06-01T10:00,14.9,32,14.3,916.0,3.6,0.0,1015.9
2026-06-01T11:00,15.1,27,15.0,1031.0,4.1,0.2,1015.6
2026-06-01T12:00,16.3,25,16.6,1091.0,4.3,0.0,1014.4
2026-06-01T13:00,17.0,21,16.7,1071.0,5.5,0.0,1013.2
2026-06-01T14:00,17.3,18,15.6,982.0,8.6,0.0,1011.9
2026-06-01T15:00,17.3,17,14.7,863.0,9.1,0.0,1011.1
2026-06-01T16:00,17.0,17,13.6,691.0,7.7,0.0,1010.6
2026-06-01T17:00,16.9,17,13.4,479.0,3.1,0.0,1010.5
2026-06-01T18:00,15.7,35,13.3,249.0,2.2,0.0,1011.0
2026-06-01T19:00,12.8,27,9.7,51.0,2.0,0.0,1012.2
2026-06-01T20:00,10.7,34,7.5,0.0,3.2,0.0,1013.6
2026-06-01T21:00,8.4,43,5.3,0.0,3.5,0.0,1014.9
2026-06-01T22:00,6.7,49,3.5,0.0,3.9,0.0,1015.9
2026-06-01T23:00,6.2,51,3.1,0.0,3.7,0.0,1016.3
2026-06-02T00:00,5.3,50,2.0,0.0,3.9,0.0,1016.0
2026-06-02T01:00,4.9,49,1.6,0.0,3.7,0.0,1016.2
2026-06-02T02:00,4.6,48,1.4,0.0,2.8,0.0,1016.6
2026-06-02T03:00,4.4,47,1.2,0.0,2.2,0.0,1016.7
2026-06-02T04:00,4.2,46,1.0,0.0,1.9,0.0,1017.2
2026-06-02T05:00,5.9,42,2.8,4.0,1.6,0.0,1017.7
2026-06-02T06:00,8.7,50,6.3,122.0,1.4,0.0,1017.8
2026-06-02T07:00,11.8,30,8.8,341.0,1.4,0.0,1018.0
2026-06-02T08:00,13.4,29,10.6,567.0,1.5,0.0,1017.3
2026-06-02T09:00,14.7,29,13.4,772.0,2.0,0.0,1016.2
2026-06-02T10:00,16.1,26,16.1,936.0,0.7,0.0,1014.8
2026-06-02T11:00,16.2,25,16.0,995.0,3.1,0.0,1014.6
2026-06-02T12:00,17.2,24,17.1,1034.0,4.2,0.0,1012.8
2026-06-02T13:00,17.9,22,17.8,1026.0,3.9,0.0,1011.2
2026-06-02T14:00,18.1,22,17.8,930.0,1.9,0.0,1009.7
2026-06-02T15:00,18.3,22,16.6,751.0,2.7,0.0,1008.8
2026-06-02T16:00,17.7,22,14.5,528.0,3.5,0.0,1008.5
2026-06-02T17:00,16.5,25,13.0,353.0,6.0,0.0,1009.7
2026-06-02T18:00,15.4,30,12.5,111.0,3.1,0.0,1010.2
2026-06-02T19:00,14.3,37,12.1,25.0,0.7,0.0,1010.9
2026-06-02T20:00,14.1,37,11.8,0.0,0.6,0.0,1011.6
2026-06-02T21:00,13.2,37,10.7,0.0,1.1,0.0,1012.2
2026-06-02T22:00,11.6,44,9.0,0.0,2.9,0.0,1012.7
2026-06-02T23:00,11.1,44,8.7,0.0,0.9,0.0,1012.8
2026-06-03T00:00,9.6,49,7.2,0.0,1.3,0.0,1012.5
2026-06-03T01:00,8.9,50,6.5,0.0,1.5,0.0,1012.3
2026-06-03T02:00,8.1,51,5.6,0.0,1.8,0.0,1012.5
2026-06-03T03:00,7.3,52,4.6,0.0,2.1,0.0,1012.7
2026-06-03T04:00,7.0,52,4.3,0.0,1.7,0.0,1013.3
2026-06-03T05:00,7.3,51,4.7,3.0,1.3,0.0,1013.4
2026-06-03T06:00,9.7,46,6.8,108.0,3.8,0.0,1013.7
2026-06-03T07:00,12.0,37,9.1,293.0,3.5,0.0,1013.9
2026-06-03T08:00,13.2,35,10.5,529.0,2.3,0.0,1013.5
2026-06-03T09:00,14.7,33,13.3,745.0,2.2,0.0,1012.4
2026-06-03T10:00,16.0,31,15.6,909.0,3.6,0.0,1011.0
2026-06-03T11:00,15.7,32,14.3,828.0,5.8,0.0,1010.4
2026-06-03T12:00,17.0,30,17.4,1032.0,3.4,0.0,1009.2
2026-06-03T13:00,16.8,31,15.3,830.0,7.0,0.0,1008.2
2026-06-03T14:00,16.7,32,14.6,759.0,8.4,0.0,1007.4
2026-06-03T15:00,16.4,33,13.7,636.0,7.4,0.0,1006.8
2026-06-03T16:00,15.5,35,11.9,414.0,10.4,0.0,1006.9
2026-06-03T17:00,13.6,42,10.5,214.0,7.7,0.1,1009.2
2026-06-03T18:00,12.6,50,10.2,177.0,4.8,0.1,1010.0
2026-06-03T19:00,10.9,63,9.2,36.0,2.3,0.0,1011.6
2026-06-03T20:00,10.4,70,8.8,0.0,2.4,0.0,1012.5
2026-06-03T21:00,9.3,76,7.8,0.0,2.6,0.0,1013.5
2026-06-03T22:00,8.5,81,7.1,0.0,1.6,0.0,1013.8
2026-06-03T23:00,8.9,75,7.6,0.0,0.4,0.0,1013.5
2026-06-04T00:00,7.9,80,6.6,0.0,0.3,0.0,1012.7
2026-06-04T01:00,6.6,86,5.0,0.0,1.4,0.0,1012.3
2026-06-04T02:00,6.4,82,4.7,0.0,1.5,0.0,1012.3
2026-06-04T03:00,5.8,82,3.9,0.0,1.6,0.0,1012.1
2026-06-04T04:00,5.3,79,3.2,0.0,2.5,0.0,1012.2
2026-06-04T05:00,7.0,67,4.9,3.0,1.3,0.0,1012.7
2026-06-04T06:00,8.4,62,6.4,71.0,0.6,0.0,1013.4
2026-06-04T07:00,8.8,63,6.8,141.0,2.0,0.1,1013.6
2026-06-04T08:00,9.4,62,7.5,230.0,1.8,0.0,1013.4
2026-06-04T09:00,10.5,56,8.5,346.0,1.7,0.0,1013.0
2026-06-04T10:00,12.1,48,9.9,492.0,2.3,0.0,1011.6
2026-06-04T11:00,13.6,41,11.7,618.0,2.3,0.0,1010.0
2026-06-04T12:00,15.6,37,16.5,1044.0,2.7,0.0,1007.9
2026-06-04T13:00,15.0,39,13.2,647.0,3.6,0.0,1007.1
2026-06-04T14:00,14.6,44,12.9,616.0,3.3,0.1,1006.7
2026-06-04T15:00,15.1,44,14.1,677.0,1.5,0.1,1006.4
2026-06-04T16:00,14.7,46,13.1,478.0,0.5,0.0,1005.6
2026-06-04T17:00,14.6,38,12.1,367.0,3.3,0.2,1005.4
2026-06-04T18:00,14.1,38,11.7,192.0,2.3,0.0,1005.6
2026-06-04T19:00,12.8,47,10.9,44.0,0.4,0.0,1006.0
2026-06-04T20:00,11.6,50,9.6,0.0,0.6,0.0,1006.8
2026-06-04T21:00,10.6,55,8.7,0.0,0.9,0.0,1007.8
2026-06-04T22:00,9.9,58,8.0,0.0,1.0,0.0,1008.6
2026-06-04T23:00,10.0,55,7.9,0.0,1.4,0.0,1008.8
2026-06-05T00:00,9.4,60,7.5,0.0,0.8,0.1,1009.1
2026-06-05T01:00,8.4,68,6.4,0.0,2.4,0.2,1008.7
2026-06-05T02:00,8.1,69,5.9,0.0,3.5,0.0,1007.7
2026-06-05T03:00,7.8,66,5.5,0.0,3.4,0.0,1006.5
2026-06-05T04:00,7.6,61,5.3,0.0,2.2,0.0,1006.3
2026-06-05T05:00,7.6,56,5.0,4.0,3.2,0.0,1006.6
2026-06-05T06:00,9.3,50,6.3,80.0,5.2,0.0,1007.1
2026-06-05T07:00,10.8,43,7.7,154.0,5.7,0.0,1007.9
2026-06-05T08:00,9.8,49,6.1,187.0,10.5,0.0,1009.6
2026-06-05T09:00,6.9,77,3.9,180.0,9.8,0.6,1013.0
2026-06-05T10:00,7.4,80,5.5,261.0,3.9,1.0,1013.7
2026-06-05T11:00,10.5,54,8.6,631.0,3.4,0.2,1011.7
2026-06-05T12:00,11.3,52,10.2,671.0,0.5,0.1,1010.4
2026-06-05T13:00,11.0,58,9.4,579.0,1.5,0.6,1010.2
2026-06-05T14:00,11.6,58,10.0,553.0,0.4,0.5,1009.3
2026-06-05T15:00,11.7,58,11.1,732.0,2.5,0.2,1008.2
2026-06-05T16:00,10.6,60,8.1,517.0,6.1,0.9,1010.4
2026-06-05T17:00,11.1,53,8.5,281.0,5.5,0.2,1009.4
2026-06-05T18:00,10.3,59,8.0,183.0,4.6,0.0,1010.0
2026-06-05T19:00,8.7,72,7.1,51.0,1.3,0.0,1010.8
2026-06-05T20:00,7.9,74,6.3,0.0,0.8,0.0,1011.8
2026-06-05T21:00,7.4,78,5.9,0.0,0.4,0.1,1012.8
2026-06-05T22:00,6.1,82,4.4,0.0,1.0,0.0,1013.3
2026-06-05T23:00,5.2,86,3.3,0.0,2.4,0.0,1015.3
2026-06-06T00:00,4.6,82,2.3,0.0,3.0,0.0,1015.7
2026-06-06T01:00,3.8,81,1.3,0.0,4.1,0.0,1014.9
2026-06-06T02:00,2.8,81,0.0,0.0,4.2,0.0,1015.1
2026-06-06T03:00,2.3,80,-0.4,0.0,3.7,0.1,1015.9
2026-06-06T04:00,1.7,80,-1.1,0.0,3.1,0.7,1017.1
2026-06-06T05:00,2.1,85,-0.4,3.0,2.8,0.3,1018.4
2026-06-06T06:00,2.9,82,0.5,39.0,2.3,0.4,1018.8
2026-06-06T07:00,3.9,80,1.7,220.0,1.5,0.3,1019.1
2026-06-06T08:00,4.6,79,2.5,290.0,1.8,0.3,1019.0
2026-06-06T09:00,5.2,78,3.1,362.0,2.3,0.1,1018.7
2026-06-06T10:00,6.0,75,3.9,478.0,1.9,0.1,1018.6
2026-06-06T11:00,6.6,65,5.1,663.0,1.5,0.2,1018.2
2026-06-06T12:00,9.7,53,10.4,954.0,0.7,0.0,1015.9
2026-06-06T13:00,11.0,46,10.4,775.0,0.2,0.0,1013.6
2026-06-06T14:00,12.5,40,12.4,943.0,3.2,0.0,1011.9
2026-06-06T15:00,12.9,37,12.0,814.0,2.4,0.0,1010.8
2026-06-06T16:00,12.5,38,10.4,642.0,2.5,0.1,1010.7
2026-06-06T17:00,11.8,42,8.8,437.0,6.0,0.1,1011.5
2026-06-06T18:00,11.5,43,9.1,225.0,1.5,0.0,1011.5
2026-06-06T19:00,9.7,54,7.5,53.0,1.5,0.0,1012.3
2026-06-06T20:00,8.7,57,6.6,0.0,0.8,0.0,1013.2
2026-06-06T21:00,7.7,61,5.6,0.0,0.7,0.0,1014.1
2026-06-06T22:00,6.9,63,4.7,0.0,0.9,0.0,1014.8
2026-06-06T23:00,6.6,61,4.3,0.0,0.6,0.0,1015.8
2026-06-07T00:00,3.7,72,1.3,0.0,1.3,0.0,1015.7
2026-06-07T01:00,2.3,72,-0.5,0.0,2.9,0.0,1015.7
2026-06-07T02:00,1.3,73,-1.7,0.0,3.4,0.0,1016.8
2026-06-07T03:00,1.3,70,-1.8,0.0,3.3,0.0,1017.0
2026-06-07T04:00,2.0,66,-0.9,0.0,2.3,0.0,1017.5
2026-06-07T05:00,3.8,63,1.1,4.0,1.9,0.0,1018.7
2026-06-07T06:00,5.9,54,2.8,115.0,4.7,0.0,1019.3
2026-06-07T07:00,7.7,52,5.0,313.0,2.6,0.0,1019.2
2026-06-07T08:00,9.1,50,6.8,538.0,0.3,0.0,1018.2
2026-06-07T09:00,10.7,44,9.8,757.0,0.6,0.0,1017.1
2026-06-07T10:00,11.9,41,11.7,898.0,1.9,0.0,1016.1
2026-06-07T11:00,11.6,39,11.6,957.0,2.2,0.1,1016.1
2026-06-07T12:00,12.9,36,12.3,955.0,5.2,0.1,1014.8
2026-06-07T13:00,13.9,32,13.5,982.0,4.6,0.0,1013.2
2026-06-07T14:00,14.6,29,13.6,939.0,6.0,0.0,1011.6
2026-06-07T15:00,14.6,29,12.8,753.0,3.9,0.0,1010.8
2026-06-07T16:00,15.0,27,12.8,680.0,3.0,0.0,1009.9
2026-06-07T17:00,14.8,26,11.2,457.0,6.0,0.0,1009.5
2026-06-07T18:00,13.9,27,10.3,239.0,5.8,0.0,1009.3
2026-06-07T19:00,12.2,37,9.5,52.0,1.3,0.0,1010.3
2026-06-07T20:00,11.2,38,8.6,0.0,1.0,0.0,1011.4
2026-06-07T21:00,10.6,41,8.1,0.0,0.6,0.0,1012.4
2026-06-07T22:00,9.4,44,6.9,0.0,0.4,0.0,1013.0
2026-06-07T23:00,9.0,45,6.4,0.0,1.2,0.0,1013.8
2026-06-08T00:00,7.0,54,4.4,0.0,1.4,0.0,1013.5
2026-06-08T01:00,5.0,62,2.2,0.0,3.1,0.0,1013.6
2026-06-08T02:00,3.3,68,0.3,0.0,4.2,0.0,1013.7
2026-06-08T03:00,2.0,67,-1.3,0.0,4.7,0.0,1013.9
2026-06-08T04:00,1.7,65,-1.6,0.0,4.3,0.0,1014.6
2026-06-08T05:00,4.4,59,1.5,4.0,2.0,0.0,1015.6
2026-06-08T06:00,7.2,48,4.0,114.0,4.2,0.0,1016.2
2026-06-08T07:00,9.4,44,6.5,323.0,3.1,0.0,1016.4
2026-06-08T08:00,10.6,42,8.1,541.0,1.3,0.0,1015.6
2026-06-08T09:00,12.3,39,11.0,739.0,2.0,0.0,1014.2
2026-06-08T10:00,13.6,36,12.3,812.0,4.7,0.0,1013.0
2026-06-08T11:00,13.2,36,11.5,810.0,6.2,0.0,1013.2
2026-06-08T12:00,14.5,33,13.6,883.0,4.6,0.0,1012.1
2026-06-08T13:00,14.8,32,13.6,861.0,5.7,0.0,1011.1
2026-06-08T14:00,15.2,30,13.6,798.0,4.6,0.0,1010.0
2026-06-08T15:00,15.7,29,13.1,708.0,7.9,0.0,1009.2
2026-06-08T16:00,15.4,29,11.7,524.0,8.0,0.0,1008.9
2026-06-08T17:00,13.7,37,10.5,365.0,6.6,0.0,1010.8
2026-06-08T18:00,13.3,38,10.3,216.0,5.5,0.0,1010.8
2026-06-08T19:00,11.5,48,9.3,55.0,1.5,0.0,1011.5
2026-06-08T20:00,10.8,48,8.7,0.0,0.4,0.0,1012.4
2026-06-08T21:00,9.9,50,7.8,0.0,0.4,0.0,1012.8
2026-06-08T22:00,8.6,54,6.4,0.0,0.4,0.0,1013.2
2026-06-08T23:00,8.1,67,6.2,0.0,0.6,0.0,1014.5
2026-06-09T00:00,5.2,79,3.0,0.0,3.0,0.0,1014.3
2026-06-09T01:00,3.9,75,1.2,0.0,3.3,0.0,1014.1
2026-06-09T02:00,3.4,71,0.5,0.0,4.0,0.1,1014.6
2026-06-09T03:00,3.3,79,0.5,0.0,4.8,0.6,1015.5
2026-06-09T04:00,3.3,82,0.7,0.0,4.1,1.1,1017.0
2026-06-09T05:00,5.2,62,2.6,4.0,2.0,0.3,1015.1
2026-06-09T06:00,7.5,55,5.1,83.0,0.8,0.0,1015.3
2026-06-09T07:00,9.5,49,6.9,246.0,2.1,0.0,1015.1
2026-06-09T08:00,11.1,45,8.7,518.0,1.6,0.2,1014.2
2026-06-09T09:00,12.2,42,10.4,684.0,3.4,0.3,1013.4
2026-06-09T10:00,13.3,39,13.1,854.0,0.8,0.1,1012.6
2026-06-09T11:00,12.5,42,12.6,910.0,1.5,0.1,1012.6
2026-06-09T12:00,14.9,35,14.9,988.0,4.1,0.1,1011.0
2026-06-09T13:00,15.5,31,14.8,974.0,6.7,0.1,1009.9
2026-06-09T14:00,15.6,29,14.1,919.0,8.9,0.0,1009.2
2026-06-09T15:00,15.3,29,12.6,757.0,9.6,0.0,1009.0
2026-06-09T16:00,14.8,28,11.3,487.0,6.1,0.0,1009.1
2026-06-09T17:00,15.2,26,11.1,313.0,10.0,0.0,1008.3
2026-06-09T18:00,14.3,29,10.6,186.0,7.2,0.0,1009.1
2026-06-09T19:00,12.1,41,9.6,54.0,2.0,0.0,1010.4
2026-06-09T20:00,11.2,42,8.7,0.0,1.4,0.0,1011.8
2026-06-09T21:00,10.2,44,7.7,0.0,1.1,0.0,1012.8
2026-06-09T22:00,9.1,47,6.6,0.0,1.0,0.0,1013.4
2026-06-09T23:00,8.5,51,6.0,0.0,1.4,0.0,1015.2
2026-06-10T00:00,6.7,56,4.2,0.0,0.8,0.0,1015.0
2026-06-10T01:00,4.6,63,2.0,0.0,1.5,0.0,1015.0
2026-06-10T02:00,3.7,62,0.9,0.0,1.8,0.0,1015.1
2026-06-10T03:00,3.3,60,0.4,0.0,1.8,0.0,1015.3
2026-06-10T04:00,3.5,56,0.6,0.0,1.3,0.0,1016.1
2026-06-10T05:00,6.0,57,3.6,4.0,0.5,0.0,1017.6
2026-06-10T06:00,7.2,55,4.6,114.0,2.6,0.0,1018.2
2026-06-10T07:00,8.9,52,6.0,321.0,4.7,0.0,1018.2
2026-06-10T08:00,10.4,49,7.6,521.0,4.6,0.0,1017.2
2026-06-10T09:00,12.4,45,11.0,762.0,5.4,0.0,1015.7
2026-06-10T10:00,14.2,39,14.1,911.0,3.3,0.0,1013.7
2026-06-10T11:00,14.5,36,14.3,1000.0,5.8,0.0,1012.9
2026-06-10T12:00,16.1,29,16.7,1020.0,1.2,0.0,1011.3
2026-06-10T13:00,16.7,25,15.4,808.0,2.5,0.0,1009.0
2026-06-10T14:00,17.5,23,15.5,868.0,8.1,0.0,1007.8
2026-06-10T15:00,17.0,24,13.4,649.0,10.6,0.0,1007.7
2026-06-10T16:00,16.6,25,12.7,477.0,8.6,0.0,1007.7
2026-06-10T17:00,16.3,26,12.3,403.0,10.5,0.0,1007.8
2026-06-10T18:00,15.6,29,12.1,235.0,6.8,0.0,1008.1
2026-06-10T19:00,13.4,38,11.0,59.0,1.4,0.0,1009.0
2026-06-10T20:00,12.7,38,10.3,0.0,1.2,0.0,1010.0
2026-06-10T21:00,11.7,40,9.2,0.0,1.2,0.0,1011.3
2026-06-10T22:00,10.7,44,8.3,0.0,0.8,0.0,1012.3
2026-06-10T23:00,10.0,49,7.6,0.0,1.5,0.0,1013.0
2026-06-11T00:00,9.0,54,6.8,0.0,0.9,0.0,1012.8
2026-06-11T01:00,8.0,55,5.6,0.0,1.4,0.0,1012.8
2026-06-11T02:00,7.6,53,5.1,0.0,1.3,0.0,1012.9
2026-06-11T03:00,7.0,50,4.2,0.0,1.8,0.0,1013.2
2026-06-11T04:00,6.7,49,3.9,0.0,1.5,0.0,1013.7
2026-06-11T05:00,6.3,81,4.5,3.0,1.5,0.0,1017.3
2026-06-11T06:00,7.0,76,5.2,65.0,1.7,0.2,1017.7
2026-06-11T07:00,8.2,74,6.5,270.0,1.7,0.1,1017.3
2026-06-11T08:00,9.9,64,8.2,515.0,1.5,0.1,1016.2
2026-06-11T09:00,11.5,52,10.5,676.0,0.6,0.2,1014.7
2026-06-11T10:00,13.1,41,11.5,714.0,4.4,0.3,1013.1
2026-06-11T11:00,13.5,42,13.6,931.0,2.7,0.4,1011.7
2026-06-11T12:00,15.6,34,16.0,1019.0,3.6,0.2,1009.7
2026-06-11T13:00,15.4,34,13.8,805.0,6.4,0.2,1009.0
2026-06-11T14:00,15.9,34,14.6,825.0,6.1,0.2,1007.6
2026-06-11T15:00,16.0,33,13.8,705.0,7.0,0.2,1006.7
2026-06-11T16:00,15.0,34,11.6,332.0,7.8,0.1,1007.5
2026-06-11T17:00,14.1,40,10.9,442.0,8.3,0.1,1008.1
2026-06-11T18:00,13.1,45,10.4,164.0,5.9,0.0,1009.0
2026-06-11T19:00,12.5,51,10.5,34.0,2.2,0.0,1009.6
2026-06-11T20:00,12.0,55,10.4,0.0,0.5,0.0,1010.2
2026-06-11T21:00,11.6,56,9.8,0.0,1.7,0.0,1010.9
2026-06-11T22:00,11.2,57,9.4,0.0,1.3,0.0,1011.4
2026-06-11T23:00,11.0,50,8.9,0.0,1.1,0.0,1010.9
2026-06-12T00:00,10.4,54,8.4,0.0,0.9,0.0,1010.5
2026-06-12T01:00,9.8,60,8.0,0.0,0.7,0.1,1010.1
2026-06-12T02:00,9.2,65,7.5,0.0,0.7,0.0,1010.5
2026-06-12T03:00,9.0,68,7.4,0.0,0.4,0.2,1011.0
2026-06-12T04:00,8.6,71,7.1,0.0,0.4,0.1,1011.4
2026-06-12T05:00,7.2,78,5.4,2.0,2.2,0.1,1013.3
2026-06-12T06:00,7.4,78,5.4,40.0,3.7,0.2,1013.7
2026-06-12T07:00,7.5,78,5.8,105.0,1.5,0.3,1014.1
2026-06-12T08:00,7.3,83,5.6,155.0,2.8,0.6,1015.1
2026-06-12T09:00,7.8,80,6.4,305.0,0.9,0.9,1015.2
2026-06-12T10:00,8.3,76,6.5,280.0,3.2,0.7,1015.3
2026-06-12T11:00,9.8,65,7.9,506.0,2.9,0.3,1014.5
2026-06-12T12:00,11.5,55,9.9,637.0,3.5,0.1,1012.5
2026-06-12T13:00,12.2,49,10.4,595.0,2.2,0.1,1011.8
2026-06-12T14:00,13.5,43,13.0,765.0,0.6,0.1,1010.4
2026-06-12T15:00,12.1,48,9.0,340.0,8.9,0.1,1010.9
2026-06-12T16:00,10.8,63,8.7,288.0,5.2,0.2,1012.7
2026-06-12T17:00,12.0,53,9.3,378.0,7.4,0.6,1012.0
2026-06-12T18:00,11.5,53,9.2,140.0,4.3,0.0,1012.2
2026-06-12T19:00,10.6,59,8.7,40.0,2.0,0.0,1013.1
2026-06-12T20:00,9.7,64,7.8,0.0,2.3,0.0,1013.7
2026-06-12T21:00,8.1,74,6.5,0.0,1.2,0.0,1015.4
2026-06-12T22:00,7.1,82,5.5,0.0,1.3,0.0,1016.7
2026-06-12T23:00,7.6,74,5.9,0.0,0.6,0.0,1016.2
2026-06-13T00:00,6.6,75,4.8,0.0,0.4,0.0,1015.9
2026-06-13T01:00,5.1,81,3.1,0.0,2.1,0.0,1015.2
2026-06-13T02:00,4.3,84,1.8,0.0,5.0,0.0,1015.6
2026-06-13T03:00,4.5,81,2.2,0.0,3.0,0.0,1015.3
2026-06-13T04:00,4.4,77,1.8,0.0,4.0,0.0,1015.5
2026-06-13T05:00,5.9,80,3.6,2.0,4.2,0.0,1017.9
2026-06-13T06:00,6.7,74,4.8,37.0,1.0,0.0,1016.2
2026-06-13T07:00,7.9,70,6.1,222.0,1.1,0.0,1016.8
2026-06-13T08:00,8.6,67,6.2,313.0,4.9,0.0,1016.4
2026-06-13T09:00,10.2,58,7.6,439.0,5.6,0.0,1014.4
2026-06-13T10:00,11.6,51,10.5,770.0,4.7,0.0,1013.5
2026-06-13T11:00,11.0,50,9.9,703.0,1.3,0.1,1013.1
2026-06-13T12:00,11.9,49,10.9,731.0,2.7,0.2,1012.7
2026-06-13T13:00,12.8,46,11.6,675.0,1.4,0.1,1011.3
2026-06-13T14:00,13.5,43,11.4,643.0,4.8,0.2,1009.8
2026-06-13T15:00,11.5,55,8.7,362.0,7.9,0.5,1011.0
2026-06-13T16:00,11.8,52,9.4,399.0,4.2,0.1,1010.8
2026-06-13T17:00,12.0,51,9.7,426.0,3.3,0.2,1010.7
2026-06-13T18:00,10.4,56,7.3,195.0,9.0,0.0,1012.6
2026-06-13T19:00,8.2,72,6.3,29.0,2.8,0.4,1015.2
2026-06-13T20:00,8.1,75,6.2,0.0,3.3,0.1,1015.8
2026-06-13T21:00,7.8,78,6.2,0.0,1.5,0.0,1016.3
2026-06-13T22:00,7.1,83,5.7,0.0,0.5,0.0,1016.6
2026-06-13T23:00,6.6,81,4.7,0.0,2.7,0.0,1016.9
2026-06-14T00:00,6.3,84,4.7,0.0,0.8,0.0,1016.4
2026-06-14T01:00,6.1,86,4.5,0.0,1.1,0.0,1016.3
2026-06-14T02:00,5.9,87,4.4,0.0,0.8,0.1,1015.9
2026-06-14T03:00,5.8,88,4.3,0.0,0.4,0.1,1015.9
2026-06-14T04:00,5.9,87,4.4,0.0,0.2,0.2,1015.7
2026-06-14T05:00,5.8,85,4.0,3.0,2.0,0.2,1016.0
2026-06-14T06:00,6.2,85,4.5,38.0,1.5,0.1,1016.1
2026-06-14T07:00,6.5,84,4.7,103.0,2.5,0.3,1016.0
2026-06-14T08:00,7.0,84,5.2,188.0,3.2,0.3,1016.2
2026-06-14T09:00,7.6,81,6.0,291.0,2.3,0.3,1015.8
2026-06-14T10:00,9.2,73,7.5,461.0,2.7,0.2,1015.1
2026-06-14T11:00,8.6,67,6.8,601.0,3.6,0.1,1014.7
2026-06-14T12:00,10.3,56,8.0,454.0,3.2,0.1,1013.2
2026-06-14T13:00,12.4,49,12.4,809.0,0.5,0.1,1011.1
2026-06-14T14:00,13.6,42,13.2,809.0,1.0,0.0,1008.7
2026-06-14T15:00,13.9,40,11.0,628.0,8.7,0.0,1007.9
2026-06-14T16:00,11.7,49,9.1,256.0,5.0,0.1,1009.5
2026-06-14T17:00,11.1,56,8.7,304.0,5.0,0.0,1010.3
2026-06-14T18:00,10.6,57,8.4,120.0,3.2,0.0,1010.8
2026-06-14T19:00,9.4,68,7.9,38.0,0.2,0.0,1011.4
2026-06-14T20:00,8.6,74,7.1,0.0,1.0,1.0,1013.3
2026-06-14T21:00,8.0,77,6.4,0.0,1.6,0.7,1014.9
2026-06-14T22:00,7.5,80,5.9,0.0,2.2,0.8,1016.0
2026-06-14T23:00,6.3,87,4.3,0.0,4.7,0.6,1016.6
2026-06-15T00:00,6.0,89,4.3,0.0,2.3,0.6,1016.4
2026-06-15T01:00,5.7,90,4.0,0.0,2.3,0.8,1016.2
2026-06-15T02:00,5.3,92,3.6,0.0,2.1,0.4,1016.4
2026-06-15T03:00,5.1,94,3.5,0.0,2.0,0.1,1016.3
2026-06-15T04:00,5.3,93,3.6,0.0,1.9,0.1,1016.2
2026-06-15T05:00,5.2,96,3.6,2.0,2.0,0.4,1016.3
2026-06-15T06:00,5.5,94,3.9,55.0,2.0,0.9,1016.9
2026-06-15T07:00,6.3,91,4.7,168.0,2.9,0.6,1017.0
2026-06-15T08:00,6.9,90,5.2,234.0,3.6,0.4,1017.1
2026-06-15T09:00,8.5,80,6.8,444.0,3.2,0.2,1016.6
2026-06-15T10:00,10.2,73,9.2,639.0,3.2,0.2,1015.6
2026-06-15T11:00,11.2,64,10.4,763.0,5.3,0.4,1014.2
2026-06-15T12:00,13.4,56,13.9,854.0,2.3,0.1,1012.2
2026-06-15T13:00,14.4,52,14.5,823.0,2.8,0.1,1010.6
2026-06-15T14:00,13.2,55,14.0,945.0,3.1,0.1,1009.5
2026-06-15T15:00,14.3,49,14.1,781.0,2.0,0.8,1008.8
2026-06-15T16:00,15.3,39,13.0,574.0,3.5,0.3,1007.3
2026-06-15T17:00,12.6,54,10.3,388.0,5.5,0.2,1008.5
2026-06-15T18:00,13.4,48,11.2,199.0,3.0,0.3,1009.2
2026-06-15T19:00,12.1,55,10.3,46.0,1.5,0.0,1010.0
2026-06-15T20:00,11.1,55,9.1,0.0,1.6,0.0,1011.5
2026-06-15T21:00,10.0,58,8.0,0.0,1.8,0.0,1013.3
2026-06-15T22:00,9.1,59,7.1,0.0,0.8,0.0,1014.1
2026-06-15T23:00,8.3,62,6.3,0.0,0.7,0.0,1014.7
2026-06-16T00:00,6.7,67,4.5,0.0,1.3,0.0,1014.5
2026-06-16T01:00,6.0,63,3.6,0.0,1.3,0.0,1014.4
2026-06-16T02:00,5.6,58,3.0,0.0,1.3,0.0,1014.7
2026-06-16T03:00,6.0,53,3.3,0.0,0.7,0.0,1015.0
2026-06-16T04:00,5.8,53,3.1,0.0,1.0,0.0,1015.1
2026-06-16T05:00,7.0,60,4.8,4.0,0.3,0.1,1016.9
2026-06-16T06:00,8.6,58,6.3,86.0,2.2,0.0,1016.4
2026-06-16T07:00,10.3,57,8.0,337.0,3.9,0.0,1016.1
2026-06-16T08:00,11.8,54,9.8,542.0,2.2,0.0,1015.8
2026-06-16T09:00,13.2,50,12.4,701.0,1.7,0.0,1014.9
2026-06-16T10:00,15.2,42,15.1,853.0,2.6,0.0,1013.4
2026-06-16T11:00,15.3,40,15.1,955.0,6.0,0.0,1012.2
2026-06-16T12:00,16.2,36,15.6,850.0,3.8,0.2,1011.5
2026-06-16T13:00,16.4,35,15.6,831.0,4.7,0.1,1010.8
2026-06-16T14:00,16.7,34,14.4,678.0,7.5,0.2,1009.8
2026-06-16T15:00,16.1,36,12.9,512.0,9.3,0.1,1009.9
2026-06-16T16:00,14.4,44,11.4,292.0,8.6,0.1,1011.3
2026-06-16T17:00,15.6,36,13.1,130.0,3.3,0.1,1009.6
2026-06-16T18:00,15.1,39,12.6,168.0,3.6,0.0,1010.0
2026-06-16T19:00,12.9,51,10.6,42.0,4.7,0.0,1012.1
2026-06-16T20:00,11.8,62,9.8,0.0,4.8,0.0,1014.4
2026-06-16T21:00,11.1,68,9.4,0.0,3.8,0.0,1016.1
2026-06-16T22:00,10.7,71,9.5,0.0,1.0,0.0,1017.2
2026-06-16T23:00,9.8,73,8.1,0.0,3.6,0.0,1018.1
2026-06-17T00:00,9.4,77,8.2,0.0,0.9,0.2,1017.9
2026-06-17T01:00,9.1,78,7.9,0.0,0.4,0.2,1017.9
2026-06-17T02:00,8.6,83,7.4,0.0,1.5,0.1,1017.7
2026-06-17T03:00,8.4,83,7.1,0.0,1.6,0.0,1017.6
2026-06-17T04:00,8.2,87,7.1,0.0,1.5,0.1,1017.5
2026-06-17T05:00,7.3,85,6.0,2.0,0.8,0.0,1018.7
2026-06-17T06:00,7.6,86,6.3,79.0,1.2,0.2,1019.0
2026-06-17T07:00,8.0,86,6.7,151.0,1.6,0.3,1019.3
2026-06-17T08:00,8.8,81,7.5,250.0,1.5,0.2,1019.1
2026-06-17T09:00,10.1,72,8.7,377.0,2.0,0.2,1018.5
2026-06-17T10:00,11.3,61,9.5,368.0,3.1,0.0,1017.1
2026-06-17T11:00,13.6,49,11.8,580.0,2.5,0.0,1014.8
2026-06-17T12:00,14.4,45,12.7,650.0,4.3,0.1,1013.4
2026-06-17T13:00,14.3,46,12.0,532.0,4.4,0.1,1012.5
2026-06-17T14:00,15.8,42,15.1,843.0,6.1,0.5,1010.8
2026-06-17T15:00,15.6,43,13.7,596.0,4.4,0.8,1010.1
2026-06-17T16:00,15.7,42,13.1,528.0,6.7,0.4,1009.3
2026-06-17T17:00,14.4,49,12.1,305.0,6.2,0.1,1011.0
2026-06-17T18:00,13.4,53,11.3,180.0,5.0,0.1,1011.7
2026-06-17T19:00,11.7,66,10.3,50.0,2.4,0.0,1012.5
2026-06-17T20:00,10.6,74,9.3,0.0,2.8,0.0,1014.1
2026-06-17T21:00,9.6,81,8.6,0.0,1.3,0.1,1015.4
2026-06-17T22:00,7.3,90,6.2,0.0,0.7,0.0,1016.3
2026-06-17T23:00,7.2,88,6.0,0.0,0.6,0.0,1017.9
2026-06-18T00:00,5.8,86,3.9,0.0,2.7,0.0,1017.9
2026-06-18T01:00,5.4,81,3.3,0.0,3.2,0.0,1017.8
2026-06-18T02:00,6.0,75,3.7,0.0,3.4,0.0,1017.6
2026-06-18T03:00,5.5,76,3.1,0.0,3.9,0.0,1018.0
2026-06-18T04:00,5.0,78,2.5,0.0,4.3,0.0,1017.8
2026-06-18T05:00,5.9,83,3.9,2.0,3.1,0.0,1017.9
2026-06-18T06:00,7.7,74,5.7,74.0,3.5,0.0,1017.5
2026-06-18T07:00,9.4,66,7.7,217.0,1.6,0.0,1017.2
2026-06-18T08:00,10.6,60,9.0,356.0,0.4,0.0,1016.6
2026-06-18T09:00,11.6,57,9.5,483.0,3.8,0.0,1015.7
2026-06-18T10:00,12.9,52,11.4,682.0,5.3,0.0,1014.7
2026-06-18T11:00,13.1,49,11.6,673.0,4.1,0.0,1014.6
2026-06-18T12:00,14.1,44,13.8,797.0,1.1,0.0,1013.4
2026-06-18T13:00,13.4,47,11.1,517.0,3.6,0.1,1012.7
2026-06-18T14:00,12.6,53,10.9,410.0,1.2,0.3,1013.0
2026-06-18T15:00,14.0,48,12.4,559.0,0.9,0.2,1011.5
2026-06-18T16:00,13.8,47,11.9,277.0,2.1,0.1,1010.6
2026-06-18T17:00,14.5,46,12.0,272.0,6.2,0.0,1010.0
2026-06-18T18:00,12.7,55,10.1,189.0,7.5,0.1,1011.3
2026-06-18T19:00,10.8,70,9.3,47.0,2.4,0.2,1013.6
2026-06-18T20:00,10.0,79,9.1,0.0,0.4,0.1,1014.2
2026-06-18T21:00,9.2,82,8.1,0.0,1.6,0.0,1015.4
2026-06-18T22:00,8.3,87,7.1,0.0,1.7,0.0,1016.5
2026-06-18T23:00,8.4,83,7.1,0.0,2.1,0.0,1015.9
2026-06-19T00:00,7.2,87,5.5,0.0,3.2,0.0,1015.8
2026-06-19T01:00,6.0,87,3.8,0.0,5.1,0.0,1015.6
2026-06-19T02:00,4.9,82,2.2,0.0,5.8,0.0,1015.0
2026-06-19T03:00,4.7,76,2.3,0.0,3.0,0.0,1015.1
2026-06-19T04:00,4.3,74,1.6,0.0,4.1,0.0,1015.6
2026-06-19T05:00,7.7,78,6.0,3.0,2.1,0.0,1016.6
2026-06-19T06:00,8.2,73,6.5,49.0,1.7,0.0,1016.4
2026-06-19T07:00,9.3,64,7.4,196.0,1.7,0.0,1016.0
2026-06-19T08:00,10.0,59,7.8,226.0,2.8,0.0,1015.7
2026-06-19T09:00,11.0,55,8.5,271.0,5.3,0.0,1014.9
2026-06-19T10:00,12.9,51,10.8,642.0,7.0,0.0,1014.1
2026-06-19T11:00,12.3,51,11.3,676.0,1.1,0.1,1013.8
2026-06-19T12:00,13.3,48,11.5,641.0,5.2,0.2,1012.9
2026-06-19T13:00,13.7,47,11.2,614.0,8.0,0.2,1012.3
2026-06-19T14:00,14.5,42,12.4,640.0,5.6,0.1,1010.8
2026-06-19T15:00,15.1,42,13.2,612.0,3.3,0.1,1009.8
2026-06-19T16:00,13.6,47,11.1,352.0,5.7,0.1,1010.1
2026-06-19T17:00,12.0,61,9.5,163.0,8.4,0.5,1012.4
2026-06-19T18:00,12.2,57,10.4,164.0,2.4,0.2,1011.9
2026-06-19T19:00,11.1,63,9.6,43.0,1.5,0.1,1013.0
2026-06-19T20:00,9.7,72,8.1,0.0,2.1,0.2,1014.7
2026-06-19T21:00,9.0,71,7.6,0.0,0.2,0.1,1016.6
2026-06-19T22:00,7.9,82,6.2,0.0,4.0,0.1,1017.5
2026-06-19T23:00,7.7,80,6.0,0.0,2.7,0.1,1017.6
2026-06-20T00:00,6.5,88,4.7,0.0,4.1,0.1,1017.0
2026-06-20T01:00,5.9,91,3.8,0.0,5.2,0.1,1016.9
2026-06-20T02:00,5.1,88,3.0,0.0,3.8,0.1,1016.6
2026-06-20T03:00,4.6,84,2.3,0.0,3.8,0.0,1016.6
2026-06-20T04:00,4.1,82,1.5,0.0,5.0,0.0,1017.0
2026-06-20T05:00,4.3,90,1.8,3.0,5.9,0.0,1017.9
2026-06-20T06:00,5.7,90,3.5,97.0,5.5,0.0,1018.1
2026-06-20T07:00,7.5,66,5.3,259.0,2.7,0.1,1018.6
2026-06-20T08:00,9.1,58,7.1,391.0,1.1,0.0,1017.9
2026-06-20T09:00,10.1,53,7.7,422.0,3.1,0.0,1016.8
2026-06-20T10:00,11.6,47,8.9,549.0,4.3,0.0,1015.6
2026-06-20T11:00,13.1,40,13.1,904.0,1.3,0.0,1013.7
2026-06-20T12:00,14.7,37,14.1,901.0,5.0,0.0,1012.3
2026-06-20T13:00,15.5,36,15.0,899.0,5.1,0.1,1010.8
2026-06-20T14:00,16.4,34,16.7,940.0,2.1,0.1,1009.1
2026-06-20T15:00,15.9,34,14.3,735.0,4.8,0.2,1008.9
2026-06-20T16:00,15.3,34,12.3,461.0,5.4,0.1,1008.9
2026-06-20T17:00,14.5,37,11.3,370.0,7.7,0.0,1010.0
2026-06-20T18:00,13.1,42,10.4,202.0,4.4,0.0,1011.0
2026-06-20T19:00,10.9,56,8.8,59.0,2.9,0.0,1012.1
2026-06-20T20:00,9.8,66,7.9,0.0,3.1,0.0,1013.5
2026-06-20T21:00,9.0,72,7.4,0.0,1.6,0.0,1015.3
2026-06-20T22:00,8.2,79,6.7,0.0,1.5,0.0,1016.7
2026-06-20T23:00,7.5,74,5.8,0.0,0.7,0.3,1017.0
2026-06-21T00:00,5.8,82,3.9,0.0,1.8,0.1,1016.9
2026-06-21T01:00,5.0,86,2.9,0.0,2.9,0.2,1017.5
2026-06-21T02:00,5.1,85,2.6,0.0,5.4,0.3,1017.7
2026-06-21T03:00,4.5,88,2.0,0.0,5.4,0.2,1017.4
2026-06-21T04:00,3.8,87,1.5,0.0,3.5,0.1,1017.0
2026-06-21T05:00,3.3,95,1.1,3.0,4.0,0.0,1019.2
2026-06-21T06:00,4.8,91,2.5,82.0,5.0,0.3,1019.3
2026-06-21T07:00,6.0,77,3.9,241.0,2.4,0.1,1019.4
2026-06-21T08:00,7.2,71,5.3,335.0,1.1,0.0,1018.8
2026-06-21T09:00,8.7,64,6.8,487.0,1.1,0.0,1017.6
2026-06-21T10:00,10.2,58,9.1,673.0,1.4,0.0,1016.2
2026-06-21T11:00,11.4,41,10.6,805.0,1.1,0.0,1014.3
2026-06-21T12:00,13.3,37,13.3,923.0,2.0,0.0,1012.3
2026-06-21T13:00,14.4,38,15.3,1016.0,1.3,0.0,1010.9
2026-06-21T14:00,14.2,37,12.7,738.0,3.3,0.0,1009.9
2026-06-21T15:00,14.6,34,12.9,712.0,3.5,0.0,1008.9
2026-06-21T16:00,15.0,33,12.7,670.0,4.9,0.0,1008.0
2026-06-21T17:00,13.8,40,10.7,472.0,7.3,0.0,1008.6
2026-06-21T18:00,13.6,41,10.9,257.0,4.8,0.0,1008.4
2026-06-21T19:00,11.8,50,9.7,68.0,1.4,0.0,1009.0
2026-06-21T20:00,10.9,51,8.9,0.0,0.6,0.0,1009.9
2026-06-21T21:00,10.0,54,8.1,0.0,0.2,0.0,1010.7
2026-06-21T22:00,9.1,56,7.1,0.0,0.4,0.0,1011.2
2026-06-21T23:00,7.2,59,4.9,0.0,1.0,0.0,1011.1
2026-06-22T00:00,5.0,64,2.3,0.0,2.5,0.0,1010.9
2026-06-22T01:00,4.3,64,1.5,0.0,2.7,0.0,1011.3
2026-06-22T02:00,4.0,63,1.0,0.0,3.6,0.0,1011.6
2026-06-22T03:00,4.2,62,1.3,0.0,3.2,0.0,1011.5
2026-06-22T04:00,5.0,61,1.9,0.0,4.6,0.0,1012.1
2026-06-22T05:00,7.1,60,4.7,3.0,1.5,0.0,1013.5
2026-06-22T06:00,8.5,50,5.9,66.0,2.2,0.0,1013.9
2026-06-22T07:00,9.1,50,6.6,164.0,1.3,0.0,1014.5
2026-06-22T08:00,9.0,54,6.9,229.0,0.4,0.1,1015.1
2026-06-22T09:00,9.5,57,7.3,380.0,2.6,0.2,1015.3
2026-06-22T10:00,9.5,58,7.2,355.0,3.0,0.2,1015.2
2026-06-22T11:00,10.5,52,8.3,552.0,2.2,0.1,1013.7
2026-06-22T12:00,12.2,49,10.8,739.0,5.6,0.0,1012.0
2026-06-22T13:00,12.0,48,9.2,469.0,6.2,0.0,1011.4
2026-06-22T14:00,13.6,43,12.9,753.0,1.3,0.0,1009.9
2026-06-22T15:00,14.7,41,14.6,834.0,1.5,0.0,1008.2
2026-06-22T16:00,13.8,44,10.8,443.0,7.8,0.1,1008.2
2026-06-22T17:00,11.2,64,9.4,321.0,3.6,0.2,1010.3
2026-06-22T18:00,10.8,66,9.4,203.0,1.5,0.5,1010.7
2026-06-22T19:00,9.5,74,7.7,51.0,3.6,0.2,1012.8
2026-06-22T20:00,8.8,79,7.5,0.0,1.4,1.0,1014.7
2026-06-22T21:00,8.2,83,7.0,0.0,1.3,0.8,1015.5
2026-06-22T22:00,7.4,88,6.1,0.0,1.1,1.7,1016.3
2026-06-22T23:00,6.9,88,5.1,0.0,4.2,1.4,1016.3
2026-06-23T00:00,6.9,88,5.4,0.0,2.3,0.1,1015.7
2026-06-23T01:00,6.8,90,5.5,0.0,1.5,0.1,1015.4
2026-06-23T02:00,6.6,91,5.2,0.0,1.6,0.1,1015.1
2026-06-23T03:00,6.3,91,4.7,0.0,2.0,0.0,1015.1
2026-06-23T04:00,6.1,91,4.6,0.0,2.2,0.1,1015.3
2026-06-23T05:00,6.0,87,4.3,2.0,2.0,0.1,1016.2
2026-06-23T06:00,6.6,85,4.9,55.0,2.3,0.1,1016.2
2026-06-23T07:00,7.8,79,5.9,221.0,3.5,0.1,1015.8
2026-06-23T08:00,8.7,74,6.8,417.0,3.2,0.6,1015.1
2026-06-23T09:00,10.2,64,8.5,578.0,2.4,0.5,1014.0
2026-06-23T10:00,11.3,62,9.5,567.0,3.9,0.4,1013.1
2026-06-23T11:00,12.9,55,11.6,678.0,4.8,0.0,1011.9
2026-06-23T12:00,14.5,50,15.7,929.0,0.5,0.1,1009.6
2026-06-23T13:00,16.1,44,17.1,985.0,2.7,0.0,1007.3
2026-06-23T14:00,16.7,42,16.5,861.0,4.7,0.0,1006.0
2026-06-23T15:00,17.0,38,15.6,756.0,6.5,0.1,1005.3
2026-06-23T16:00,16.3,36,13.3,564.0,7.7,0.1,1005.7
2026-06-23T17:00,16.0,35,12.8,391.0,8.1,0.0,1005.9
2026-06-23T18:00,15.5,38,12.7,236.0,5.9,0.0,1005.6
2026-06-23T19:00,13.2,45,11.0,67.0,2.4,0.0,1006.3
2026-06-23T20:00,12.1,47,10.0,0.0,1.1,0.0,1007.4
2026-06-23T21:00,10.6,51,8.5,0.0,0.5,0.0,1008.4
2026-06-23T22:00,9.3,53,7.0,0.0,1.1,0.0,1009.0
2026-06-23T23:00,9.5,50,7.3,0.0,0.7,0.0,1009.7
2026-06-24T00:00,8.2,53,5.9,0.0,0.4,0.0,1009.8
2026-06-24T01:00,7.2,52,4.6,0.0,1.1,0.0,1010.3
2026-06-24T02:00,6.9,50,4.2,0.0,1.0,0.0,1010.9
2026-06-24T03:00,7.5,46,4.8,0.0,0.4,0.0,1011.4
2026-06-24T04:00,7.4,47,4.8,0.0,0.3,0.0,1011.8
2026-06-24T05:00,9.0,50,6.7,3.0,0.2,0.0,1012.8
2026-06-24T06:00,10.4,48,8.1,80.0,1.3,0.0,1012.8
2026-06-24T07:00,12.0,47,9.5,266.0,3.4,0.0,1012.7
2026-06-24T08:00,13.3,45,10.9,500.0,4.0,0.0,1012.3
2026-06-24T09:00,14.8,42,13.6,710.0,3.0,0.0,1011.3
2026-06-24T10:00,16.1,37,15.6,847.0,3.4,0.1,1010.4
2026-06-24T11:00,16.6,35,15.8,860.0,5.8,0.0,1009.9
2026-06-24T12:00,17.1,35,17.0,895.0,3.1,0.0,1009.0
2026-06-24T13:00,17.7,33,17.9,914.0,1.9,0.1,1007.8
2026-06-24T14:00,17.7,32,17.1,779.0,1.5,0.1,1007.0
2026-06-24T15:00,18.4,29,16.5,679.0,4.6,0.0,1005.9
2026-06-24T16:00,18.5,29,15.6,549.0,6.0,0.0,1005.2
2026-06-24T17:00,18.0,32,15.1,384.0,6.3,0.0,1005.4
2026-06-24T18:00,17.5,34,15.3,221.0,2.2,0.0,1005.5
2026-06-24T19:00,15.5,40,13.7,65.0,0.6,0.0,1006.0
2026-06-24T20:00,14.2,42,12.2,0.0,0.4,0.0,1007.1
2026-06-24T21:00,12.5,47,10.4,0.0,1.2,0.0,1008.1
2026-06-24T22:00,11.1,50,8.9,0.0,1.7,0.0,1008.8
2026-06-24T23:00,10.9,51,8.8,0.0,1.0,0.0,1009.5
2026-06-25T00:00,9.3,52,6.9,0.0,1.4,0.0,1009.5
2026-06-25T01:00,8.5,50,5.8,0.0,2.3,0.0,1009.9
2026-06-25T02:00,8.1,47,5.2,0.0,3.0,0.0,1010.0
2026-06-25T03:00,7.7,45,4.8,0.0,2.4,0.0,1010.3
2026-06-25T04:00,7.7,43,4.7,0.0,2.2,0.0,1010.8
2026-06-25T05:00,9.1,42,6.5,3.0,0.4,0.0,1011.6
2026-06-25T06:00,11.4,45,8.9,103.0,2.2,0.0,1012.2
2026-06-25T07:00,13.8,38,11.0,299.0,4.1,0.0,1012.8
2026-06-25T08:00,14.8,37,12.3,464.0,3.2,0.0,1012.7
2026-06-25T09:00,16.0,35,14.1,655.0,3.8,0.0,1012.0
2026-06-25T10:00,17.4,34,17.0,852.0,3.5,0.0,1010.8
2026-06-25T11:00,17.8,32,18.2,998.0,4.0,0.0,1010.0
2026-06-25T12:00,19.4,31,19.3,961.0,5.3,0.0,1008.4
2026-06-25T13:00,20.2,30,20.0,997.0,8.0,0.0,1007.0
2026-06-25T14:00,20.2,31,18.6,830.0,10.3,0.0,1006.3
2026-06-25T15:00,20.3,30,18.0,695.0,9.5,0.0,1005.7
2026-06-25T16:00,20.3,29,17.3,582.0,9.2,0.0,1005.0
2026-06-25T17:00,19.9,29,17.0,406.0,6.7,0.0,1005.8
2026-06-25T18:00,19.1,33,16.8,221.0,3.9,0.0,1005.8
2026-06-25T19:00,16.5,41,14.5,62.0,3.3,0.0,1006.9
2026-06-25T20:00,15.5,43,13.8,0.0,0.7,0.0,1008.2
2026-06-25T21:00,14.2,46,12.4,0.0,0.9,0.0,1009.3
2026-06-25T22:00,12.9,49,11.0,0.0,1.4,0.0,1009.7
2026-06-25T23:00,11.9,51,10.0,0.0,1.0,0.0,1010.4
2026-06-26T00:00,10.6,53,8.4,0.0,1.9,0.0,1010.2
2026-06-26T01:00,10.2,53,7.8,0.0,2.8,0.0,1010.4
2026-06-26T02:00,10.0,53,7.7,0.0,2.6,0.0,1010.2
2026-06-26T03:00,9.1,52,6.6,0.0,2.4,0.0,1010.7
2026-06-26T04:00,8.6,51,6.0,0.0,2.5,0.0,1011.2
2026-06-26T05:00,9.8,47,7.4,3.0,1.3,0.0,1012.7
2026-06-26T06:00,12.3,49,10.2,107.0,1.6,0.0,1013.2
2026-06-26T07:00,15.1,38,12.7,304.0,2.6,0.0,1013.5
2026-06-26T08:00,16.4,36,14.3,530.0,1.3,0.0,1013.1
2026-06-26T09:00,17.6,35,16.5,737.0,3.6,0.0,1012.4
2026-06-26T10:00,18.9,33,18.7,873.0,4.0,0.0,1011.6
2026-06-26T11:00,19.3,30,18.9,940.0,6.4,0.0,1010.6
2026-06-26T12:00,20.4,29,20.2,975.0,6.6,0.0,1009.0
2026-06-26T13:00,21.1,28,20.6,984.0,8.8,0.0,1007.8
2026-06-26T14:00,21.5,27,20.0,888.0,10.9,0.0,1006.4
2026-06-26T15:00,21.7,26,19.4,765.0,11.5,0.0,1005.7
2026-06-26T16:00,21.4,27,18.3,608.0,10.4,0.1,1005.2
2026-06-26T17:00,20.8,28,17.2,337.0,12.1,0.0,1005.3
2026-06-26T18:00,19.8,34,17.4,231.0,6.7,0.0,1006.0
2026-06-26T19:00,18.0,38,16.3,59.0,1.5,0.0,1006.6
2026-06-26T20:00,16.6,41,14.8,0.0,1.2,0.0,1008.1
2026-06-26T21:00,15.1,46,13.5,0.0,0.8,0.0,1009.3
2026-06-26T22:00,13.8,52,12.3,0.0,0.4,0.0,1010.5
2026-06-26T23:00,14.8,48,13.3,0.0,0.2,0.0,1010.8
2026-06-27T00:00,13.9,54,12.7,0.0,0.3,0.0,1010.7
2026-06-27T01:00,12.4,59,11.1,0.0,0.3,0.0,1010.9
2026-06-27T02:00,11.7,60,10.3,0.0,0.4,0.0,1011.1
2026-06-27T03:00,11.3,60,9.7,0.0,0.9,0.0,1011.8
2026-06-27T04:00,11.2,58,9.4,0.0,1.5,0.0,1012.7
2026-06-27T05:00,11.9,58,10.3,3.0,1.2,0.0,1013.8
2026-06-27T06:00,13.2,59,12.0,92.0,1.1,0.0,1014.2
2026-06-27T07:00,14.6,50,12.9,286.0,2.7,0.0,1014.1
2026-06-27T08:00,15.8,47,14.0,496.0,3.2,0.0,1013.8
2026-06-27T09:00,16.9,46,15.7,671.0,5.3,0.0,1013.2
2026-06-27T10:00,17.6,45,17.2,729.0,3.6,0.1,1012.6
2026-06-27T11:00,17.9,42,18.1,884.0,4.2,0.0,1012.0
2026-06-27T12:00,19.1,37,18.2,740.0,4.7,0.0,1010.2
2026-06-27T13:00,20.1,34,19.4,818.0,6.3,0.0,1008.4
2026-06-27T14:00,20.7,32,19.6,770.0,6.6,0.1,1006.9
2026-06-27T15:00,21.2,30,19.2,711.0,8.6,0.1,1006.0
2026-06-27T16:00,20.9,30,17.9,546.0,9.0,0.0,1005.2
2026-06-27T17:00,20.3,30,17.5,418.0,6.6,0.0,1005.7
2026-06-27T18:00,19.7,34,17.3,227.0,5.8,0.0,1006.1
2026-06-27T19:00,17.5,41,15.8,65.0,1.9,0.0,1006.8
2026-06-27T20:00,16.4,43,14.7,0.0,1.0,0.0,1007.5
2026-06-27T21:00,15.1,47,13.6,0.0,0.7,0.0,1008.4
2026-06-27T22:00,14.0,50,12.5,0.0,0.2,0.0,1009.0
2026-06-27T23:00,14.3,47,12.7,0.0,0.2,0.0,1009.5
2026-06-28T00:00,12.7,53,11.2,0.0,0.2,0.0,1009.4
2026-06-28T01:00,11.8,55,10.1,0.0,0.6,0.0,1009.5
2026-06-28T02:00,11.3,54,9.5,0.0,0.6,0.0,1009.6
2026-06-28T03:00,11.1,53,9.3,0.0,0.4,0.0,1010.3
2026-06-28T04:00,10.9,54,9.2,0.0,0.0,0.0,1010.9
2026-06-28T05:00,11.7,50,9.7,3.0,0.6,0.0,1010.7
2026-06-28T06:00,13.5,56,12.2,102.0,0.6,0.0,1010.7
2026-06-28T07:00,15.5,43,13.5,315.0,2.9,0.0,1010.7
2026-06-28T08:00,16.6,42,14.9,531.0,1.7,0.0,1010.5
2026-06-28T09:00,17.8,40,17.0,721.0,2.8,0.0,1009.8
2026-06-28T10:00,18.5,37,17.7,776.0,4.8,0.0,1009.5
2026-06-28T11:00,19.1,35,18.7,795.0,3.4,0.0,1008.7
2026-06-28T12:00,20.2,33,20.1,904.0,5.8,0.1,1007.1
2026-06-28T13:00,20.9,31,20.6,932.0,7.5,0.1,1006.1
2026-06-28T14:00,21.4,29,20.5,880.0,8.3,0.0,1004.8
2026-06-28T15:00,22.0,26,19.9,772.0,10.5,0.0,1003.6
2026-06-28T16:00,22.2,24,19.2,639.0,10.3,0.0,1002.6
2026-06-28T17:00,21.9,23,18.2,447.0,10.5,0.0,1002.4
2026-06-28T18:00,21.0,28,18.1,247.0,7.0,0.0,1002.8
2026-06-28T19:00,18.4,36,16.3,66.0,2.8,0.0,1003.8
2026-06-28T20:00,17.0,39,15.1,0.0,1.5,0.0,1005.1
2026-06-28T21:00,15.0,44,13.0,0.0,2.3,0.0,1006.3
2026-06-28T22:00,13.1,49,11.0,0.0,2.8,0.0,1007.1
2026-06-28T23:00,12.4,53,10.4,0.0,2.6,0.0,1008.3
2026-06-29T00:00,10.7,56,8.5,0.0,3.2,0.0,1008.4
2026-06-29T01:00,9.8,56,7.3,0.0,4.1,0.0,1008.9
2026-06-29T02:00,9.2,55,6.6,0.0,3.7,0.0,1009.2
2026-06-29T03:00,8.9,52,6.3,0.0,2.5,0.0,1009.6
2026-06-29T04:00,8.8,48,6.1,0.0,2.5,0.0,1010.2
2026-06-29T05:00,10.5,47,8.0,3.0,2.0,0.0,1010.7
2026-06-29T06:00,12.9,54,11.1,114.0,1.9,0.0,1011.0
2026-06-29T07:00,16.1,34,13.7,326.0,2.4,0.0,1011.2
2026-06-29T08:00,17.7,33,15.4,547.0,3.1,0.0,1010.5
2026-06-29T09:00,19.2,32,18.4,751.0,3.0,0.0,1009.5
2026-06-29T10:00,20.9,28,21.0,908.0,3.1,0.0,1008.4
2026-06-29T11:00,21.2,29,21.6,1021.0,6.0,0.0,1008.2
2026-06-29T12:00,22.8,26,23.9,1086.0,4.4,0.0,1006.4
2026-06-29T13:00,24.2,23,24.8,1075.0,5.9,0.0,1004.4
2026-06-29T14:00,24.6,22,23.8,947.0,9.2,0.0,1003.1
2026-06-29T15:00,24.1,23,22.3,786.0,9.1,0.0,1003.0
2026-06-29T16:00,24.0,22,22.1,686.0,5.8,0.0,1002.5
2026-06-29T17:00,23.4,21,20.4,483.0,5.8,0.0,1003.3
2026-06-29T18:00,22.3,38,21.3,269.0,1.7,0.0,1003.5
2026-06-29T19:00,19.7,29,17.7,73.0,0.4,0.0,1004.3
2026-06-29T20:00,18.0,32,16.0,0.0,0.6,0.0,1005.3
2026-06-29T21:00,16.1,35,13.9,0.0,1.1,0.0,1006.4
2026-06-29T22:00,14.0,42,11.8,0.0,2.3,0.0,1007.4
2026-06-29T23:00,12.3,50,10.1,0.0,3.3,0.0,1007.7
2026-06-30T00:00,11.0,50,8.5,0.0,3.5,0.0,1007.9
2026-06-30T01:00,10.4,50,7.8,0.0,3.9,0.0,1008.1
2026-06-30T02:00,10.2,50,7.6,0.0,3.4,0.0,1008.1
2026-06-30T03:00,10.0,49,7.5,0.0,2.7,0.0,1008.1
2026-06-30T04:00,9.8,49,7.3,0.0,2.5,0.0,1008.5
2026-06-30T05:00,10.8,47,8.3,3.0,2.3,0.0,1009.7
2026-06-30T06:00,13.2,47,11.1,112.0,2.6,0.0,1009.9
2026-06-30T07:00,17.4,33,15.1,318.0,2.1,0.0,1010.2
2026-06-30T08:00,19.3,29,16.8,534.0,3.7,0.0,1009.2
2026-06-30T09:00,21.1,28,20.0,729.0,2.9,0.0,1007.6
2026-06-30T10:00,22.7,25,23.0,907.0,1.8,0.0,1006.5
2026-06-30T11:00,23.2,24,23.6,1023.0,5.1,0.0,1006.2
2026-06-30T12:00,24.6,21,25.5,1076.0,3.8,0.0,1004.6
2026-06-30T13:00,25.3,20,25.5,1063.0,6.4,0.0,1003.0
2026-06-30T14:00,25.8,19,26.1,983.0,3.6,0.0,1001.6
2026-06-30T15:00,25.6,20,24.7,826.0,4.7,0.0,1001.0
2026-06-30T16:00,25.3,20,23.5,667.0,4.0,0.0,1000.3
2026-06-30T17:00,24.6,21,21.7,482.0,6.3,0.0,1000.8
2026-06-30T18:00,23.5,31,21.9,260.0,3.1,0.0,1001.1
2026-06-30T19:00,21.4,31,19.8,71.0,0.7,0.0,1001.6
2026-06-30T20:00,19.9,32,18.1,0.0,1.2,0.0,1002.3
2026-06-30T21:00,17.5,39,15.6,0.0,3.0,0.0,1003.5
2026-06-30T22:00,15.0,46,12.9,0.0,4.3,0.0,1004.3
2026-06-30T23:00,13.5,51,11.4,0.0,3.7,0.0,1004.4
2026-07-01T00:00,12.1,49,9.7,0.0,3.7,0.0,1004.6
2026-07-01T01:00,11.6,45,9.0,0.0,3.1,0.0,1004.9
2026-07-01T02:00,11.5,41,8.8,0.0,2.9,0.0,1005.2
2026-07-01T03:00,11.8,36,8.9,0.0,2.6,0.0,1005.4
2026-07-01T04:00,11.9,32,9.0,0.0,1.7,0.0,1005.6
2026-07-01T05:00,12.5,35,9.7,3.0,1.7,0.0,1006.0
2026-07-01T06:00,14.4,41,12.2,96.0,2.4,0.0,1006.2
2026-07-01T07:00,17.9,26,15.2,241.0,2.4,0.0,1006.6
2026-07-01T08:00,19.7,25,17.4,465.0,0.2,0.0,1006.3
2026-07-01T09:00,21.3,23,19.3,667.0,3.3,0.0,1005.2
2026-07-01T10:00,22.2,22,20.3,715.0,5.8,0.0,1004.5
2026-07-01T11:00,22.9,22,21.7,847.0,6.4,0.0,1003.2
2026-07-01T12:00,24.1,21,23.5,890.0,4.7,0.0,1001.8
2026-07-01T13:00,24.8,20,23.3,880.0,9.1,0.0,1000.5
2026-07-01T14:00,24.8,20,22.5,799.0,11.3,0.0,999.7
2026-07-01T15:00,24.5,21,22.7,735.0,7.0,0.0,999.3
2026-07-01T16:00,24.0,22,21.0,494.0,6.7,0.0,998.9
2026-07-01T17:00,23.7,22,20.9,449.0,5.1,0.0,998.7
2026-07-01T18:00,22.9,26,20.2,241.0,6.5,0.0,998.9
2026-07-01T19:00,21.1,32,19.4,65.0,1.2,0.0,999.5
2026-07-01T20:00,19.7,34,17.7,0.0,2.7,0.0,1001.0
2026-07-01T21:00,17.9,41,15.9,0.0,4.6,0.0,1003.6
2026-07-01T22:00,17.0,45,15.5,0.0,1.8,0.0,1005.3
2026-07-01T23:00,15.8,46,14.2,0.0,1.9,0.0,1005.4
2026-07-02T00:00,15.4,49,13.7,0.0,2.7,0.0,1006.0
2026-07-02T01:00,15.3,49,13.8,0.0,1.2,0.0,1006.4
2026-07-02T02:00,15.0,50,13.6,0.0,0.8,0.0,1006.7
2026-07-02T03:00,14.6,51,13.1,0.0,1.3,0.0,1007.5
2026-07-02T04:00,14.5,51,13.2,0.0,0.5,0.0,1007.9
2026-07-02T05:00,12.4,69,11.6,2.0,0.4,0.0,1010.8
2026-07-02T06:00,13.3,62,11.9,60.0,3.2,0.0,1011.0
2026-07-02T07:00,14.2,61,13.1,171.0,2.2,0.0,1010.8
2026-07-02T08:00,15.9,58,15.0,442.0,2.4,0.0,1010.2
2026-07-02T09:00,17.0,52,15.9,522.0,2.5,0.0,1009.1
2026-07-02T10:00,18.7,42,18.0,698.0,4.1,0.0,1007.7
2026-07-02T11:00,19.8,37,20.2,889.0,3.3,0.0,1006.6
2026-07-02T12:00,21.3,34,21.5,893.0,5.2,0.0,1004.8
2026-07-02T13:00,21.8,33,21.6,891.0,7.2,0.0,1003.4
2026-07-02T14:00,22.7,32,22.2,859.0,7.8,0.0,1002.0
2026-07-02T15:00,20.1,42,17.4,428.0,13.2,0.1,1003.5
2026-07-02T16:00,18.3,55,16.5,487.0,10.7,1.2,1005.3
2026-07-02T17:00,16.0,65,15.2,176.0,4.2,1.2,1008.5
2026-07-02T18:00,15.6,66,15.1,74.0,2.3,1.1,1009.2
2026-07-02T19:00,15.2,71,15.0,39.0,1.5,0.1,1009.4
2026-07-02T20:00,14.5,72,14.2,0.0,1.5,0.0,1010.0
2026-07-02T21:00,13.9,75,13.5,0.0,1.4,0.0,1011.3
2026-07-02T22:00,13.8,72,13.4,0.0,0.6,0.0,1011.7
2026-07-02T23:00,12.9,72,12.1,0.0,2.4,0.1,1012.5
2026-07-03T00:00,12.2,80,11.7,0.0,1.1,0.3,1013.0
2026-07-03T01:00,11.8,80,11.1,0.0,2.5,0.6,1013.4
2026-07-03T02:00,11.5,82,10.6,0.0,3.0,0.8,1013.7
2026-07-03T03:00,11.3,84,10.6,0.0,2.7,0.5,1013.6
2026-07-03T04:00,11.1,85,10.3,0.0,2.8,0.3,1014.0
2026-07-03T05:00,11.4,82,10.6,1.0,2.5,0.2,1014.4
2026-07-03T06:00,11.7,78,10.7,28.0,2.8,0.3,1014.9
2026-07-03T07:00,11.9,76,11.0,93.0,2.7,0.4,1015.3
2026-07-03T08:00,13.2,70,12.5,254.0,0.9,0.2,1014.6
2026-07-03T09:00,14.7,62,13.9,409.0,1.4,0.1,1013.8
2026-07-03T10:00,17.5,52,18.1,773.0,1.5,0.0,1011.9
2026-07-03T11:00,17.8,46,18.7,970.0,5.1,0.1,1011.1
2026-07-03T12:00,19.3,44,19.6,893.0,6.8,0.1,1009.5
2026-07-03T13:00,19.7,45,19.6,769.0,5.8,0.2,1008.1
2026-07-03T14:00,20.9,42,21.0,931.0,9.9,0.1,1006.3
2026-07-03T15:00,20.9,38,20.1,787.0,8.5,0.1,1005.5
2026-07-03T16:00,20.7,36,19.2,633.0,5.4,0.0,1004.8
2026-07-03T17:00,19.8,39,17.6,445.0,7.6,0.0,1004.8
2026-07-03T18:00,19.0,41,17.5,233.0,2.4,0.0,1005.2
2026-07-03T19:00,17.0,51,16.0,64.0,1.7,0.0,1005.6
2026-07-03T20:00,16.0,55,15.0,0.0,0.9,0.0,1006.5
2026-07-03T21:00,15.0,58,14.1,0.0,0.4,0.0,1007.7
2026-07-03T22:00,13.9,61,12.9,0.0,0.2,0.0,1008.5
2026-07-03T23:00,13.2,62,12.1,0.0,0.8,0.0,1008.5
2026-07-04T00:00,11.7,64,10.2,0.0,1.9,0.0,1008.4
2026-07-04T01:00,12.2,60,10.6,0.0,2.3,0.0,1008.8
2026-07-04T02:00,12.4,57,10.8,0.0,1.0,0.0,1009.5
2026-07-04T03:00,11.8,57,10.1,0.0,1.2,0.0,1009.8
2026-07-04T04:00,12.0,55,10.2,0.0,1.3,0.0,1010.1
2026-07-04T05:00,12.6,54,10.9,1.0,1.1,0.0,1010.6
2026-07-04T06:00,14.0,50,12.1,57.0,3.1,0.0,1011.3
2026-07-04T07:00,13.8,56,12.4,125.0,2.0,0.1,1012.2
2026-07-04T08:00,14.4,58,13.4,263.0,0.6,0.1,1012.2
2026-07-04T09:00,15.6,56,14.5,395.0,1.9,0.0,1011.1
2026-07-04T10:00,16.4,54,15.2,456.0,3.1,0.0,1010.1
2026-07-04T11:00,16.4,48,16.9,852.0,2.7,0.0,1009.8
2026-07-04T12:00,17.0,46,15.4,462.0,3.4,0.0,1009.3
2026-07-04T13:00,16.2,53,15.1,308.0,1.5,0.5,1009.2
2026-07-04T14:00,17.9,47,16.5,543.0,2.8,0.2,1007.8
2026-07-04T15:00,18.1,46,16.7,489.0,3.5,0.0,1006.9
2026-07-04T16:00,18.5,45,17.5,571.0,1.3,0.0,1005.8
2026-07-04T17:00,19.3,37,17.5,341.0,3.1,0.0,1004.4
2026-07-04T18:00,18.2,39,16.3,257.0,3.4,0.0,1004.8
2026-07-04T19:00,16.2,50,14.8,65.0,2.7,0.0,1005.6
2026-07-04T20:00,15.2,51,13.8,0.0,1.4,0.0,1006.5
2026-07-04T21:00,14.6,52,13.2,0.0,0.6,0.0,1007.3
2026-07-04T22:00,13.9,53,12.4,0.0,1.0,0.0,1007.8
2026-07-04T23:00,13.9,51,12.3,0.0,1.1,0.0,1007.2
2026-07-05T00:00,12.6,56,11.0,0.0,1.8,0.0,1007.0
2026-07-05T01:00,10.5,60,8.5,0.0,3.1,0.0,1007.1
2026-07-05T02:00,10.0,59,7.8,0.0,3.1,0.0,1007.4
2026-07-05T03:00,10.0,56,7.8,0.0,2.3,0.0,1007.6
2026-07-05T04:00,10.2,52,8.0,0.0,1.4,0.0,1008.2
2026-07-05T05:00,12.1,51,10.3,2.0,0.7,0.0,1008.8
2026-07-05T06:00,14.4,52,13.0,77.0,1.3,0.0,1009.2
2026-07-05T07:00,15.4,46,13.7,178.0,1.9,0.0,1010.2
2026-07-05T08:00,15.9,45,14.2,288.0,1.9,0.0,1010.5
2026-07-05T09:00,17.5,42,16.2,586.0,1.8,0.0,1009.5
2026-07-05T10:00,18.9,40,18.4,773.0,4.9,0.0,1008.4
2026-07-05T11:00,19.0,38,19.2,875.0,3.4,0.0,1008.0
2026-07-05T12:00,20.6,35,21.0,907.0,4.0,0.0,1005.9
2026-07-05T13:00,21.6,33,21.9,914.0,5.1,0.0,1004.3
2026-07-05T14:00,22.6,32,22.3,866.0,7.2,0.0,1002.5
2026-07-05T15:00,22.1,36,20.6,703.0,10.1,0.2,1002.1
2026-07-05T16:00,22.0,35,19.9,577.0,8.8,0.1,1001.8
2026-07-05T17:00,21.2,36,19.0,423.0,7.5,0.0,1002.5
2026-07-05T18:00,20.6,40,19.4,226.0,2.8,0.1,1002.5
2026-07-05T19:00,18.9,45,17.9,65.0,1.1,0.0,1003.0
2026-07-05T20:00,18.2,45,17.2,0.0,0.4,0.0,1003.3
2026-07-05T21:00,17.0,49,16.0,0.0,0.4,0.0,1004.0
2026-07-05T22:00,15.9,53,14.9,0.0,0.6,0.0,1004.5
2026-07-05T23:00,15.7,53,14.6,0.0,1.4,0.0,1004.4
2026-07-06T00:00,13.0,61,11.5,0.0,2.4,0.0,1004.7
2026-07-06T01:00,11.8,62,10.1,0.0,3.0,0.0,1005.5
2026-07-06T02:00,11.8,60,10.2,0.0,1.9,0.0,1006.6
2026-07-06T03:00,12.1,57,10.5,0.0,1.0,0.0,1007.2
2026-07-06T04:00,12.5,55,11.0,0.0,0.6,0.0,1007.5
2026-07-06T05:00,13.6,53,12.2,1.0,0.2,0.0,1006.9
2026-07-06T06:00,15.2,59,14.3,81.0,1.5,0.0,1007.8
2026-07-06T07:00,16.8,44,15.2,254.0,2.3,0.0,1008.1
2026-07-06T08:00,18.0,41,16.4,480.0,1.4,0.0,1007.9
2026-07-06T09:00,18.9,39,17.8,624.0,2.3,0.0,1006.9
2026-07-06T10:00,20.6,36,20.7,849.0,3.8,0.0,1005.8
2026-07-06T11:00,21.2,33,21.6,873.0,3.0,0.0,1004.5
2026-07-06T12:00,22.7,31,22.7,913.0,6.4,0.0,1002.8
2026-07-06T13:00,22.2,34,21.0,746.0,8.4,0.0,1002.7
2026-07-06T14:00,22.5,36,21.7,756.0,7.9,0.0,1002.0
2026-07-06T15:00,20.9,42,18.5,415.0,12.2,0.3,1003.0
2026-07-06T16:00,19.4,43,16.9,341.0,11.4,0.1,1004.5
2026-07-06T17:00,17.6,58,16.6,366.0,5.1,0.0,1005.9
2026-07-06T18:00,17.2,61,16.4,97.0,4.4,0.4,1006.2
2026-07-06T19:00,16.2,68,16.1,54.0,1.5,0.0,1006.3
2026-07-06T20:00,15.8,67,15.6,0.0,0.6,0.0,1006.7
2026-07-06T21:00,15.3,68,15.1,0.0,0.4,0.0,1007.5
2026-07-06T22:00,13.9,74,13.7,0.0,0.6,0.0,1008.4
2026-07-06T23:00,13.0,76,12.5,0.0,1.9,0.0,1008.2
2026-07-07T00:00,12.0,80,11.2,0.0,2.5,0.0,1008.4
2026-07-07T01:00,11.9,80,11.3,0.0,1.5,0.0,1009.1
2026-07-07T02:00,11.9,82,11.4,0.0,1.8,0.3,1010.4
2026-07-07T03:00,11.3,88,10.8,0.0,2.4,0.4,1010.4
2026-07-07T04:00,11.5,88,11.0,0.0,3.0,0.5,1010.2
2026-07-07T05:00,10.8,90,9.8,1.0,5.1,0.2,1011.0
2026-07-07T06:00,11.1,96,10.8,54.0,3.5,0.2,1011.7
2026-07-07T07:00,12.6,71,11.3,162.0,4.2,0.2,1011.5
2026-07-07T08:00,13.6,68,12.7,256.0,2.6,0.1,1011.0
2026-07-07T09:00,14.4,67,13.6,295.0,2.6,0.1,1009.9
2026-07-07T10:00,15.4,64,14.6,378.0,3.1,0.1,1009.1
2026-07-07T11:00,17.0,49,15.5,345.0,4.3,0.1,1007.2
2026-07-07T12:00,18.4,45,17.6,666.0,3.9,0.0,1005.4
2026-07-07T13:00,19.4,45,19.3,695.0,2.3,0.1,1003.5
2026-07-07T14:00,20.3,48,21.3,899.0,6.4,0.3,1001.6
2026-07-07T15:00,19.6,48,19.3,656.0,4.0,1.8,1001.6
2026-07-07T16:00,19.5,43,17.8,422.0,6.0,0.2,1001.2
2026-07-07T17:00,17.2,55,15.8,308.0,6.1,0.0,1004.4
2026-07-07T18:00,16.5,58,15.6,203.0,3.6,0.2,1004.4
2026-07-07T19:00,15.1,69,14.6,50.0,2.9,0.0,1005.4
2026-07-07T20:00,14.6,72,14.4,0.0,0.5,0.1,1006.7
2026-07-07T21:00,13.7,75,13.5,0.0,0.4,0.0,1007.7
2026-07-07T22:00,12.6,85,12.2,0.0,3.3,0.2,1009.3
2026-07-07T23:00,13.0,79,12.5,0.0,2.9,0.4,1007.8
2026-07-08T00:00,11.7,83,11.0,0.0,3.5,0.0,1007.3
2026-07-08T01:00,12.2,80,11.2,0.0,4.7,0.2,1008.1
2026-07-08T02:00,12.1,80,11.2,0.0,4.1,0.2,1007.9
2026-07-08T03:00,12.4,78,11.6,0.0,3.2,0.5,1008.2
2026-07-08T04:00,12.1,78,11.4,0.0,2.6,0.8,1009.1
2026-07-08T05:00,11.0,83,10.0,0.0,4.0,0.6,1009.6
2026-07-08T06:00,11.5,79,10.4,34.0,4.2,0.4,1009.3
2026-07-08T07:00,12.0,72,11.0,64.0,1.6,0.4,1009.9
2026-07-08T08:00,11.2,75,9.7,114.0,4.9,1.0,1011.8
2026-07-08T09:00,10.9,77,9.9,157.0,1.1,1.5,1012.1
2026-07-08T10:00,12.4,69,11.4,328.0,1.5,0.4,1011.3
2026-07-08T11:00,13.9,62,12.6,438.0,3.3,0.3,1010.1
2026-07-08T12:00,14.8,59,13.8,400.0,1.8,0.1,1008.7
2026-07-08T13:00,15.4,57,14.1,394.0,3.5,0.1,1007.8
2026-07-08T14:00,14.5,62,13.6,262.0,1.4,0.6,1007.9
2026-07-08T15:00,15.3,58,14.2,333.0,2.8,0.2,1007.2
2026-07-08T16:00,15.3,55,14.1,208.0,1.7,0.1,1006.6
2026-07-08T17:00,15.1,52,13.2,407.0,5.0,0.0,1006.9
2026-07-08T18:00,14.6,53,13.0,150.0,2.5,0.0,1007.0
2026-07-08T19:00,13.3,62,12.3,46.0,0.6,0.0,1006.8
2026-07-08T20:00,12.3,64,11.2,0.0,0.2,0.0,1007.9
2026-07-08T21:00,12.0,68,10.9,0.0,1.5,0.1,1009.2
2026-07-08T22:00,10.9,72,9.7,0.0,1.6,0.0,1009.8
2026-07-08T23:00,10.9,73,9.5,0.0,2.9,0.3,1009.8
2026-07-09T00:00,10.5,73,9.0,0.0,3.2,0.0,1009.4
2026-07-09T01:00,10.9,75,9.5,0.0,3.3,0.3,1009.9
2026-07-09T02:00,10.9,77,9.5,0.0,4.5,0.4,1010.3
2026-07-09T03:00,10.6,81,9.5,0.0,3.2,0.1,1009.9
2026-07-09T04:00,10.5,82,9.6,0.0,1.7,0.0,1010.2
2026-07-09T05:00,9.8,82,8.6,1.0,2.3,0.0,1010.5
2026-07-09T06:00,11.1,73,9.7,33.0,4.0,0.0,1010.6
2026-07-09T07:00,11.8,64,10.5,136.0,1.2,0.1,1011.2
2026-07-09T08:00,12.5,62,10.8,223.0,3.6,0.1,1011.2
2026-07-09T09:00,13.4,61,11.8,342.0,3.9,0.1,1010.5
2026-07-09T10:00,14.2,60,12.7,430.0,4.0,0.1,1009.9
2026-07-09T11:00,15.5,53,14.9,645.0,1.1,0.1,1008.3
2026-07-09T12:00,18.3,45,19.3,876.0,2.1,0.0,1005.9
2026-07-09T13:00,18.8,44,19.6,856.0,2.3,0.1,1004.4
2026-07-09T14:00,19.5,45,20.2,892.0,4.7,0.1,1003.3
2026-07-09T15:00,19.6,45,19.0,714.0,7.0,0.2,1002.9
2026-07-09T16:00,19.4,45,17.8,512.0,5.5,0.1,1002.7
2026-07-09T17:00,18.4,48,17.1,280.0,4.4,0.1,1003.3
2026-07-09T18:00,18.1,49,17.0,204.0,3.2,0.0,1003.5
2026-07-09T19:00,16.5,59,15.8,48.0,1.7,0.0,1004.4
2026-07-09T20:00,16.1,60,15.4,0.0,1.6,0.0,1005.7
2026-07-09T21:00,15.5,65,15.0,0.0,1.1,0.1,1007.2
2026-07-09T22:00,15.2,74,15.2,0.0,1.5,0.4,1008.1
2026-07-09T23:00,14.7,76,14.7,0.0,1.3,0.3,1008.7
2026-07-10T00:00,14.5,73,14.3,0.0,1.0,0.1,1008.3
2026-07-10T01:00,14.1,74,13.9,0.0,0.7,0.2,1008.1
2026-07-10T02:00,13.7,76,13.5,0.0,0.5,0.2,1008.5
2026-07-10T03:00,13.2,76,12.9,0.0,0.2,0.1,1008.2
2026-07-10T04:00,12.7,77,12.4,0.0,0.3,0.0,1008.5
2026-07-10T05:00,12.7,81,12.3,1.0,2.2,0.0,1009.3
2026-07-10T06:00,13.4,73,12.9,58.0,1.0,0.1,1009.1
2026-07-10T07:00,13.6,70,12.9,182.0,2.0,0.3,1009.8
2026-07-10T08:00,13.8,68,12.9,166.0,2.5,0.3,1010.5
2026-07-10T09:00,14.4,65,13.5,258.0,2.5,0.2,1010.5
2026-07-10T10:00,15.4,60,14.7,362.0,0.7,0.1,1010.0
2026-07-10T11:00,17.6,51,17.0,721.0,6.8,0.0,1007.6
2026-07-10T12:00,18.6,47,19.0,925.0,7.5,0.0,1006.8
2026-07-10T13:00,17.5,47,15.9,601.0,6.3,0.0,1006.7
2026-07-10T14:00,18.6,43,17.6,713.0,6.6,0.0,1005.7
2026-07-10T15:00,18.7,43,17.8,666.0,4.2,0.0,1005.0
2026-07-10T16:00,18.3,45,16.4,459.0,6.2,0.1,1004.8
2026-07-10T17:00,18.8,40,16.6,332.0,6.7,0.0,1003.4
2026-07-10T18:00,18.6,41,16.8,220.0,3.5,0.0,1003.4
2026-07-10T19:00,17.3,49,16.2,53.0,1.3,0.0,1003.5
2026-07-10T20:00,16.9,49,15.8,0.0,0.6,0.0,1004.0
2026-07-10T21:00,16.1,53,15.2,0.0,0.3,0.0,1004.9
2026-07-10T22:00,16.0,52,14.9,0.0,0.6,0.0,1004.9
2026-07-10T23:00,13.9,57,12.8,0.0,0.5,0.0,1005.6
2026-07-11T00:00,11.7,66,10.5,0.0,0.8,0.0,1005.1
2026-07-11T01:00,10.7,69,9.2,0.0,2.1,0.0,1005.4
2026-07-11T02:00,10.2,66,8.5,0.0,2.6,0.0,1005.4
2026-07-11T03:00,10.3,63,8.4,0.0,3.0,0.0,1005.8
2026-07-11T04:00,10.1,60,8.2,0.0,2.2,0.0,1006.1
2026-07-11T05:00,11.4,60,9.9,1.0,0.6,0.0,1006.3
2026-07-11T06:00,12.4,57,10.3,86.0,4.3,0.0,1006.4
2026-07-11T07:00,15.6,49,13.8,255.0,3.8,0.0,1006.5
2026-07-11T08:00,17.0,47,15.2,450.0,4.4,0.0,1005.7
2026-07-11T09:00,18.5,44,18.1,713.0,3.3,0.0,1004.6
2026-07-11T10:00,20.0,39,20.2,839.0,4.0,0.0,1003.1
2026-07-11T11:00,19.1,41,17.1,556.0,6.4,0.0,1003.0
2026-07-11T12:00,19.4,39,17.5,497.0,4.9,0.1,1002.4
2026-07-11T13:00,19.2,40,17.0,560.0,7.9,0.1,1002.2
2026-07-11T14:00,18.2,45,15.7,464.0,9.8,0.1,1002.7
2026-07-11T15:00,17.7,51,16.3,481.0,5.0,0.3,1002.8
2026-07-11T16:00,18.3,50,17.2,467.0,3.4,0.2,1001.8
2026-07-11T17:00,15.9,66,14.9,224.0,6.5,0.2,1004.1
2026-07-11T18:00,15.0,71,14.4,118.0,3.8,2.2,1004.7
2026-07-11T19:00,13.9,81,13.7,33.0,3.3,2.2,1006.2
2026-07-11T20:00,12.9,86,12.7,0.0,2.7,0.7,1007.8
2026-07-11T21:00,12.6,89,12.6,0.0,1.8,0.6,1009.0
2026-07-11T22:00,12.0,91,12.0,0.0,1.5,0.5,1009.5
2026-07-11T23:00,11.3,88,10.8,0.0,2.3,0.4,1009.9
2026-07-12T00:00,11.0,87,10.6,0.0,0.9,0.3,1009.4
2026-07-12T01:00,11.1,88,10.7,0.0,1.3,0.3,1008.4
2026-07-12T02:00,10.4,89,9.8,0.0,1.5,0.2,1008.3
2026-07-12T03:00,10.0,85,9.0,0.0,2.7,0.1,1007.4
2026-07-12T04:00,9.2,86,8.0,0.0,3.3,0.1,1006.9
2026-07-12T05:00,11.1,85,10.5,1.0,1.4,0.0,1006.7
2026-07-12T06:00,11.3,80,10.4,31.0,2.6,0.3,1006.9
2026-07-12T07:00,11.5,78,10.4,92.0,3.7,0.4,1007.1
2026-07-12T08:00,11.4,80,10.1,184.0,5.7,0.4,1008.2
2026-07-12T09:00,12.6,72,11.6,434.0,3.3,0.5,1007.4
2026-07-12T10:00,15.5,55,15.5,712.0,1.8,0.0,1005.1
2026-07-12T11:00,16.2,50,16.6,803.0,1.7,0.0,1003.5
2026-07-12T12:00,17.4,44,17.1,782.0,4.1,0.0,1002.4
2026-07-12T13:00,16.8,51,15.3,617.0,7.4,0.2,1002.5
2026-07-12T14:00,16.6,53,14.8,438.0,7.3,0.9,1002.1
2026-07-12T15:00,17.7,44,15.4,538.0,8.1,0.2,1001.0
2026-07-12T16:00,17.4,43,15.0,413.0,7.7,0.0,1001.0
2026-07-12T17:00,16.2,48,14.6,308.0,2.7,0.0,1002.4
2026-07-12T18:00,15.6,49,14.1,177.0,2.5,0.0,1003.1
2026-07-12T19:00,14.3,61,13.3,35.0,1.5,0.1,1004.0
2026-07-12T20:00,13.5,66,12.6,0.0,1.5,0.2,1005.6
2026-07-12T21:00,13.1,67,12.2,0.0,1.0,0.3,1007.1
2026-07-12T22:00,12.5,71,11.3,0.0,3.1,0.5,1007.9
2026-07-12T23:00,11.8,76,10.8,0.0,2.9,0.2,1008.0
2026-07-13T00:00,11.4,79,10.3,0.0,3.8,0.0,1007.4
2026-07-13T01:00,11.1,76,9.9,0.0,3.4,0.1,1007.3
2026-07-13T02:00,10.8,79,9.5,0.0,4.4,0.1,1007.1
2026-07-13T03:00,10.5,79,9.2,0.0,3.5,0.2,1007.3
2026-07-13T04:00,10.3,80,9.0,0.0,3.5,0.5,1007.6
2026-07-13T05:00,9.7,79,8.3,0.0,3.6,1.0,1009.9
2026-07-13T06:00,9.7,76,7.8,46.0,5.7,0.7,1010.5
2026-07-13T07:00,9.8,76,8.2,99.0,4.2,0.4,1010.9
2026-07-13T08:00,10.1,75,8.6,141.0,3.1,0.3,1011.6
2026-07-13T09:00,10.9,77,9.6,445.0,3.9,0.5,1011.5
2026-07-13T10:00,12.1,70,11.0,579.0,3.3,0.4,1011.0
2026-07-13T11:00,13.7,59,13.6,758.0,3.2,0.1,1009.3
2026-07-13T12:00,15.8,49,16.4,871.0,2.5,0.0,1007.1
2026-07-13T13:00,17.0,46,17.4,906.0,5.2,0.0,1005.3
2026-07-13T14:00,17.5,43,17.6,784.0,1.7,0.0,1003.9
2026-07-13T15:00,18.2,37,16.7,620.0,2.3,0.0,1002.7
2026-07-13T16:00,19.2,32,17.2,632.0,5.2,0.0,1001.6
2026-07-13T17:00,18.1,31,15.7,284.0,3.0,0.0,1002.3
2026-07-13T18:00,17.5,37,14.9,173.0,6.3,0.0,1002.8
2026-07-13T19:00,16.2,43,14.5,43.0,1.1,0.0,1003.6
2026-07-13T20:00,15.5,44,13.9,0.0,0.4,0.0,1004.4
2026-07-13T21:00,14.6,44,12.8,0.0,0.7,0.0,1005.3
2026-07-13T22:00,13.1,48,11.1,0.0,2.0,0.0,1005.9
2026-07-13T23:00,13.7,48,11.7,0.0,2.0,0.0,1006.7
2026-07-14T00:00,12.7,52,10.4,0.0,5.1,0.0,1007.5
2026-07-14T01:00,11.9,55,9.6,0.0,5.3,0.0,1007.9
2026-07-14T02:00,11.2,60,9.3,0.0,2.6,0.1,1008.9
2026-07-14T03:00,10.2,72,8.6,0.0,3.4,0.2,1009.5
2026-07-14T04:00,9.1,87,7.4,0.0,6.1,0.2,1010.3
2026-07-14T05:00,10.2,59,8.3,0.0,1.1,0.3,1009.5
2026-07-14T06:00,11.7,55,9.6,74.0,3.4,0.0,1009.8
2026-07-14T07:00,13.1,46,10.5,256.0,5.3,0.0,1009.9
2026-07-14T08:00,14.4,44,12.1,499.0,4.5,0.0,1009.1
2026-07-14T09:00,15.7,43,14.1,663.0,5.1,0.0,1008.8
2026-07-14T10:00,16.1,41,14.6,645.0,3.3,0.0,1008.6
2026-07-14T11:00,17.0,36,17.4,889.0,0.8,0.0,1007.8
2026-07-14T12:00,18.0,38,18.0,889.0,4.5,0.0,1006.7
2026-07-14T13:00,17.9,41,18.0,861.0,3.8,0.1,1006.6
2026-07-14T14:00,17.9,41,17.2,734.0,4.0,0.2,1006.1
2026-07-14T15:00,19.0,38,18.0,733.0,5.3,0.1,1004.7
2026-07-14T16:00,18.8,39,16.8,571.0,5.1,0.1,1004.7
2026-07-14T17:00,15.6,56,14.2,307.0,4.3,0.1,1008.2
2026-07-14T18:00,15.0,60,13.6,189.0,5.1,0.2,1008.6
2026-07-14T19:00,13.5,73,12.8,45.0,2.4,0.2,1010.3
2026-07-14T20:00,12.9,78,12.3,0.0,2.7,0.3,1011.7
2026-07-14T21:00,12.3,79,11.3,0.0,4.3,0.5,1013.4
2026-07-14T22:00,11.2,82,10.1,0.0,4.4,0.8,1014.7
2026-07-14T23:00,9.9,83,8.7,0.0,3.8,1.1,1015.8
2026-07-15T00:00,9.4,84,8.5,0.0,0.7,1.5,1015.8
2026-07-15T01:00,9.3,84,8.4,0.0,1.0,1.3,1015.8
2026-07-15T02:00,9.1,86,8.3,0.0,0.0,0.4,1015.6
2026-07-15T03:00,9.3,85,8.3,0.0,1.5,0.2,1015.0
2026-07-15T04:00,9.2,86,8.3,0.0,1.3,0.3,1015.3
2026-07-15T05:00,9.0,90,7.9,0.0,3.1,0.8,1015.5
2026-07-15T06:00,9.0,88,7.9,13.0,2.9,0.6,1016.4
2026-07-15T07:00,8.6,84,7.4,31.0,1.6,1.6,1017.3
2026-07-15T08:00,9.2,82,8.1,87.0,1.3,0.9,1017.1
2026-07-15T09:00,10.7,74,9.7,216.0,0.6,0.1,1015.9
2026-07-15T10:00,13.3,62,12.0,520.0,1.9,0.0,1014.4
2026-07-15T11:00,14.6,55,14.5,746.0,2.5,0.0,1013.2
2026-07-15T12:00,17.0,48,17.5,876.0,4.1,0.0,1011.0
2026-07-15T13:00,17.5,48,18.1,860.0,3.6,0.0,1009.6
2026-07-15T14:00,18.2,47,19.2,870.0,1.9,0.0,1008.8
2026-07-15T15:00,18.3,45,17.7,648.0,2.1,0.0,1007.8
2026-07-15T16:00,18.1,47,16.3,405.0,6.9,0.0,1007.6
2026-07-15T17:00,18.1,48,16.3,362.0,6.7,0.0,1008.0
2026-07-15T18:00,17.2,53,16.0,192.0,4.1,0.0,1008.2
2026-07-15T19:00,15.6,63,15.0,49.0,1.5,0.0,1009.0
2026-07-15T20:00,14.9,65,14.3,0.0,1.3,0.0,1009.6
2026-07-15T21:00,13.7,70,13.1,0.0,0.8,0.0,1010.4
2026-07-15T22:00,11.8,77,11.2,0.0,0.4,0.0,1011.3
2026-07-15T23:00,11.6,75,10.7,0.0,1.3,0.0,1012.1
2026-07-16T00:00,10.1,78,8.7,0.0,3.4,0.0,1012.6
2026-07-16T01:00,10.1,74,8.6,0.0,3.6,0.0,1013.2
2026-07-16T02:00,9.9,74,8.3,0.0,3.0,0.0,1013.8
2026-07-16T03:00,9.9,75,8.6,0.0,1.6,0.0,1014.1
2026-07-16T04:00,9.2,75,7.8,0.0,1.4,0.0,1014.3
2026-07-16T05:00,9.9,67,8.4,0.0,1.1,0.0,1014.7
2026-07-16T06:00,11.5,62,9.5,78.0,4.9,0.0,1015.3
2026-07-16T07:00,14.1,55,12.7,268.0,2.2,0.0,1015.3
2026-07-16T08:00,15.6,54,14.2,471.0,3.4,0.0,1014.3
2026-07-16T09:00,17.2,52,16.5,655.0,4.6,0.0,1012.8
2026-07-16T10:00,18.2,49,18.3,759.0,4.5,0.1,1011.7
2026-07-16T11:00,19.2,45,19.3,785.0,4.5,0.2,1010.7
2026-07-16T12:00,20.6,41,21.5,878.0,2.6,0.1,1009.4
2026-07-16T13:00,21.5,37,21.9,889.0,5.4,0.0,1007.7
2026-07-16T14:00,22.1,35,22.4,863.0,4.9,0.0,1006.7
2026-07-16T15:00,22.2,35,21.7,731.0,4.4,0.0,1005.9
2026-07-16T16:00,22.4,34,21.0,585.0,3.8,0.0,1005.4
2026-07-16T17:00,22.3,33,19.8,437.0,8.9,0.0,1005.2
2026-07-16T18:00,21.4,44,20.5,234.0,3.3,0.0,1005.0
2026-07-16T19:00,19.0,41,17.7,61.0,1.5,0.0,1005.4
2026-07-16T20:00,17.5,45,16.3,0.0,0.8,0.0,1006.3
2026-07-16T21:00,15.9,49,14.7,0.0,0.6,0.0,1007.2
2026-07-16T22:00,14.5,52,13.1,0.0,1.3,0.0,1007.9
2026-07-16T23:00,14.7,49,13.2,0.0,0.8,0.0,1007.9
2026-07-17T00:00,13.4,51,11.6,0.0,1.5,0.0,1008.1
2026-07-17T01:00,12.6,50,10.7,0.0,1.8,0.0,1008.1
2026-07-17T02:00,12.1,50,10.0,0.0,2.1,0.0,1008.4
2026-07-17T03:00,11.6,52,9.5,0.0,1.9,0.0,1008.6
2026-07-17T04:00,11.1,54,9.0,0.0,2.1,0.0,1009.0
2026-07-17T05:00,11.1,55,9.1,0.0,2.2,0.0,1010.3
2026-07-17T06:00,13.1,57,11.5,85.0,2.8,0.0,1011.0
2026-07-17T07:00,17.3,43,15.5,290.0,3.3,0.0,1011.4
2026-07-17T08:00,19.3,39,17.5,511.0,3.9,0.0,1010.4
2026-07-17T09:00,20.8,37,20.3,712.0,3.3,0.0,1009.3
2026-07-17T10:00,22.3,35,23.1,874.0,2.5,0.0,1008.1
2026-07-17T11:00,22.6,35,23.8,975.0,4.2,0.0,1007.7
2026-07-17T12:00,24.2,32,26.0,1005.0,2.3,0.0,1005.8
2026-07-17T13:00,25.3,28,26.4,987.0,4.0,0.0,1004.3
2026-07-17T14:00,25.6,26,25.6,905.0,6.3,0.0,1002.8
2026-07-17T15:00,25.7,25,25.2,806.0,4.7,0.0,1002.0
2026-07-17T16:00,25.7,25,24.6,614.0,1.5,0.0,1001.5
2026-07-17T17:00,25.3,26,23.4,465.0,3.4,0.0,1001.3
2026-07-17T18:00,24.0,45,24.2,256.0,1.5,0.0,1001.5
2026-07-17T19:00,21.4,35,20.1,62.0,1.3,0.0,1002.2
2026-07-17T20:00,19.5,41,18.4,0.0,0.6,0.0,1003.4
2026-07-17T21:00,17.5,44,16.0,0.0,2.3,0.0,1004.7
2026-07-17T22:00,15.6,50,14.0,0.0,3.2,0.0,1005.4
2026-07-17T23:00,15.4,49,13.7,0.0,2.5,0.0,1005.2
2026-07-18T00:00,14.5,48,12.7,0.0,2.5,0.0,1005.3
2026-07-18T01:00,14.2,46,12.2,0.0,2.3,0.0,1005.5
2026-07-18T02:00,13.9,46,11.8,0.0,2.7,0.0,1005.7
2026-07-18T03:00,13.7,47,11.7,0.0,2.2,0.0,1006.1
2026-07-18T04:00,13.3,48,11.3,0.0,2.2,0.0,1006.8
2026-07-18T05:00,13.1,49,11.2,0.0,1.5,0.0,1008.5
2026-07-18T06:00,14.8,53,13.2,83.0,3.2,0.0,1008.9
2026-07-18T07:00,18.9,40,17.4,288.0,2.1,0.0,1009.1
2026-07-18T08:00,20.8,35,18.9,509.0,3.7,0.0,1008.3
2026-07-18T09:00,22.2,34,21.7,714.0,3.2,0.0,1007.1
2026-07-18T10:00,23.8,32,24.3,883.0,4.4,0.0,1006.0
2026-07-18T11:00,24.3,31,25.4,1002.0,5.2,0.0,1005.1
2026-07-18T12:00,25.8,29,27.8,1065.0,3.3,0.0,1003.4
2026-07-18T13:00,26.9,25,28.2,1060.0,5.0,0.0,1001.4
2026-07-18T14:00,27.7,22,28.7,973.0,2.6,0.0,999.8
2026-07-18T15:00,27.9,22,28.3,835.0,1.2,0.0,999.0
2026-07-18T16:00,27.9,22,26.7,663.0,3.8,0.1,998.2
2026-07-18T17:00,27.8,22,25.5,464.0,6.6,0.0,997.7
2026-07-18T18:00,25.7,34,24.6,250.0,5.2,0.0,998.3
2026-07-18T19:00,23.7,31,22.4,60.0,1.5,0.0,999.5
2026-07-18T20:00,22.3,33,21.0,0.0,0.9,0.0,1000.8
2026-07-18T21:00,19.6,41,18.2,0.0,2.4,0.0,1001.6
2026-07-18T22:00,17.2,48,15.7,0.0,3.6,0.0,1002.8
2026-07-18T23:00,17.1,47,15.7,0.0,2.2,0.0,1002.7
2026-07-19T00:00,15.7,49,14.0,0.0,3.3,0.0,1003.4
2026-07-19T01:00,15.2,48,13.4,0.0,2.7,0.0,1004.0
2026-07-19T02:00,15.0,45,13.2,0.0,1.7,0.0,1004.1
2026-07-19T03:00,14.7,44,12.8,0.0,1.5,0.0,1005.1
2026-07-19T04:00,14.4,44,12.4,0.0,1.5,0.0,1005.8
2026-07-19T05:00,15.1,42,13.3,0.0,0.6,0.0,1006.6
2026-07-19T06:00,16.8,49,15.8,82.0,0.6,0.0,1006.8
2026-07-19T07:00,20.2,35,18.4,284.0,2.7,0.0,1007.1
2026-07-19T08:00,21.5,37,20.0,505.0,4.3,0.0,1006.8
2026-07-19T09:00,23.0,36,22.8,708.0,3.4,0.0,1005.7
2026-07-19T10:00,24.1,35,24.5,872.0,7.1,0.0,1005.1
2026-07-19T11:00,24.8,31,25.3,941.0,6.8,0.0,1004.5
2026-07-19T12:00,25.8,28,26.6,959.0,5.0,0.0,1003.0
2026-07-19T13:00,26.4,27,27.0,955.0,5.6,0.0,1001.9
2026-07-19T14:00,27.0,25,27.3,910.0,6.1,0.0,1000.2
2026-07-19T15:00,27.0,25,25.4,746.0,10.9,0.0,999.5
2026-07-19T16:00,26.4,27,24.3,592.0,9.4,0.0,999.2
2026-07-19T17:00,24.8,31,22.3,329.0,10.3,0.1,1001.3
2026-07-19T18:00,22.1,48,21.2,123.0,6.7,0.6,1003.0
2026-07-19T19:00,19.2,60,18.3,39.0,8.3,0.3,1006.2
2026-07-19T20:00,18.0,68,18.4,0.0,2.2,0.1,1006.9
2026-07-19T21:00,16.9,76,17.3,0.0,2.3,0.1,1008.9
2026-07-19T22:00,16.7,71,17.1,0.0,0.6,0.1,1008.9
2026-07-19T23:00,16.4,75,17.0,0.0,0.6,0.0,1011.3
2026-07-20T00:00,15.4,74,15.7,0.0,0.2,0.0,1011.3
2026-07-20T01:00,15.2,76,15.4,0.0,0.7,0.1,1011.0
2026-07-20T02:00,14.7,80,14.9,0.0,1.6,0.0,1010.8
2026-07-20T03:00,14.2,82,14.3,0.0,1.5,0.1,1011.4
2026-07-20T04:00,13.5,86,13.6,0.0,2.0,0.3,1011.9
2026-07-20T05:00,15.0,72,15.0,0.0,0.3,0.7,1009.8
2026-07-20T06:00,15.5,73,15.2,48.0,3.8,0.2,1010.9
2026-07-20T07:00,15.7,71,15.7,151.0,1.5,0.1,1011.4
2026-07-20T08:00,16.3,68,16.0,280.0,2.7,0.4,1011.2
2026-07-20T09:00,17.9,62,17.6,511.0,3.2,0.6,1010.3
2026-07-20T10:00,20.4,51,21.0,714.0,2.9,0.2,1008.1
2026-07-20T11:00,20.9,46,21.6,845.0,5.7,0.2,1006.8
2026-07-20T12:00,22.5,41,23.5,814.0,2.6,0.1,1004.8
2026-07-20T13:00,23.3,38,24.9,951.0,3.9,0.1,1003.0
2026-07-20T14:00,23.5,35,24.6,837.0,0.8,0.3,1002.2
2026-07-20T15:00,24.4,32,23.6,705.0,6.2,0.1,1000.7
2026-07-20T16:00,23.0,34,21.1,356.0,6.4,0.2,1001.0
2026-07-20T17:00,21.4,44,19.8,193.0,8.3,0.0,1003.0
2026-07-20T18:00,19.4,53,18.2,92.0,8.0,0.4,1005.2
2026-07-20T19:00,17.5,62,17.3,22.0,1.8,0.3,1008.1
2026-07-20T20:00,16.1,75,16.1,0.0,3.6,0.4,1009.8
2026-07-20T21:00,15.3,78,15.6,0.0,0.8,0.1,1011.3
2026-07-20T22:00,15.0,76,15.2,0.0,0.5,0.2,1012.0
2026-07-20T23:00,14.4,85,14.7,0.0,1.7,0.2,1011.9
2026-07-21T00:00,14.2,83,14.5,0.0,0.6,0.2,1011.3
2026-07-21T01:00,13.8,84,14.1,0.0,0.8,0.4,1011.4
2026-07-21T02:00,13.9,86,14.2,0.0,0.9,0.2,1010.9
2026-07-21T03:00,13.7,81,13.8,0.0,0.4,0.2,1010.9
2026-07-21T04:00,13.1,83,13.2,0.0,0.4,0.9,1011.6
2026-07-21T05:00,13.5,84,13.6,0.0,1.2,0.8,1010.7
2026-07-21T06:00,13.4,83,13.4,12.0,0.9,1.6,1011.2
2026-07-21T07:00,13.6,83,13.7,46.0,1.4,1.9,1011.7
2026-07-21T08:00,13.7,81,13.7,57.0,0.7,3.1,1012.2
2026-07-21T09:00,13.6,81,13.7,130.0,0.9,1.8,1012.2
2026-07-21T10:00,15.6,67,15.0,435.0,2.7,0.2,1010.9
2026-07-21T11:00,16.4,59,15.8,360.0,1.2,0.0,1009.8
2026-07-21T12:00,17.3,55,16.3,532.0,3.5,0.0,1008.8
2026-07-21T13:00,17.7,55,16.5,456.0,5.6,0.1,1007.1
2026-07-21T14:00,19.2,50,18.0,555.0,5.2,0.1,1005.7
2026-07-21T15:00,18.4,54,17.2,521.0,6.0,0.3,1005.7
2026-07-21T16:00,16.3,71,16.0,279.0,4.3,2.3,1008.2
2026-07-21T17:00,15.1,72,14.7,89.0,3.0,2.0,1009.8
2026-07-21T18:00,14.4,76,14.0,48.0,3.3,0.6,1010.7
2026-07-21T19:00,14.0,78,13.8,10.0,1.3,0.6,1011.4
2026-07-21T20:00,13.4,81,13.2,0.0,1.7,0.8,1012.7
2026-07-21T21:00,13.1,80,12.8,0.0,1.5,0.9,1013.3
2026-07-21T22:00,12.8,81,12.4,0.0,1.8,0.5,1013.5
2026-07-21T23:00,12.6,78,12.1,0.0,1.5,0.3,1012.8
2026-07-22T00:00,12.2,79,11.6,0.0,1.9,0.3,1012.6
2026-07-22T01:00,12.1,81,11.5,0.0,2.3,0.1,1012.1
2026-07-22T02:00,12.1,79,11.4,0.0,2.7,0.2,1011.7
2026-07-22T03:00,12.1,78,11.4,0.0,1.5,0.1,1011.4
2026-07-22T04:00,11.9,81,11.3,0.0,2.4,0.0,1011.5
2026-07-22T05:00,11.6,77,10.8,0.0,1.5,0.0,1012.4
2026-07-22T06:00,11.9,76,10.8,26.0,3.8,0.1,1012.2
2026-07-22T07:00,12.3,72,11.4,63.0,2.2,0.1,1012.5
2026-07-22T08:00,12.8,70,12.0,132.0,1.0,0.1,1012.5
2026-07-22T09:00,13.9,66,13.1,256.0,1.0,0.1,1011.5
2026-07-22T10:00,15.1,62,14.2,428.0,2.3,0.1,1010.8
2026-07-22T11:00,15.1,57,14.0,513.0,1.9,0.1,1010.2
2026-07-22T12:00,16.0,54,14.8,362.0,2.4,0.1,1008.8
2026-07-22T13:00,18.1,49,17.3,593.0,2.8,0.0,1006.2
2026-07-22T14:00,18.2,51,17.2,482.0,3.1,0.0,1005.1
2026-07-22T15:00,18.9,50,17.5,586.0,8.3,0.2,1004.9
2026-07-22T16:00,17.0,53,14.5,246.0,11.9,0.2,1005.8
2026-07-22T17:00,17.5,53,15.7,185.0,7.9,0.4,1005.9
2026-07-22T18:00,16.4,58,15.3,160.0,4.5,0.3,1007.1
2026-07-22T19:00,14.6,71,14.2,37.0,1.8,0.1,1008.3
2026-07-22T20:00,13.9,74,13.4,0.0,2.0,0.0,1010.2
2026-07-22T21:00,13.3,77,12.8,0.0,2.3,0.0,1011.1
2026-07-22T22:00,12.7,80,12.3,0.0,2.0,0.1,1011.4
2026-07-22T23:00,12.2,78,11.5,0.0,2.2,0.3,1011.4
2026-07-23T00:00,12.3,77,11.4,0.0,3.5,0.3,1011.1
2026-07-23T01:00,12.1,77,11.1,0.0,3.6,0.3,1010.6
2026-07-23T02:00,12.0,80,11.2,0.0,3.3,0.3,1010.3
2026-07-23T03:00,11.8,80,10.8,0.0,3.8,0.2,1009.9
2026-07-23T04:00,11.6,80,10.7,0.0,3.5,0.2,1010.2
2026-07-23T05:00,11.3,78,10.4,0.0,2.5,0.3,1010.7
2026-07-23T06:00,11.3,80,10.0,28.0,5.8,0.2,1011.4
2026-07-23T07:00,11.6,76,10.5,89.0,3.3,0.4,1011.7
2026-07-23T08:00,12.2,74,11.2,188.0,2.8,0.4,1011.6
2026-07-23T09:00,13.7,66,12.8,314.0,1.9,0.2,1010.2
2026-07-23T10:00,15.5,60,14.5,510.0,2.8,0.0,1008.8
2026-07-23T11:00,16.8,51,15.3,557.0,4.5,0.1,1007.6
2026-07-23T12:00,17.2,48,15.7,516.0,3.7,0.0,1006.6
2026-07-23T13:00,17.4,52,16.3,494.0,3.4,0.1,1005.6
2026-07-23T14:00,16.8,61,15.3,454.0,8.6,1.4,1006.1
2026-07-23T15:00,17.5,52,15.8,391.0,6.9,0.4,1005.7
2026-07-23T16:00,17.5,50,15.9,465.0,6.2,0.0,1005.6
2026-07-23T17:00,16.1,60,15.1,337.0,4.6,0.1,1007.0
2026-07-23T18:00,15.0,64,14.2,107.0,2.2,0.3,1008.1
2026-07-23T19:00,14.2,67,13.5,22.0,1.6,0.1,1009.0
2026-07-23T20:00,13.4,73,13.0,0.0,0.5,0.1,1010.3
2026-07-23T21:00,13.1,74,12.7,0.0,0.4,0.0,1011.0
2026-07-23T22:00,12.6,77,12.1,0.0,1.3,0.1,1011.7
2026-07-23T23:00,12.4,77,11.7,0.0,2.5,0.2,1011.5
2026-07-24T00:00,11.9,79,11.1,0.0,2.7,0.1,1011.9
2026-07-24T01:00,11.7,77,10.9,0.0,2.1,0.2,1011.6
2026-07-24T02:00,11.4,79,10.4,0.0,3.5,0.4,1011.6
2026-07-24T03:00,11.3,79,10.1,0.0,3.8,1.0,1011.7
2026-07-24T04:00,11.1,83,9.9,0.0,5.5,1.4,1011.7
2026-07-24T05:00,11.2,78,10.2,0.0,2.4,1.0,1011.6
2026-07-24T06:00,11.5,80,10.1,22.0,6.0,0.0,1011.6
2026-07-24T07:00,12.3,67,11.2,94.0,1.3,0.0,1011.8
2026-07-24T08:00,12.7,66,11.6,153.0,1.8,0.2,1012.0
2026-07-24T09:00,13.6,63,12.2,249.0,3.7,0.1,1011.8
2026-07-24T10:00,14.7,59,13.2,396.0,4.2,0.0,1011.2
2026-07-24T11:00,14.7,55,13.2,545.0,3.6,0.0,1011.0
2026-07-24T12:00,15.6,56,13.9,509.0,5.9,0.1,1010.2
2026-07-24T13:00,15.8,56,13.9,436.0,7.9,0.0,1009.7
2026-07-24T14:00,16.5,55,15.6,622.0,5.2,0.1,1008.9
2026-07-24T15:00,17.8,51,17.3,761.0,7.9,0.1,1007.4
2026-07-24T16:00,17.1,54,15.8,599.0,7.0,0.2,1007.4
2026-07-24T17:00,18.0,46,16.0,389.0,7.2,0.1,1006.0
2026-07-24T18:00,17.2,49,15.5,211.0,5.1,0.0,1006.1
2026-07-24T19:00,15.5,56,14.5,46.0,1.1,0.0,1006.9
2026-07-24T20:00,14.8,58,13.8,0.0,0.5,0.0,1008.4
2026-07-24T21:00,13.7,62,12.8,0.0,0.2,0.0,1009.2
2026-07-24T22:00,11.6,71,10.4,0.0,2.3,0.0,1009.9
2026-07-24T23:00,10.6,77,9.5,0.0,1.9,0.0,1010.1
2026-07-25T00:00,9.5,78,8.1,0.0,3.0,0.0,1010.4
2026-07-25T01:00,9.3,76,7.6,0.0,3.4,0.0,1011.0
2026-07-25T02:00,8.8,78,7.1,0.0,3.1,0.0,1011.8
2026-07-25T03:00,8.4,78,6.8,0.0,2.8,0.0,1012.5
2026-07-25T04:00,8.5,77,6.9,0.0,2.6,0.0,1012.9
2026-07-25T05:00,10.4,71,9.0,0.0,1.8,0.0,1012.6
2026-07-25T06:00,11.7,66,10.3,51.0,2.7,0.0,1013.4
2026-07-25T07:00,13.5,62,12.4,160.0,1.7,0.0,1013.6
2026-07-25T08:00,14.5,62,13.4,345.0,2.7,0.0,1013.4
2026-07-25T09:00,15.5,59,14.4,454.0,2.9,0.0,1012.7
2026-07-25T10:00,17.0,56,16.8,669.0,3.7,0.0,1011.4
2026-07-25T11:00,17.6,52,17.9,813.0,5.3,0.0,1010.2
2026-07-25T12:00,19.6,46,20.2,858.0,5.0,0.0,1007.8
2026-07-25T13:00,20.9,42,22.4,955.0,3.5,0.0,1005.6
2026-07-25T14:00,21.6,40,22.2,898.0,6.5,0.0,1003.7
2026-07-25T15:00,21.0,43,19.8,698.0,10.4,0.1,1003.7
2026-07-25T16:00,20.7,41,19.2,526.0,5.1,0.1,1003.6
2026-07-25T17:00,20.9,40,19.5,341.0,3.8,0.0,1003.2
2026-07-25T18:00,19.3,46,17.9,202.0,5.4,0.0,1004.8
2026-07-25T19:00,17.2,58,16.6,32.0,2.2,0.0,1007.0
2026-07-25T20:00,15.7,67,15.2,0.0,2.9,0.0,1009.6
2026-07-25T21:00,14.8,74,14.7,0.0,1.3,0.0,1011.3
2026-07-25T22:00,14.2,79,14.3,0.0,0.6,0.0,1012.2
2026-07-25T23:00,14.5,78,14.5,0.0,2.0,0.0,1012.2
2026-07-26T00:00,13.9,78,13.8,0.0,0.6,0.0,1012.3
2026-07-26T01:00,12.6,82,12.3,0.0,1.8,0.0,1012.7
2026-07-26T02:00,11.4,83,10.5,0.0,3.8,0.0,1012.9
2026-07-26T03:00,11.3,77,9.9,0.0,4.8,0.0,1013.4
2026-07-26T04:00,10.4,79,9.1,0.0,4.0,0.0,1014.1
2026-07-26T05:00,11.1,86,10.6,0.0,1.8,0.1,1014.1
2026-07-26T06:00,12.0,89,11.6,37.0,3.5,0.2,1014.6
2026-07-26T07:00,13.0,73,12.6,145.0,0.2,0.2,1014.8
2026-07-26T08:00,15.1,68,14.5,459.0,2.4,0.0,1014.1
2026-07-26T09:00,16.0,67,15.5,559.0,3.2,0.0,1012.9
2026-07-26T10:00,17.2,63,17.8,718.0,3.6,0.1,1011.9
2026-07-26T11:00,17.9,58,19.2,855.0,3.8,0.2,1011.0
2026-07-26T12:00,19.4,52,21.1,840.0,0.6,0.1,1009.4
2026-07-26T13:00,20.4,47,21.7,832.0,2.1,0.1,1007.7
2026-07-26T14:00,21.8,42,23.2,907.0,3.2,0.1,1005.2
2026-07-26T15:00,22.5,38,23.0,818.0,4.2,0.0,1003.6
2026-07-26T16:00,22.7,36,22.0,649.0,4.0,0.0,1002.3
2026-07-26T17:00,21.8,35,20.1,430.0,4.4,0.0,1002.9
2026-07-26T18:00,20.6,42,19.5,225.0,2.3,0.0,1003.6
2026-07-26T19:00,18.1,49,17.1,47.0,2.3,0.0,1004.7
2026-07-26T20:00,17.7,49,16.7,0.0,1.4,0.0,1006.1
2026-07-26T21:00,18.1,49,17.4,0.0,0.4,0.0,1006.9
2026-07-26T22:00,16.6,51,15.7,0.0,0.2,0.0,1007.2
2026-07-26T23:00,16.1,50,15.0,0.0,0.6,0.0,1007.2
2026-07-27T00:00,14.6,55,13.4,0.0,0.5,0.0,1007.0
2026-07-27T01:00,12.1,63,10.6,0.0,2.5,0.0,1006.9
2026-07-27T02:00,10.7,70,9.2,0.0,2.6,0.0,1007.3
2026-07-27T03:00,10.2,71,8.7,0.0,2.8,0.0,1008.2
2026-07-27T04:00,9.8,74,8.1,0.0,3.7,0.0,1009.0
2026-07-27T05:00,10.9,74,9.7,0.0,2.3,0.0,1009.8
2026-07-27T06:00,12.6,67,11.3,64.0,3.6,0.0,1011.0
2026-07-27T07:00,14.9,57,13.8,223.0,1.5,0.0,1010.9
2026-07-27T08:00,16.1,55,15.0,429.0,2.8,0.0,1009.9
2026-07-27T09:00,17.7,52,17.2,626.0,2.6,0.0,1008.3
2026-07-27T10:00,19.0,49,19.5,784.0,3.1,0.0,1007.3
2026-07-27T11:00,19.3,48,19.7,833.0,5.8,0.0,1006.2
2026-07-27T12:00,20.6,40,21.7,888.0,2.6,0.0,1005.1
2026-07-27T13:00,21.7,37,23.4,984.0,2.1,0.0,1003.3
2026-07-27T14:00,22.1,36,23.2,912.0,2.6,0.0,1002.1
2026-07-27T15:00,22.6,35,22.9,807.0,2.8,0.0,1000.5
2026-07-27T16:00,22.3,34,21.6,646.0,1.5,0.0,999.7
2026-07-27T17:00,21.3,32,19.8,397.0,0.2,0.0,1000.2
2026-07-27T18:00,20.3,38,18.5,219.0,5.2,0.0,1000.3
2026-07-27T19:00,18.2,44,16.8,48.0,2.1,0.0,1001.1
2026-07-27T20:00,17.7,44,16.3,0.0,1.3,0.0,1002.0
2026-07-27T21:00,17.1,44,15.8,0.0,0.6,0.0,1002.4
2026-07-27T22:00,16.6,45,15.3,0.0,0.4,0.0,1002.8
2026-07-27T23:00,16.7,44,15.2,0.0,0.6,0.0,1003.3
2026-07-28T00:00,15.5,48,14.0,0.0,1.0,0.0,1003.2
2026-07-28T01:00,14.1,53,12.6,0.0,1.6,0.0,1003.0
2026-07-28T02:00,12.2,61,10.6,0.0,2.9,0.0,1003.4
2026-07-28T03:00,11.5,64,9.7,0.0,3.5,0.0,1004.3
2026-07-28T04:00,11.2,66,9.4,0.0,3.8,0.0,1005.5
2026-07-28T05:00,13.2,58,11.9,0.0,0.9,0.0,1006.1
2026-07-28T06:00,13.9,60,12.5,56.0,3.0,0.0,1006.8
2026-07-28T07:00,15.7,52,14.4,200.0,2.1,0.0,1007.3
2026-07-28T08:00,16.8,50,15.8,392.0,0.4,0.0,1007.0
2026-07-28T09:00,18.1,48,17.6,628.0,1.7,0.0,1006.0
2026-07-28T10:00,18.9,48,19.3,748.0,2.2,0.0,1005.5
2026-07-28T11:00,18.8,46,19.1,794.0,3.1,0.3,1005.3
2026-07-28T12:00,19.5,45,20.2,819.0,2.8,0.3,1004.4
2026-07-28T13:00,20.6,42,22.1,927.0,2.3,0.3,1003.0
2026-07-28T14:00,21.0,39,21.2,803.0,4.0,0.3,1002.2
2026-07-28T15:00,21.2,38,20.9,729.0,3.9,0.2,1001.4
2026-07-28T16:00,20.7,38,19.7,570.0,1.2,0.1,1001.0
2026-07-28T17:00,20.2,38,18.6,389.0,3.6,0.0,1001.3
2026-07-28T18:00,19.5,41,18.0,213.0,3.3,0.0,1001.1
2026-07-28T19:00,17.7,50,16.7,44.0,1.6,0.0,1001.5
2026-07-28T20:00,17.6,49,16.6,0.0,0.6,0.0,1002.4
2026-07-28T21:00,17.8,49,17.0,0.0,0.4,0.0,1002.8
2026-07-28T22:00,17.3,51,16.5,0.0,0.4,0.0,1003.3
2026-07-28T23:00,17.8,50,17.1,0.0,0.3,0.0,1003.5
2026-07-29T00:00,16.4,55,15.7,0.0,0.3,0.0,1003.7
2026-07-29T01:00,15.4,61,14.6,0.0,1.9,0.0,1004.2
2026-07-29T02:00,13.4,66,12.4,0.0,1.9,0.0,1004.9
2026-07-29T03:00,13.4,66,12.3,0.0,2.6,0.0,1005.5
2026-07-29T04:00,12.1,68,10.7,0.0,3.0,0.0,1006.0
2026-07-29T05:00,13.4,63,12.4,0.0,0.9,0.0,1007.7
2026-07-29T06:00,14.0,61,13.0,36.0,1.1,0.0,1009.0
2026-07-29T07:00,14.9,58,13.7,165.0,2.4,0.0,1010.0
2026-07-29T08:00,15.2,57,14.0,234.0,2.9,0.0,1010.4
2026-07-29T09:00,15.9,58,14.7,399.0,3.9,0.1,1010.2
2026-07-29T10:00,17.4,54,17.1,679.0,4.6,0.0,1009.1
2026-07-29T11:00,18.3,49,18.8,862.0,5.5,0.0,1007.6
2026-07-29T12:00,19.9,43,19.9,734.0,2.9,0.0,1005.6
2026-07-29T13:00,19.5,43,17.8,535.0,6.5,0.0,1005.5
2026-07-29T14:00,18.0,49,16.5,265.0,5.2,0.0,1006.4
2026-07-29T15:00,17.4,54,16.2,291.0,4.3,0.1,1007.2
2026-07-29T16:00,16.6,59,15.6,174.0,4.7,0.2,1007.5
2026-07-29T17:00,17.8,49,16.0,247.0,7.4,0.0,1006.5
2026-07-29T18:00,17.5,52,16.2,91.0,4.0,0.0,1006.1
2026-07-29T19:00,16.1,60,15.4,34.0,1.7,0.0,1006.4
2026-07-29T20:00,15.5,62,14.9,0.0,1.2,0.0,1007.1
2026-07-29T21:00,14.6,66,14.0,0.0,0.6,0.2,1008.1
2026-07-29T22:00,13.3,72,12.8,0.0,0.0,0.1,1008.5
2026-07-29T23:00,14.5,64,13.8,0.0,0.7,0.0,1008.9
2026-07-30T00:00,13.8,69,13.2,0.0,0.6,0.0,1009.3
2026-07-30T01:00,12.2,76,11.6,0.0,0.4,0.0,1009.4
2026-07-30T02:00,11.0,82,10.3,0.0,1.5,0.0,1009.6
2026-07-30T03:00,10.6,86,9.9,0.0,1.5,0.0,1009.9
2026-07-30T04:00,10.1,91,9.7,0.0,0.7,0.1,1010.4
2026-07-30T05:00,12.2,75,11.5,0.0,1.3,0.2,1010.3
2026-07-30T06:00,13.1,70,12.2,22.0,2.3,0.0,1010.6
2026-07-30T07:00,13.4,71,12.5,93.0,3.4,0.1,1010.7
2026-07-30T08:00,13.4,73,12.6,85.0,3.1,0.2,1011.0
2026-07-30T09:00,14.6,68,13.9,240.0,2.4,0.2,1010.5
2026-07-30T10:00,16.3,61,15.5,458.0,3.1,0.0,1009.5
2026-07-30T11:00,18.2,50,17.9,698.0,4.7,0.1,1007.3
2026-07-30T12:00,19.8,42,20.3,824.0,2.9,0.0,1005.7
2026-07-30T13:00,20.5,40,20.9,878.0,5.2,0.1,1004.5
2026-07-30T14:00,21.3,38,21.7,887.0,5.1,0.1,1002.9
2026-07-30T15:00,21.6,36,20.8,742.0,6.1,0.1,1001.7
2026-07-30T16:00,21.4,36,19.3,561.0,7.9,0.1,1001.5
2026-07-30T17:00,21.6,33,19.4,332.0,6.2,0.1,1001.0
2026-07-30T18:00,20.3,45,19.4,198.0,2.9,0.0,1001.3
2026-07-30T19:00,18.1,44,16.9,41.0,1.3,0.0,1002.9
2026-07-30T20:00,17.4,47,16.2,0.0,1.3,0.0,1004.3
2026-07-30T21:00,17.3,50,16.3,0.0,1.2,0.0,1005.4
2026-07-30T22:00,16.2,54,15.2,0.0,1.3,0.0,1005.9
2026-07-30T23:00,16.2,54,15.2,0.0,1.0,0.0,1006.0
2026-07-31T00:00,14.7,58,13.8,0.0,0.4,0.0,1005.6
2026-07-31T01:00,12.8,65,11.9,0.0,0.4,0.0,1005.6
2026-07-31T02:00,12.1,69,11.2,0.0,0.8,0.0,1006.1
2026-07-31T03:00,11.3,70,10.0,0.0,1.7,0.0,1006.6
2026-07-31T04:00,11.7,67,10.4,0.0,1.4,0.0,1007.3
2026-07-31T05:00,12.7,68,11.9,0.0,0.2,0.0,1009.0
2026-07-31T06:00,13.1,73,12.5,46.0,1.0,0.0,1010.3
2026-07-31T07:00,14.6,65,13.7,167.0,3.0,0.0,1011.4
2026-07-31T08:00,15.7,61,14.7,315.0,3.4,0.0,1011.1
2026-07-31T09:00,17.4,51,16.1,526.0,3.6,0.1,1009.9
2026-07-31T10:00,18.1,49,17.8,668.0,3.1,0.1,1009.4
2026-07-31T11:00,18.4,46,18.1,747.0,5.0,0.0,1008.5
2026-07-31T12:00,20.0,43,20.6,845.0,3.3,0.2,1006.7
2026-07-31T13:00,20.9,40,21.7,878.0,3.3,0.1,1005.4
2026-07-31T14:00,21.3,39,21.5,792.0,4.0,0.1,1004.1
2026-07-31T15:00,21.2,41,20.4,764.0,9.4,0.0,1003.5
2026-07-31T16:00,19.4,47,18.0,484.0,5.2,0.4,1004.4
2026-07-31T17:00,18.4,50,16.9,355.0,6.7,0.3,1004.9
2026-07-31T18:00,16.4,64,15.1,156.0,8.0,0.4,1007.5
2026-07-31T19:00,16.0,67,15.9,22.0,1.0,0.5,1008.5
2026-07-31T20:00,15.6,74,15.6,0.0,2.0,0.0,1009.9
2026-07-31T21:00,15.2,76,15.4,0.0,0.5,0.0,1010.7
2026-07-31T22:00,14.8,74,14.8,0.0,0.6,0.0,1011.0
2026-07-31T23:00,14.1,75,13.9,0.0,0.7,0.0,1011.5
2026-08-01T00:00,13.7,77,13.6,0.0,0.6,0.0,1011.4
2026-08-01T01:00,13.4,78,13.3,0.0,0.7,0.0,1011.2
2026-08-01T02:00,13.1,80,12.8,0.0,1.2,0.0,1011.0
2026-08-01T03:00,13.2,78,13.0,0.0,0.5,0.0,1011.3
2026-08-01T04:00,12.8,80,12.7,0.0,0.4,0.0,1011.6
2026-08-01T05:00,12.5,85,12.3,0.0,1.8,0.1,1011.9
2026-08-01T06:00,12.6,84,12.3,18.0,2.7,0.6,1012.0
2026-08-01T07:00,13.0,80,12.5,102.0,3.1,0.2,1012.1
2026-08-01T08:00,13.5,77,12.8,138.0,4.0,0.2,1012.1
2026-08-01T09:00,14.3,72,13.5,267.0,4.0,0.1,1011.9
2026-08-01T10:00,15.7,66,14.9,421.0,4.1,0.1,1011.6
2026-08-01T11:00,16.0,61,14.7,450.0,6.3,0.2,1010.6
2026-08-01T12:00,16.7,58,15.6,494.0,4.6,0.1,1009.8
2026-08-01T13:00,17.6,53,16.3,526.0,5.4,0.3,1008.9
2026-08-01T14:00,17.3,54,16.2,402.0,3.9,0.0,1008.0
2026-08-01T15:00,18.3,52,17.0,508.0,5.6,0.0,1006.6
2026-08-01T16:00,18.8,51,17.5,498.0,5.9,0.0,1005.2
2026-08-01T17:00,17.9,50,16.4,292.0,5.6,0.0,1006.1
2026-08-01T18:00,17.5,53,16.5,185.0,3.2,0.0,1005.9
2026-08-01T19:00,15.5,60,14.8,34.0,0.9,0.0,1007.3
2026-08-01T20:00,14.0,67,13.3,0.0,1.8,0.0,1010.1
2026-08-01T21:00,13.6,73,13.2,0.0,0.6,0.0,1012.1
2026-08-01T22:00,13.1,79,13.0,0.0,0.4,0.1,1013.2
2026-08-01T23:00,12.3,86,12.0,0.0,2.4,0.1,1013.3
2026-08-02T00:00,12.2,88,12.2,0.0,0.7,0.5,1013.0
2026-08-02T01:00,12.0,88,12.0,0.0,0.6,0.3,1013.1
2026-08-02T02:00,11.7,88,11.7,0.0,0.2,0.1,1012.8
2026-08-02T03:00,11.4,89,11.3,0.0,0.5,0.3,1012.8
2026-08-02T04:00,11.7,89,11.5,0.0,1.9,0.2,1013.2
2026-08-02T05:00,10.9,88,10.3,0.0,2.3,0.3,1014.5
2026-08-02T06:00,11.3,85,10.9,28.0,1.2,0.6,1014.8
2026-08-02T07:00,11.9,84,11.3,131.0,2.6,0.3,1015.1
2026-08-02T08:00,12.5,82,11.8,222.0,4.0,0.3,1015.2
2026-08-02T09:00,13.6,77,13.0,381.0,3.6,0.4,1014.7
2026-08-02T10:00,14.8,70,14.1,487.0,3.8,0.2,1014.2
2026-08-02T11:00,16.4,56,15.2,553.0,4.2,0.3,1012.5
2026-08-02T12:00,18.8,51,20.0,919.0,5.0,0.2,1010.2
2026-08-02T13:00,19.2,49,20.3,872.0,4.0,0.2,1009.0
2026-08-02T14:00,20.2,46,21.0,817.0,3.6,0.1,1006.7
2026-08-02T15:00,20.1,44,18.4,530.0,6.8,0.0,1005.8
2026-08-02T16:00,20.3,42,18.6,491.0,6.2,0.1,1004.8
2026-08-02T17:00,20.4,39,18.6,316.0,5.4,0.0,1004.6
2026-08-02T18:00,19.2,46,17.8,162.0,4.8,0.0,1005.1
2026-08-02T19:00,17.0,53,15.9,29.0,2.4,0.0,1006.7
2026-08-02T20:00,15.4,60,14.2,0.0,3.9,0.0,1008.8
2026-08-02T21:00,14.3,67,13.8,0.0,1.0,0.0,1010.4
2026-08-02T22:00,14.0,71,13.5,0.0,1.8,0.0,1011.3
2026-08-02T23:00,13.6,75,13.3,0.0,0.8,0.0,1011.7
2026-08-03T00:00,13.1,79,12.8,0.0,1.2,0.1,1012.0
2026-08-03T01:00,12.1,88,11.5,0.0,4.1,0.3,1013.1
2026-08-03T02:00,11.6,90,11.1,0.0,3.4,0.6,1014.3
2026-08-03T03:00,12.1,91,12.1,0.0,1.1,0.4,1013.7
2026-08-03T04:00,12.2,86,12.0,0.0,1.0,0.1,1013.5
2026-08-03T05:00,11.7,83,11.2,0.0,1.5,0.0,1014.5
2026-08-03T06:00,12.3,79,11.9,43.0,1.3,0.0,1015.0
2026-08-03T07:00,13.3,75,12.7,207.0,1.9,0.0,1014.7
2026-08-03T08:00,14.8,67,14.1,366.0,2.9,0.0,1014.0
2026-08-03T09:00,16.3,62,15.6,521.0,3.1,0.0,1012.5
2026-08-03T10:00,18.3,56,19.0,751.0,3.0,0.0,1010.6
2026-08-03T11:00,19.5,50,20.9,918.0,4.6,0.0,1008.3
2026-08-03T12:00,21.3,40,23.0,977.0,2.6,0.0,1006.6
2026-08-03T13:00,22.5,36,23.6,962.0,4.5,0.1,1005.1
2026-08-03T14:00,22.8,34,23.1,871.0,5.4,0.1,1003.8
2026-08-03T15:00,22.2,34,21.2,730.0,7.0,0.0,1003.6
2026-08-03T16:00,21.3,36,19.3,382.0,6.7,0.0,1002.8
2026-08-03T17:00,20.5,39,19.1,312.0,3.2,0.0,1004.0
2026-08-03T18:00,19.9,51,19.4,203.0,2.0,0.0,1004.0
2026-08-03T19:00,18.1,49,17.2,35.0,1.2,0.0,1004.5
2026-08-03T20:00,17.3,51,16.5,0.0,0.6,0.0,1005.2
2026-08-03T21:00,16.2,54,15.3,0.0,1.0,0.0,1006.5
2026-08-03T22:00,15.2,57,14.2,0.0,1.4,0.0,1007.6
2026-08-03T23:00,16.2,55,15.4,0.0,0.6,0.0,1007.8
2026-08-04T00:00,15.2,59,14.4,0.0,0.2,0.0,1008.0
2026-08-04T01:00,13.9,62,13.0,0.0,0.4,0.0,1008.3
2026-08-04T02:00,13.4,64,12.5,0.0,0.4,0.1,1009.3
2026-08-04T03:00,12.4,71,11.5,0.0,1.2,0.2,1010.5
2026-08-04T04:00,11.0,81,10.1,0.0,2.1,0.1,1011.1
2026-08-04T05:00,11.9,70,11.0,0.0,0.5,0.0,1010.2
2026-08-04T06:00,13.8,66,12.7,39.0,3.2,0.0,1011.1
2026-08-04T07:00,14.9,59,13.8,110.0,2.8,0.0,1011.7
2026-08-04T08:00,15.6,57,14.5,278.0,2.9,0.0,1011.6
2026-08-04T09:00,16.7,53,15.3,448.0,3.9,0.0,1011.1
2026-08-04T10:00,18.0,48,17.4,674.0,3.8,0.0,1010.1
2026-08-04T11:00,18.9,40,19.1,834.0,3.0,0.0,1008.8
2026-08-04T12:00,19.5,41,19.4,794.0,4.5,0.1,1008.1
2026-08-04T13:00,20.3,42,21.1,791.0,0.8,0.1,1006.5
2026-08-04T14:00,21.4,40,22.4,856.0,2.3,0.0,1004.6
2026-08-04T15:00,20.4,42,19.1,517.0,3.6,0.0,1004.2
2026-08-04T16:00,20.5,43,18.5,539.0,9.1,0.0,1004.0
2026-08-04T17:00,20.0,39,18.2,351.0,5.2,0.0,1004.4
2026-08-04T18:00,18.8,45,17.1,174.0,5.8,0.0,1005.0
2026-08-04T19:00,16.4,56,15.4,34.0,2.7,0.0,1006.2
2026-08-04T20:00,15.9,59,15.2,0.0,1.5,0.0,1007.6
2026-08-04T21:00,15.4,60,14.8,0.0,0.5,0.0,1008.2
2026-08-04T22:00,14.7,62,14.0,0.0,0.4,0.0,1008.2
2026-08-04T23:00,16.1,57,15.4,0.0,0.4,0.0,1007.3
2026-08-05T00:00,14.0,63,13.2,0.0,0.4,0.0,1006.9
2026-08-05T01:00,12.9,67,11.9,0.0,1.5,0.0,1006.4
2026-08-05T02:00,12.5,67,11.4,0.0,1.9,0.0,1006.4
2026-08-05T03:00,11.7,69,10.5,0.0,1.7,0.0,1006.8
2026-08-05T04:00,11.6,70,10.4,0.0,1.8,0.0,1007.1
2026-08-05T05:00,13.6,65,12.6,0.0,1.5,0.0,1007.8
2026-08-05T06:00,13.8,71,13.2,18.0,2.1,0.2,1008.2
2026-08-05T07:00,14.7,63,13.7,116.0,3.0,0.1,1008.4
2026-08-05T08:00,16.0,59,15.2,357.0,2.5,0.0,1007.5
2026-08-05T09:00,17.4,54,16.5,564.0,2.9,0.0,1006.5
2026-08-05T10:00,18.7,48,18.5,734.0,5.2,0.0,1005.4
2026-08-05T11:00,18.1,49,16.2,516.0,8.4,0.0,1005.7
2026-08-05T12:00,18.0,50,16.8,606.0,6.3,0.1,1005.0
2026-08-05T13:00,18.9,48,18.3,650.0,4.3,0.1,1003.6
2026-08-05T14:00,19.4,49,20.6,831.0,2.2,0.3,1002.6
2026-08-05T15:00,20.1,47,20.4,744.0,3.6,0.3,1001.0
2026-08-05T16:00,19.6,49,18.3,570.0,7.2,0.2,1000.9
2026-08-05T17:00,17.0,61,15.9,263.0,7.1,0.0,1003.8
2026-08-05T18:00,16.1,66,15.3,183.0,5.3,0.0,1004.5
2026-08-05T19:00,14.4,78,14.1,32.0,3.9,0.0,1005.8
2026-08-05T20:00,14.1,79,14.0,0.0,2.2,0.0,1006.9
2026-08-05T21:00,13.5,80,13.5,0.0,0.6,0.0,1007.5
2026-08-05T22:00,13.0,81,12.9,0.0,0.9,0.0,1008.1
2026-08-05T23:00,13.8,76,13.6,0.0,0.7,0.1,1007.8
2026-08-06T00:00,13.2,78,13.0,0.0,0.5,0.0,1007.6
2026-08-06T01:00,13.0,80,12.7,0.0,1.2,0.1,1007.8
2026-08-06T02:00,12.4,82,12.2,0.0,1.1,0.0,1007.9
2026-08-06T03:00,11.7,84,11.2,0.0,2.2,0.0,1007.9
2026-08-06T04:00,11.7,82,11.2,0.0,1.2,0.0,1008.3
2026-08-06T05:00,10.5,90,9.9,0.0,2.3,0.0,1008.9
2026-08-06T06:00,11.1,83,10.3,37.0,2.6,0.0,1009.6
2026-08-06T07:00,13.0,73,12.2,165.0,1.9,0.0,1009.6
2026-08-06T08:00,14.4,63,13.5,349.0,2.1,0.0,1008.9
2026-08-06T09:00,16.1,53,14.9,545.0,2.2,0.0,1007.9
2026-08-06T10:00,17.2,47,17.0,707.0,1.8,0.0,1007.0
2026-08-06T11:00,17.2,43,17.5,800.0,1.2,0.0,1006.5
2026-08-06T12:00,18.7,42,19.7,915.0,2.5,0.0,1005.2
2026-08-06T13:00,19.3,44,19.8,821.0,3.1,0.1,1003.7
2026-08-06T14:00,20.1,41,21.0,834.0,1.4,0.3,1001.9
2026-08-06T15:00,20.5,38,20.1,701.0,2.1,0.1,1000.9
2026-08-06T16:00,20.5,38,19.2,578.0,3.1,0.1,1000.4
2026-08-06T17:00,20.1,33,18.3,405.0,1.2,0.0,1000.8
2026-08-06T18:00,19.0,38,17.5,204.0,1.2,0.0,1001.6
2026-08-06T19:00,17.0,46,15.7,31.0,1.1,0.0,1002.5
2026-08-06T20:00,16.5,46,15.1,0.0,0.9,0.0,1003.9
2026-08-06T21:00,16.2,47,14.7,0.0,1.5,0.0,1005.5
2026-08-06T22:00,15.3,48,13.7,0.0,1.3,0.0,1006.0
2026-08-06T23:00,15.5,47,14.0,0.0,0.7,0.0,1005.7
2026-08-07T00:00,14.8,49,13.4,0.0,0.6,0.0,1005.5
2026-08-07T01:00,14.0,53,12.7,0.0,0.2,0.0,1005.8
2026-08-07T02:00,13.0,55,11.5,0.0,1.1,0.0,1006.1
2026-08-07T03:00,12.2,58,10.5,0.0,2.3,0.0,1006.8
2026-08-07T04:00,11.3,61,9.5,0.0,2.8,0.0,1007.2
2026-08-07T05:00,12.5,61,11.2,0.0,0.8,0.0,1007.5
2026-08-07T06:00,12.6,62,11.1,39.0,2.7,0.0,1008.4
2026-08-07T07:00,14.4,55,12.7,176.0,3.6,0.0,1009.3
2026-08-07T08:00,15.1,51,13.1,364.0,5.3,0.1,1009.6
2026-08-07T09:00,16.3,49,14.8,578.0,4.4,0.1,1008.8
2026-08-07T10:00,17.7,46,18.0,776.0,1.5,0.0,1007.7
2026-08-07T11:00,17.5,44,17.1,716.0,2.2,0.0,1007.5
2026-08-07T12:00,16.8,48,15.2,500.0,3.1,0.4,1007.9
2026-08-07T13:00,18.0,46,17.6,720.0,4.1,0.3,1007.1
2026-08-07T14:00,18.2,47,17.7,679.0,3.8,0.2,1006.7
2026-08-07T15:00,18.2,47,17.3,572.0,1.6,0.1,1006.1
2026-08-07T16:00,17.8,49,16.5,413.0,3.4,0.2,1005.8
2026-08-07T17:00,16.1,54,14.6,335.0,4.3,0.1,1007.6
2026-08-07T18:00,15.2,59,13.7,162.0,5.7,0.0,1008.2
2026-08-07T19:00,13.8,69,12.9,19.0,3.4,0.0,1010.1
2026-08-07T20:00,12.8,76,12.3,0.0,1.7,0.3,1011.9
2026-08-07T21:00,12.8,77,12.2,0.0,2.4,0.4,1012.4
2026-08-07T22:00,12.7,78,12.1,0.0,2.4,0.4,1013.1
2026-08-07T23:00,12.4,73,11.4,0.0,2.8,0.6,1013.3
2026-08-08T00:00,12.2,73,11.4,0.0,1.4,0.6,1013.4
2026-08-08T01:00,12.0,76,11.3,0.0,1.3,0.2,1013.4
2026-08-08T02:00,11.8,75,10.8,0.0,2.6,0.1,1013.3
2026-08-08T03:00,11.2,82,10.4,0.0,2.3,0.2,1013.4
2026-08-08T04:00,11.0,84,10.1,0.0,3.5,0.1,1012.9
2026-08-08T05:00,11.4,79,10.7,0.0,1.1,0.1,1011.9
2026-08-08T06:00,11.4,81,10.7,40.0,1.6,0.0,1012.5
2026-08-08T07:00,12.9,70,12.2,131.0,0.4,0.0,1013.2
2026-08-08T08:00,13.5,66,12.6,237.0,1.5,0.0,1013.7
2026-08-08T09:00,14.3,63,13.2,415.0,2.9,0.1,1013.7
2026-08-08T10:00,15.1,57,13.6,508.0,4.0,0.1,1013.5
2026-08-08T11:00,14.8,52,13.6,561.0,1.0,0.1,1013.6
2026-08-08T12:00,16.2,50,14.9,559.0,2.3,0.2,1012.6
2026-08-08T13:00,16.6,49,15.1,427.0,3.4,0.0,1011.2
2026-08-08T14:00,18.7,44,18.2,721.0,4.8,0.0,1008.7
2026-08-08T15:00,18.6,45,17.7,617.0,3.5,0.0,1008.4
2026-08-08T16:00,18.6,44,17.1,460.0,3.8,0.0,1007.7
2026-08-08T17:00,17.2,52,15.9,284.0,4.3,0.0,1009.7
2026-08-08T18:00,16.2,57,15.2,131.0,2.3,0.0,1010.5
2026-08-08T19:00,14.7,70,14.3,19.0,2.1,0.2,1012.7
2026-08-08T20:00,14.1,78,14.2,0.0,0.6,0.2,1013.7
2026-08-08T21:00,13.9,77,13.9,0.0,0.0,0.0,1014.6
2026-08-08T22:00,13.3,78,13.2,0.0,0.4,0.0,1014.7
2026-08-08T23:00,13.5,77,13.3,0.0,0.6,0.0,1014.8
2026-08-09T00:00,12.4,84,12.0,0.0,2.2,0.1,1015.1
2026-08-09T01:00,12.5,83,12.0,0.0,2.8,0.1,1014.9
2026-08-09T02:00,12.3,83,11.8,0.0,2.8,0.3,1014.8
2026-08-09T03:00,12.1,83,11.6,0.0,2.2,0.2,1014.2
2026-08-09T04:00,11.6,81,11.0,0.0,2.0,0.0,1014.5
2026-08-09T05:00,12.0,84,11.6,0.0,1.5,0.0,1014.7
2026-08-09T06:00,11.9,83,11.2,28.0,3.3,0.0,1015.1
2026-08-09T07:00,12.9,74,12.4,109.0,1.1,0.0,1015.9
2026-08-09T08:00,13.8,71,13.2,206.0,1.5,0.0,1016.0
2026-08-09T09:00,15.3,63,14.5,377.0,2.4,0.0,1015.3
2026-08-09T10:00,16.7,57,15.7,522.0,3.5,0.0,1013.8
2026-08-09T11:00,17.7,49,17.8,814.0,5.0,0.0,1012.2
2026-08-09T12:00,19.8,44,20.8,897.0,3.7,0.0,1010.0
2026-08-09T13:00,20.9,40,22.0,914.0,3.5,0.0,1008.4
2026-08-09T14:00,21.7,39,22.6,877.0,3.1,0.0,1006.6
2026-08-09T15:00,22.4,37,22.9,800.0,3.2,0.0,1005.0
2026-08-09T16:00,22.5,37,21.3,587.0,4.8,0.0,1004.1
2026-08-09T17:00,22.0,39,20.1,383.0,8.3,0.0,1004.7
2026-08-09T18:00,20.4,50,19.8,166.0,3.8,0.1,1005.3
2026-08-09T19:00,18.7,54,18.3,26.0,1.2,0.0,1006.2
2026-08-09T20:00,17.5,58,17.2,0.0,0.9,0.0,1007.2
2026-08-09T21:00,16.3,62,16.0,0.0,0.6,0.0,1008.0
2026-08-09T22:00,15.3,66,14.9,0.0,0.5,0.0,1008.3
2026-08-09T23:00,15.7,61,15.2,0.0,0.5,0.0,1008.8
2026-08-10T00:00,14.0,66,13.4,0.0,0.4,0.0,1008.6
2026-08-10T01:00,12.4,68,11.4,0.0,1.6,0.0,1008.5
2026-08-10T02:00,11.5,68,10.1,0.0,2.2,0.0,1008.7
2026-08-10T03:00,11.0,68,9.5,0.0,2.1,0.0,1009.0
2026-08-10T04:00,11.5,65,10.1,0.0,1.5,0.0,1009.5
2026-08-10T05:00,13.0,61,11.9,0.0,0.5,0.0,1009.5
2026-08-10T06:00,13.7,64,12.9,43.0,0.4,0.0,1010.6
2026-08-10T07:00,16.1,54,15.0,232.0,1.8,0.0,1011.0
2026-08-10T08:00,17.5,53,16.4,465.0,3.7,0.0,1010.6
2026-08-10T09:00,18.9,51,18.5,659.0,4.6,0.0,1009.8
2026-08-10T10:00,20.5,46,20.9,790.0,5.0,0.0,1008.2
2026-08-10T11:00,21.2,42,21.8,894.0,6.6,0.0,1006.6
2026-08-10T12:00,23.0,37,24.3,984.0,5.7,0.0,1004.7
2026-08-10T13:00,24.0,33,24.9,987.0,6.4,0.0,1002.8
2026-08-10T14:00,24.8,29,25.1,928.0,6.0,0.0,1000.9
2026-08-10T15:00,25.0,27,24.5,777.0,4.8,0.0,999.7
2026-08-10T16:00,24.8,28,23.1,613.0,6.0,0.0,999.2
2026-08-10T17:00,24.0,27,21.6,393.0,6.8,0.0,1000.2
2026-08-10T18:00,22.2,45,21.5,191.0,3.6,0.0,1001.4
2026-08-10T19:00,20.5,39,19.4,26.0,0.9,0.0,1002.4
2026-08-10T20:00,19.6,42,18.6,0.0,0.7,0.0,1003.3
2026-08-10T21:00,18.4,43,17.2,0.0,0.6,0.0,1004.0
2026-08-10T22:00,17.2,47,16.0,0.0,0.6,0.0,1004.7
2026-08-10T23:00,17.5,44,16.3,0.0,0.0,0.0,1004.8
2026-08-11T00:00,15.7,50,14.6,0.0,0.0,0.0,1004.8
2026-08-11T01:00,14.2,56,13.0,0.0,1.0,0.0,1004.9
2026-08-11T02:00,14.1,56,12.8,0.0,1.0,0.0,1005.5
2026-08-11T03:00,14.0,56,12.8,0.0,0.8,0.0,1006.2
2026-08-11T04:00,13.7,56,12.4,0.0,0.7,0.0,1006.9
2026-08-11T05:00,14.0,57,12.8,0.0,0.6,0.0,1008.0
2026-08-11T06:00,14.9,59,14.0,36.0,0.5,0.0,1008.5
2026-08-11T07:00,17.3,48,15.9,194.0,2.4,0.0,1008.5
2026-08-11T08:00,18.5,46,17.1,378.0,3.3,0.0,1008.6
2026-08-11T09:00,19.4,45,18.3,539.0,2.6,0.0,1008.0
2026-08-11T10:00,20.9,43,21.5,767.0,2.7,0.0,1006.9
2026-08-11T11:00,21.9,40,22.8,901.0,5.1,0.0,1005.5
2026-08-11T12:00,23.3,36,24.0,901.0,5.7,0.0,1003.7
2026-08-11T13:00,24.0,33,24.8,903.0,4.1,0.0,1002.3
2026-08-11T14:00,24.6,30,24.8,826.0,3.7,0.0,1000.9
2026-08-11T15:00,24.4,30,22.8,614.0,6.2,0.0,1000.0
2026-08-11T16:00,24.2,30,22.2,509.0,6.5,0.0,999.6
2026-08-11T17:00,23.5,31,21.1,288.0,8.7,0.0,1000.7
2026-08-11T18:00,22.0,43,21.3,108.0,3.1,0.0,1001.8
2026-08-11T19:00,20.7,44,19.9,14.0,1.9,0.0,1003.1
2026-08-11T20:00,19.8,47,19.1,0.0,1.5,0.0,1004.5
2026-08-11T21:00,19.1,50,18.5,0.0,1.2,0.0,1005.4
2026-08-11T22:00,18.3,53,17.8,0.0,0.5,0.0,1006.3
2026-08-11T23:00,17.9,60,17.6,0.0,2.3,0.0,1007.8
2026-08-12T00:00,16.8,62,16.5,0.0,1.6,0.1,1008.2
2026-08-12T01:00,15.9,65,15.6,0.0,1.3,0.0,1008.2
2026-08-12T02:00,14.9,72,14.7,0.0,1.2,0.0,1008.5
2026-08-12T03:00,13.5,78,13.0,0.0,2.7,0.0,1009.1
2026-08-12T04:00,13.9,78,13.6,0.0,2.3,0.0,1009.8
2026-08-12T05:00,14.3,75,14.2,0.0,1.0,0.0,1012.8
2026-08-12T06:00,14.3,70,13.8,11.0,1.7,0.1,1013.5
2026-08-12T07:00,14.9,65,14.5,83.0,0.3,0.1,1013.9
2026-08-12T08:00,15.7,62,15.0,212.0,2.5,0.0,1014.3
2026-08-12T09:00,15.7,64,15.0,235.0,3.0,0.1,1014.3
2026-08-12T10:00,16.1,65,15.6,248.0,2.2,0.1,1014.0
2026-08-12T11:00,16.3,65,15.7,557.0,4.7,0.0,1014.0
2026-08-12T12:00,19.5,53,20.0,725.0,4.1,0.0,1011.1
2026-08-12T13:00,20.9,47,22.3,843.0,2.7,0.2,1008.7
2026-08-12T14:00,21.4,45,21.6,739.0,5.4,0.0,1007.5
2026-08-12T15:00,21.6,44,21.1,647.0,5.3,0.0,1006.5
2026-08-12T16:00,21.7,43,19.9,431.0,9.1,0.2,1005.6
2026-08-12T17:00,19.9,51,18.9,224.0,6.2,0.2,1008.2
2026-08-12T18:00,19.0,58,18.6,107.0,4.6,0.0,1009.4
2026-08-12T19:00,17.8,63,18.0,12.0,0.3,0.1,1011.3
2026-08-12T20:00,16.7,70,16.8,0.0,2.4,0.0,1012.7
2026-08-12T21:00,16.0,74,16.3,0.0,0.8,0.0,1014.7
2026-08-12T22:00,15.7,78,16.1,0.0,1.1,0.2,1014.7
2026-08-12T23:00,14.9,83,15.2,0.0,2.3,0.1,1015.4
2026-08-13T00:00,14.8,83,15.3,0.0,1.5,0.4,1015.4
2026-08-13T01:00,14.2,83,14.3,0.0,2.2,0.9,1015.9
2026-08-13T02:00,14.1,84,14.4,0.0,0.4,0.7,1015.8
2026-08-13T03:00,13.6,84,13.6,0.0,1.6,0.9,1016.8
2026-08-13T04:00,13.3,82,13.3,0.0,1.4,1.0,1017.3
2026-08-13T05:00,12.7,80,12.1,0.0,2.5,0.3,1018.0
2026-08-13T06:00,12.8,79,12.1,21.0,3.6,0.7,1018.3
2026-08-13T07:00,13.7,71,13.2,129.0,0.6,0.1,1017.9
2026-08-13T08:00,15.3,64,14.5,315.0,2.4,0.0,1017.0
2026-08-13T09:00,16.9,58,16.2,470.0,2.2,0.0,1015.5
2026-08-13T10:00,18.4,54,18.3,630.0,2.2,0.0,1013.9
2026-08-13T11:00,18.9,50,19.5,781.0,3.2,0.1,1012.7
2026-08-13T12:00,21.5,40,22.6,866.0,2.0,0.1,1009.3
2026-08-13T13:00,22.0,40,22.4,799.0,4.2,0.1,1007.4
2026-08-13T14:00,22.4,39,22.5,759.0,4.6,0.4,1005.5
2026-08-13T15:00,23.4,33,22.8,691.0,3.7,0.2,1003.2
2026-08-13T16:00,22.0,41,20.0,424.0,9.9,0.5,1003.9
2026-08-13T17:00,22.0,37,20.1,299.0,6.9,0.3,1004.2
2026-08-13T18:00,20.5,48,19.8,161.0,3.6,0.0,1004.7
2026-08-13T19:00,18.3,53,17.2,17.0,5.2,0.0,1006.6
2026-08-13T20:00,16.8,66,16.7,0.0,1.6,0.0,1011.1
2026-08-13T21:00,16.5,67,16.5,0.0,0.9,0.2,1012.3
2026-08-13T22:00,15.8,71,15.9,0.0,0.9,0.0,1012.9
2026-08-13T23:00,15.1,75,14.7,0.0,4.1,0.1,1013.5
2026-08-14T00:00,15.1,74,14.9,0.0,2.6,0.2,1013.3
2026-08-14T01:00,14.5,79,14.5,0.0,1.5,0.1,1013.1
2026-08-14T02:00,13.9,78,13.7,0.0,1.3,0.0,1013.0
2026-08-14T03:00,13.4,78,13.3,0.0,0.7,0.0,1013.0
2026-08-14T04:00,13.0,79,12.7,0.0,1.0,0.0,1013.2
2026-08-14T05:00,13.1,79,12.8,0.0,1.5,0.0,1013.5
2026-08-14T06:00,13.8,73,13.4,19.0,0.9,0.0,1013.8
2026-08-14T07:00,14.5,68,13.9,105.0,1.9,0.0,1013.7
2026-08-14T08:00,15.3,64,14.6,256.0,2.2,0.0,1013.1
2026-08-14T09:00,16.5,60,15.7,475.0,3.1,0.0,1012.2
2026-08-14T10:00,17.9,55,18.3,689.0,1.5,0.0,1011.0
2026-08-14T11:00,18.4,51,19.6,813.0,0.5,0.0,1010.1
2026-08-14T12:00,20.4,46,22.0,876.0,1.9,0.0,1008.0
2026-08-14T13:00,20.1,46,19.4,559.0,1.7,0.0,1006.6
2026-08-14T14:00,19.6,52,19.4,762.0,9.2,0.1,1005.9
2026-08-14T15:00,20.0,51,20.1,718.0,5.8,1.0,1006.0
2026-08-14T16:00,17.4,68,16.6,453.0,8.9,1.3,1007.0
2026-08-14T17:00,16.9,68,16.1,187.0,7.1,1.8,1008.8
2026-08-14T18:00,16.5,68,15.8,92.0,5.8,0.0,1009.1
2026-08-14T19:00,15.6,75,15.8,14.0,1.3,0.0,1009.1
2026-08-14T20:00,15.3,77,15.6,0.0,0.7,0.0,1009.9
2026-08-14T21:00,14.9,79,15.2,0.0,0.5,0.0,1010.2
2026-08-14T22:00,14.1,83,14.4,0.0,0.3,0.0,1010.4
2026-08-14T23:00,15.1,74,15.2,0.0,0.4,0.0,1011.1
2026-08-15T00:00,14.1,79,14.1,0.0,1.0,0.0,1011.1
2026-08-15T01:00,13.5,80,13.5,0.0,0.4,0.0,1010.9
2026-08-15T02:00,12.9,82,12.9,0.0,0.2,0.0,1010.8
2026-08-15T03:00,12.0,85,11.8,0.0,0.3,0.0,1011.1
2026-08-15T04:00,11.3,87,10.9,0.0,1.4,0.0,1011.6
2026-08-15T05:00,12.6,82,12.5,0.0,0.5,0.0,1013.2
2026-08-15T06:00,12.8,79,12.6,25.0,0.6,0.1,1013.9
2026-08-15T07:00,13.4,75,13.1,132.0,0.4,0.1,1013.8
2026-08-15T08:00,14.0,73,13.5,203.0,1.8,0.1,1013.8
2026-08-15T09:00,15.6,65,15.1,472.0,2.3,0.0,1012.8
2026-08-15T10:00,17.0,56,16.3,558.0,1.9,0.2,1011.9
2026-08-15T11:00,18.0,55,19.6,937.0,4.3,0.2,1010.3
2026-08-15T12:00,19.7,49,21.6,914.0,1.7,0.1,1008.6
2026-08-15T13:00,20.4,44,21.3,832.0,2.6,0.1,1006.7
2026-08-15T14:00,21.3,40,21.8,857.0,4.5,0.2,1005.0
2026-08-15T15:00,21.6,39,20.5,702.0,7.9,0.1,1003.8
2026-08-15T16:00,21.4,37,19.2,559.0,9.1,0.0,1003.2
2026-08-15T17:00,20.5,37,18.7,241.0,4.4,0.0,1003.8
2026-08-15T18:00,19.5,50,18.9,158.0,2.3,0.0,1003.9
2026-08-15T19:00,17.8,49,16.8,17.0,1.9,0.0,1004.7
2026-08-15T20:00,17.6,54,16.8,0.0,1.7,0.0,1005.7
2026-08-15T21:00,16.4,58,15.9,0.0,0.4,0.0,1006.5
2026-08-15T22:00,15.4,62,14.9,0.0,0.4,0.0,1006.9
2026-08-15T23:00,16.0,61,15.5,0.0,0.6,0.0,1007.6
2026-08-16T00:00,14.5,68,14.0,0.0,0.7,0.0,1007.6
2026-08-16T01:00,13.6,72,13.2,0.0,0.3,0.0,1007.6
2026-08-16T02:00,12.0,78,11.5,0.0,1.0,0.0,1007.8
2026-08-16T03:00,12.0,77,11.2,0.0,2.0,0.0,1008.2
2026-08-16T04:00,11.5,77,10.7,0.0,1.8,0.0,1009.2
2026-08-16T05:00,12.8,68,11.9,0.0,0.6,0.0,1008.9
2026-08-16T06:00,13.0,73,12.3,29.0,1.7,0.0,1009.6
2026-08-16T07:00,15.4,61,14.4,181.0,2.6,0.0,1009.6
2026-08-16T08:00,17.0,53,15.7,378.0,3.7,0.0,1009.2
2026-08-16T09:00,18.1,49,17.1,550.0,2.4,0.0,1008.2
2026-08-16T10:00,19.3,44,19.0,686.0,2.6,0.0,1007.0
2026-08-16T11:00,19.6,42,19.7,740.0,1.6,0.0,1006.4
2026-08-16T12:00,21.3,38,22.3,851.0,1.3,0.1,1004.5
2026-08-16T13:00,22.0,35,22.2,835.0,3.9,0.1,1003.1
2026-08-16T14:00,22.3,33,22.0,797.0,4.9,0.1,1002.2
2026-08-16T15:00,22.3,33,20.5,552.0,4.8,0.1,1001.3
2026-08-16T16:00,22.4,31,20.4,529.0,4.8,0.1,1001.1
2026-08-16T17:00,21.8,31,19.9,291.0,3.5,0.0,1002.2
2026-08-16T18:00,20.7,45,20.3,135.0,0.2,0.0,1002.4
2026-08-16T19:00,18.8,42,17.6,15.0,0.4,0.0,1003.4
2026-08-16T20:00,17.6,46,16.4,0.0,0.7,0.0,1005.0
2026-08-16T21:00,16.9,50,15.7,0.0,1.5,0.0,1006.0
2026-08-16T22:00,16.1,54,15.2,0.0,0.9,0.0,1006.8
2026-08-16T23:00,15.5,51,14.3,0.0,0.6,0.0,1006.5
2026-08-17T00:00,13.9,59,12.9,0.0,0.5,0.0,1006.6
2026-08-17T01:00,12.6,68,11.5,0.0,1.5,0.0,1007.0
2026-08-17T02:00,12.0,69,10.9,0.0,1.7,0.0,1007.2
2026-08-17T03:00,12.2,68,11.1,0.0,1.5,0.0,1007.6
2026-08-17T04:00,11.8,68,10.6,0.0,1.8,0.0,1007.7
2026-08-17T05:00,13.4,62,12.3,0.0,0.7,0.0,1008.5
2026-08-17T06:00,13.0,69,12.3,27.0,0.8,0.0,1009.4
2026-08-17T07:00,15.4,55,13.9,165.0,4.1,0.0,1010.2
2026-08-17T08:00,16.0,53,14.4,286.0,4.8,0.0,1010.2
2026-08-17T09:00,17.1,51,15.7,422.0,4.7,0.0,1009.7
2026-08-17T10:00,19.1,46,19.0,675.0,1.3,0.0,1008.2
2026-08-17T11:00,19.2,43,19.9,845.0,2.3,0.0,1008.0
2026-08-17T12:00,21.1,37,22.0,876.0,1.6,0.0,1005.7
2026-08-17T13:00,21.9,33,21.7,782.0,3.4,0.0,1004.2
2026-08-17T14:00,22.4,32,21.4,748.0,6.6,0.0,1003.0
2026-08-17T15:00,22.3,33,20.6,624.0,6.3,0.0,1002.5
2026-08-17T16:00,22.3,32,20.2,504.0,6.1,0.0,1002.0
2026-08-17T17:00,21.7,32,19.8,331.0,4.0,0.0,1002.9
2026-08-17T18:00,20.7,48,20.4,138.0,0.4,0.0,1003.2
2026-08-17T19:00,19.0,45,18.1,12.0,0.9,0.0,1004.4
2026-08-17T20:00,17.9,48,17.0,0.0,0.6,0.0,1005.7
2026-08-17T21:00,16.9,52,16.1,0.0,0.4,0.0,1006.8
2026-08-17T22:00,15.6,57,14.7,0.0,1.1,0.0,1007.4
2026-08-17T23:00,16.3,52,15.4,0.0,0.5,0.0,1007.6
2026-08-18T00:00,14.8,58,13.9,0.0,0.3,0.0,1007.4
2026-08-18T01:00,13.5,62,12.5,0.0,0.7,0.0,1007.5
2026-08-18T02:00,13.1,61,12.0,0.0,0.6,0.0,1007.5
2026-08-18T03:00,13.0,60,11.8,0.0,0.6,0.0,1007.9
2026-08-18T04:00,12.8,58,11.5,0.0,0.5,0.0,1008.3
2026-08-18T05:00,12.9,61,11.8,0.0,0.2,0.0,1009.1
2026-08-18T06:00,13.7,62,12.8,33.0,0.3,0.0,1010.1
2026-08-18T07:00,16.1,54,14.9,224.0,2.7,0.0,1010.3
2026-08-18T08:00,17.6,51,16.3,427.0,4.4,0.0,1009.9
2026-08-18T09:00,19.1,47,18.6,637.0,3.3,0.0,1009.2
2026-08-18T10:00,20.3,43,20.5,747.0,2.7,0.0,1008.4
2026-08-18T11:00,20.7,39,21.0,843.0,4.5,0.0,1008.0
2026-08-18T12:00,22.2,34,22.9,903.0,3.1,0.0,1005.9
2026-08-18T13:00,23.2,31,23.6,912.0,5.1,0.1,1004.1
2026-08-18T14:00,23.8,29,23.8,862.0,5.0,0.0,1002.8
2026-08-18T15:00,23.9,28,22.7,722.0,6.0,0.0,1001.7
2026-08-18T16:00,23.8,27,21.5,558.0,6.2,0.0,1001.4
2026-08-18T17:00,23.2,29,20.5,356.0,9.3,0.0,1001.3
2026-08-18T18:00,21.4,44,20.7,154.0,2.7,0.0,1002.3
2026-08-18T19:00,20.1,39,18.9,13.0,0.7,0.0,1003.4
2026-08-18T20:00,19.6,40,18.4,0.0,0.6,0.0,1004.2
2026-08-18T21:00,18.3,42,17.1,0.0,0.5,0.0,1005.2
2026-08-18T22:00,16.9,46,15.7,0.0,0.4,0.0,1005.9
2026-08-18T23:00,17.8,45,16.6,0.0,0.5,0.0,1006.1
2026-08-19T00:00,16.6,50,15.5,0.0,0.4,0.0,1006.0
2026-08-19T01:00,15.2,54,14.1,0.0,0.6,0.0,1006.3
2026-08-19T02:00,14.1,57,12.9,0.0,0.9,0.0,1006.5
2026-08-19T03:00,13.6,56,12.2,0.0,1.1,0.0,1007.1
2026-08-19T04:00,13.4,54,12.0,0.0,0.6,0.0,1007.8
2026-08-19T05:00,14.2,57,13.1,0.0,0.6,0.0,1008.7
2026-08-19T06:00,14.9,61,14.2,28.0,0.5,0.0,1009.4
2026-08-19T07:00,16.7,53,15.5,187.0,3.5,0.0,1010.1
2026-08-19T08:00,18.1,48,16.6,393.0,5.0,0.0,1010.1
2026-08-19T09:00,19.4,46,18.3,603.0,5.6,0.0,1009.4
2026-08-19T10:00,20.1,45,20.0,714.0,4.0,0.0,1009.0
2026-08-19T11:00,20.5,41,20.7,794.0,4.2,0.1,1008.2
2026-08-19T12:00,22.0,39,22.8,864.0,3.6,0.1,1006.4
2026-08-19T13:00,22.0,37,21.6,815.0,7.9,0.3,1005.5
2026-08-19T14:00,22.6,36,22.6,760.0,4.3,0.2,1004.1
2026-08-19T15:00,22.6,35,22.1,654.0,2.3,0.0,1003.2
2026-08-19T16:00,22.5,35,20.9,440.0,4.2,0.1,1003.0
2026-08-19T17:00,19.8,49,18.2,134.0,9.4,0.1,1005.9
2026-08-19T18:00,19.2,53,18.5,122.0,3.1,0.0,1006.7
2026-08-19T19:00,17.7,57,17.3,10.0,1.6,0.0,1007.9
2026-08-19T20:00,16.7,61,16.2,0.0,1.4,0.0,1010.2
2026-08-19T21:00,15.9,67,15.6,0.0,1.5,0.1,1011.8
2026-08-19T22:00,15.3,71,15.3,0.0,0.5,0.4,1013.3
2026-08-19T23:00,14.8,72,14.5,0.0,1.5,0.4,1013.3
2026-08-20T00:00,14.1,78,13.9,0.0,2.2,0.3,1013.8
2026-08-20T01:00,13.8,83,14.0,0.0,0.9,0.1,1013.8
2026-08-20T02:00,13.3,83,13.3,0.0,0.9,0.0,1013.6
2026-08-20T03:00,13.1,85,13.2,0.0,0.4,0.0,1013.5
2026-08-20T04:00,12.7,85,12.8,0.0,0.5,0.1,1013.8
2026-08-20T05:00,12.4,88,12.4,0.0,0.9,0.5,1014.0
2026-08-20T06:00,12.7,84,12.6,20.0,1.1,0.0,1014.4
2026-08-20T07:00,13.5,80,13.2,138.0,2.0,0.0,1014.6
2026-08-20T08:00,14.7,67,14.1,261.0,2.4,0.1,1013.9
2026-08-20T09:00,15.9,63,15.0,323.0,4.0,0.0,1013.0
2026-08-20T10:00,17.2,59,16.5,444.0,3.1,0.0,1012.3
2026-08-20T11:00,14.4,69,13.7,541.0,3.0,0.0,1014.1
2026-08-20T12:00,15.6,60,14.7,236.0,2.6,0.0,1013.1
2026-08-20T13:00,16.9,54,15.7,453.0,3.4,0.0,1011.8
2026-08-20T14:00,17.7,51,16.8,535.0,1.7,0.0,1009.9
2026-08-20T15:00,18.2,50,17.0,519.0,4.1,0.0,1008.7
2026-08-20T16:00,18.0,50,16.9,321.0,3.1,0.0,1008.1
2026-08-20T17:00,17.7,53,16.3,204.0,5.9,0.1,1008.7
2026-08-20T18:00,16.8,61,16.5,76.0,0.4,0.0,1009.6
2026-08-20T19:00,15.3,69,15.2,7.0,0.6,0.0,1010.9
2026-08-20T20:00,14.7,71,14.5,0.0,0.4,0.0,1012.2
2026-08-20T21:00,14.1,73,13.8,0.0,0.6,0.0,1013.2
2026-08-20T22:00,13.8,76,13.4,0.0,1.6,0.0,1013.5
2026-08-20T23:00,13.2,79,12.8,0.0,1.9,0.0,1013.5
2026-08-21T00:00,12.7,78,12.3,0.0,0.7,0.0,1013.5
2026-08-21T01:00,12.7,77,12.3,0.0,0.7,0.0,1013.1
2026-08-21T02:00,12.4,80,12.1,0.0,0.7,0.1,1012.8
2026-08-21T03:00,12.0,81,11.6,0.0,0.6,0.1,1012.9
2026-08-21T04:00,11.5,84,11.1,0.0,0.8,0.0,1013.2
2026-08-21T05:00,11.9,81,11.4,0.0,0.9,0.0,1013.2
2026-08-21T06:00,11.9,80,11.5,25.0,0.2,0.0,1013.5
2026-08-21T07:00,12.9,77,12.3,154.0,2.3,0.0,1013.9
2026-08-21T08:00,13.1,80,12.6,331.0,2.5,1.5,1013.9
2026-08-21T09:00,14.6,69,14.0,468.0,1.8,1.9,1013.1
2026-08-21T10:00,16.6,55,15.7,522.0,1.7,0.2,1011.8
2026-08-21T11:00,17.1,55,16.6,628.0,3.1,0.4,1010.9
2026-08-21T12:00,18.6,48,19.4,881.0,4.4,0.1,1009.1
2026-08-21T13:00,19.5,48,20.8,894.0,3.0,0.1,1007.3
2026-08-21T14:00,19.6,48,20.3,810.0,3.6,0.4,1005.4
2026-08-21T15:00,20.3,41,19.5,648.0,4.1,0.4,1004.6
2026-08-21T16:00,20.1,39,18.1,421.0,6.9,0.1,1003.9
2026-08-21T17:00,18.9,44,17.4,319.0,4.2,0.1,1005.3
2026-08-21T18:00,17.2,55,16.0,147.0,4.5,0.0,1006.3
2026-08-21T19:00,15.0,65,14.4,11.0,1.5,0.0,1007.8
2026-08-21T20:00,14.3,69,13.8,0.0,0.9,0.0,1008.7
2026-08-21T21:00,13.8,71,13.3,0.0,0.6,0.0,1009.5
2026-08-21T22:00,13.3,71,12.8,0.0,0.5,0.0,1010.0
2026-08-21T23:00,13.1,65,12.1,0.0,1.3,0.0,1010.0
2026-08-22T00:00,12.4,67,11.4,0.0,0.6,0.0,1009.7
2026-08-22T01:00,11.2,68,9.9,0.0,1.3,0.0,1009.7
2026-08-22T02:00,10.5,66,8.9,0.0,1.8,0.0,1010.3
2026-08-22T03:00,10.3,64,8.7,0.0,1.2,0.0,1010.5
2026-08-22T04:00,10.2,63,8.5,0.0,1.4,0.0,1010.8
2026-08-22T05:00,10.3,63,8.7,0.0,1.0,0.0,1011.2
2026-08-22T06:00,10.8,66,9.4,28.0,1.0,0.0,1012.3
2026-08-22T07:00,13.4,55,12.0,192.0,0.8,0.0,1013.1
2026-08-22T08:00,14.7,51,13.2,435.0,1.5,0.0,1012.6
2026-08-22T09:00,15.8,48,14.6,611.0,2.4,0.0,1011.7
2026-08-22T10:00,16.9,45,17.0,776.0,1.6,0.0,1011.1
2026-08-22T11:00,17.0,38,16.8,827.0,2.4,0.0,1009.8
2026-08-22T12:00,18.6,36,19.3,932.0,2.0,0.0,1008.4
2026-08-22T13:00,18.8,38,19.6,908.0,1.3,0.1,1007.7
2026-08-22T14:00,19.1,38,19.4,829.0,1.5,0.1,1006.3
2026-08-22T15:00,19.4,37,18.8,729.0,2.3,0.0,1005.1
2026-08-22T16:00,19.4,35,17.8,579.0,2.2,0.0,1004.1
2026-08-22T17:00,18.1,35,16.0,378.0,3.3,0.0,1005.3
2026-08-22T18:00,17.1,51,16.1,156.0,0.9,0.0,1005.6
2026-08-22T19:00,15.7,46,14.3,10.0,0.6,0.0,1006.4
2026-08-22T20:00,14.7,49,13.1,0.0,1.8,0.0,1007.7
2026-08-22T21:00,13.9,52,12.1,0.0,2.8,0.0,1008.4
2026-08-22T22:00,13.4,52,11.5,0.0,3.2,0.0,1008.7
2026-08-22T23:00,14.3,47,12.7,0.0,0.8,0.0,1008.8
2026-08-23T00:00,13.5,50,11.8,0.0,0.5,0.0,1008.9
2026-08-23T01:00,13.0,51,11.2,0.0,1.3,0.0,1008.7
2026-08-23T02:00,12.0,55,10.2,0.0,1.8,0.0,1008.9
2026-08-23T03:00,11.5,57,9.5,0.0,3.1,0.0,1009.2
2026-08-23T04:00,10.7,60,8.6,0.0,3.5,0.0,1009.7
2026-08-23T05:00,11.3,58,9.4,0.0,2.1,0.0,1010.0
2026-08-23T06:00,11.5,61,9.8,28.0,2.7,0.0,1011.0
2026-08-23T07:00,14.2,47,12.3,180.0,2.1,0.0,1011.9
2026-08-23T08:00,15.4,43,13.5,393.0,1.7,0.0,1012.1
2026-08-23T09:00,16.3,42,14.4,546.0,2.2,0.0,1011.6
2026-08-23T10:00,17.2,40,16.2,745.0,4.5,0.0,1011.4
2026-08-23T11:00,17.6,31,17.1,821.0,1.6,0.1,1010.7
2026-08-23T12:00,18.1,33,16.7,755.0,5.3,0.0,1010.5
2026-08-23T13:00,18.2,36,16.2,664.0,7.2,0.0,1009.6
2026-08-23T14:00,19.0,35,18.7,804.0,2.9,0.0,1008.5
2026-08-23T15:00,18.5,35,16.7,558.0,1.7,0.1,1008.1
2026-08-23T16:00,18.7,35,16.8,557.0,2.3,0.0,1007.5
2026-08-23T17:00,17.6,35,15.0,356.0,5.3,0.0,1008.7
2026-08-23T18:00,16.1,43,14.2,137.0,2.9,0.0,1009.5
2026-08-23T19:00,14.6,49,13.1,9.0,0.8,0.0,1009.8
2026-08-23T20:00,13.8,52,12.2,0.0,1.3,0.0,1010.4
2026-08-23T21:00,13.0,54,11.3,0.0,1.5,0.0,1011.1
2026-08-23T22:00,12.3,53,10.5,0.0,1.7,0.0,1011.4
2026-08-23T23:00,12.8,51,11.0,0.0,1.0,0.0,1011.0
2026-08-24T00:00,11.4,54,9.2,0.0,3.1,0.0,1010.5
2026-08-24T01:00,11.2,53,9.0,0.0,2.3,0.0,1010.6
2026-08-24T02:00,10.7,52,8.4,0.0,2.8,0.0,1010.7
2026-08-24T03:00,10.4,51,8.0,0.0,2.8,0.0,1010.9
2026-08-24T04:00,10.2,50,7.8,0.0,2.5,0.0,1011.2
2026-08-24T05:00,10.4,51,8.2,0.0,1.4,0.0,1011.3
2026-08-24T06:00,10.8,55,8.4,28.0,4.0,0.0,1012.4
2026-08-24T07:00,13.7,44,11.2,203.0,4.5,0.0,1012.8
2026-08-24T08:00,15.2,41,13.0,426.0,2.6,0.0,1012.5
2026-08-24T09:00,16.3,39,14.6,629.0,3.1,0.0,1011.9
2026-08-24T10:00,17.4,37,16.9,799.0,2.9,0.0,1011.4
2026-08-24T11:00,18.1,26,17.9,905.0,1.8,0.0,1010.2
2026-08-24T12:00,19.1,25,18.3,864.0,3.3,0.0,1009.4
2026-08-24T13:00,19.5,27,19.4,906.0,2.3,0.0,1008.3
2026-08-24T14:00,20.2,26,19.4,839.0,3.8,0.0,1006.8
2026-08-24T15:00,21.1,24,19.8,785.0,4.2,0.0,1005.1
2026-08-24T16:00,21.5,23,19.0,582.0,3.8,0.0,1003.6
2026-08-24T17:00,21.4,18,18.1,357.0,4.4,0.0,1003.1
2026-08-24T18:00,18.2,31,15.0,155.0,7.7,0.0,1005.5
2026-08-24T19:00,15.9,36,13.3,8.0,3.9,0.0,1007.3
2026-08-24T20:00,15.6,35,13.4,0.0,0.8,0.0,1008.8
2026-08-24T21:00,14.8,36,12.6,0.0,0.4,0.0,1009.7
2026-08-24T22:00,14.0,37,11.7,0.0,0.7,0.0,1010.1
2026-08-24T23:00,13.8,37,11.4,0.0,0.7,0.0,1010.1
2026-08-25T00:00,12.8,40,10.4,0.0,1.1,0.0,1010.6
2026-08-25T01:00,12.1,42,9.7,0.0,1.1,0.0,1010.6
2026-08-25T02:00,11.4,44,8.9,0.0,2.2,0.0,1010.6
2026-08-25T03:00,10.9,45,8.3,0.0,2.5,0.0,1011.0
2026-08-25T04:00,10.4,46,7.9,0.0,2.2,0.0,1011.5
2026-08-25T05:00,10.6,50,8.4,0.0,1.1,0.0,1012.6
2026-08-25T06:00,10.9,53,8.7,28.0,2.2,0.0,1013.5
2026-08-25T07:00,13.9,40,11.3,201.0,4.1,0.0,1013.7
2026-08-25T08:00,15.2,36,12.6,429.0,3.8,0.0,1013.5
2026-08-25T09:00,16.5,34,14.6,655.0,3.6,0.0,1012.9
2026-08-25T10:00,17.8,31,16.6,836.0,6.3,0.0,1012.2
2026-08-25T11:00,18.3,26,18.1,958.0,3.1,0.0,1011.2
2026-08-25T12:00,19.6,23,19.7,1012.0,3.3,0.0,1010.6
2026-08-25T13:00,19.9,24,19.7,919.0,2.7,0.0,1009.6
2026-08-25T14:00,20.5,23,20.0,866.0,2.0,0.0,1007.8
2026-08-25T15:00,20.9,22,19.1,725.0,3.6,0.0,1006.6
2026-08-25T16:00,20.9,21,17.8,533.0,5.1,0.0,1005.5
2026-08-25T17:00,20.6,21,17.4,376.0,4.3,0.0,1005.4
2026-08-25T18:00,18.5,37,16.9,152.0,1.0,0.0,1006.2
2026-08-25T19:00,17.1,33,15.1,7.0,0.3,0.0,1007.3
2026-08-25T20:00,16.0,33,13.7,0.0,0.5,0.0,1008.8
2026-08-25T21:00,14.7,35,12.4,0.0,0.8,0.0,1009.7
2026-08-25T22:00,13.8,37,11.5,0.0,1.0,0.0,1010.1
2026-08-25T23:00,14.1,35,11.7,0.0,0.9,0.0,1010.3
2026-08-26T00:00,12.8,38,10.3,0.0,1.5,0.0,1010.2
2026-08-26T01:00,11.9,40,9.3,0.0,2.0,0.0,1010.4
2026-08-26T02:00,11.1,42,8.5,0.0,1.7,0.0,1010.7
2026-08-26T03:00,10.3,44,7.7,0.0,1.9,0.0,1011.1
2026-08-26T04:00,9.7,45,7.0,0.0,2.3,0.0,1011.7
2026-08-26T05:00,10.4,45,8.0,0.0,1.3,0.0,1012.8
2026-08-26T06:00,10.3,50,7.8,27.0,3.0,0.0,1013.6
2026-08-26T07:00,13.9,36,11.0,212.0,4.5,0.0,1014.1
2026-08-26T08:00,15.5,35,13.0,431.0,3.1,0.0,1013.7
2026-08-26T09:00,16.9,33,15.1,651.0,3.1,0.0,1012.9
2026-08-26T10:00,18.4,30,17.5,832.0,4.3,0.0,1012.0
2026-08-26T11:00,18.8,24,19.1,975.0,1.4,0.0,1010.8
2026-08-26T12:00,20.1,23,20.3,990.0,2.5,0.0,1009.6
2026-08-26T13:00,20.5,23,20.3,911.0,2.7,0.0,1008.2
2026-08-26T14:00,20.8,23,19.1,692.0,2.3,0.0,1006.7
2026-08-26T15:00,21.5,22,20.2,699.0,0.3,0.0,1005.1
2026-08-26T16:00,21.0,22,18.3,526.0,2.6,0.0,1004.1
2026-08-26T17:00,20.2,23,17.5,333.0,2.4,0.0,1004.4
2026-08-26T18:00,18.8,38,17.2,116.0,1.2,0.0,1005.0
2026-08-26T19:00,16.9,35,14.8,6.0,1.1,0.0,1005.9
2026-08-26T20:00,15.7,37,13.5,0.0,1.9,0.0,1007.0
2026-08-26T21:00,14.5,40,12.3,0.0,1.7,0.0,1007.6
2026-08-26T22:00,13.3,44,11.1,0.0,2.2,0.0,1007.8
2026-08-26T23:00,12.6,46,10.3,0.0,2.2,0.0,1008.4
