datetime,temperature_2m,relativehumidity_2m,apparent_temperature,shortwave_radiation,windspeed_10m,precipitation,pressure_msl
2026-01-01T00:00,2.5,89,0.2,0.0,2.3,0.0,1014.0
2026-01-01T01:00,2.1,89,-0.4,0.0,3.5,0.0,1013.9
2026-01-01T02:00,0.9,89,-2.0,0.0,4.6,0.0,1013.5
2026-01-01T03:00,1.0,82,-2.0,0.0,4.2,0.0,1013.3
2026-01-01T04:00,1.0,75,-1.9,0.0,3.0,0.0,1012.7
2026-01-01T05:00,0.9,73,-2.2,0.0,3.0,0.0,1012.8
2026-01-01T06:00,1.7,64,-1.7,0.0,4.8,0.0,1013.2
2026-01-01T07:00,1.7,62,-1.9,0.0,5.4,0.0,1014.1
2026-01-01T08:00,2.8,60,-0.7,37.0,5.9,0.0,1014.7
2026-01-01T09:00,3.9,58,0.5,71.0,5.5,0.0,1016.1
2026-01-01T10:00,4.2,59,0.7,116.0,6.0,0.0,1017.2
2026-01-01T11:00,6.4,54,3.0,204.0,7.0,0.0,1016.1
2026-01-01T12:00,7.9,45,3.8,477.0,10.4,0.0,1014.9
2026-01-01T13:00,7.3,49,2.9,501.0,12.8,0.1,1014.9
2026-01-01T14:00,6.1,61,2.3,422.0,10.3,0.7,1015.3
2026-01-01T15:00,5.2,60,1.7,270.0,7.9,0.4,1015.7
2026-01-01T16:00,3.0,83,0.5,151.0,3.0,0.8,1016.5
2026-01-01T17:00,2.5,72,-0.1,34.0,1.0,0.1,1015.8
2026-01-01T18:00,1.9,73,-1.0,0.0,2.7,0.1,1016.2
2026-01-01T19:00,1.0,77,-1.9,0.0,2.7,0.0,1016.6
2026-01-01T20:00,0.5,78,-2.3,0.0,2.2,0.0,1017.0
2026-01-01T21:00,-0.2,81,-3.1,0.0,2.3,0.0,1017.5
2026-01-01T22:00,-0.6,82,-3.5,0.0,2.4,0.0,1017.4
2026-01-01T23:00,-0.8,83,-3.9,0.0,3.3,0.0,1017.2
2026-01-02T00:00,-1.1,83,-4.0,0.0,1.9,0.0,1016.9
2026-01-02T01:00,-1.6,82,-4.4,0.0,1.3,0.0,1016.9
2026-01-02T02:00,-1.7,80,-4.7,0.0,1.5,0.0,1017.2
2026-01-02T03:00,-1.6,79,-4.8,0.0,3.1,0.0,1016.8
2026-01-02T04:00,-1.8,78,-5.1,0.0,4.0,0.0,1016.0
2026-01-02T05:00,-2.3,78,-5.7,0.0,3.5,0.0,1015.7
2026-01-02T06:00,-2.3,78,-5.6,0.0,3.5,0.0,1016.0
2026-01-02T07:00,-2.7,81,-6.0,0.0,3.3,0.0,1016.5
2026-01-02T08:00,0.2,74,-3.0,76.0,3.6,0.0,1017.4
2026-01-02T09:00,6.2,49,3.2,247.0,2.7,0.0,1018.6
2026-01-02T10:00,7.7,41,4.4,411.0,3.4,0.0,1018.6
2026-01-02T11:00,7.7,43,3.9,527.0,7.8,0.0,1018.5
2026-01-02T12:00,8.5,42,4.6,580.0,9.6,0.0,1018.0
2026-01-02T13:00,8.3,46,4.6,574.0,9.3,0.0,1017.8
2026-01-02T14:00,7.7,52,4.3,420.0,6.9,0.0,1017.4
2026-01-02T15:00,7.4,54,4.1,337.0,6.6,0.0,1017.1
2026-01-02T16:00,5.9,66,2.7,213.0,7.4,0.0,1017.1
2026-01-02T17:00,2.7,90,0.1,51.0,4.3,0.0,1017.8
2026-01-02T18:00,1.2,95,-0.9,0.0,0.2,0.0,1018.5
2026-01-02T19:00,-0.1,98,-2.5,0.0,1.3,0.0,1018.9
2026-01-02T20:00,-0.6,98,-3.2,0.0,2.5,0.0,1018.7
2026-01-02T21:00,-0.7,95,-3.4,0.0,2.9,0.0,1018.7
2026-01-02T22:00,-0.9,91,-3.7,0.0,2.5,0.0,1018.4
2026-01-02T23:00,-1.2,89,-4.1,0.0,3.1,0.0,1018.4
2026-01-03T00:00,-1.1,87,-4.0,0.0,2.2,0.0,1018.0
2026-01-03T01:00,-1.6,88,-4.6,0.0,2.9,0.0,1017.8
2026-01-03T02:00,-2.2,89,-5.4,0.0,3.4,0.0,1017.3
2026-01-03T03:00,-2.5,88,-5.6,0.0,3.1,0.0,1016.6
2026-01-03T04:00,-2.5,87,-5.5,0.0,1.7,0.0,1015.9
2026-01-03T05:00,-1.6,79,-4.7,0.0,2.9,0.0,1015.8
2026-01-03T06:00,-1.8,76,-4.9,0.0,1.5,0.0,1015.9
2026-01-03T07:00,-1.5,76,-4.7,0.0,2.8,0.0,1016.4
2026-01-03T08:00,0.7,75,-2.6,71.0,4.9,0.0,1017.0
2026-01-03T09:00,6.1,61,3.3,233.0,3.9,0.0,1017.9
2026-01-03T10:00,7.7,49,4.4,369.0,5.3,0.0,1018.1
2026-01-03T11:00,8.2,44,4.5,451.0,7.8,0.0,1018.0
2026-01-03T12:00,8.8,40,4.9,540.0,8.4,0.0,1017.3
2026-01-03T13:00,8.1,49,4.3,489.0,9.6,0.0,1017.0
2026-01-03T14:00,7.0,59,3.5,447.0,9.4,0.0,1017.2
2026-01-03T15:00,5.8,69,2.7,266.0,7.7,0.0,1017.5
2026-01-03T16:00,4.4,79,1.5,149.0,6.8,0.0,1017.8
2026-01-03T17:00,2.2,94,-0.4,36.0,4.5,0.0,1018.7
2026-01-03T18:00,1.3,99,-0.7,0.0,0.9,0.0,1019.4
2026-01-03T19:00,1.4,100,-0.8,0.0,1.9,0.0,1019.5
2026-01-03T20:00,1.5,100,-0.8,0.0,3.4,0.0,1019.6
2026-01-03T21:00,1.0,100,-1.6,0.0,4.2,0.0,1019.7
2026-01-03T22:00,-0.9,100,-3.7,0.0,3.8,0.0,1019.0
2026-01-03T23:00,0.7,97,-1.9,0.0,3.2,0.0,1019.2
2026-01-04T00:00,-0.9,98,-3.7,0.0,3.4,0.0,1019.0
2026-01-04T01:00,-2.4,98,-5.3,0.0,2.9,0.0,1018.6
2026-01-04T02:00,-3.4,97,-6.4,0.0,2.4,0.0,1018.4
2026-01-04T03:00,-3.7,96,-6.8,0.0,2.4,0.0,1017.8
2026-01-04T04:00,-3.9,93,-7.1,0.0,3.0,0.0,1017.3
2026-01-04T05:00,-1.1,79,-4.0,0.0,1.5,0.0,1017.7
2026-01-04T06:00,-1.8,77,-4.8,0.0,1.8,0.0,1017.9
2026-01-04T07:00,-2.0,76,-5.1,0.0,2.0,0.0,1018.1
2026-01-04T08:00,1.1,69,-2.0,76.0,2.7,0.0,1018.5
2026-01-04T09:00,5.6,54,2.9,250.0,1.5,0.0,1019.4
2026-01-04T10:00,7.3,39,3.9,415.0,3.5,0.0,1019.7
2026-01-04T11:00,7.3,42,3.8,535.0,5.8,0.0,1019.6
2026-01-04T12:00,8.1,44,4.6,596.0,8.3,0.0,1018.8
2026-01-04T13:00,7.6,51,3.9,584.0,9.8,0.0,1018.5
2026-01-04T14:00,6.9,60,3.4,499.0,8.6,0.0,1018.4
2026-01-04T15:00,5.5,71,2.3,327.0,7.8,0.2,1018.4
2026-01-04T16:00,4.2,75,1.2,182.0,6.5,0.0,1018.6
2026-01-04T17:00,2.2,89,-0.6,37.0,5.1,0.0,1019.3
2026-01-04T18:00,0.5,96,-1.8,0.0,0.8,0.0,1020.1
2026-01-04T19:00,-0.8,97,-3.4,0.0,2.3,0.0,1020.5
2026-01-04T20:00,-1.2,96,-4.0,0.0,3.0,0.0,1020.7
2026-01-04T21:00,-1.7,96,-4.5,0.0,2.7,0.0,1021.1
2026-01-04T22:00,-2.6,95,-5.7,0.0,3.8,0.0,1021.0
2026-01-04T23:00,-2.9,97,-6.0,0.0,3.8,0.0,1020.7
2026-01-05T00:00,-3.9,98,-7.0,0.0,2.6,0.0,1020.3
2026-01-05T01:00,-4.3,96,-7.4,0.0,2.4,0.0,1020.2
2026-01-05T02:00,-4.2,94,-7.2,0.0,1.5,0.0,1020.0
2026-01-05T03:00,-4.0,91,-7.1,0.0,2.2,0.0,1019.9
2026-01-05T04:00,-3.7,86,-6.8,0.0,2.2,0.0,1019.7
2026-01-05T05:00,-1.2,73,-4.5,0.0,2.9,0.0,1019.7
2026-01-05T06:00,-1.0,68,-4.1,0.0,1.4,0.0,1020.0
2026-01-05T07:00,-1.4,67,-4.7,0.0,2.0,0.0,1020.6
2026-01-05T08:00,1.4,61,-1.8,77.0,2.3,0.0,1021.0
2026-01-05T09:00,4.4,51,1.3,254.0,2.1,0.0,1021.7
2026-01-05T10:00,6.6,38,3.4,423.0,1.7,0.0,1021.6
2026-01-05T11:00,7.2,32,3.1,546.0,6.8,0.0,1021.2
2026-01-05T12:00,8.3,27,4.2,608.0,8.1,0.0,1020.4
2026-01-05T13:00,8.4,27,4.0,604.0,10.0,0.0,1019.7
2026-01-05T14:00,7.7,33,3.0,532.0,11.6,0.0,1019.6
2026-01-05T15:00,6.5,42,1.9,401.0,11.9,0.0,1019.8
2026-01-05T16:00,4.6,56,0.8,227.0,8.7,0.0,1020.1
2026-01-05T17:00,1.4,88,-0.9,58.0,1.3,0.0,1020.8
2026-01-05T18:00,0.2,90,-2.3,0.0,1.1,0.0,1021.1
2026-01-05T19:00,-0.6,89,-3.2,0.0,1.1,0.0,1021.1
2026-01-05T20:00,-1.5,86,-4.4,0.0,2.2,0.0,1021.1
2026-01-05T21:00,-1.6,81,-4.7,0.0,2.5,0.0,1020.9
2026-01-05T22:00,-2.0,76,-5.1,0.0,2.2,0.0,1020.7
2026-01-05T23:00,-2.6,75,-6.1,0.0,3.4,0.0,1020.5
2026-01-06T00:00,-2.4,71,-5.8,0.0,2.9,0.0,1020.1
2026-01-06T01:00,-3.0,73,-6.5,0.0,3.8,0.0,1020.0
2026-01-06T02:00,-3.6,76,-7.2,0.0,4.1,0.0,1019.7
2026-01-06T03:00,-4.0,77,-7.5,0.0,3.3,0.0,1019.4
2026-01-06T04:00,-4.1,76,-7.6,0.0,3.3,0.0,1019.2
2026-01-06T05:00,-3.1,66,-7.2,0.0,6.5,0.0,1019.2
2026-01-06T06:00,-3.2,64,-6.9,0.0,3.3,0.0,1019.8
2026-01-06T07:00,-4.0,64,-7.8,0.0,3.6,0.0,1020.6
2026-01-06T08:00,-1.3,59,-5.1,72.0,5.1,0.0,1021.2
2026-01-06T09:00,5.4,38,1.8,247.0,3.8,0.0,1021.9
2026-01-06T10:00,6.7,29,2.7,414.0,5.5,0.0,1022.0
2026-01-06T11:00,7.1,27,2.6,529.0,8.1,0.0,1021.8
2026-01-06T12:00,8.3,21,3.1,548.0,12.1,0.0,1020.5
2026-01-06T13:00,7.7,23,2.3,458.0,14.1,0.0,1019.8
2026-01-06T14:00,6.9,29,1.7,385.0,13.4,0.0,1020.0
2026-01-06T15:00,6.3,32,1.4,340.0,11.9,0.0,1020.0
2026-01-06T16:00,5.2,40,0.8,207.0,9.3,0.0,1020.2
2026-01-06T17:00,1.7,61,-1.4,57.0,2.1,0.0,1021.0
2026-01-06T18:00,0.6,66,-2.2,0.0,0.6,0.0,1021.8
2026-01-06T19:00,-0.6,66,-3.9,0.0,2.3,0.0,1022.4
2026-01-06T20:00,-1.1,63,-4.5,0.0,2.5,0.0,1022.6
2026-01-06T21:00,-1.5,61,-5.0,0.0,2.7,0.0,1022.9
2026-01-06T22:00,-2.2,60,-5.8,0.0,2.8,0.0,1022.8
2026-01-06T23:00,-2.8,66,-6.4,0.0,3.6,0.0,1022.6
2026-01-07T00:00,-3.0,67,-6.6,0.0,3.8,0.0,1021.9
2026-01-07T01:00,-3.1,68,-6.8,0.0,4.2,0.0,1021.8
2026-01-07T02:00,-2.6,63,-6.3,0.0,4.0,0.0,1021.6
2026-01-07T03:00,-2.8,61,-6.5,0.0,3.6,0.0,1021.4
2026-01-07T04:00,-3.1,61,-6.7,0.0,3.0,0.0,1021.0
2026-01-07T05:00,-3.4,68,-7.2,0.0,4.5,0.0,1021.4
2026-01-07T06:00,-3.4,66,-7.1,0.0,4.3,0.0,1021.6
2026-01-07T07:00,-3.8,67,-7.5,0.0,4.0,0.0,1022.4
2026-01-07T08:00,-1.3,62,-5.0,76.0,4.6,0.0,1022.7
2026-01-07T09:00,4.3,38,0.7,253.0,3.2,0.0,1023.3
2026-01-07T10:00,5.5,34,1.7,422.0,4.3,0.0,1023.5
2026-01-07T11:00,5.7,32,1.6,545.0,5.5,0.0,1023.2
2026-01-07T12:00,7.0,30,3.3,609.0,5.7,0.0,1022.1
2026-01-07T13:00,7.5,29,3.7,606.0,6.6,0.0,1021.0
2026-01-07T14:00,6.9,32,2.5,536.0,9.1,0.0,1020.7
2026-01-07T15:00,5.3,42,1.0,406.0,9.6,0.0,1021.0
2026-01-07T16:00,3.6,48,-0.3,235.0,6.7,0.0,1021.4
2026-01-07T17:00,0.3,62,-3.0,63.0,2.6,0.0,1022.6
2026-01-07T18:00,-1.3,67,-4.4,0.0,1.3,0.0,1023.1
2026-01-07T19:00,-2.0,69,-5.2,0.0,1.5,0.0,1023.2
2026-01-07T20:00,-2.3,70,-5.7,0.0,2.9,0.0,1023.2
2026-01-07T21:00,-2.9,72,-6.6,0.0,4.7,0.0,1023.0
2026-01-07T22:00,-3.8,76,-7.5,0.0,5.1,0.0,1022.2
2026-01-07T23:00,-3.2,73,-7.0,0.0,5.0,0.0,1021.8
2026-01-08T00:00,-3.6,72,-7.2,0.0,3.8,0.0,1021.2
2026-01-08T01:00,-4.6,74,-8.1,0.0,2.8,0.0,1020.9
2026-01-08T02:00,-4.8,72,-8.5,0.0,3.6,0.0,1021.1
2026-01-08T03:00,-5.1,71,-8.8,0.0,3.6,0.0,1020.8
2026-01-08T04:00,-4.6,68,-8.3,0.0,3.1,0.0,1020.4
2026-01-08T05:00,-5.3,74,-9.1,0.0,3.8,0.0,1020.8
2026-01-08T06:00,-4.8,68,-8.2,0.0,1.3,0.0,1021.3
2026-01-08T07:00,-4.4,64,-7.9,0.0,1.5,0.0,1022.0
2026-01-08T08:00,-1.6,58,-5.1,79.0,2.4,0.0,1022.7
2026-01-08T09:00,4.9,36,1.5,262.0,2.1,0.0,1023.2
2026-01-08T10:00,7.0,27,3.4,435.0,1.6,0.0,1023.0
2026-01-08T11:00,7.5,29,3.6,561.0,5.3,0.0,1022.8
2026-01-08T12:00,8.7,29,5.2,624.0,5.7,0.0,1022.0
2026-01-08T13:00,8.8,32,5.1,617.0,7.2,0.0,1021.0
2026-01-08T14:00,7.9,38,3.8,545.0,8.4,0.0,1020.8
2026-01-08T15:00,6.5,44,2.7,414.0,7.4,0.0,1020.5
2026-01-08T16:00,4.9,51,1.4,242.0,6.1,0.0,1020.3
2026-01-08T17:00,0.9,71,-2.0,67.0,1.9,0.0,1020.8
2026-01-08T18:00,-0.9,78,-3.9,0.0,2.0,0.0,1020.4
2026-01-08T19:00,-1.4,80,-4.4,0.0,2.2,0.0,1020.2
2026-01-08T20:00,-1.6,78,-4.8,0.0,2.8,0.0,1020.5
2026-01-08T21:00,-2.2,76,-5.8,0.0,5.1,0.0,1020.7
2026-01-08T22:00,-3.2,74,-7.0,0.0,5.5,0.0,1020.5
2026-01-08T23:00,-3.3,76,-6.7,0.0,3.1,0.0,1020.9
2026-01-09T00:00,-2.8,73,-6.0,0.0,1.3,0.0,1020.5
2026-01-09T01:00,-3.0,72,-6.2,0.0,1.1,0.0,1020.7
2026-01-09T02:00,-3.1,72,-6.3,0.0,1.7,0.0,1021.0
2026-01-09T03:00,-3.4,72,-6.8,0.0,2.2,0.0,1020.9
2026-01-09T04:00,-3.7,72,-7.1,0.0,2.4,0.0,1020.4
2026-01-09T05:00,-3.5,71,-7.2,0.0,4.2,0.0,1021.0
2026-01-09T06:00,-3.5,69,-7.5,0.0,6.0,0.0,1020.9
2026-01-09T07:00,-3.8,66,-7.8,0.0,5.7,0.0,1021.0
2026-01-09T08:00,-0.7,56,-4.7,78.0,6.1,0.0,1021.2
2026-01-09T09:00,5.7,37,2.1,256.0,4.0,0.0,1021.9
2026-01-09T10:00,7.6,20,3.8,426.0,2.1,0.0,1021.9
2026-01-09T11:00,7.8,22,3.5,550.0,6.3,0.0,1021.9
2026-01-09T12:00,8.7,22,4.6,611.0,7.5,0.0,1021.3
2026-01-09T13:00,8.8,24,4.6,607.0,8.5,0.0,1020.7
2026-01-09T14:00,8.1,32,3.7,538.0,9.2,0.0,1020.5
2026-01-09T15:00,6.7,43,2.8,410.0,7.4,0.0,1020.5
2026-01-09T16:00,5.4,51,2.1,239.0,4.5,0.0,1020.8
2026-01-09T17:00,2.2,68,-0.4,67.0,0.6,0.0,1020.9
2026-01-09T18:00,0.1,75,-2.8,0.0,2.2,0.0,1020.8
2026-01-09T19:00,-0.4,77,-3.4,0.0,2.2,0.0,1020.5
2026-01-09T20:00,-0.8,73,-4.0,0.0,2.8,0.0,1020.8
2026-01-09T21:00,-1.4,67,-4.9,0.0,3.3,0.0,1020.8
2026-01-09T22:00,-1.6,62,-5.1,0.0,2.8,0.0,1020.6
2026-01-09T23:00,-2.0,63,-5.5,0.0,2.5,0.0,1020.4
2026-01-10T00:00,-1.9,61,-5.2,0.0,1.3,0.0,1020.1
2026-01-10T01:00,-2.1,61,-5.5,0.0,1.7,0.0,1019.8
2026-01-10T02:00,-2.1,59,-5.5,0.0,1.9,0.0,1019.9
2026-01-10T03:00,-2.3,58,-5.7,0.0,1.7,0.0,1019.7
2026-01-10T04:00,-2.4,60,-5.8,0.0,1.5,0.0,1019.0
2026-01-10T05:00,-2.7,64,-6.1,0.0,2.2,0.0,1019.2
2026-01-10T06:00,-2.9,65,-6.1,0.0,0.9,0.0,1019.6
2026-01-10T07:00,-2.7,64,-6.0,0.0,1.5,0.0,1019.9
2026-01-10T08:00,0.2,58,-3.0,78.0,1.5,0.0,1020.2
2026-01-10T09:00,5.7,38,2.5,258.0,1.7,0.0,1020.7
2026-01-10T10:00,7.6,31,4.4,430.0,0.4,0.0,1020.1
2026-01-10T11:00,8.6,30,4.9,557.0,4.2,0.0,1019.3
2026-01-10T12:00,9.6,30,5.9,622.0,7.8,0.0,1018.4
2026-01-10T13:00,9.0,37,5.0,617.0,11.0,0.0,1018.0
2026-01-10T14:00,7.5,48,3.4,543.0,10.3,0.0,1018.5
2026-01-10T15:00,6.3,54,2.6,412.0,8.6,0.0,1018.9
2026-01-10T16:00,5.0,61,1.6,242.0,6.8,0.0,1019.2
2026-01-10T17:00,1.7,82,-1.0,69.0,3.1,0.0,1019.5
2026-01-10T18:00,0.2,86,-2.5,0.0,1.6,0.0,1020.0
2026-01-10T19:00,-0.5,88,-3.3,0.0,2.5,0.0,1019.9
2026-01-10T20:00,-1.1,88,-4.0,0.0,2.3,0.0,1019.8
2026-01-10T21:00,-1.1,85,-4.0,0.0,2.0,0.0,1020.3
2026-01-10T22:00,-1.7,86,-4.8,0.0,3.3,0.0,1020.4
2026-01-10T23:00,-1.8,84,-4.9,0.0,3.2,0.0,1020.7
2026-01-11T00:00,-1.9,83,-4.9,0.0,2.2,0.0,1020.6
2026-01-11T01:00,-2.0,83,-5.1,0.0,2.3,0.0,1020.7
2026-01-11T02:00,-2.1,82,-5.2,0.0,2.4,0.0,1020.6
2026-01-11T03:00,-2.2,81,-5.3,0.0,2.3,0.0,1020.2
2026-01-11T04:00,-2.2,78,-5.3,0.0,2.2,0.0,1019.7
2026-01-11T05:00,-2.1,76,-5.6,0.0,4.2,0.0,1019.8
2026-01-11T06:00,-2.3,70,-5.7,0.0,2.5,0.0,1020.3
2026-01-11T07:00,-2.0,62,-5.5,0.0,2.3,0.0,1020.5
2026-01-11T08:00,1.0,52,-2.3,79.0,1.8,0.0,1021.0
2026-01-11T09:00,7.0,39,3.9,262.0,1.5,0.0,1022.0
2026-01-11T10:00,9.6,21,5.7,436.0,3.4,0.0,1022.7
2026-01-11T11:00,10.7,19,6.5,564.0,6.4,0.0,1022.0
2026-01-11T12:00,11.0,22,6.7,632.0,10.1,0.0,1021.5
2026-01-11T13:00,10.2,33,6.0,628.0,12.1,0.0,1021.1
2026-01-11T14:00,9.7,34,5.5,555.0,9.4,0.0,1020.7
2026-01-11T15:00,9.7,31,5.8,428.0,6.6,0.0,1020.2
2026-01-11T16:00,8.1,39,4.5,256.0,5.6,0.0,1020.3
2026-01-11T17:00,4.0,57,0.9,74.0,3.0,0.0,1020.7
2026-01-11T18:00,2.4,62,-0.6,0.0,2.1,0.0,1020.9
2026-01-11T19:00,1.1,62,-2.2,0.0,2.9,0.0,1020.3
2026-01-11T20:00,0.8,55,-2.6,0.0,3.2,0.0,1019.8
2026-01-11T21:00,0.4,48,-3.3,0.0,3.4,0.0,1019.6
2026-01-11T22:00,-0.0,44,-3.7,0.0,2.9,0.0,1019.4
2026-01-11T23:00,-0.0,46,-4.1,0.0,5.4,0.0,1019.4
2026-01-12T00:00,-0.7,47,-4.5,0.0,3.4,0.0,1019.2
2026-01-12T01:00,-1.0,46,-4.8,0.0,2.7,0.0,1018.9
2026-01-12T02:00,-1.3,43,-5.0,0.0,2.3,0.0,1018.7
2026-01-12T03:00,-0.8,37,-4.6,0.0,2.0,0.0,1018.5
2026-01-12T04:00,-0.3,33,-4.2,0.0,2.0,0.0,1018.0
2026-01-12T05:00,-0.3,35,-4.5,0.0,4.9,0.0,1017.7
2026-01-12T06:00,0.3,32,-3.5,0.0,2.0,0.0,1018.2
2026-01-12T07:00,0.3,32,-3.6,0.0,2.3,0.0,1018.5
2026-01-12T08:00,3.6,32,-0.2,66.0,2.9,0.0,1019.3
2026-01-12T09:00,9.2,31,5.6,242.0,4.3,0.0,1020.3
2026-01-12T10:00,11.6,20,7.9,426.0,3.4,0.0,1020.5
2026-01-12T11:00,12.3,21,8.3,566.0,6.1,0.0,1020.7
2026-01-12T12:00,12.5,22,8.8,631.0,7.6,0.0,1020.4
2026-01-12T13:00,12.4,22,8.5,629.0,8.5,0.0,1020.0
2026-01-12T14:00,11.6,24,7.2,546.0,8.5,0.0,1019.7
2026-01-12T15:00,10.6,26,6.6,403.0,6.5,0.0,1019.8
2026-01-12T16:00,8.7,39,5.5,237.0,2.8,0.0,1019.8
2026-01-12T17:00,4.3,54,1.3,74.0,1.9,0.0,1020.7
2026-01-12T18:00,2.1,58,-1.0,0.0,1.5,0.0,1020.8
2026-01-12T19:00,1.5,54,-1.7,0.0,2.0,0.0,1021.0
2026-01-12T20:00,1.5,49,-2.0,0.0,2.8,0.0,1021.7
2026-01-12T21:00,1.3,47,-2.3,0.0,3.1,0.0,1021.9
2026-01-12T22:00,0.8,47,-2.8,0.0,2.8,0.0,1021.9
2026-01-12T23:00,0.2,51,-3.6,0.0,4.7,0.0,1021.8
2026-01-13T00:00,-0.2,51,-3.7,0.0,1.8,0.0,1021.7
2026-01-13T01:00,-0.6,49,-4.0,0.0,0.9,0.0,1021.7
2026-01-13T02:00,-0.4,46,-3.9,0.0,1.6,0.0,1021.7
2026-01-13T03:00,-0.1,42,-3.8,0.0,2.7,0.0,1021.1
2026-01-13T04:00,-0.1,42,-3.8,0.0,2.3,0.0,1020.4
2026-01-13T05:00,-0.6,36,-4.8,0.0,4.4,0.0,1020.0
2026-01-13T06:00,-0.2,34,-4.1,0.0,2.7,0.0,1020.1
2026-01-13T07:00,-0.0,35,-3.9,0.0,2.3,0.0,1020.3
2026-01-13T08:00,3.0,34,-0.6,71.0,2.0,0.0,1021.0
2026-01-13T09:00,8.2,35,4.9,237.0,3.0,0.0,1021.3
2026-01-13T10:00,10.9,20,7.4,414.0,1.8,0.0,1021.3
2026-01-13T11:00,11.8,20,7.8,521.0,4.9,0.0,1020.8
2026-01-13T12:00,12.2,22,8.4,573.0,5.9,0.0,1019.9
2026-01-13T13:00,11.9,26,7.9,530.0,6.7,0.0,1019.0
2026-01-13T14:00,11.4,30,7.7,457.0,6.1,0.0,1018.4
2026-01-13T15:00,10.4,35,6.9,339.0,5.8,0.0,1018.1
2026-01-13T16:00,8.8,44,5.7,235.0,4.0,0.0,1017.9
2026-01-13T17:00,5.3,63,2.9,78.0,0.8,0.0,1018.1
2026-01-13T18:00,2.7,70,-0.1,0.0,2.0,0.0,1017.9
2026-01-13T19:00,1.9,69,-1.0,0.0,2.5,0.0,1017.7
2026-01-13T20:00,1.8,64,-1.4,0.0,3.1,0.0,1017.7
2026-01-13T21:00,1.5,61,-1.7,0.0,3.1,0.0,1017.4
2026-01-13T22:00,0.9,59,-2.4,0.0,2.7,0.0,1017.0
2026-01-13T23:00,-0.1,59,-3.7,0.0,4.1,0.0,1016.9
2026-01-14T00:00,-0.3,57,-3.7,0.0,1.8,0.0,1016.4
2026-01-14T01:00,-0.5,55,-3.8,0.0,1.8,0.0,1015.9
2026-01-14T02:00,-0.3,54,-3.6,0.0,1.3,0.0,1015.9
2026-01-14T03:00,-0.2,52,-3.6,0.0,1.5,0.0,1015.2
2026-01-14T04:00,0.5,48,-2.9,0.0,1.6,0.0,1014.7
2026-01-14T05:00,-0.6,46,-4.5,0.0,3.8,0.0,1014.4
2026-01-14T06:00,-0.6,41,-4.3,0.0,2.2,0.0,1014.6
2026-01-14T07:00,-0.3,39,-4.0,0.0,2.0,0.0,1015.0
2026-01-14T08:00,3.3,41,-0.2,82.0,2.0,0.0,1015.6
2026-01-14T09:00,8.6,30,5.2,268.0,2.1,0.0,1016.1
2026-01-14T10:00,10.9,23,7.2,444.0,3.2,0.0,1016.3
2026-01-14T11:00,11.6,22,7.6,573.0,6.5,0.0,1015.9
2026-01-14T12:00,12.5,21,8.7,641.0,7.6,0.0,1015.1
2026-01-14T13:00,12.4,22,8.5,641.0,9.1,0.0,1014.2
2026-01-14T14:00,11.9,27,7.8,571.0,8.9,0.0,1014.0
2026-01-14T15:00,10.8,34,6.8,440.0,8.8,0.0,1014.3
2026-01-14T16:00,8.7,44,5.4,265.0,5.6,0.0,1014.9
2026-01-14T17:00,4.6,69,2.2,82.0,1.1,0.0,1015.4
2026-01-14T18:00,2.1,75,-0.7,0.0,2.3,0.0,1015.6
2026-01-14T19:00,1.6,71,-1.3,0.0,1.8,0.0,1015.8
2026-01-14T20:00,1.5,57,-1.5,0.0,0.7,0.0,1016.3
2026-01-14T21:00,2.3,48,-0.9,0.0,1.1,0.0,1016.8
2026-01-14T22:00,2.4,45,-1.0,0.0,2.0,0.0,1017.0
2026-01-14T23:00,1.7,49,-2.1,0.0,4.6,0.0,1017.1
2026-01-15T00:00,1.3,47,-2.3,0.0,3.1,0.0,1017.0
2026-01-15T01:00,1.0,46,-2.7,0.0,3.3,0.0,1016.5
2026-01-15T02:00,0.6,45,-3.0,0.0,2.9,0.0,1016.2
2026-01-15T03:00,0.6,43,-3.1,0.0,2.8,0.0,1015.6
2026-01-15T04:00,0.5,42,-3.3,0.0,3.2,0.0,1015.4
2026-01-15T05:00,-0.2,46,-4.2,0.0,5.1,0.0,1015.3
2026-01-15T06:00,0.6,42,-3.1,0.0,3.0,0.0,1016.0
2026-01-15T07:00,1.0,40,-2.8,0.0,2.8,0.0,1016.5
2026-01-15T08:00,4.1,41,0.5,80.0,3.6,0.0,1016.9
2026-01-15T09:00,8.9,28,5.0,264.0,4.9,0.0,1017.3
2026-01-15T10:00,11.0,20,6.6,437.0,7.2,0.0,1017.6
2026-01-15T11:00,11.5,18,6.9,564.0,9.0,0.0,1017.5
2026-01-15T12:00,12.5,18,8.1,633.0,10.4,0.0,1016.9
2026-01-15T13:00,12.7,18,7.9,633.0,13.3,0.0,1016.0
2026-01-15T14:00,12.3,18,7.0,565.0,13.9,0.0,1015.5
2026-01-15T15:00,11.2,20,6.1,437.0,12.3,0.0,1015.6
2026-01-15T16:00,9.1,31,5.1,264.0,6.5,0.0,1016.1
2026-01-15T17:00,5.7,43,2.5,82.0,1.9,0.0,1016.0
2026-01-15T18:00,3.6,43,0.1,1.0,3.1,0.0,1016.2
2026-01-15T19:00,3.5,38,-0.1,0.0,3.1,0.0,1016.2
2026-01-15T20:00,3.6,35,-0.2,0.0,3.7,0.0,1016.3
2026-01-15T21:00,3.9,34,0.0,0.0,4.1,0.0,1016.6
2026-01-15T22:00,3.9,35,-0.0,0.0,4.5,0.0,1016.5
2026-01-15T23:00,2.4,38,-1.9,0.0,6.8,0.0,1016.3
2026-01-16T00:00,2.4,35,-1.6,0.0,4.4,0.0,1015.8
2026-01-16T01:00,2.6,33,-1.4,0.0,4.2,0.0,1015.7
2026-01-16T02:00,3.0,32,-1.1,0.0,4.9,0.0,1015.8
2026-01-16T03:00,3.1,31,-1.0,0.0,4.8,0.0,1015.6
2026-01-16T04:00,3.1,31,-1.0,0.0,4.4,0.0,1014.8
2026-01-16T05:00,2.4,36,-2.0,0.0,7.3,0.0,1014.6
2026-01-16T06:00,1.8,36,-2.2,0.0,4.4,0.0,1015.1
2026-01-16T07:00,2.1,34,-1.9,0.0,4.1,0.0,1015.6
2026-01-16T08:00,5.2,33,1.3,78.0,5.0,0.0,1016.1
2026-01-16T09:00,11.1,32,7.5,258.0,5.7,0.0,1016.5
2026-01-16T10:00,14.5,19,10.7,430.0,4.8,0.0,1017.0
2026-01-16T11:00,15.3,17,11.0,556.0,7.3,0.0,1016.7
2026-01-16T12:00,15.7,18,11.6,615.0,8.8,0.0,1015.9
2026-01-16T13:00,15.5,18,11.1,613.0,11.2,0.0,1015.5
2026-01-16T14:00,14.4,25,10.1,528.0,10.4,0.0,1015.1
2026-01-16T15:00,13.3,31,9.7,425.0,7.2,0.0,1015.3
2026-01-16T16:00,11.7,39,8.9,251.0,2.9,0.0,1015.2
2026-01-16T17:00,9.0,53,6.7,55.0,0.7,0.0,1015.4
2026-01-16T18:00,6.7,52,3.9,1.0,2.4,0.0,1014.9
2026-01-16T19:00,6.0,50,3.0,0.0,2.4,0.0,1015.1
2026-01-16T20:00,5.9,46,2.8,0.0,2.7,0.0,1015.1
2026-01-16T21:00,6.1,43,3.0,0.0,2.2,0.0,1015.4
2026-01-16T22:00,7.0,39,3.9,0.0,1.0,0.0,1015.4
2026-01-16T23:00,8.0,40,5.1,0.0,0.6,0.0,1016.6
2026-01-17T00:00,6.9,41,4.0,0.0,0.8,0.0,1016.2
2026-01-17T01:00,6.3,41,3.3,0.0,1.0,0.0,1015.9
2026-01-17T02:00,5.4,42,2.3,0.0,1.5,0.0,1015.7
2026-01-17T03:00,5.0,41,1.9,0.0,0.9,0.0,1015.6
2026-01-17T04:00,5.3,38,2.2,0.0,0.5,0.0,1015.3
2026-01-17T05:00,4.0,40,0.6,0.0,2.0,0.0,1015.0
2026-01-17T06:00,3.8,40,0.3,0.0,2.4,0.0,1015.3
2026-01-17T07:00,3.5,41,0.1,0.0,2.1,0.0,1015.9
2026-01-17T08:00,5.2,40,1.7,57.0,3.8,0.0,1016.1
2026-01-17T09:00,8.9,42,5.6,189.0,5.0,0.0,1016.8
2026-01-17T10:00,12.0,21,8.4,353.0,2.4,0.0,1016.9
2026-01-17T11:00,12.9,20,9.2,484.0,3.3,0.0,1016.5
2026-01-17T12:00,13.8,18,9.8,525.0,5.1,0.0,1015.5
2026-01-17T13:00,13.7,20,9.5,521.0,7.7,0.0,1014.4
2026-01-17T14:00,12.4,32,8.7,425.0,7.2,0.0,1014.1
2026-01-17T15:00,11.0,43,7.9,306.0,5.8,0.0,1014.3
2026-01-17T16:00,9.3,54,6.7,165.0,3.8,0.0,1014.2
2026-01-17T17:00,6.6,66,4.3,53.0,1.7,0.0,1014.5
2026-01-17T18:00,5.1,67,2.5,1.0,2.5,0.0,1014.4
2026-01-17T19:00,4.7,65,2.0,0.0,3.1,0.0,1014.1
2026-01-17T20:00,4.4,63,1.5,0.0,3.3,0.0,1014.0
2026-01-17T21:00,4.2,60,1.2,0.0,3.1,0.0,1014.0
2026-01-17T22:00,3.9,59,0.9,0.0,2.4,0.0,1013.8
2026-01-17T23:00,3.6,60,0.6,0.0,2.5,0.0,1013.7
2026-01-18T00:00,3.5,58,0.6,0.0,1.9,0.0,1013.4
2026-01-18T01:00,2.8,59,-0.2,0.0,2.1,0.0,1013.1
2026-01-18T02:00,2.4,59,-0.6,0.0,2.2,0.0,1012.8
2026-01-18T03:00,2.2,59,-0.9,0.0,1.9,0.0,1012.4
2026-01-18T04:00,2.0,57,-1.2,0.0,1.9,0.0,1011.9
2026-01-18T05:00,0.7,54,-2.7,0.0,3.1,0.0,1011.3
2026-01-18T06:00,0.4,53,-3.0,0.0,1.7,0.0,1011.7
2026-01-18T07:00,0.7,51,-2.8,0.0,2.5,0.0,1012.6
2026-01-18T08:00,4.4,43,0.9,76.0,3.1,0.0,1013.2
2026-01-18T09:00,8.7,32,5.3,250.0,2.8,0.0,1014.0
2026-01-18T10:00,10.2,26,6.6,420.0,3.2,0.0,1014.3
2026-01-18T11:00,10.5,28,6.5,535.0,6.7,0.0,1014.0
2026-01-18T12:00,11.0,32,7.2,591.0,8.6,0.0,1013.3
2026-01-18T13:00,10.5,40,6.8,599.0,9.8,0.0,1012.9
2026-01-18T14:00,9.6,47,5.9,526.0,9.1,0.0,1012.8
2026-01-18T15:00,9.0,49,5.5,421.0,8.2,0.0,1012.7
2026-01-18T16:00,7.7,56,4.5,237.0,6.7,0.0,1013.4
2026-01-18T17:00,4.4,79,2.0,80.0,3.4,0.0,1014.1
2026-01-18T18:00,2.7,84,0.4,1.0,2.0,0.0,1014.6
2026-01-18T19:00,2.2,86,-0.5,0.0,4.3,0.0,1014.9
2026-01-18T20:00,1.3,88,-1.5,0.0,4.3,0.0,1015.3
2026-01-18T21:00,0.8,88,-1.9,0.0,3.3,0.0,1016.0
2026-01-18T22:00,1.1,84,-1.8,0.0,4.0,0.0,1016.3
2026-01-18T23:00,0.6,85,-2.5,0.0,4.7,0.0,1016.4
2026-01-19T00:00,0.3,82,-2.8,0.0,4.4,0.0,1016.4
2026-01-19T01:00,0.1,75,-3.1,0.0,3.8,0.0,1016.4
2026-01-19T02:00,0.0,66,-3.3,0.0,3.6,0.0,1016.3
2026-01-19T03:00,-0.5,63,-3.9,0.0,3.1,0.0,1016.3
2026-01-19T04:00,-1.0,63,-4.4,0.0,2.6,0.0,1015.9
2026-01-19T05:00,-1.4,69,-5.0,0.0,4.2,0.0,1015.9
2026-01-19T06:00,-1.1,61,-4.6,0.0,3.4,0.0,1016.6
2026-01-19T07:00,-1.0,53,-4.7,0.0,3.0,0.0,1017.3
2026-01-19T08:00,1.6,50,-2.0,82.0,3.5,0.0,1017.8
2026-01-19T09:00,6.8,29,3.2,267.0,1.9,0.0,1018.6
2026-01-19T10:00,8.3,25,4.9,443.0,0.9,0.0,1018.7
2026-01-19T11:00,9.0,27,5.4,573.0,3.7,0.0,1018.2
2026-01-19T12:00,10.3,25,6.9,639.0,6.0,0.0,1017.2
2026-01-19T13:00,10.6,26,6.6,641.0,9.8,0.0,1016.2
2026-01-19T14:00,9.9,31,5.5,575.0,10.7,0.0,1015.9
2026-01-19T15:00,8.9,38,4.7,446.0,10.1,0.0,1016.1
2026-01-19T16:00,7.4,45,3.3,273.0,9.8,0.0,1016.5
2026-01-19T17:00,4.2,59,1.0,90.0,4.8,0.0,1016.6
2026-01-19T18:00,3.0,63,0.2,1.0,1.1,0.0,1017.2
2026-01-19T19:00,2.7,66,-0.0,0.0,1.2,0.0,1017.7
2026-01-19T20:00,1.5,72,-1.3,0.0,1.8,0.0,1017.9
2026-01-19T21:00,0.5,76,-2.4,0.0,2.5,0.0,1017.5
2026-01-19T22:00,0.2,74,-2.7,0.0,2.0,0.0,1017.3
2026-01-19T23:00,0.8,69,-2.2,0.0,2.3,0.0,1017.2
2026-01-20T00:00,0.2,69,-2.8,0.0,1.5,0.0,1017.0
2026-01-20T01:00,-0.3,70,-3.3,0.0,1.6,0.0,1016.9
2026-01-20T02:00,-0.7,70,-3.9,0.0,2.0,0.0,1016.7
2026-01-20T03:00,-0.7,68,-4.0,0.0,2.5,0.0,1016.7
2026-01-20T04:00,-0.8,66,-4.1,0.0,3.1,0.0,1016.0
2026-01-20T05:00,-1.4,65,-5.1,0.0,5.1,0.0,1016.0
2026-01-20T06:00,-1.3,64,-4.8,0.0,3.4,0.0,1016.5
2026-01-20T07:00,-1.2,63,-4.8,1.0,4.0,0.0,1017.2
2026-01-20T08:00,1.5,58,-2.1,82.0,5.2,0.0,1017.6
2026-01-20T09:00,7.0,40,3.7,266.0,3.6,0.0,1018.2
2026-01-20T10:00,9.2,31,5.8,442.0,2.4,0.0,1018.3
2026-01-20T11:00,10.0,27,6.0,573.0,7.0,0.0,1018.2
2026-01-20T12:00,10.9,25,6.8,640.0,10.0,0.0,1017.5
2026-01-20T13:00,10.8,26,6.6,641.0,11.2,0.0,1016.9
2026-01-20T14:00,9.9,32,5.4,554.0,11.4,0.0,1016.7
2026-01-20T15:00,8.3,45,4.1,391.0,11.4,0.0,1017.2
2026-01-20T16:00,7.1,50,3.1,262.0,10.0,0.0,1017.6
2026-01-20T17:00,4.6,63,1.5,81.0,4.9,0.0,1017.7
2026-01-20T18:00,3.0,67,0.3,2.0,1.9,0.0,1018.4
2026-01-20T19:00,1.8,71,-1.2,0.0,2.8,0.0,1018.8
2026-01-20T20:00,1.1,74,-1.9,0.0,3.1,0.0,1019.0
2026-01-20T21:00,0.7,74,-2.5,0.0,4.1,0.0,1019.1
2026-01-20T22:00,0.0,75,-3.3,0.0,4.7,0.0,1018.9
2026-01-20T23:00,-0.3,76,-3.6,0.0,4.2,0.0,1018.7
2026-01-21T00:00,-0.4,74,-3.6,0.0,3.7,0.0,1018.4
2026-01-21T01:00,-1.1,76,-4.4,0.0,3.7,0.0,1018.2
2026-01-21T02:00,-1.9,78,-5.2,0.0,3.7,0.0,1018.1
2026-01-21T03:00,-2.7,81,-6.0,0.0,3.3,0.0,1017.9
2026-01-21T04:00,-2.9,80,-6.2,0.0,2.8,0.0,1017.5
2026-01-21T05:00,-2.8,74,-6.4,0.0,4.7,0.0,1017.6
2026-01-21T06:00,-2.6,70,-5.9,0.0,1.8,0.0,1018.0
2026-01-21T07:00,-2.7,68,-6.1,1.0,2.2,0.0,1018.6
2026-01-21T08:00,0.4,60,-3.0,85.0,3.1,0.0,1019.2
2026-01-21T09:00,7.8,39,4.5,273.0,3.2,0.0,1020.0
2026-01-21T10:00,10.0,28,6.9,451.0,0.7,0.0,1019.7
2026-01-21T11:00,10.7,25,7.1,584.0,4.7,0.0,1019.3
2026-01-21T12:00,11.6,24,8.2,652.0,6.5,0.0,1018.3
2026-01-21T13:00,11.7,26,8.0,652.0,8.4,0.0,1017.5
2026-01-21T14:00,11.1,31,7.0,585.0,9.7,0.0,1017.4
2026-01-21T15:00,9.5,41,5.6,455.0,9.7,0.0,1017.6
2026-01-21T16:00,7.7,52,4.2,280.0,7.6,0.0,1018.2
2026-01-21T17:00,4.7,68,2.2,96.0,2.0,0.0,1018.5
2026-01-21T18:00,2.4,75,-0.2,2.0,1.6,0.0,1019.2
2026-01-21T19:00,1.8,77,-1.0,0.0,3.1,0.0,1019.3
2026-01-21T20:00,0.5,83,-2.7,0.0,4.9,0.0,1019.3
2026-01-21T21:00,-0.6,86,-3.9,0.0,5.3,0.0,1019.4
2026-01-21T22:00,-0.8,83,-4.0,0.0,4.4,0.0,1019.2
2026-01-21T23:00,-0.2,75,-3.7,0.0,5.6,0.0,1019.3
2026-01-22T00:00,-0.9,72,-4.2,0.0,3.8,0.0,1019.2
2026-01-22T01:00,-2.4,73,-5.8,0.0,3.3,0.0,1018.6
2026-01-22T02:00,-3.2,70,-6.8,0.0,3.4,0.0,1018.5
2026-01-22T03:00,-3.6,63,-7.2,0.0,2.8,0.0,1017.9
2026-01-22T04:00,-3.3,52,-7.1,0.0,3.3,0.0,1017.2
2026-01-22T05:00,-2.2,44,-6.9,0.0,8.1,0.0,1016.4
2026-01-22T06:00,-3.2,46,-7.4,0.0,5.5,0.0,1016.4
2026-01-22T07:00,-3.9,47,-8.0,1.0,4.4,0.0,1016.5
2026-01-22T08:00,0.4,42,-3.9,88.0,6.6,0.0,1017.1
2026-01-22T09:00,9.0,32,5.2,279.0,5.8,0.0,1017.6
2026-01-22T10:00,11.3,14,6.9,459.0,5.3,0.0,1018.4
2026-01-22T11:00,11.5,15,6.9,591.0,8.8,0.0,1018.4
2026-01-22T12:00,12.4,14,8.1,661.0,9.6,0.0,1017.8
2026-01-22T13:00,12.6,14,8.0,664.0,11.2,0.0,1016.8
2026-01-22T14:00,12.3,14,7.3,598.0,11.5,0.0,1015.7
2026-01-22T15:00,11.5,16,6.4,469.0,11.1,0.0,1015.5
2026-01-22T16:00,9.7,23,5.2,279.0,8.6,0.0,1015.8
2026-01-22T17:00,5.9,46,2.7,96.0,3.0,0.0,1016.2
2026-01-22T18:00,5.1,39,1.4,2.0,4.5,0.0,1016.8
2026-01-22T19:00,4.3,38,0.0,0.0,7.6,0.0,1016.8
2026-01-22T20:00,3.7,37,-0.7,0.0,8.0,0.0,1017.3
2026-01-22T21:00,3.6,34,-1.1,0.0,9.8,0.0,1016.9
2026-01-22T22:00,3.9,32,-1.2,0.0,11.5,0.0,1016.1
2026-01-22T23:00,3.8,32,-1.2,0.0,11.6,0.0,1016.0
2026-01-23T00:00,2.5,36,-2.8,0.0,13.0,0.0,1015.1
2026-01-23T01:00,3.1,34,-2.4,0.0,15.0,0.0,1014.1
2026-01-23T02:00,4.4,31,-0.9,0.0,13.7,0.0,1013.3
2026-01-23T03:00,3.4,44,-1.0,0.0,9.2,0.6,1013.5
2026-01-23T04:00,0.7,70,-4.0,0.0,13.4,1.9,1015.3
2026-01-23T05:00,0.1,80,-4.7,0.0,15.4,5.2,1015.4
2026-01-23T06:00,0.5,63,-5.8,0.0,23.1,2.6,1015.5
2026-01-23T07:00,0.7,57,-5.3,0.0,20.4,2.6,1014.3
2026-01-23T08:00,0.4,66,-5.1,24.0,18.9,0.6,1016.1
2026-01-23T09:00,-0.3,75,-5.4,54.0,17.1,1.1,1018.6
2026-01-23T10:00,-1.0,83,-6.8,57.0,21.8,2.4,1019.4
2026-01-23T11:00,-0.7,82,-6.9,102.0,24.9,4.4,1020.4
2026-01-23T12:00,-1.0,81,-6.9,65.0,22.8,9.0,1019.9
2026-01-23T13:00,-0.5,77,-5.4,106.0,15.5,4.4,1017.9
2026-01-23T14:00,-0.1,74,-5.1,54.0,16.1,2.4,1016.7
2026-01-23T15:00,1.2,61,-3.5,164.0,12.8,2.6,1015.2
2026-01-23T16:00,1.5,60,-3.1,149.0,12.1,3.2,1014.9
2026-01-23T17:00,0.8,73,-4.7,32.0,19.4,2.2,1015.6
2026-01-23T18:00,0.0,74,-4.7,2.0,13.9,0.0,1016.4
2026-01-23T19:00,-1.8,79,-6.7,0.0,14.5,2.4,1017.1
2026-01-23T20:00,-0.0,85,-5.7,0.0,22.3,0.0,1018.5
2026-01-23T21:00,-0.8,93,-5.4,0.0,14.9,0.2,1020.5
2026-01-23T22:00,-1.5,94,-5.7,0.0,11.9,0.1,1021.0
2026-01-23T23:00,-2.0,100,-5.4,0.0,6.9,1.5,1021.7
2026-01-24T00:00,-2.9,100,-6.9,0.0,10.1,3.1,1023.1
2026-01-24T01:00,-2.5,100,-6.8,0.0,13.0,0.8,1023.2
2026-01-24T02:00,-2.6,100,-6.3,0.0,8.3,1.4,1023.7
2026-01-24T03:00,-3.2,100,-6.4,0.0,4.3,3.3,1024.4
2026-01-24T04:00,-3.5,100,-6.4,0.0,1.6,2.4,1025.1
2026-01-24T05:00,-4.2,95,-7.6,0.0,4.5,4.3,1025.4
2026-01-24T06:00,-4.4,95,-8.3,0.0,8.1,2.6,1025.3
2026-01-24T07:00,-3.6,96,-7.5,0.0,8.0,1.0,1024.7
2026-01-24T08:00,-1.8,85,-5.6,50.0,7.7,2.2,1025.3
2026-01-24T09:00,0.3,74,-3.2,168.0,5.5,0.7,1026.3
2026-01-24T10:00,2.3,67,-1.9,341.0,10.7,0.2,1025.2
2026-01-24T11:00,2.6,69,-2.1,421.0,15.3,0.0,1025.4
2026-01-24T12:00,4.9,47,0.5,518.0,11.2,0.1,1023.6
2026-01-24T13:00,5.5,45,1.5,529.0,7.9,0.1,1022.1
2026-01-24T14:00,5.2,45,1.5,314.0,5.7,0.0,1021.4
2026-01-24T15:00,5.5,41,1.9,384.0,4.9,0.0,1020.8
2026-01-24T16:00,4.6,45,1.3,254.0,2.7,0.0,1020.6
2026-01-24T17:00,-0.3,88,-3.3,101.0,3.6,0.0,1022.2
2026-01-24T18:00,-1.9,90,-5.1,3.0,3.8,0.0,1022.3
2026-01-24T19:00,-2.9,83,-6.2,0.0,3.2,0.0,1022.0
2026-01-24T20:00,-4.0,78,-7.5,0.0,3.8,0.0,1022.3
2026-01-24T21:00,-6.0,85,-9.8,0.0,5.2,0.0,1021.9
2026-01-24T22:00,-6.8,90,-10.4,0.0,3.1,0.0,1021.8
2026-01-24T23:00,-6.4,90,-10.2,0.0,5.4,0.0,1021.7
2026-01-25T00:00,-6.3,89,-9.8,0.0,2.9,0.0,1021.6
2026-01-25T01:00,-5.3,87,-9.1,0.0,5.6,0.0,1021.3
2026-01-25T02:00,-4.4,86,-8.2,0.0,6.0,0.0,1020.9
2026-01-25T03:00,-3.2,83,-7.2,0.0,7.7,0.0,1020.1
2026-01-25T04:00,-2.0,77,-6.0,0.0,8.1,0.0,1019.1
2026-01-25T05:00,0.2,67,-4.1,0.0,10.8,0.0,1018.8
2026-01-25T06:00,-1.7,75,-5.7,0.0,7.9,0.0,1018.7
2026-01-25T07:00,-3.5,88,-7.2,1.0,6.1,0.0,1018.9
2026-01-25T08:00,-2.2,81,-5.4,77.0,2.7,0.0,1019.4
2026-01-25T09:00,3.9,59,1.2,279.0,0.7,0.0,1020.0
2026-01-25T10:00,5.3,39,2.1,464.0,1.1,0.0,1020.1
2026-01-25T11:00,8.5,38,5.4,600.0,4.9,0.0,1019.9
2026-01-25T12:00,5.2,48,2.4,670.0,5.2,0.0,1019.5
2026-01-25T13:00,5.1,55,2.5,670.0,5.4,0.0,1019.0
2026-01-25T14:00,5.0,58,1.8,566.0,5.8,0.0,1018.7
2026-01-25T15:00,4.1,60,0.9,432.0,4.0,0.0,1018.7
2026-01-25T16:00,3.9,58,0.9,285.0,2.2,0.0,1018.3
2026-01-25T17:00,2.6,61,-0.3,109.0,1.4,0.0,1018.4
2026-01-25T18:00,0.2,62,-2.9,3.0,1.1,0.0,1019.2
2026-01-25T19:00,-1.1,65,-4.4,0.0,2.7,0.0,1019.5
2026-01-25T20:00,-1.6,66,-5.0,0.0,2.9,0.0,1019.5
2026-01-25T21:00,-1.6,67,-5.0,0.0,3.4,0.0,1019.8
2026-01-25T22:00,-3.2,74,-6.8,0.0,4.2,0.0,1019.6
2026-01-25T23:00,-4.8,82,-8.9,0.0,7.7,0.0,1019.2
2026-01-26T00:00,-6.4,84,-10.3,0.0,5.0,0.0,1018.6
2026-01-26T01:00,-7.2,85,-10.8,0.0,2.6,0.0,1018.5
2026-01-26T02:00,-7.1,82,-10.4,0.0,0.7,0.0,1018.8
2026-01-26T03:00,-6.4,78,-9.9,0.0,2.0,0.0,1018.6
2026-01-26T04:00,-5.3,76,-9.3,0.0,5.7,0.0,1017.6
2026-01-26T05:00,-3.8,71,-8.0,0.0,7.4,0.0,1017.7
2026-01-26T06:00,-4.4,72,-8.1,0.0,3.3,0.0,1018.9
2026-01-26T07:00,-4.6,71,-8.2,1.0,3.5,0.0,1019.5
2026-01-26T08:00,-2.3,70,-5.7,83.0,2.9,0.0,1020.2
2026-01-26T09:00,3.8,57,0.8,232.0,2.0,0.0,1021.0
2026-01-26T10:00,6.4,36,3.3,354.0,0.7,0.0,1020.8
2026-01-26T11:00,10.1,37,7.2,501.0,2.2,0.0,1020.5
2026-01-26T12:00,6.7,39,3.6,586.0,2.7,0.0,1019.8
2026-01-26T13:00,5.6,52,2.2,487.0,5.1,0.0,1019.9
2026-01-26T14:00,4.8,58,2.0,232.0,2.0,0.0,1020.1
2026-01-26T15:00,4.3,57,1.4,153.0,2.0,0.0,1019.6
2026-01-26T16:00,3.6,63,0.6,143.0,3.5,0.0,1019.1
2026-01-26T17:00,3.9,64,0.9,84.0,3.7,0.0,1018.4
2026-01-26T18:00,2.7,68,-0.4,3.0,4.0,0.0,1019.2
2026-01-26T19:00,3.4,68,0.6,0.0,2.3,0.0,1020.4
2026-01-26T20:00,3.2,65,0.5,0.0,1.5,0.0,1020.9
2026-01-26T21:00,3.0,68,0.3,0.0,1.9,0.0,1021.8
2026-01-26T22:00,2.6,70,-0.1,0.0,1.6,0.1,1022.2
2026-01-26T23:00,1.2,78,-2.4,0.0,7.7,0.4,1021.4
2026-01-27T00:00,0.8,74,-3.6,0.0,12.1,0.3,1020.1
2026-01-27T01:00,1.4,60,-3.1,0.0,11.3,0.1,1019.8
2026-01-27T02:00,0.7,72,-3.5,0.0,10.4,0.1,1019.5
2026-01-27T03:00,-0.6,80,-4.7,0.0,10.1,0.0,1019.2
2026-01-27T04:00,-1.7,81,-5.9,0.0,10.3,0.0,1018.5
2026-01-27T05:00,-0.1,68,-4.4,0.0,10.4,0.0,1018.7
2026-01-27T06:00,-2.0,87,-5.9,0.0,8.4,2.3,1019.6
2026-01-27T07:00,-2.7,92,-6.6,1.0,8.5,0.1,1019.7
2026-01-27T08:00,0.5,83,-3.5,63.0,10.8,0.0,1020.0
2026-01-27T09:00,5.8,53,1.5,163.0,11.9,0.0,1019.9
2026-01-27T10:00,6.9,50,3.1,243.0,9.2,0.7,1020.9
2026-01-27T11:00,8.2,30,3.7,278.0,9.5,0.0,1020.2
2026-01-27T12:00,6.6,62,3.2,249.0,8.7,2.9,1020.4
2026-01-27T13:00,4.6,78,1.1,374.0,10.8,5.4,1020.6
2026-01-27T14:00,3.7,77,-0.0,321.0,11.0,4.1,1019.2
2026-01-27T15:00,5.9,50,1.6,248.0,11.0,0.2,1017.1
2026-01-27T16:00,3.9,61,0.6,76.0,4.8,0.2,1017.4
2026-01-27T17:00,1.8,71,-2.2,33.0,10.3,5.4,1017.7
2026-01-27T18:00,0.8,82,-3.0,1.0,9.7,2.6,1018.6
2026-01-27T19:00,-0.5,85,-4.8,0.0,12.0,0.7,1018.9
2026-01-27T20:00,-1.2,95,-5.4,0.0,12.6,1.0,1019.3
2026-01-27T21:00,-0.9,86,-5.2,0.0,12.4,0.0,1019.1
2026-01-27T22:00,-1.2,95,-5.1,0.0,10.1,4.2,1019.4
2026-01-27T23:00,-0.6,94,-3.1,0.0,1.6,1.8,1019.0
2026-01-28T00:00,-1.0,98,-3.6,0.0,2.1,2.0,1022.3
2026-01-28T01:00,-1.5,99,-5.1,0.0,8.2,2.8,1021.8
2026-01-28T02:00,-1.9,99,-5.2,0.0,6.2,1.9,1021.5
2026-01-28T03:00,-2.3,99,-5.9,0.0,8.1,1.2,1020.7
2026-01-28T04:00,-2.6,97,-6.3,0.0,7.9,0.0,1019.9
2026-01-28T05:00,-1.1,89,-4.7,0.0,7.4,0.0,1019.9
2026-01-28T06:00,-1.2,88,-4.5,0.0,5.3,0.1,1020.1
2026-01-28T07:00,-1.3,89,-4.5,1.0,4.5,0.0,1020.3
2026-01-28T08:00,-0.9,86,-4.0,74.0,3.4,0.0,1021.3
2026-01-28T09:00,2.0,71,-0.9,279.0,2.4,0.0,1021.5
2026-01-28T10:00,3.0,61,-0.2,464.0,3.3,0.0,1021.0
2026-01-28T11:00,6.1,57,3.3,602.0,5.2,0.0,1021.3
2026-01-28T12:00,3.7,62,1.4,676.0,4.4,0.1,1020.6
2026-01-28T13:00,4.1,61,1.7,670.0,4.7,0.0,1019.6
2026-01-28T14:00,4.5,59,1.2,585.0,6.5,0.1,1019.7
2026-01-28T15:00,3.8,71,0.4,414.0,7.6,0.0,1020.6
2026-01-28T16:00,1.8,89,-1.0,247.0,5.3,0.1,1021.4
2026-01-28T17:00,0.9,96,-1.4,92.0,1.1,0.0,1022.3
2026-01-28T18:00,-0.6,99,-3.2,3.0,2.6,0.0,1022.2
2026-01-28T19:00,-1.6,99,-4.4,0.0,3.1,0.0,1022.3
2026-01-28T20:00,-3.0,99,-6.1,0.0,3.8,0.0,1021.6
2026-01-28T21:00,-3.9,99,-7.1,0.0,4.0,0.0,1021.3
2026-01-28T22:00,-4.6,98,-7.8,0.0,2.9,0.0,1021.2
2026-01-28T23:00,-5.2,99,-8.9,0.0,6.1,0.0,1021.6
2026-01-29T00:00,-6.4,99,-10.0,0.0,4.6,0.0,1021.2
2026-01-29T01:00,-6.9,98,-10.7,0.0,5.5,0.0,1020.9
2026-01-29T02:00,-6.7,98,-10.5,0.0,5.7,0.0,1020.3
2026-01-29T03:00,-6.3,96,-10.0,0.0,5.2,0.0,1020.0
2026-01-29T04:00,-5.9,94,-9.6,0.0,5.1,0.0,1019.2
2026-01-29T05:00,-5.0,88,-9.2,0.0,8.1,0.0,1018.9
2026-01-29T06:00,-6.4,92,-10.2,0.0,5.5,0.0,1019.2
2026-01-29T07:00,-7.3,95,-11.2,1.0,5.2,0.0,1019.5
2026-01-29T08:00,-4.1,89,-7.6,96.0,4.6,0.0,1020.0
2026-01-29T09:00,3.0,64,0.2,293.0,1.5,0.0,1020.9
2026-01-29T10:00,5.3,41,2.3,479.0,0.4,0.0,1021.0
2026-01-29T11:00,8.5,39,5.7,619.0,3.8,0.0,1021.1
2026-01-29T12:00,5.5,44,3.2,689.0,2.9,0.0,1020.2
2026-01-29T13:00,5.5,45,2.9,692.0,4.5,0.0,1019.2
2026-01-29T14:00,5.5,49,2.5,624.0,5.2,0.0,1018.7
2026-01-29T15:00,4.9,60,1.7,492.0,5.4,0.0,1018.8
2026-01-29T16:00,7.2,66,4.2,312.0,7.5,0.0,1019.4
2026-01-29T17:00,3.0,95,0.8,118.0,3.4,0.0,1020.3
2026-01-29T18:00,0.4,100,-1.9,5.0,2.0,0.0,1020.4
2026-01-29T19:00,0.4,99,-2.2,0.0,3.3,0.0,1020.4
2026-01-29T20:00,-0.8,93,-3.7,0.0,3.7,0.0,1020.2
2026-01-29T21:00,-1.9,88,-5.1,0.0,4.0,0.0,1020.6
2026-01-29T22:00,-3.3,91,-6.9,0.0,6.1,0.0,1020.5
2026-01-29T23:00,-3.6,88,-7.2,0.0,5.5,0.0,1020.3
2026-01-30T00:00,-2.8,79,-6.3,0.0,4.3,0.0,1020.0
2026-01-30T01:00,-2.5,70,-6.1,0.0,4.3,0.0,1019.6
2026-01-30T02:00,-2.0,62,-5.6,0.0,3.5,0.0,1019.0
2026-01-30T03:00,-1.8,57,-5.3,0.0,2.4,0.0,1018.9
2026-01-30T04:00,-1.3,53,-5.0,0.0,3.8,0.0,1018.9
2026-01-30T05:00,-0.6,56,-4.9,0.0,7.9,0.0,1018.9
2026-01-30T06:00,-1.1,55,-5.2,0.0,6.5,0.0,1019.2
2026-01-30T07:00,-1.6,53,-6.0,1.0,7.4,0.0,1019.2
2026-01-30T08:00,1.0,46,-3.2,84.0,7.4,0.0,1019.6
2026-01-30T09:00,8.5,32,4.7,238.0,5.7,0.0,1020.3
2026-01-30T10:00,11.7,14,7.8,439.0,2.5,0.0,1020.5
2026-01-30T11:00,13.0,12,9.0,501.0,2.7,0.0,1019.7
2026-01-30T12:00,13.8,13,10.5,680.0,4.2,0.0,1018.9
2026-01-30T13:00,13.6,18,10.1,685.0,7.6,0.0,1017.9
2026-01-30T14:00,12.9,28,9.3,618.0,8.3,0.0,1017.3
2026-01-30T15:00,12.0,36,8.5,488.0,7.6,0.0,1017.7
2026-01-30T16:00,10.4,44,7.0,308.0,7.4,0.0,1018.2
2026-01-30T17:00,7.1,65,5.0,115.0,1.3,0.0,1018.4
2026-01-30T18:00,4.8,67,2.1,5.0,3.3,0.0,1018.6
2026-01-30T19:00,3.7,66,0.7,0.0,4.0,0.0,1018.6
2026-01-30T20:00,3.0,65,0.0,0.0,3.4,0.0,1018.6
2026-01-30T21:00,3.7,58,0.4,0.0,4.5,0.0,1019.3
2026-01-30T22:00,3.3,57,0.1,0.0,3.4,0.0,1019.7
2026-01-30T23:00,0.7,65,-3.3,0.0,8.2,0.0,1019.6
2026-01-31T00:00,-1.7,71,-5.6,0.0,7.0,0.0,1019.6
2026-01-31T01:00,-2.6,72,-6.5,0.0,6.0,0.0,1019.2
2026-01-31T02:00,-2.7,69,-6.5,0.0,4.9,0.0,1018.9
2026-01-31T03:00,-2.7,68,-6.5,0.0,5.3,0.0,1018.6
2026-01-31T04:00,-2.5,66,-6.3,0.0,5.1,0.0,1018.1
2026-01-31T05:00,-1.1,57,-5.3,0.0,7.4,0.0,1018.0
2026-01-31T06:00,-2.0,58,-5.8,0.0,4.7,0.0,1018.6
2026-01-31T07:00,-2.4,58,-6.2,2.0,4.0,0.0,1019.2
2026-01-31T08:00,0.8,53,-3.0,93.0,5.6,0.0,1019.9
2026-01-31T09:00,8.9,36,5.3,291.0,5.0,0.0,1020.5
2026-01-31T10:00,10.9,24,7.2,476.0,3.8,0.0,1020.7
2026-01-31T11:00,11.8,21,7.8,613.0,7.8,0.0,1020.4
2026-01-31T12:00,12.7,20,8.6,666.0,10.2,0.0,1019.3
2026-01-31T13:00,12.5,22,8.0,632.0,12.3,0.0,1018.5
2026-01-31T14:00,11.5,27,6.6,564.0,13.7,0.0,1018.4
2026-01-31T15:00,9.8,31,5.0,419.0,12.7,0.0,1019.0
2026-01-31T16:00,8.2,34,3.7,245.0,10.5,0.0,1019.3
2026-01-31T17:00,6.3,38,2.3,99.0,6.5,0.0,1019.7
2026-01-31T18:00,3.9,47,0.2,6.0,5.5,0.0,1020.4
2026-01-31T19:00,2.6,56,-1.3,0.0,7.8,0.0,1020.6
2026-01-31T20:00,1.6,62,-2.4,0.0,8.5,0.0,1021.3
2026-01-31T21:00,1.7,61,-2.4,0.0,9.2,0.0,1021.6
2026-01-31T22:00,1.3,60,-3.0,0.0,9.5,0.0,1021.3
2026-01-31T23:00,-0.1,67,-4.3,0.0,9.6,0.0,1021.8
2026-02-01T00:00,-1.5,68,-5.5,0.0,7.6,0.0,1021.0
2026-02-01T01:00,-1.4,63,-5.4,0.0,6.5,0.0,1020.4
2026-02-01T02:00,-0.8,97,-3.5,0.0,2.9,0.2,1021.7
2026-02-01T03:00,-0.1,100,-3.4,0.0,8.3,0.7,1020.5
2026-02-01T04:00,-1.3,93,-5.1,0.0,9.4,6.2,1021.0
2026-02-01T05:00,-0.6,100,-4.0,0.0,8.2,0.9,1021.4
2026-02-01T06:00,-1.3,91,-5.4,0.0,11.5,2.4,1020.8
2026-02-01T07:00,-0.8,86,-5.2,1.0,12.5,0.8,1020.9
2026-02-01T08:00,1.4,93,-2.3,79.0,11.2,0.9,1021.7
2026-02-01T09:00,4.5,60,0.9,216.0,7.7,3.8,1022.2
2026-02-01T10:00,6.9,46,3.5,311.0,5.4,0.0,1022.2
2026-02-01T11:00,7.7,55,4.1,460.0,9.0,0.3,1022.0
2026-02-01T12:00,8.7,54,5.7,426.0,6.4,0.0,1021.2
2026-02-01T13:00,8.0,57,4.2,448.0,11.6,0.7,1020.5
2026-02-01T14:00,5.9,76,3.1,353.0,7.1,2.9,1021.0
2026-02-01T15:00,5.7,77,2.0,235.0,12.8,1.6,1020.6
2026-02-01T16:00,5.8,79,2.9,240.0,8.4,0.5,1020.3
2026-02-01T17:00,3.2,95,0.4,85.0,7.6,0.4,1020.7
2026-02-01T18:00,1.8,94,-1.2,5.0,7.0,0.0,1020.9
2026-02-01T19:00,0.9,95,-2.4,0.0,8.5,0.2,1021.2
2026-02-01T20:00,0.2,99,-2.6,0.0,5.1,1.9,1022.9
2026-02-01T21:00,-0.4,100,-3.4,0.0,5.6,1.1,1023.9
2026-02-01T22:00,-0.2,98,-3.6,0.0,8.5,0.1,1023.1
2026-02-01T23:00,-0.7,97,-4.7,0.0,11.7,0.0,1023.6
2026-02-02T00:00,-1.4,95,-5.1,0.0,8.3,0.0,1023.6
2026-02-02T01:00,-2.3,95,-5.9,0.0,6.8,0.0,1023.4
2026-02-02T02:00,-2.9,95,-6.6,0.0,7.0,0.0,1023.1
2026-02-02T03:00,-3.7,96,-7.3,0.0,6.5,0.0,1022.9
2026-02-02T04:00,-4.4,98,-8.1,0.0,6.7,0.0,1022.3
2026-02-02T05:00,-2.5,85,-6.6,0.0,8.8,0.0,1021.5
2026-02-02T06:00,-3.1,86,-6.7,0.0,5.7,0.0,1021.5
2026-02-02T07:00,-4.7,94,-8.4,2.0,6.0,0.0,1021.8
2026-02-02T08:00,-0.3,75,-4.0,81.0,6.6,0.0,1022.4
2026-02-02T09:00,5.9,52,2.8,228.0,3.5,0.0,1023.1
2026-02-02T10:00,8.1,44,5.3,422.0,1.1,0.0,1023.0
2026-02-02T11:00,8.6,41,5.8,540.0,1.4,0.0,1022.6
2026-02-02T12:00,9.6,38,6.9,609.0,2.5,0.3,1021.6
2026-02-02T13:00,9.9,35,6.5,532.0,4.4,0.0,1020.3
2026-02-02T14:00,9.9,38,6.5,440.0,5.1,0.0,1019.4
2026-02-02T15:00,9.4,41,6.0,362.0,5.9,0.0,1018.9
2026-02-02T16:00,8.0,49,4.6,225.0,7.4,0.0,1019.3
2026-02-02T17:00,5.6,70,2.9,79.0,4.2,0.0,1019.8
2026-02-02T18:00,3.6,82,1.5,5.0,0.6,0.0,1019.9
2026-02-02T19:00,2.7,85,0.5,0.0,0.9,0.0,1020.3
2026-02-02T20:00,2.1,86,-0.3,0.0,2.3,0.0,1020.4
2026-02-02T21:00,1.0,89,-1.7,0.0,3.8,0.0,1020.5
2026-02-02T22:00,-0.0,92,-2.9,0.0,3.8,0.0,1020.1
2026-02-02T23:00,0.3,91,-2.7,0.0,4.5,0.0,1020.2
2026-02-03T00:00,-0.1,92,-3.2,0.0,5.1,0.1,1020.0
2026-02-03T01:00,-0.9,94,-4.4,0.0,7.2,0.0,1020.1
2026-02-03T02:00,-2.0,95,-5.4,0.0,6.5,0.0,1019.9
2026-02-03T03:00,-3.2,96,-6.7,0.0,6.2,0.0,1019.6
2026-02-03T04:00,-3.5,95,-7.0,0.0,6.1,0.0,1019.4
2026-02-03T05:00,-1.9,91,-5.5,0.0,7.5,0.0,1020.1
2026-02-03T06:00,-2.6,99,-5.8,0.0,4.5,0.0,1021.0
2026-02-03T07:00,-3.1,100,-6.4,2.0,4.7,0.0,1021.8
2026-02-03T08:00,-0.1,93,-3.3,88.0,6.6,0.0,1022.3
2026-02-03T09:00,5.3,66,2.5,270.0,4.0,0.0,1022.8
2026-02-03T10:00,7.4,44,3.7,460.0,7.3,0.2,1022.5
2026-02-03T11:00,7.9,40,4.2,548.0,6.3,0.1,1022.5
2026-02-03T12:00,9.3,37,6.2,648.0,7.1,0.2,1021.5
2026-02-03T13:00,8.7,38,4.9,610.0,9.3,0.0,1021.0
2026-02-03T14:00,6.5,51,2.5,531.0,10.0,0.1,1021.8
2026-02-03T15:00,5.5,59,2.4,333.0,4.9,0.0,1022.1
2026-02-03T16:00,5.8,56,2.9,283.0,3.4,0.0,1021.8
2026-02-03T17:00,4.0,78,1.9,125.0,0.9,0.0,1022.7
2026-02-03T18:00,2.1,83,-0.6,7.0,3.5,0.0,1023.1
2026-02-03T19:00,0.5,90,-2.4,0.0,4.5,0.0,1023.7
2026-02-03T20:00,-0.8,95,-3.8,0.0,4.1,0.0,1023.8
2026-02-03T21:00,-1.6,97,-4.6,0.0,3.6,0.0,1024.1
2026-02-03T22:00,-2.4,97,-5.4,0.0,3.6,0.0,1024.1
2026-02-03T23:00,-1.5,87,-4.8,0.0,4.9,0.0,1024.3
2026-02-04T00:00,-2.2,86,-5.4,0.0,3.3,0.0,1024.4
2026-02-04T01:00,-3.5,91,-6.8,0.0,3.8,0.0,1024.5
2026-02-04T02:00,-4.3,94,-7.8,0.0,4.6,0.0,1024.1
2026-02-04T03:00,-4.6,93,-8.1,0.0,4.9,0.0,1023.7
2026-02-04T04:00,-4.7,92,-8.3,0.0,4.9,0.0,1023.3
2026-02-04T05:00,-2.6,77,-6.4,0.0,6.7,0.0,1023.0
2026-02-04T06:00,-4.0,81,-7.7,0.0,5.1,0.0,1023.4
2026-02-04T07:00,-4.9,83,-8.7,3.0,4.9,0.0,1023.8
2026-02-04T08:00,-0.1,66,-3.8,106.0,6.0,0.0,1024.0
2026-02-04T09:00,6.4,46,3.3,303.0,3.0,0.0,1024.6
2026-02-04T10:00,8.5,38,5.4,488.0,1.7,0.0,1024.2
2026-02-04T11:00,9.3,34,6.3,627.0,4.2,0.0,1023.5
2026-02-04T12:00,10.5,34,7.7,698.0,6.7,0.0,1022.9
2026-02-04T13:00,10.6,34,7.6,702.0,8.6,0.0,1021.8
2026-02-04T14:00,10.2,36,6.4,632.0,11.0,0.0,1021.1
2026-02-04T15:00,9.2,42,4.9,505.0,12.2,0.0,1021.3
2026-02-04T16:00,7.9,50,3.9,333.0,11.2,0.0,1021.6
2026-02-04T17:00,5.9,61,2.1,137.0,10.1,0.0,1021.7
2026-02-04T18:00,3.0,74,0.5,9.0,1.5,0.0,1022.1
2026-02-04T19:00,1.6,79,-1.1,0.0,2.9,0.0,1022.1
2026-02-04T20:00,0.3,83,-2.9,0.0,5.0,0.0,1021.9
2026-02-04T21:00,-1.3,86,-4.6,0.0,5.2,0.0,1021.5
2026-02-04T22:00,-2.0,82,-5.5,0.0,5.1,0.0,1021.1
2026-02-04T23:00,-0.9,75,-4.6,0.0,6.9,0.0,1020.9
2026-02-05T00:00,-1.4,73,-4.9,0.0,4.7,0.0,1020.7
2026-02-05T01:00,-2.3,73,-5.8,0.0,4.3,0.0,1020.5
2026-02-05T02:00,-2.5,68,-6.2,0.0,5.1,0.0,1020.1
2026-02-05T03:00,-2.2,60,-6.0,0.0,4.5,0.0,1019.5
2026-02-05T04:00,-1.9,53,-5.7,0.0,3.8,0.0,1019.2
2026-02-05T05:00,-1.2,43,-5.4,0.0,6.0,0.0,1018.8
2026-02-05T06:00,-2.1,44,-6.1,0.0,4.0,0.0,1019.1
2026-02-05T07:00,-3.1,47,-7.1,3.0,3.8,0.0,1019.8
2026-02-05T08:00,1.2,43,-2.6,114.0,4.4,0.0,1020.3
2026-02-05T09:00,9.0,28,5.4,318.0,3.1,0.0,1020.8
2026-02-05T10:00,11.1,24,7.7,507.0,1.8,0.0,1020.9
2026-02-05T11:00,11.9,24,8.5,646.0,6.6,0.0,1020.8
2026-02-05T12:00,12.9,22,9.7,717.0,7.9,0.0,1020.1
2026-02-05T13:00,13.1,21,9.6,721.0,9.4,0.0,1019.1
2026-02-05T14:00,12.3,26,8.3,655.0,11.7,0.0,1018.9
2026-02-05T15:00,10.9,34,6.6,523.0,11.2,0.0,1019.2
2026-02-05T16:00,9.5,41,5.5,336.0,9.5,0.0,1019.5
2026-02-05T17:00,6.8,57,3.7,133.0,5.8,0.0,1020.3
2026-02-05T18:00,3.8,72,1.3,9.0,1.5,0.0,1020.9
2026-02-05T19:00,2.1,75,-0.8,0.0,3.1,0.0,1021.0
2026-02-05T20:00,1.5,70,-1.6,0.0,3.1,0.0,1020.6
2026-02-05T21:00,1.0,64,-2.3,0.0,3.1,0.0,1020.8
2026-02-05T22:00,0.4,58,-3.1,0.0,3.8,0.0,1020.6
2026-02-05T23:00,0.5,55,-3.3,0.0,5.1,0.0,1020.6
2026-02-06T00:00,-0.0,55,-3.7,0.0,4.3,0.0,1020.4
2026-02-06T01:00,-0.8,56,-4.4,0.0,3.8,0.0,1020.1
2026-02-06T02:00,-0.7,54,-4.4,0.0,3.8,0.0,1019.6
2026-02-06T03:00,-0.3,51,-4.1,0.0,4.5,0.0,1018.9
2026-02-06T04:00,0.0,48,-3.8,0.0,4.0,0.0,1018.3
2026-02-06T05:00,-0.2,45,-4.3,0.0,6.0,0.0,1017.9
2026-02-06T06:00,-0.3,40,-4.4,0.0,4.4,0.0,1018.8
2026-02-06T07:00,-0.5,41,-4.4,3.0,3.8,0.0,1019.3
2026-02-06T08:00,3.7,39,-0.1,115.0,4.6,0.0,1020.2
2026-02-06T09:00,9.3,23,5.1,318.0,5.5,0.0,1020.6
2026-02-06T10:00,11.1,17,6.8,506.0,5.9,0.0,1020.4
2026-02-06T11:00,11.7,20,7.8,646.0,8.1,0.0,1020.5
2026-02-06T12:00,12.5,20,8.9,721.0,9.9,0.0,1019.5
2026-02-06T13:00,12.4,23,8.6,726.0,11.5,0.0,1018.5
2026-02-06T14:00,11.7,27,7.5,661.0,12.8,0.0,1018.3
2026-02-06T15:00,10.6,36,6.0,530.0,13.1,0.0,1018.2
2026-02-06T16:00,8.7,45,4.4,348.0,12.8,0.0,1018.7
2026-02-06T17:00,6.5,57,3.0,146.0,8.3,0.0,1019.2
2026-02-06T18:00,3.0,71,0.3,11.0,2.4,0.0,1019.2
2026-02-06T19:00,1.9,73,-0.9,0.0,2.3,0.0,1019.3
2026-02-06T20:00,1.3,73,-1.6,0.0,2.0,0.0,1019.4
2026-02-06T21:00,2.2,65,-0.8,0.0,2.2,0.0,1020.0
2026-02-06T22:00,1.6,65,-1.6,0.0,3.5,0.0,1020.1
2026-02-06T23:00,1.5,69,-1.7,0.0,4.2,0.0,1020.3
2026-02-07T00:00,0.9,69,-2.3,0.0,3.7,0.0,1019.8
2026-02-07T01:00,0.9,62,-2.6,0.0,4.5,0.0,1019.4
2026-02-07T02:00,1.2,55,-2.5,0.0,4.8,0.0,1018.9
2026-02-07T03:00,1.0,55,-2.7,0.0,4.6,0.0,1018.2
2026-02-07T04:00,0.4,57,-3.2,0.0,4.2,0.0,1017.6
2026-02-07T05:00,0.3,58,-3.6,0.0,6.4,0.0,1017.7
2026-02-07T06:00,0.5,53,-3.3,0.0,5.0,0.0,1017.6
2026-02-07T07:00,0.7,52,-3.0,4.0,4.7,0.0,1017.9
2026-02-07T08:00,5.4,45,1.8,115.0,5.0,0.0,1018.7
2026-02-07T09:00,8.1,35,3.9,316.0,8.6,0.0,1019.3
2026-02-07T10:00,9.2,34,4.2,502.0,14.2,0.0,1019.3
2026-02-07T11:00,9.8,32,4.8,642.0,17.8,0.0,1018.8
2026-02-07T12:00,10.6,29,6.0,718.0,17.1,0.0,1018.2
2026-02-07T13:00,10.7,30,6.2,728.0,16.8,0.0,1017.2
2026-02-07T14:00,10.4,32,5.7,663.0,16.9,0.0,1016.5
2026-02-07T15:00,9.7,33,4.5,534.0,15.6,0.0,1016.4
2026-02-07T16:00,8.5,39,3.8,354.0,14.0,0.0,1016.4
2026-02-07T17:00,6.3,48,2.4,151.0,9.1,0.0,1016.4
2026-02-07T18:00,3.3,63,0.3,12.0,2.7,0.0,1016.8
2026-02-07T19:00,3.1,63,0.4,0.0,1.4,0.0,1017.4
2026-02-07T20:00,2.5,65,-0.2,0.0,1.0,0.0,1017.9
2026-02-07T21:00,0.8,70,-2.2,0.0,2.0,0.0,1018.2
2026-02-07T22:00,0.1,71,-3.0,0.0,2.5,0.0,1018.2
2026-02-07T23:00,0.3,70,-3.0,0.0,4.3,0.0,1018.0
2026-02-08T00:00,-0.3,68,-3.7,0.0,3.6,0.0,1017.6
2026-02-08T01:00,-0.5,65,-4.0,0.0,3.8,0.0,1017.3
2026-02-08T02:00,-0.3,61,-4.0,0.0,5.1,0.0,1016.6
2026-02-08T03:00,-0.6,59,-4.4,0.0,5.2,0.0,1015.9
2026-02-08T04:00,-0.6,56,-4.5,0.0,5.1,0.0,1014.8
2026-02-08T05:00,-0.4,54,-4.5,0.0,6.9,0.0,1014.3
2026-02-08T06:00,-0.7,52,-4.5,0.0,3.6,0.0,1014.4
2026-02-08T07:00,-1.4,51,-5.2,4.0,3.2,0.0,1015.1
2026-02-08T08:00,2.8,44,-0.9,121.0,4.3,0.0,1015.9
2026-02-08T09:00,10.2,23,6.6,327.0,2.9,0.0,1016.6
2026-02-08T10:00,12.3,17,8.3,518.0,4.4,0.0,1016.4
2026-02-08T11:00,12.6,18,8.4,659.0,10.2,0.0,1016.4
2026-02-08T12:00,13.4,20,9.6,733.0,11.0,0.0,1016.2
2026-02-08T13:00,13.1,25,9.2,737.0,13.3,0.0,1015.5
2026-02-08T14:00,12.3,29,8.2,669.0,13.7,0.0,1015.1
2026-02-08T15:00,11.3,35,6.9,538.0,12.5,0.0,1014.9
2026-02-08T16:00,10.0,43,6.2,357.0,9.6,0.0,1015.1
2026-02-08T17:00,7.4,61,4.7,154.0,4.6,0.0,1015.3
2026-02-08T18:00,3.8,75,1.2,12.0,3.2,0.0,1015.2
2026-02-08T19:00,2.9,77,0.1,0.0,3.3,0.0,1014.7
2026-02-08T20:00,2.4,70,-0.4,0.0,2.0,0.0,1015.0
2026-02-08T21:00,2.9,60,0.0,0.0,1.3,0.0,1015.4
2026-02-08T22:00,2.5,59,-0.4,0.0,0.7,0.0,1015.9
2026-02-08T23:00,2.7,63,-0.2,0.0,1.9,0.0,1016.6
2026-02-09T00:00,2.2,64,-0.8,0.0,1.8,0.0,1016.3
2026-02-09T01:00,1.7,61,-1.4,0.0,2.7,0.0,1015.5
2026-02-09T02:00,1.3,59,-2.0,0.0,2.5,0.0,1015.3
2026-02-09T03:00,1.2,56,-2.2,0.0,3.2,0.0,1014.6
2026-02-09T04:00,2.0,51,-1.4,0.0,2.7,0.0,1013.6
2026-02-09T05:00,2.2,50,-1.2,0.0,2.9,0.0,1013.9
2026-02-09T06:00,2.9,47,-0.2,0.0,0.6,0.0,1014.7
2026-02-09T07:00,3.0,49,-0.2,3.0,1.2,0.0,1015.6
2026-02-09T08:00,5.8,44,2.6,87.0,1.9,0.0,1016.5
2026-02-09T09:00,9.5,34,6.4,305.0,1.8,0.0,1017.3
2026-02-09T10:00,11.1,31,8.0,452.0,2.2,0.0,1017.3
2026-02-09T11:00,11.7,32,8.2,542.0,5.3,0.0,1017.1
2026-02-09T12:00,12.3,29,8.2,540.0,8.9,0.0,1016.7
2026-02-09T13:00,11.0,39,7.0,454.0,10.0,0.0,1016.4
2026-02-09T14:00,10.4,40,6.6,452.0,9.4,0.0,1016.2
2026-02-09T15:00,9.4,43,5.6,358.0,9.2,0.0,1016.6
2026-02-09T16:00,8.5,45,5.2,238.0,5.2,0.0,1016.8
2026-02-09T17:00,6.5,61,3.6,118.0,4.5,0.0,1017.2
2026-02-09T18:00,4.6,72,2.3,9.0,0.9,0.0,1017.6
2026-02-09T19:00,4.3,73,1.8,0.0,2.4,0.0,1018.0
2026-02-09T20:00,4.0,71,1.4,0.0,2.3,0.0,1018.4
2026-02-09T21:00,3.5,70,0.6,0.0,4.0,0.0,1018.5
2026-02-09T22:00,3.3,68,0.4,0.0,2.9,0.0,1018.1
2026-02-09T23:00,3.0,69,0.5,0.0,0.6,0.0,1018.0
2026-02-10T00:00,2.4,69,-0.5,0.0,2.3,0.0,1018.1
2026-02-10T01:00,2.3,69,-0.7,0.0,2.8,0.0,1018.2
2026-02-10T02:00,2.4,69,-0.6,0.0,3.4,0.0,1017.8
2026-02-10T03:00,1.8,74,-1.2,0.0,3.6,0.0,1017.3
2026-02-10T04:00,0.7,81,-2.3,0.0,3.8,0.0,1017.0
2026-02-10T05:00,1.7,83,-1.2,0.0,4.3,0.0,1016.7
2026-02-10T06:00,1.7,82,-1.1,0.0,3.3,0.0,1016.8
2026-02-10T07:00,2.0,81,-0.6,4.0,2.4,0.0,1017.3
2026-02-10T08:00,4.9,72,2.5,95.0,2.2,0.0,1018.2
2026-02-10T09:00,9.0,55,6.7,264.0,1.9,0.0,1019.2
2026-02-10T10:00,10.2,43,7.3,392.0,3.6,0.0,1019.0
2026-02-10T11:00,11.0,33,7.6,614.0,7.2,0.0,1019.1
2026-02-10T12:00,12.0,28,8.6,695.0,9.0,0.0,1018.5
2026-02-10T13:00,11.6,31,7.8,630.0,10.0,0.1,1017.8
2026-02-10T14:00,11.1,34,7.5,604.0,8.7,0.3,1017.1
2026-02-10T15:00,10.5,38,6.4,508.0,9.9,0.0,1017.5
2026-02-10T16:00,9.1,44,5.1,349.0,10.7,0.0,1018.3
2026-02-10T17:00,6.9,57,3.8,151.0,6.2,0.0,1019.0
2026-02-10T18:00,4.5,68,2.2,14.0,0.6,0.0,1019.7
2026-02-10T19:00,3.4,73,1.0,0.0,0.5,0.0,1020.5
2026-02-10T20:00,2.8,75,0.3,0.0,1.6,0.0,1020.9
2026-02-10T21:00,2.6,75,-0.2,0.0,3.1,0.0,1021.7
2026-02-10T22:00,2.1,76,-0.8,0.0,3.4,0.0,1022.0
2026-02-10T23:00,1.6,81,-1.4,0.0,4.9,0.0,1021.9
2026-02-11T00:00,1.7,80,-1.2,0.0,3.6,0.0,1021.8
2026-02-11T01:00,0.6,81,-2.4,0.0,4.3,0.0,1021.5
2026-02-11T02:00,0.1,79,-3.0,0.0,3.8,0.0,1021.0
2026-02-11T03:00,0.1,74,-3.1,0.0,3.6,0.0,1020.8
2026-02-11T04:00,0.3,67,-3.0,0.0,3.8,0.0,1020.4
2026-02-11T05:00,0.4,62,-3.5,0.0,6.5,0.0,1020.1
2026-02-11T06:00,0.0,57,-3.7,0.0,4.7,0.0,1020.4
2026-02-11T07:00,-0.4,55,-4.1,5.0,4.0,0.0,1021.0
2026-02-11T08:00,4.5,44,0.7,125.0,5.6,0.0,1021.9
2026-02-11T09:00,9.4,28,5.6,328.0,5.2,0.0,1022.7
2026-02-11T10:00,10.9,28,6.7,515.0,8.0,0.0,1022.5
2026-02-11T11:00,11.5,28,7.8,656.0,9.6,0.0,1022.2
2026-02-11T12:00,12.8,27,9.4,734.0,11.0,0.0,1021.3
2026-02-11T13:00,13.0,28,9.4,735.0,12.8,0.0,1020.4
2026-02-11T14:00,12.6,31,8.6,672.0,13.9,0.0,1019.8
2026-02-11T15:00,11.8,35,7.1,543.0,14.6,0.0,1019.7
2026-02-11T16:00,10.4,40,5.7,363.0,14.9,0.0,1020.0
2026-02-11T17:00,8.0,53,4.0,159.0,11.9,0.0,1020.6
2026-02-11T18:00,4.8,70,1.8,15.0,5.6,0.0,1021.4
2026-02-11T19:00,4.5,74,1.9,0.0,3.5,0.0,1022.0
2026-02-11T20:00,3.5,77,1.1,0.0,1.3,0.0,1021.8
2026-02-11T21:00,2.8,77,0.1,0.0,2.7,0.0,1021.7
2026-02-11T22:00,2.8,75,-0.1,0.0,4.0,0.0,1021.1
2026-02-11T23:00,2.8,72,-0.4,0.0,5.8,0.0,1021.1
2026-02-12T00:00,2.6,68,-0.5,0.0,4.4,0.0,1020.2
2026-02-12T01:00,1.7,69,-1.4,0.0,3.6,0.0,1020.0
2026-02-12T02:00,1.6,67,-1.7,0.0,4.1,0.0,1019.6
2026-02-12T03:00,1.5,65,-1.9,0.0,5.0,0.0,1018.8
2026-02-12T04:00,1.1,63,-2.5,0.0,5.3,0.0,1017.9
2026-02-12T05:00,0.7,60,-3.4,0.0,8.4,0.0,1017.4
2026-02-12T06:00,-0.4,60,-4.2,0.0,5.0,0.0,1017.1
2026-02-12T07:00,-1.4,58,-4.9,6.0,2.4,0.0,1017.2
2026-02-12T08:00,4.7,42,1.6,133.0,0.5,0.0,1019.2
2026-02-12T09:00,11.2,22,7.4,341.0,3.9,0.0,1019.5
2026-02-12T10:00,13.4,17,9.5,534.0,3.4,0.0,1019.1
2026-02-12T11:00,13.8,21,10.3,677.0,7.9,0.0,1019.4
2026-02-12T12:00,14.7,23,11.6,750.0,9.4,0.0,1018.7
2026-02-12T13:00,14.5,30,11.5,752.0,10.9,0.0,1017.9
2026-02-12T14:00,13.8,37,10.6,681.0,11.8,0.0,1017.8
2026-02-12T15:00,12.7,42,8.9,550.0,11.8,0.0,1018.0
2026-02-12T16:00,11.1,51,7.6,370.0,10.8,0.0,1018.3
2026-02-12T17:00,8.7,63,5.7,165.0,8.0,0.0,1018.6
2026-02-12T18:00,5.1,80,2.8,16.0,3.0,0.0,1018.9
2026-02-12T19:00,3.8,83,1.5,0.0,2.6,0.0,1018.8
2026-02-12T20:00,3.3,84,0.8,0.0,3.1,0.0,1018.7
2026-02-12T21:00,3.0,79,0.4,0.0,3.2,0.0,1018.6
2026-02-12T22:00,2.6,73,-0.3,0.0,3.8,0.0,1017.7
2026-02-12T23:00,2.2,69,-1.0,0.0,4.9,0.0,1017.3
2026-02-13T00:00,1.8,66,-1.1,0.0,2.0,0.0,1017.5
2026-02-13T01:00,2.0,64,-0.9,0.0,1.4,0.0,1017.2
2026-02-13T02:00,2.9,60,-0.0,0.0,1.7,0.0,1017.2
2026-02-13T03:00,3.0,61,-0.1,0.0,3.1,0.0,1017.0
2026-02-13T04:00,2.4,64,-0.8,0.0,4.3,0.0,1015.9
2026-02-13T05:00,1.9,66,-1.5,0.0,5.4,0.0,1015.5
2026-02-13T06:00,1.4,65,-1.8,0.0,2.9,0.0,1015.0
2026-02-13T07:00,1.6,62,-1.4,6.0,2.0,0.0,1015.4
2026-02-13T08:00,5.6,54,2.8,132.0,2.0,0.0,1016.3
2026-02-13T09:00,11.7,29,8.5,340.0,2.4,0.0,1016.8
2026-02-13T10:00,12.9,26,9.1,527.0,6.6,0.0,1017.0
2026-02-13T11:00,12.7,33,9.0,666.0,12.1,0.0,1017.6
2026-02-13T12:00,13.5,32,10.4,738.0,11.3,0.0,1017.0
2026-02-13T13:00,13.9,28,10.4,746.0,12.7,0.0,1016.1
2026-02-13T14:00,13.3,29,9.4,684.0,13.2,0.0,1015.7
2026-02-13T15:00,12.5,37,8.4,555.0,12.5,0.0,1015.8
2026-02-13T16:00,10.9,50,7.3,372.0,11.4,0.0,1016.0
2026-02-13T17:00,8.7,64,5.8,167.0,8.0,0.0,1016.2
2026-02-13T18:00,5.3,80,3.1,17.0,2.6,0.0,1017.1
2026-02-13T19:00,3.9,84,1.7,0.0,2.0,0.0,1017.4
2026-02-13T20:00,3.2,85,0.9,0.0,1.8,0.0,1017.9
2026-02-13T21:00,2.6,85,0.3,0.0,2.0,0.0,1018.3
2026-02-13T22:00,2.2,84,-0.3,0.0,2.0,0.0,1018.4
2026-02-13T23:00,2.8,82,0.3,0.0,2.2,0.0,1018.5
2026-02-14T00:00,2.5,78,0.1,0.0,1.3,0.0,1018.3
2026-02-14T01:00,2.0,76,-0.6,0.0,1.8,0.0,1018.0
2026-02-14T02:00,1.8,75,-1.0,0.0,2.3,0.0,1017.6
2026-02-14T03:00,1.6,74,-1.3,0.0,3.1,0.0,1017.0
2026-02-14T04:00,1.5,73,-1.6,0.0,3.6,0.0,1016.5
2026-02-14T05:00,2.0,70,-1.4,0.0,5.6,0.0,1015.9
2026-02-14T06:00,1.9,64,-1.3,0.0,4.0,0.0,1016.2
2026-02-14T07:00,2.3,62,-0.9,7.0,3.1,0.0,1016.4
2026-02-14T08:00,6.5,53,3.5,137.0,3.5,0.0,1016.9
2026-02-14T09:00,10.4,38,7.2,345.0,4.2,0.0,1017.4
2026-02-14T10:00,11.9,32,8.1,535.0,7.1,0.0,1017.0
2026-02-14T11:00,11.7,35,7.9,676.0,13.2,0.0,1017.2
2026-02-14T12:00,12.8,31,9.2,749.0,14.0,0.0,1016.4
2026-02-14T13:00,13.1,26,9.2,757.0,14.7,0.0,1015.6
2026-02-14T14:00,12.7,30,8.5,695.0,15.5,0.0,1015.1
2026-02-14T15:00,11.7,41,7.3,562.0,15.0,0.0,1015.2
2026-02-14T16:00,10.5,45,6.3,379.0,13.1,0.0,1015.1
2026-02-14T17:00,8.2,57,4.9,173.0,8.7,0.0,1015.5
2026-02-14T18:00,5.2,71,2.9,18.0,1.1,0.0,1016.0
2026-02-14T19:00,3.5,78,1.1,0.0,1.8,0.0,1016.1
2026-02-14T20:00,2.5,81,0.2,0.0,1.1,0.0,1016.1
2026-02-14T21:00,3.2,73,0.8,0.0,0.7,0.0,1016.5
2026-02-14T22:00,3.8,68,1.3,0.0,1.1,0.0,1016.4
2026-02-14T23:00,3.4,75,0.9,0.0,2.2,0.0,1017.1
2026-02-15T00:00,1.8,75,-0.9,0.0,2.2,0.0,1016.5
2026-02-15T01:00,1.3,72,-1.7,0.0,2.7,0.0,1015.9
2026-02-15T02:00,1.0,69,-2.1,0.0,2.9,0.0,1015.6
2026-02-15T03:00,1.1,66,-2.1,0.0,3.6,0.0,1015.3
2026-02-15T04:00,1.2,64,-2.2,0.0,4.0,0.0,1014.9
2026-02-15T05:00,1.7,63,-1.7,0.0,4.6,0.0,1015.0
2026-02-15T06:00,1.3,64,-2.1,0.0,4.0,0.0,1015.7
2026-02-15T07:00,1.9,64,-1.5,8.0,4.7,0.0,1016.0
2026-02-15T08:00,6.2,54,2.8,138.0,5.9,0.0,1016.0
2026-02-15T09:00,10.0,39,6.7,347.0,4.5,0.0,1016.5
2026-02-15T10:00,12.3,31,8.7,539.0,6.1,0.0,1015.8
2026-02-15T11:00,12.7,28,8.9,683.0,12.2,0.0,1016.1
2026-02-15T12:00,13.3,31,9.9,759.0,13.5,0.0,1015.8
2026-02-15T13:00,13.4,29,9.8,764.0,14.2,0.0,1015.1
2026-02-15T14:00,13.1,30,9.0,698.0,15.0,0.0,1014.8
2026-02-15T15:00,12.1,37,7.6,567.0,14.7,0.0,1014.9
2026-02-15T16:00,10.7,44,6.6,383.0,12.4,0.0,1015.0
2026-02-15T17:00,8.9,56,5.4,175.0,9.9,0.0,1015.6
2026-02-15T18:00,5.1,74,2.3,19.0,5.5,0.0,1016.3
2026-02-15T19:00,5.0,74,2.7,0.0,1.6,0.0,1016.8
2026-02-15T20:00,3.8,78,1.5,0.0,2.0,0.0,1017.1
2026-02-15T21:00,3.0,80,0.5,0.0,2.5,0.0,1017.4
2026-02-15T22:00,2.7,79,0.2,0.0,2.2,0.0,1017.2
2026-02-15T23:00,2.6,80,-0.3,0.0,4.4,0.0,1017.3
2026-02-16T00:00,2.5,77,-0.4,0.0,3.8,0.0,1017.0
2026-02-16T01:00,2.1,77,-0.8,0.0,4.0,0.0,1016.2
2026-02-16T02:00,1.6,76,-1.4,0.0,3.6,0.0,1015.4
2026-02-16T03:00,1.2,76,-1.7,0.0,3.2,0.0,1014.8
2026-02-16T04:00,0.9,74,-2.1,0.0,3.1,0.0,1013.9
2026-02-16T05:00,0.8,70,-2.6,0.0,4.7,0.0,1014.1
2026-02-16T06:00,1.0,63,-2.3,0.0,3.3,0.0,1014.3
2026-02-16T07:00,1.8,58,-1.4,9.0,2.5,0.0,1015.2
2026-02-16T08:00,6.6,47,3.7,143.0,2.2,0.0,1015.9
2026-02-16T09:00,11.2,33,8.3,352.0,1.2,0.0,1016.5
2026-02-16T10:00,12.9,30,9.5,542.0,4.6,0.0,1016.4
2026-02-16T11:00,13.4,30,10.5,683.0,7.9,0.0,1016.2
2026-02-16T12:00,14.3,29,11.4,756.0,10.4,0.0,1015.8
2026-02-16T13:00,14.2,32,11.4,761.0,10.7,0.0,1015.2
2026-02-16T14:00,13.8,37,10.8,694.0,10.8,0.0,1014.4
2026-02-16T15:00,12.9,44,9.3,563.0,11.2,0.0,1014.2
2026-02-16T16:00,11.6,49,8.1,379.0,10.3,0.0,1014.3
2026-02-16T17:00,9.5,61,6.8,173.0,6.8,0.0,1014.6
2026-02-16T18:00,6.6,74,4.8,20.0,0.5,0.0,1015.1
2026-02-16T19:00,4.9,80,2.9,0.0,1.4,0.0,1015.5
2026-02-16T20:00,4.2,82,2.1,0.0,1.8,0.0,1015.8
2026-02-16T21:00,3.9,82,1.6,0.0,2.1,0.0,1016.4
2026-02-16T22:00,3.4,82,1.2,0.0,1.7,0.0,1016.4
2026-02-16T23:00,3.0,83,0.7,0.0,1.9,0.0,1017.1
2026-02-17T00:00,3.3,83,0.9,0.0,2.9,0.0,1017.3
2026-02-17T01:00,2.6,85,-0.0,0.0,3.6,0.0,1017.2
2026-02-17T02:00,2.2,86,-0.3,0.0,3.1,0.0,1016.9
2026-02-17T03:00,2.1,85,-0.6,0.0,3.7,0.0,1016.6
2026-02-17T04:00,2.1,84,-0.5,0.0,3.1,0.0,1016.3
2026-02-17T05:00,2.1,78,-0.8,0.0,4.2,0.0,1016.6
2026-02-17T06:00,1.7,79,-1.4,0.0,5.0,0.0,1017.2
2026-02-17T07:00,1.0,85,-2.2,9.0,6.5,0.0,1017.7
2026-02-17T08:00,5.5,70,2.6,127.0,5.9,0.0,1018.5
2026-02-17T09:00,10.6,43,7.8,302.0,3.3,0.0,1019.5
2026-02-17T10:00,12.3,30,8.7,502.0,5.3,0.0,1019.4
2026-02-17T11:00,12.7,25,9.1,614.0,7.4,0.0,1019.4
2026-02-17T12:00,13.9,24,10.9,750.0,8.7,0.0,1018.9
2026-02-17T13:00,14.2,26,11.3,761.0,9.5,0.0,1017.8
2026-02-17T14:00,13.8,30,10.5,693.0,10.3,0.0,1017.0
2026-02-17T15:00,12.9,34,9.1,563.0,9.6,0.0,1016.8
2026-02-17T16:00,11.8,36,7.8,377.0,10.3,0.0,1016.8
2026-02-17T17:00,9.9,43,6.4,168.0,7.0,0.0,1017.2
2026-02-17T18:00,7.2,56,4.8,20.0,0.9,0.0,1017.4
2026-02-17T19:00,5.5,60,3.1,0.0,0.2,0.0,1018.1
2026-02-17T20:00,4.5,63,1.7,0.0,2.2,0.0,1018.1
2026-02-17T21:00,4.2,64,1.4,0.0,2.9,0.0,1018.1
2026-02-17T22:00,3.8,64,0.8,0.0,4.0,0.0,1017.7
2026-02-17T23:00,3.6,66,0.7,0.0,3.3,0.0,1017.2
2026-02-18T00:00,4.3,62,1.5,0.0,2.0,0.0,1016.4
2026-02-18T01:00,3.9,64,1.3,0.0,1.1,0.0,1016.6
2026-02-18T02:00,3.9,63,1.3,0.0,0.9,0.0,1016.7
2026-02-18T03:00,4.5,61,1.9,0.0,1.2,0.0,1016.7
2026-02-18T04:00,5.3,58,2.7,0.0,1.1,0.0,1016.2
2026-02-18T05:00,5.0,75,2.8,0.0,1.7,0.0,1017.6
2026-02-18T06:00,3.9,81,1.7,0.0,2.0,0.0,1017.7
2026-02-18T07:00,3.9,81,1.9,6.0,0.7,0.1,1018.4
2026-02-18T08:00,6.3,72,4.0,95.0,2.6,0.1,1020.0
2026-02-18T09:00,7.3,70,5.5,236.0,0.0,0.1,1020.5
2026-02-18T10:00,8.0,71,6.0,237.0,2.8,0.2,1020.7
2026-02-18T11:00,7.7,64,5.3,570.0,4.2,0.0,1021.5
2026-02-18T12:00,6.8,85,4.6,127.0,6.2,0.6,1020.7
2026-02-18T13:00,9.2,67,6.9,350.0,5.6,0.2,1019.7
2026-02-18T14:00,8.8,72,6.9,230.0,3.9,0.4,1018.5
2026-02-18T15:00,9.5,58,7.2,183.0,3.1,0.0,1017.5
2026-02-18T16:00,10.8,44,7.9,280.0,4.2,0.0,1016.7
2026-02-18T17:00,8.1,58,5.7,120.0,2.1,0.0,1017.5
2026-02-18T18:00,5.0,71,2.5,14.0,2.8,0.0,1017.7
2026-02-18T19:00,3.9,78,1.7,0.0,1.5,0.0,1018.3
2026-02-18T20:00,3.6,82,1.4,0.0,1.5,0.0,1018.7
2026-02-18T21:00,3.4,82,1.1,0.0,1.9,0.0,1019.2
2026-02-18T22:00,4.1,76,1.9,0.0,0.6,0.0,1019.3
2026-02-18T23:00,4.2,87,1.7,0.0,5.5,0.0,1019.8
2026-02-19T00:00,4.2,87,1.9,0.0,3.8,0.0,1019.6
2026-02-19T01:00,4.1,88,1.6,0.0,5.0,0.1,1019.8
2026-02-19T02:00,3.4,94,1.1,0.0,3.6,0.2,1019.3
2026-02-19T03:00,3.6,90,1.1,0.0,4.5,0.2,1018.9
2026-02-19T04:00,2.5,97,-0.0,0.0,5.4,0.0,1018.9
2026-02-19T05:00,3.1,91,-0.4,0.0,11.9,0.1,1019.2
2026-02-19T06:00,3.1,89,-0.2,0.0,9.8,0.1,1019.2
2026-02-19T07:00,3.2,86,-0.2,3.0,9.6,0.1,1020.0
2026-02-19T08:00,4.4,82,1.4,36.0,7.8,0.1,1020.5
2026-02-19T09:00,6.7,76,4.2,101.0,6.0,0.0,1021.3
2026-02-19T10:00,10.1,47,7.3,333.0,4.6,0.0,1021.5
2026-02-19T11:00,11.1,43,7.8,500.0,7.7,0.0,1020.9
2026-02-19T12:00,12.5,40,9.9,687.0,8.3,0.1,1020.1
2026-02-19T13:00,13.0,38,10.5,615.0,4.6,0.1,1019.0
2026-02-19T14:00,12.7,40,9.6,541.0,5.9,0.0,1018.5
2026-02-19T15:00,11.5,47,8.6,377.0,6.6,0.2,1018.7
2026-02-19T16:00,10.0,55,7.2,253.0,6.5,0.1,1019.1
2026-02-19T17:00,8.3,73,5.8,140.0,6.8,0.2,1020.0
2026-02-19T18:00,5.4,88,3.7,22.0,1.0,0.0,1020.8
2026-02-19T19:00,4.6,91,2.8,0.0,1.6,0.0,1021.4
2026-02-19T20:00,3.9,92,2.1,0.0,1.5,0.0,1021.9
2026-02-19T21:00,3.6,92,1.6,0.0,1.5,0.0,1022.1
2026-02-19T22:00,3.7,90,1.6,0.0,2.4,0.0,1021.9
2026-02-19T23:00,3.4,91,1.1,0.0,3.1,0.0,1022.1
2026-02-20T00:00,3.2,88,1.0,0.0,2.2,0.0,1022.0
2026-02-20T01:00,2.8,86,0.6,0.0,1.5,0.0,1022.1
2026-02-20T02:00,2.5,85,0.2,0.0,1.5,0.0,1021.8
2026-02-20T03:00,2.3,84,-0.1,0.0,1.7,0.0,1021.5
2026-02-20T04:00,2.2,84,-0.3,0.0,2.0,0.0,1021.3
2026-02-20T05:00,2.7,79,-0.2,0.0,4.5,0.0,1021.3
2026-02-20T06:00,1.8,79,-0.9,0.0,2.7,0.0,1021.5
2026-02-20T07:00,1.8,80,-1.0,12.0,3.4,0.0,1022.2
2026-02-20T08:00,6.6,69,4.0,150.0,4.5,0.0,1023.1
2026-02-20T09:00,11.0,48,8.4,356.0,3.4,0.0,1023.4
2026-02-20T10:00,12.8,39,9.7,544.0,5.8,0.0,1023.1
2026-02-20T11:00,13.4,39,10.6,683.0,9.7,0.0,1022.8
2026-02-20T12:00,14.5,38,12.0,758.0,10.5,0.0,1022.0
2026-02-20T13:00,15.3,34,12.6,751.0,11.4,0.0,1020.5
2026-02-20T14:00,14.6,39,10.9,608.0,13.7,0.0,1019.7
2026-02-20T15:00,13.2,41,8.9,491.0,15.1,0.0,1019.7
2026-02-20T16:00,12.5,42,8.4,384.0,13.3,0.0,1019.5
2026-02-20T17:00,10.8,48,7.0,182.0,11.4,0.0,1019.4
2026-02-20T18:00,7.1,64,4.3,24.0,5.4,0.0,1019.6
2026-02-20T19:00,7.0,67,4.9,0.0,1.6,0.0,1020.0
2026-02-20T20:00,6.4,74,4.5,0.0,0.9,0.0,1020.0
2026-02-20T21:00,5.0,80,2.9,0.0,2.2,0.0,1019.8
2026-02-20T22:00,4.6,80,2.3,0.0,2.5,0.0,1019.2
2026-02-20T23:00,4.9,80,2.6,0.0,3.4,0.0,1018.9
2026-02-21T00:00,4.2,80,1.8,0.0,2.9,0.0,1018.4
2026-02-21T01:00,3.4,80,0.9,0.0,2.9,0.0,1017.8
2026-02-21T02:00,2.9,79,0.3,0.0,3.1,0.0,1016.9
2026-02-21T03:00,2.5,79,-0.1,0.0,2.9,0.0,1016.3
2026-02-21T04:00,2.1,79,-0.5,0.0,2.3,0.0,1016.0
2026-02-21T05:00,2.5,79,-0.5,0.0,4.8,0.0,1015.3
2026-02-21T06:00,1.8,80,-0.9,0.0,2.5,0.0,1015.3
2026-02-21T07:00,2.7,76,0.1,13.0,2.0,0.0,1016.1
2026-02-21T08:00,7.8,61,5.3,157.0,3.1,0.0,1016.7
2026-02-21T09:00,11.5,45,8.7,365.0,4.3,0.0,1016.9
2026-02-21T10:00,12.8,41,9.5,553.0,8.4,0.0,1016.7
2026-02-21T11:00,13.3,39,10.4,693.0,10.4,0.0,1016.6
2026-02-21T12:00,14.5,34,11.6,769.0,12.2,0.0,1015.6
2026-02-21T13:00,14.3,38,11.3,770.0,14.1,0.0,1015.0
2026-02-21T14:00,13.8,41,10.6,705.0,14.4,0.0,1014.0
2026-02-21T15:00,13.0,46,9.2,568.0,13.8,0.0,1013.6
2026-02-21T16:00,11.9,49,8.2,381.0,12.4,0.0,1013.2
2026-02-21T17:00,10.1,56,6.9,189.0,9.8,0.0,1013.2
2026-02-21T18:00,6.5,72,4.0,26.0,4.8,0.0,1013.7
2026-02-21T19:00,6.2,73,4.1,0.0,1.8,0.0,1014.2
2026-02-21T20:00,5.8,75,3.7,0.0,1.3,0.0,1014.2
2026-02-21T21:00,4.6,78,2.5,0.0,1.6,0.0,1014.3
2026-02-21T22:00,3.8,80,1.5,0.0,2.2,0.0,1013.7
2026-02-21T23:00,4.1,82,1.8,0.0,3.0,0.0,1013.6
2026-02-22T00:00,3.2,84,0.9,0.0,2.5,0.0,1013.1
2026-02-22T01:00,2.8,85,0.5,0.0,2.2,0.0,1012.6
2026-02-22T02:00,2.4,84,-0.1,0.0,2.3,0.0,1012.1
2026-02-22T03:00,2.3,83,-0.2,0.0,2.7,0.0,1011.5
2026-02-22T04:00,2.3,82,-0.3,0.0,3.3,0.0,1011.1
2026-02-22T05:00,2.5,81,-0.3,0.0,4.3,0.0,1010.9
2026-02-22T06:00,2.4,79,-0.3,0.0,3.0,0.0,1011.3
2026-02-22T07:00,3.1,79,0.6,14.0,2.9,0.0,1011.8
2026-02-22T08:00,7.7,66,5.3,163.0,4.2,0.0,1012.4
2026-02-22T09:00,10.7,49,8.2,375.0,2.7,0.0,1012.4
2026-02-22T10:00,12.3,41,9.5,565.0,5.0,0.0,1012.5
2026-02-22T11:00,11.9,47,9.3,699.0,10.1,0.0,1012.8
2026-02-22T12:00,12.7,43,10.5,761.0,9.5,0.3,1012.4
2026-02-22T13:00,12.3,46,9.7,690.0,9.9,0.4,1012.1
2026-02-22T14:00,12.1,46,9.0,632.0,10.9,0.3,1011.4
2026-02-22T15:00,11.4,48,8.0,540.0,10.3,0.2,1011.5
2026-02-22T16:00,10.8,51,7.2,342.0,11.0,0.0,1011.6
2026-02-22T17:00,10.0,57,6.8,175.0,9.1,0.0,1011.6
2026-02-22T18:00,7.4,69,4.7,24.0,6.6,0.0,1012.2
2026-02-22T19:00,5.9,77,3.7,0.0,2.9,0.0,1013.1
2026-02-22T20:00,5.6,78,3.7,0.0,1.0,0.0,1013.3
2026-02-22T21:00,4.4,83,2.3,0.0,1.6,0.0,1013.5
2026-02-22T22:00,3.6,84,1.5,0.0,1.5,0.0,1013.6
2026-02-22T23:00,4.3,86,2.2,0.0,2.3,0.0,1013.3
2026-02-23T00:00,3.3,87,1.0,0.0,2.3,0.0,1012.8
2026-02-23T01:00,2.7,88,0.3,0.0,2.3,0.0,1012.3
2026-02-23T02:00,2.4,86,-0.1,0.0,2.5,0.0,1011.8
2026-02-23T03:00,2.0,85,-0.6,0.0,2.5,0.0,1011.2
2026-02-23T04:00,1.7,84,-0.8,0.0,2.3,0.0,1010.8
2026-02-23T05:00,2.0,81,-0.8,0.0,4.2,0.0,1010.8
2026-02-23T06:00,1.4,80,-1.2,0.0,2.2,0.0,1011.3
2026-02-23T07:00,2.1,78,-0.5,15.0,2.3,0.0,1012.3
2026-02-23T08:00,7.3,64,4.9,164.0,3.1,0.0,1013.3
2026-02-23T09:00,10.7,45,8.2,373.0,2.0,0.0,1013.7
2026-02-23T10:00,12.3,41,9.3,562.0,5.9,0.0,1013.5
2026-02-23T11:00,12.5,41,9.9,702.0,9.5,0.0,1013.7
2026-02-23T12:00,13.5,40,11.1,765.0,10.8,0.1,1013.1
2026-02-23T13:00,13.4,43,10.9,745.0,11.3,0.2,1012.7
2026-02-23T14:00,12.3,45,9.4,644.0,9.5,0.0,1012.7
2026-02-23T15:00,12.5,43,8.8,492.0,11.0,0.0,1012.1
2026-02-23T16:00,11.4,47,7.7,329.0,12.0,0.0,1012.0
2026-02-23T17:00,10.3,54,7.0,176.0,9.4,0.0,1012.5
2026-02-23T18:00,7.2,71,4.6,27.0,5.5,0.0,1012.9
2026-02-23T19:00,6.4,75,4.4,0.0,1.8,0.0,1013.6
2026-02-23T20:00,5.7,79,3.8,0.0,0.7,0.0,1014.2
2026-02-23T21:00,4.2,84,2.2,0.0,1.7,0.0,1014.6
2026-02-23T22:00,3.9,85,1.7,0.0,2.2,0.0,1014.4
2026-02-23T23:00,3.1,87,0.8,0.0,3.1,0.0,1014.3
2026-02-24T00:00,3.2,84,1.0,0.0,1.8,0.0,1014.2
2026-02-24T01:00,2.9,83,0.5,0.0,2.2,0.0,1014.1
2026-02-24T02:00,2.5,82,0.1,0.0,2.2,0.0,1013.4
2026-02-24T03:00,2.2,82,-0.3,0.0,2.2,0.0,1013.0
2026-02-24T04:00,2.0,82,-0.6,0.0,2.5,0.0,1012.6
2026-02-24T05:00,2.3,80,-0.7,0.0,4.7,0.0,1012.6
2026-02-24T06:00,1.7,79,-1.0,0.0,2.9,0.0,1012.9
2026-02-24T07:00,2.4,75,-0.3,16.0,2.9,0.0,1014.0
2026-02-24T08:00,7.6,63,5.1,169.0,3.2,0.0,1015.0
2026-02-24T09:00,11.4,43,8.8,381.0,2.2,0.0,1015.3
2026-02-24T10:00,12.8,39,9.8,571.0,5.8,0.0,1015.4
2026-02-24T11:00,13.0,38,10.1,712.0,10.5,0.0,1015.5
2026-02-24T12:00,13.7,36,10.9,763.0,12.0,0.1,1015.3
2026-02-24T13:00,13.7,38,10.7,743.0,13.4,0.0,1014.7
2026-02-24T14:00,13.4,39,10.2,697.0,12.8,0.0,1014.1
2026-02-24T15:00,13.1,38,9.1,570.0,13.1,0.0,1013.8
2026-02-24T16:00,12.1,40,8.0,392.0,12.5,0.0,1013.9
2026-02-24T17:00,10.5,49,7.0,197.0,10.0,0.0,1014.4
2026-02-24T18:00,6.8,69,4.2,29.0,5.4,0.0,1015.4
2026-02-24T19:00,6.1,76,4.1,0.0,1.5,0.0,1016.2
2026-02-24T20:00,5.6,81,3.7,0.0,1.6,0.0,1016.7
2026-02-24T21:00,5.0,82,3.1,0.0,1.3,0.0,1016.9
2026-02-24T22:00,3.8,86,1.7,0.0,2.2,0.0,1016.7
2026-02-24T23:00,3.3,91,1.1,0.0,2.3,0.0,1016.7
2026-02-25T00:00,3.1,89,0.9,0.0,2.0,0.0,1016.2
2026-02-25T01:00,2.9,88,0.7,0.0,1.8,0.0,1015.8
2026-02-25T02:00,2.5,84,0.2,0.0,1.6,0.0,1015.4
2026-02-25T03:00,2.4,83,-0.0,0.0,1.8,0.0,1015.0
2026-02-25T04:00,2.1,82,-0.4,0.0,2.0,0.0,1014.4
2026-02-25T05:00,2.4,79,-0.5,0.0,4.6,0.0,1014.6
2026-02-25T06:00,2.0,78,-0.7,0.0,2.3,0.0,1015.1
2026-02-25T07:00,3.3,76,0.7,18.0,2.7,0.0,1015.6
2026-02-25T08:00,8.4,61,5.9,175.0,3.9,0.0,1016.3
2026-02-25T09:00,10.8,48,8.0,390.0,5.1,0.0,1016.4
2026-02-25T10:00,12.1,42,8.7,581.0,9.4,0.0,1016.4
2026-02-25T11:00,12.4,38,9.1,721.0,13.5,0.0,1016.3
2026-02-25T12:00,13.5,32,10.3,799.0,14.4,0.0,1015.7
2026-02-25T13:00,13.5,31,10.1,806.0,15.2,0.0,1015.0
2026-02-25T14:00,13.3,35,9.7,726.0,15.3,0.0,1014.2
2026-02-25T15:00,12.7,38,8.4,594.0,15.2,0.0,1014.0
2026-02-25T16:00,11.7,41,7.3,414.0,14.3,0.0,1014.0
2026-02-25T17:00,10.4,47,6.5,206.0,11.9,0.0,1014.1
2026-02-25T18:00,7.5,60,4.3,31.0,7.5,0.0,1014.7
2026-02-25T19:00,6.1,72,3.4,0.0,5.6,0.0,1015.7
2026-02-25T20:00,5.5,80,3.5,0.0,2.0,0.0,1016.4
2026-02-25T21:00,5.5,78,3.5,0.0,1.3,0.0,1016.7
2026-02-25T22:00,5.0,77,2.9,0.0,1.3,0.0,1016.8
2026-02-25T23:00,5.0,86,3.1,0.0,1.7,0.0,1017.1
2026-02-26T00:00,4.3,88,2.3,0.0,1.9,0.0,1016.8
2026-02-26T01:00,3.6,88,1.4,0.0,2.5,0.0,1016.3
2026-02-26T02:00,3.4,85,1.0,0.0,3.1,0.0,1015.3
2026-02-26T03:00,3.3,81,0.6,0.0,4.1,0.0,1014.5
2026-02-26T04:00,3.0,79,0.2,0.0,4.7,0.0,1014.0
2026-02-26T05:00,3.1,82,0.3,0.0,4.9,0.0,1014.1
2026-02-26T06:00,2.6,80,-0.3,0.0,4.4,0.0,1013.8
2026-02-26T07:00,3.9,77,1.1,19.0,4.5,0.0,1014.0
2026-02-26T08:00,8.4,57,5.2,179.0,8.0,0.0,1014.4
2026-02-26T09:00,10.2,47,6.3,394.0,11.7,0.0,1014.4
2026-02-26T10:00,11.5,41,7.1,588.0,15.4,0.0,1014.1
2026-02-26T11:00,12.2,38,8.5,731.0,15.7,0.0,1013.7
2026-02-26T12:00,13.6,32,9.9,807.0,17.1,0.0,1012.7
2026-02-26T13:00,13.6,38,10.1,811.0,17.7,0.0,1012.0
2026-02-26T14:00,13.5,37,9.5,739.0,18.0,0.0,1011.2
2026-02-26T15:00,12.8,41,8.3,608.0,18.1,0.0,1011.0
2026-02-26T16:00,11.9,44,7.3,421.0,17.0,0.0,1010.7
2026-02-26T17:00,10.9,42,6.4,208.0,14.6,0.0,1010.4
2026-02-26T18:00,7.8,48,3.9,33.0,9.3,0.0,1010.8
2026-02-26T19:00,6.7,56,3.2,0.0,8.0,0.0,1011.8
2026-02-26T20:00,6.1,62,2.9,0.0,7.0,0.0,1012.5
2026-02-26T21:00,5.4,68,3.0,0.0,2.2,0.0,1013.0
2026-02-26T22:00,4.8,71,2.3,0.0,2.2,0.0,1012.9
2026-02-26T23:00,4.2,77,1.9,0.0,2.2,0.0,1012.7
2026-02-27T00:00,3.2,78,0.7,0.0,2.2,0.0,1012.4
2026-02-27T01:00,3.0,76,0.3,0.0,2.9,0.0,1012.2
2026-02-27T02:00,2.8,73,-0.0,0.0,3.4,0.0,1011.5
2026-02-27T03:00,2.5,72,-0.5,0.0,3.8,0.0,1011.1
2026-02-27T04:00,2.0,71,-1.0,0.0,3.6,0.0,1010.5
2026-02-27T05:00,1.5,76,-1.7,0.0,5.2,0.0,1010.8
2026-02-27T06:00,1.8,71,-1.2,0.0,3.1,0.0,1010.8
2026-02-27T07:00,3.2,64,0.3,21.0,2.9,0.0,1011.5
2026-02-27T08:00,8.6,51,5.7,185.0,4.5,0.0,1012.3
2026-02-27T09:00,10.9,38,7.1,401.0,9.3,0.0,1012.7
2026-02-27T10:00,11.9,33,7.7,593.0,12.6,0.0,1012.6
2026-02-27T11:00,12.6,33,9.2,735.0,12.8,0.0,1012.3
2026-02-27T12:00,14.1,25,10.4,805.0,14.8,0.0,1011.5
2026-02-27T13:00,14.2,22,10.0,806.0,17.0,0.0,1010.7
2026-02-27T14:00,13.7,27,9.5,741.0,16.8,0.0,1010.0
2026-02-27T15:00,13.2,30,8.6,611.0,16.0,0.0,1009.9
2026-02-27T16:00,12.5,28,7.4,421.0,15.7,0.0,1009.6
2026-02-27T17:00,11.1,34,6.6,213.0,12.7,0.0,1009.7
2026-02-27T18:00,7.4,49,4.0,34.0,6.6,0.0,1010.2
2026-02-27T19:00,6.4,53,3.0,0.0,6.3,0.0,1011.0
2026-02-27T20:00,5.9,62,2.8,0.0,6.0,0.0,1011.6
2026-02-27T21:00,6.0,65,3.5,0.0,2.3,0.0,1012.2
2026-02-27T22:00,5.0,66,2.2,0.0,4.0,0.0,1011.9
2026-02-27T23:00,3.9,75,1.2,0.0,4.0,0.0,1012.1
2026-02-28T00:00,4.0,66,1.2,0.0,2.9,0.0,1011.8
2026-02-28T01:00,4.1,60,0.9,0.0,4.5,0.0,1011.6
2026-02-28T02:00,4.2,55,0.6,0.0,6.8,0.0,1010.9
2026-02-28T03:00,3.5,57,0.1,0.0,5.4,0.0,1010.4
2026-02-28T04:00,2.9,59,-0.5,0.0,4.5,0.0,1010.1
2026-02-28T05:00,2.2,59,-1.4,0.0,6.0,0.0,1010.2
2026-02-28T06:00,2.6,53,-0.9,0.0,4.8,0.0,1010.7
2026-02-28T07:00,3.4,52,-0.1,22.0,4.3,0.0,1011.2
2026-02-28T08:00,8.8,45,5.5,186.0,5.7,0.0,1011.8
2026-02-28T09:00,11.8,32,8.1,401.0,6.4,0.0,1012.0
2026-02-28T10:00,12.7,30,8.1,592.0,14.0,0.0,1012.1
2026-02-28T11:00,13.2,28,9.0,734.0,16.4,0.0,1011.7
2026-02-28T12:00,14.1,26,10.1,810.0,17.4,0.0,1011.0
2026-02-28T13:00,14.1,26,10.1,815.0,17.8,0.0,1010.3
2026-02-28T14:00,13.9,29,9.7,749.0,17.6,0.0,1009.5
2026-02-28T15:00,13.5,30,8.7,617.0,17.0,0.0,1009.6
2026-02-28T16:00,12.7,31,7.7,433.0,15.9,0.0,1009.4
2026-02-28T17:00,11.5,32,6.9,216.0,12.9,0.0,1009.4
2026-02-28T18:00,8.2,44,4.4,36.0,8.1,0.0,1010.1
2026-02-28T19:00,6.8,54,3.5,0.0,6.0,0.0,1011.4
2026-02-28T20:00,5.8,59,2.6,0.0,6.3,0.0,1011.9
2026-02-28T21:00,6.0,58,3.2,0.0,2.9,0.0,1012.4
2026-02-28T22:00,5.3,59,2.4,0.0,3.0,0.0,1012.5
2026-02-28T23:00,5.1,65,2.4,0.0,3.4,0.0,1012.3
2026-03-01T00:00,4.4,65,1.7,0.0,2.7,0.0,1012.0
2026-03-01T01:00,4.2,63,1.3,0.0,3.1,0.0,1012.0
2026-03-01T02:00,4.0,61,0.9,0.0,3.9,0.0,1011.4
2026-03-01T03:00,3.7,60,0.5,0.0,4.0,0.0,1011.0
2026-03-01T04:00,3.2,60,-0.1,0.0,4.2,0.0,1010.7
2026-03-01T05:00,2.2,66,-1.3,0.0,5.9,0.0,1010.4
2026-03-01T06:00,2.4,62,-0.9,0.0,4.6,0.0,1010.7
2026-03-01T07:00,4.2,57,1.0,25.0,4.1,0.0,1011.0
2026-03-01T08:00,9.7,44,6.4,196.0,5.9,0.0,1011.9
2026-03-01T09:00,11.4,33,7.1,414.0,10.7,0.0,1012.4
2026-03-01T10:00,12.4,30,8.1,607.0,13.4,0.0,1012.4
2026-03-01T11:00,13.2,27,9.4,751.0,14.6,0.0,1012.3
2026-03-01T12:00,14.5,22,10.8,828.0,15.1,0.0,1011.7
2026-03-01T13:00,14.8,23,11.0,837.0,16.6,0.0,1011.0
2026-03-01T14:00,14.5,28,10.4,765.0,17.6,0.0,1010.7
2026-03-01T15:00,13.9,29,9.0,624.0,17.5,0.0,1010.9
2026-03-01T16:00,12.9,31,7.9,437.0,16.3,0.0,1011.0
2026-03-01T17:00,11.7,34,7.2,220.0,13.3,0.0,1011.1
2026-03-01T18:00,8.1,42,4.3,37.0,7.6,0.0,1011.9
2026-03-01T19:00,6.2,48,2.8,0.0,5.2,0.0,1012.9
2026-03-01T20:00,6.0,50,2.4,0.0,6.3,0.0,1013.4
2026-03-01T21:00,6.5,48,3.5,0.0,2.5,0.0,1014.1
2026-03-01T22:00,6.0,49,3.1,0.0,1.8,0.0,1014.3
2026-03-01T23:00,5.5,57,2.6,0.0,3.1,0.0,1014.4
2026-03-02T00:00,4.7,59,1.7,0.0,3.4,0.0,1014.1
2026-03-02T01:00,4.4,59,1.3,0.0,4.0,0.0,1014.1
2026-03-02T02:00,4.2,58,1.0,0.0,4.2,0.0,1013.2
2026-03-02T03:00,4.1,56,0.8,0.0,4.1,0.0,1012.6
2026-03-02T04:00,3.9,54,0.5,0.0,4.6,0.0,1012.4
2026-03-02T05:00,2.5,65,-1.0,0.0,6.1,0.0,1012.3
2026-03-02T06:00,2.9,59,-0.5,0.0,4.6,0.0,1012.9
2026-03-02T07:00,4.9,55,1.5,26.0,5.0,0.0,1013.4
2026-03-02T08:00,10.1,40,6.5,201.0,7.4,0.0,1014.3
2026-03-02T09:00,11.8,29,7.4,421.0,11.2,0.0,1014.7
2026-03-02T10:00,13.0,26,8.4,618.0,14.2,0.0,1015.0
2026-03-02T11:00,13.7,22,9.2,762.0,17.0,0.0,1015.0
2026-03-02T12:00,14.7,19,10.6,840.0,16.6,0.0,1014.6
2026-03-02T13:00,14.9,23,11.0,846.0,17.9,0.0,1014.2
2026-03-02T14:00,15.0,21,10.5,771.0,17.7,0.0,1013.3
2026-03-02T15:00,14.3,24,9.3,636.0,17.5,0.0,1012.8
2026-03-02T16:00,13.4,26,8.1,446.0,16.9,0.0,1012.8
2026-03-02T17:00,12.1,30,7.2,227.0,14.0,0.0,1013.0
2026-03-02T18:00,8.3,37,4.5,39.0,7.1,0.0,1013.7
2026-03-02T19:00,6.7,44,3.1,0.0,5.8,0.0,1014.5
2026-03-02T20:00,6.8,44,3.7,0.0,2.6,0.0,1015.2
2026-03-02T21:00,7.0,45,4.1,0.0,1.5,0.0,1015.7
2026-03-02T22:00,6.5,49,3.5,0.0,2.7,0.0,1015.9
2026-03-02T23:00,6.0,56,2.8,0.0,5.4,0.0,1015.8
2026-03-03T00:00,5.6,54,2.3,0.0,5.6,0.0,1015.2
2026-03-03T01:00,5.2,54,1.8,0.0,5.7,0.0,1014.8
2026-03-03T02:00,5.1,53,1.7,0.0,5.2,0.0,1014.1
2026-03-03T03:00,4.5,53,1.1,0.0,5.2,0.0,1013.2
2026-03-03T04:00,4.4,52,0.9,0.0,5.7,0.0,1012.6
2026-03-03T05:00,3.9,56,0.2,0.0,6.9,0.0,1012.5
2026-03-03T06:00,3.7,53,0.2,0.0,4.9,0.0,1012.6
2026-03-03T07:00,5.5,50,2.1,28.0,4.8,0.0,1013.0
2026-03-03T08:00,11.2,39,7.9,204.0,6.4,0.0,1013.7
2026-03-03T09:00,14.5,26,10.4,425.0,9.0,0.0,1014.3
2026-03-03T10:00,16.1,22,11.9,619.0,12.0,0.0,1014.2
2026-03-03T11:00,16.6,22,12.8,763.0,15.1,0.0,1014.5
2026-03-03T12:00,18.2,16,13.9,838.0,18.2,0.0,1014.0
2026-03-03T13:00,18.2,19,14.1,844.0,18.4,0.0,1013.5
2026-03-03T14:00,17.8,23,13.6,773.0,18.9,0.0,1013.1
2026-03-03T15:00,17.3,24,12.4,632.0,18.9,0.0,1013.0
2026-03-03T16:00,16.2,26,11.1,443.0,17.7,0.0,1012.7
2026-03-03T17:00,14.5,30,9.8,225.0,15.5,0.0,1013.2
2026-03-03T18:00,11.3,40,7.5,40.0,9.7,0.0,1014.1
2026-03-03T19:00,10.1,48,6.8,0.0,7.4,0.0,1014.7
2026-03-03T20:00,9.1,52,6.3,0.0,4.4,0.0,1015.4
2026-03-03T21:00,8.9,50,6.2,0.0,3.1,0.0,1015.8
2026-03-03T22:00,8.5,48,5.7,0.0,3.3,0.0,1015.9
2026-03-03T23:00,7.9,51,4.9,0.0,4.4,0.0,1016.5
2026-03-04T00:00,7.6,49,4.5,0.0,4.3,0.0,1016.2
2026-03-04T01:00,7.0,48,3.7,0.0,5.0,0.0,1015.9
2026-03-04T02:00,6.6,46,3.2,0.0,4.6,0.0,1015.2
2026-03-04T03:00,6.4,44,3.0,0.0,4.4,0.0,1014.6
2026-03-04T04:00,6.2,42,2.7,0.0,4.8,0.0,1014.3
2026-03-04T05:00,5.6,44,1.8,0.0,6.4,0.0,1014.3
2026-03-04T06:00,6.4,40,3.0,0.0,3.7,0.0,1014.7
2026-03-04T07:00,9.1,40,5.9,29.0,4.1,0.0,1015.9
2026-03-04T08:00,13.9,33,10.7,204.0,5.6,0.0,1017.1
2026-03-04T09:00,16.1,27,12.4,421.0,8.0,0.0,1017.5
2026-03-04T10:00,17.8,24,14.1,612.0,10.1,0.0,1017.2
2026-03-04T11:00,18.2,24,14.8,753.0,13.5,0.0,1017.0
2026-03-04T12:00,20.0,21,16.6,825.0,15.2,0.0,1016.3
2026-03-04T13:00,20.4,18,16.3,828.0,18.8,0.0,1015.2
2026-03-04T14:00,19.7,23,15.7,761.0,18.2,0.0,1014.6
2026-03-04T15:00,19.0,26,14.4,625.0,18.2,0.0,1014.3
2026-03-04T16:00,17.9,27,13.0,438.0,18.0,0.0,1014.2
2026-03-04T17:00,16.4,32,11.9,224.0,15.4,0.0,1013.9
2026-03-04T18:00,13.4,40,9.6,40.0,11.3,0.0,1014.5
2026-03-04T19:00,12.5,44,9.2,0.0,8.5,0.0,1015.3
2026-03-04T20:00,11.0,50,8.1,0.0,6.1,0.0,1015.7
2026-03-04T21:00,11.4,46,8.7,0.0,4.4,0.0,1016.1
2026-03-04T22:00,11.2,45,8.4,0.0,4.4,0.0,1016.1
2026-03-04T23:00,10.1,51,7.2,0.0,5.8,0.0,1016.1
2026-03-05T00:00,9.8,49,6.8,0.0,6.0,0.0,1015.2
2026-03-05T01:00,9.7,47,6.5,0.0,6.2,0.0,1014.8
2026-03-05T02:00,9.6,46,6.4,0.0,6.2,0.0,1014.1
2026-03-05T03:00,9.6,46,6.3,0.0,6.2,0.0,1013.5
2026-03-05T04:00,9.4,45,6.1,0.0,6.2,0.0,1013.1
2026-03-05T05:00,8.4,49,5.0,0.0,6.9,0.0,1013.3
2026-03-05T06:00,8.3,48,5.0,0.0,5.9,0.0,1013.4
2026-03-05T07:00,10.1,48,7.1,31.0,5.5,0.0,1013.8
2026-03-05T08:00,15.6,38,12.8,206.0,6.0,0.0,1014.3
2026-03-05T09:00,18.6,26,14.8,423.0,9.6,0.0,1014.2
2026-03-05T10:00,19.7,25,15.9,613.0,12.6,0.0,1014.2
2026-03-05T11:00,20.1,26,16.7,754.0,16.2,0.0,1014.5
2026-03-05T12:00,21.3,23,17.6,827.0,19.9,0.0,1013.9
2026-03-05T13:00,21.0,26,17.6,831.0,19.5,0.0,1013.4
2026-03-05T14:00,20.9,27,17.4,762.0,18.3,0.0,1012.4
2026-03-05T15:00,20.3,28,16.2,629.0,18.0,0.0,1011.8
2026-03-05T16:00,19.1,32,14.9,444.0,16.7,0.0,1011.7
2026-03-05T17:00,17.1,38,13.6,228.0,13.1,0.0,1012.0
2026-03-05T18:00,13.9,49,11.1,43.0,8.0,0.0,1012.3
2026-03-05T19:00,12.1,57,9.9,0.0,5.9,0.0,1012.8
2026-03-05T20:00,12.6,54,10.8,0.0,2.0,0.0,1012.8
2026-03-05T21:00,12.4,51,10.4,0.0,2.4,0.0,1013.1
2026-03-05T22:00,12.4,47,10.0,0.0,3.0,0.0,1013.2
2026-03-05T23:00,10.7,51,8.0,0.0,5.0,0.0,1013.4
2026-03-06T00:00,11.2,49,8.6,0.0,3.7,0.0,1013.0
2026-03-06T01:00,11.1,48,8.5,0.0,3.6,0.0,1012.6
2026-03-06T02:00,10.9,48,8.4,0.0,3.5,0.0,1012.5
2026-03-06T03:00,10.4,53,7.9,0.0,4.0,0.0,1012.5
2026-03-06T04:00,9.4,57,6.9,0.0,4.5,0.0,1011.8
2026-03-06T05:00,8.1,58,5.0,0.0,6.7,0.0,1011.8
2026-03-06T06:00,8.0,55,5.2,0.0,4.5,0.0,1012.3
2026-03-06T07:00,9.8,52,7.2,33.0,4.0,0.0,1012.8
2026-03-06T08:00,15.3,42,12.9,212.0,5.2,0.0,1013.7
2026-03-06T09:00,18.2,31,15.0,433.0,7.8,0.0,1013.9
2026-03-06T10:00,19.4,28,16.1,627.0,11.3,0.0,1013.8
2026-03-06T11:00,19.8,28,17.0,769.0,13.7,0.0,1014.0
2026-03-06T12:00,20.7,29,18.5,843.0,14.0,0.0,1013.7
2026-03-06T13:00,20.8,30,18.6,842.0,14.5,0.0,1013.0
2026-03-06T14:00,20.5,30,17.8,772.0,14.7,0.0,1012.2
2026-03-06T15:00,19.6,34,16.5,635.0,14.0,0.0,1012.1
2026-03-06T16:00,18.1,43,15.1,439.0,13.0,0.0,1012.5
2026-03-06T17:00,15.9,61,14.0,230.0,10.3,0.0,1013.2
2026-03-06T18:00,12.1,82,11.4,43.0,3.1,0.0,1013.8
2026-03-06T19:00,11.3,83,10.9,0.0,0.6,0.0,1014.4
2026-03-06T20:00,10.9,83,10.3,0.0,0.7,0.0,1015.0
2026-03-06T21:00,10.5,82,9.8,0.0,0.2,0.0,1015.5
2026-03-06T22:00,9.4,84,8.4,0.0,1.1,0.0,1015.6
2026-03-06T23:00,8.9,87,7.6,0.0,3.3,0.0,1015.9
2026-03-07T00:00,8.0,87,6.6,0.0,2.3,0.0,1015.6
2026-03-07T01:00,7.6,85,6.1,0.0,2.5,0.0,1015.3
2026-03-07T02:00,7.3,80,5.6,0.0,2.7,0.0,1015.1
2026-03-07T03:00,7.2,79,5.3,0.0,2.7,0.0,1014.6
2026-03-07T04:00,7.1,79,5.2,0.0,2.9,0.0,1014.4
2026-03-07T05:00,7.3,76,5.1,0.0,4.8,0.0,1014.4
2026-03-07T06:00,7.0,72,4.9,0.0,2.5,0.0,1015.0
2026-03-07T07:00,9.0,65,7.1,35.0,1.8,0.0,1015.7
2026-03-07T08:00,14.2,53,12.5,215.0,2.9,0.0,1016.2
2026-03-07T09:00,16.9,40,14.7,431.0,4.3,0.0,1016.3
2026-03-07T10:00,18.4,35,15.9,621.0,8.5,0.0,1016.3
2026-03-07T11:00,18.6,39,16.6,759.0,12.4,0.0,1016.4
2026-03-07T12:00,19.5,41,18.1,831.0,13.4,0.0,1016.1
2026-03-07T13:00,19.7,42,18.1,825.0,14.8,0.0,1015.3
2026-03-07T14:00,19.3,43,17.1,742.0,15.7,0.0,1014.7
2026-03-07T15:00,18.8,39,15.6,599.0,15.3,0.0,1014.6
2026-03-07T16:00,17.9,44,14.7,437.0,14.2,0.0,1014.8
2026-03-07T17:00,16.3,56,13.9,229.0,12.3,0.0,1015.2
2026-03-07T18:00,13.1,72,11.7,44.0,6.4,0.0,1016.0
2026-03-07T19:00,11.7,78,10.9,0.0,1.9,0.0,1016.6
2026-03-07T20:00,10.4,80,9.3,0.0,2.8,0.0,1017.0
2026-03-07T21:00,10.3,79,9.1,0.0,2.9,0.0,1017.4
2026-03-07T22:00,9.7,79,8.3,0.0,2.7,0.0,1017.4
2026-03-07T23:00,9.4,77,7.7,0.0,4.6,0.0,1017.6
2026-03-08T00:00,9.4,72,7.7,0.0,3.1,0.0,1017.4
2026-03-08T01:00,9.2,68,7.2,0.0,3.3,0.0,1017.0
2026-03-08T02:00,9.1,64,6.9,0.0,3.6,0.0,1016.5
2026-03-08T03:00,8.9,63,6.6,0.0,3.9,0.0,1016.1
2026-03-08T04:00,8.7,64,6.4,0.0,4.1,0.0,1015.7
2026-03-08T05:00,8.9,62,6.2,0.0,6.0,0.0,1015.7
2026-03-08T06:00,8.5,62,6.0,0.0,4.3,0.0,1015.9
2026-03-08T07:00,10.2,56,7.8,36.0,3.8,0.0,1016.4
2026-03-08T08:00,15.3,46,13.1,216.0,4.9,0.0,1016.8
2026-03-08T09:00,18.1,31,15.1,432.0,7.0,0.0,1016.9
2026-03-08T10:00,19.3,26,15.6,621.0,12.7,0.0,1016.9
2026-03-08T11:00,19.5,27,16.2,761.0,15.5,0.0,1017.3
2026-03-08T12:00,20.6,25,17.3,809.0,16.9,0.0,1016.4
2026-03-08T13:00,20.5,24,16.9,800.0,18.5,0.0,1015.5
2026-03-08T14:00,20.0,25,15.9,685.0,17.4,0.0,1014.7
2026-03-08T15:00,19.6,27,15.3,591.0,16.4,0.0,1014.3
2026-03-08T16:00,18.8,28,14.4,413.0,15.6,0.0,1014.0
2026-03-08T17:00,17.6,37,14.0,223.0,13.3,0.0,1014.3
2026-03-08T18:00,13.9,49,11.3,46.0,7.1,0.0,1014.9
2026-03-08T19:00,12.0,60,9.8,0.0,5.5,0.0,1016.2
2026-03-08T20:00,11.8,63,10.3,0.0,1.9,0.0,1016.6
2026-03-08T21:00,10.7,66,8.8,0.0,3.7,0.0,1016.5
2026-03-08T22:00,9.8,63,7.9,0.0,2.5,0.0,1016.3
2026-03-08T23:00,10.1,62,8.1,0.0,2.8,0.0,1016.8
2026-03-09T00:00,9.1,56,6.6,0.0,3.5,0.0,1016.2
2026-03-09T01:00,8.9,48,5.9,0.0,4.1,0.0,1015.7
2026-03-09T02:00,9.1,41,6.0,0.0,3.8,0.0,1015.2
2026-03-09T03:00,9.0,37,5.6,0.0,4.3,0.0,1014.8
2026-03-09T04:00,8.6,37,5.2,0.0,4.0,0.0,1014.2
2026-03-09T05:00,7.2,47,3.7,0.0,6.1,0.0,1014.7
2026-03-09T06:00,7.7,44,4.3,0.0,5.4,0.0,1015.1
2026-03-09T07:00,9.3,41,5.8,40.0,5.9,0.0,1015.4
2026-03-09T08:00,15.1,36,12.1,226.0,6.0,0.0,1015.7
2026-03-09T09:00,18.6,21,14.8,445.0,7.8,0.0,1015.8
2026-03-09T10:00,19.7,17,15.4,635.0,13.1,0.0,1015.9
2026-03-09T11:00,20.1,19,16.4,775.0,14.9,0.0,1016.0
2026-03-09T12:00,21.6,16,17.7,843.0,18.0,0.0,1015.3
2026-03-09T13:00,21.2,20,17.3,842.0,19.2,0.0,1014.8
2026-03-09T14:00,20.7,25,16.9,749.0,18.2,0.0,1014.5
2026-03-09T15:00,20.0,30,16.0,627.0,17.9,0.0,1014.3
2026-03-09T16:00,18.9,35,15.0,448.0,15.9,0.0,1014.8
2026-03-09T17:00,17.1,44,14.1,232.0,11.7,0.0,1015.3
2026-03-09T18:00,13.9,55,11.9,40.0,5.6,0.0,1016.0
2026-03-09T19:00,12.7,59,11.1,0.0,2.3,0.0,1016.7
2026-03-09T20:00,11.9,63,10.4,0.0,2.2,0.0,1017.5
2026-03-09T21:00,10.7,69,9.2,0.0,2.2,0.0,1017.8
2026-03-09T22:00,9.7,72,8.1,0.0,2.4,0.0,1017.7
2026-03-09T23:00,9.0,74,7.0,0.0,4.7,0.0,1018.4
2026-03-10T00:00,8.7,67,6.7,0.0,2.9,0.0,1018.1
2026-03-10T01:00,8.4,62,6.1,0.0,3.1,0.0,1017.7
2026-03-10T02:00,7.9,60,5.5,0.0,2.9,0.0,1017.4
2026-03-10T03:00,8.0,58,5.6,0.0,2.3,0.0,1017.4
2026-03-10T04:00,8.5,55,6.1,0.0,2.3,0.0,1017.2
2026-03-10T05:00,8.4,68,5.9,0.0,5.7,0.0,1017.5
2026-03-10T06:00,7.1,71,5.1,0.0,2.0,0.0,1017.6
2026-03-10T07:00,9.4,61,7.5,41.0,0.9,0.0,1019.0
2026-03-10T08:00,15.5,44,13.5,226.0,2.7,0.0,1019.8
2026-03-10T09:00,17.4,38,14.7,443.0,6.7,0.0,1020.3
2026-03-10T10:00,19.0,32,16.5,634.0,8.3,0.0,1019.6
2026-03-10T11:00,19.2,32,15.9,660.0,14.4,0.0,1019.7
2026-03-10T12:00,19.8,35,17.5,839.0,16.4,0.0,1019.4
2026-03-10T13:00,19.9,33,17.1,753.0,16.0,0.0,1018.5
2026-03-10T14:00,19.5,35,16.2,679.0,17.1,0.0,1017.5
2026-03-10T15:00,19.1,36,15.6,615.0,16.2,0.0,1017.3
2026-03-10T16:00,18.1,37,14.3,425.0,15.4,0.0,1017.4
2026-03-10T17:00,17.0,45,14.0,227.0,11.8,0.0,1017.0
2026-03-10T18:00,13.3,63,11.5,49.0,5.9,0.0,1017.6
2026-03-10T19:00,12.1,73,10.9,0.0,3.1,0.0,1018.1
2026-03-10T20:00,11.8,74,11.0,0.0,0.9,0.0,1018.9
2026-03-10T21:00,10.8,78,10.0,0.0,0.6,0.0,1019.1
2026-03-10T22:00,10.0,81,9.2,0.0,0.6,0.0,1019.2
2026-03-10T23:00,10.3,86,9.5,0.0,1.9,0.0,1019.6
2026-03-11T00:00,9.3,87,8.3,0.0,1.4,0.0,1019.5
2026-03-11T01:00,8.7,86,7.6,0.0,1.3,0.0,1019.0
2026-03-11T02:00,8.2,85,6.9,0.0,2.2,0.0,1018.7
2026-03-11T03:00,7.3,87,5.9,0.0,2.1,0.0,1018.0
2026-03-11T04:00,6.9,85,5.3,0.0,2.4,0.0,1017.5
2026-03-11T05:00,6.6,80,4.0,0.0,7.6,0.0,1017.3
2026-03-11T06:00,5.8,81,3.4,0.0,5.1,0.0,1017.4
2026-03-11T07:00,6.9,75,4.4,45.0,5.9,0.0,1018.0
2026-03-11T08:00,13.7,46,11.0,229.0,5.9,0.0,1018.6
2026-03-11T09:00,17.2,22,13.5,454.0,6.3,0.0,1018.8
2026-03-11T10:00,18.5,19,14.5,635.0,11.0,0.0,1018.4
2026-03-11T11:00,19.2,20,16.0,768.0,11.7,0.0,1017.9
2026-03-11T12:00,20.4,20,17.5,849.0,13.5,0.0,1016.9
2026-03-11T13:00,20.4,21,17.3,844.0,15.0,0.0,1015.8
2026-03-11T14:00,20.2,21,16.5,769.0,15.7,0.0,1014.7
2026-03-11T15:00,19.5,22,15.2,634.0,14.8,0.0,1014.1
2026-03-11T16:00,18.5,23,13.9,450.0,13.8,0.0,1014.2
2026-03-11T17:00,17.3,29,13.6,229.0,10.1,0.0,1014.0
2026-03-11T18:00,13.7,39,10.8,44.0,5.7,0.0,1015.0
2026-03-11T19:00,13.1,45,10.9,0.0,1.7,0.0,1015.5
2026-03-11T20:00,12.6,46,10.4,0.0,1.5,0.0,1015.9
2026-03-11T21:00,11.1,49,8.8,0.0,2.4,0.0,1015.8
2026-03-11T22:00,10.8,47,8.1,0.0,4.0,0.0,1015.2
2026-03-11T23:00,10.1,58,7.8,0.0,3.6,0.0,1015.4
2026-03-12T00:00,9.7,57,7.5,0.0,2.5,0.0,1014.8
2026-03-12T01:00,9.5,56,7.2,0.0,2.3,0.0,1014.1
2026-03-12T02:00,9.7,53,7.2,0.0,3.2,0.0,1013.5
2026-03-12T03:00,9.1,55,6.3,0.0,5.4,0.1,1012.6
2026-03-12T04:00,8.4,58,5.7,0.0,4.7,0.0,1011.9
2026-03-12T05:00,9.0,55,6.1,0.0,5.8,0.0,1011.4
2026-03-12T06:00,8.9,53,6.4,0.0,2.5,0.0,1011.9
2026-03-12T07:00,9.5,54,6.9,33.0,3.9,0.0,1012.4
2026-03-12T08:00,14.9,46,12.7,174.0,4.5,0.0,1012.8
2026-03-12T09:00,17.8,30,15.2,420.0,3.0,0.0,1012.9
2026-03-12T10:00,18.6,29,15.1,596.0,11.8,0.0,1013.6
2026-03-12T11:00,17.7,32,14.7,557.0,7.2,0.1,1013.8
2026-03-12T12:00,17.3,40,16.3,832.0,8.3,1.0,1014.1
2026-03-12T13:00,17.7,38,16.2,772.0,8.5,0.8,1013.1
2026-03-12T14:00,17.6,34,15.0,646.0,8.8,0.3,1012.0
2026-03-12T15:00,17.3,34,13.9,497.0,10.6,0.4,1011.5
2026-03-12T16:00,16.6,32,12.6,303.0,12.2,0.0,1011.3
2026-03-12T17:00,15.6,34,12.4,191.0,7.3,0.0,1011.8
2026-03-12T18:00,12.0,46,9.3,51.0,4.5,0.0,1012.2
2026-03-12T19:00,11.3,45,8.2,0.0,6.9,0.0,1013.2
2026-03-12T20:00,9.2,58,6.4,0.0,5.8,0.0,1013.8
2026-03-12T21:00,8.0,68,5.4,0.0,6.0,0.0,1014.5
2026-03-12T22:00,7.3,73,4.7,0.0,6.1,0.0,1014.5
2026-03-12T23:00,8.3,72,5.6,0.0,7.9,0.0,1014.9
2026-03-13T00:00,7.8,71,5.2,0.0,6.3,0.0,1014.3
2026-03-13T01:00,7.2,69,4.4,0.0,6.2,0.0,1013.7
2026-03-13T02:00,6.7,64,3.7,0.0,6.2,0.0,1013.2
2026-03-13T03:00,6.5,59,3.4,0.0,6.0,0.0,1012.6
2026-03-13T04:00,6.1,57,2.9,0.0,6.0,0.0,1011.9
2026-03-13T05:00,6.6,67,3.7,0.0,6.3,0.0,1011.7
2026-03-13T06:00,6.2,65,3.7,0.0,2.9,0.0,1012.1
2026-03-13T07:00,8.0,59,5.3,48.0,4.1,0.0,1012.5
2026-03-13T08:00,13.1,47,10.6,231.0,4.7,0.0,1013.1
2026-03-13T09:00,15.8,33,13.4,468.0,1.4,0.0,1013.2
2026-03-13T10:00,17.7,26,15.5,658.0,3.1,0.0,1012.7
2026-03-13T11:00,17.9,22,15.7,786.0,6.6,0.2,1012.6
2026-03-13T12:00,18.8,21,15.6,754.0,11.7,0.1,1012.1
2026-03-13T13:00,18.1,22,14.0,690.0,15.5,0.0,1011.8
2026-03-13T14:00,17.1,24,12.5,509.0,13.8,0.0,1011.5
2026-03-13T15:00,17.2,24,12.8,480.0,12.8,0.0,1010.7
2026-03-13T16:00,16.5,26,12.2,355.0,12.5,0.0,1010.6
2026-03-13T17:00,15.1,33,10.8,218.0,13.7,0.0,1011.0
2026-03-13T18:00,12.0,43,8.9,44.0,6.0,0.0,1012.0
2026-03-13T19:00,10.3,54,7.9,0.0,3.9,0.0,1012.9
2026-03-13T20:00,9.3,57,7.2,0.0,1.4,0.0,1013.3
2026-03-13T21:00,7.9,60,5.5,0.0,2.5,0.0,1013.6
2026-03-13T22:00,7.8,59,5.1,0.0,4.0,0.0,1013.2
2026-03-13T23:00,7.4,66,4.8,0.0,4.8,0.0,1012.8
2026-03-14T00:00,7.7,62,5.2,0.0,3.4,0.0,1012.5
2026-03-14T01:00,7.6,59,4.9,0.0,3.8,0.0,1012.1
2026-03-14T02:00,7.3,58,4.5,0.0,4.2,0.0,1011.5
2026-03-14T03:00,7.0,59,4.1,0.0,4.4,0.0,1011.0
2026-03-14T04:00,6.6,58,3.8,0.0,4.0,0.0,1010.3
2026-03-14T05:00,7.5,55,4.2,0.0,7.0,0.0,1010.2
2026-03-14T06:00,7.1,55,4.1,0.0,4.5,0.0,1010.7
2026-03-14T07:00,7.2,56,4.3,28.0,4.0,0.0,1011.0
2026-03-14T08:00,12.3,46,9.8,154.0,3.8,0.0,1011.9
2026-03-14T09:00,16.2,24,13.2,340.0,2.4,0.0,1012.2
2026-03-14T10:00,17.9,20,14.2,535.0,5.6,0.0,1012.0
2026-03-14T11:00,17.9,19,14.7,678.0,7.8,0.0,1012.2
2026-03-14T12:00,19.2,15,15.6,712.0,10.0,0.0,1011.3
2026-03-14T13:00,18.1,17,13.3,490.0,12.2,0.0,1010.7
2026-03-14T14:00,17.2,20,12.4,400.0,13.6,0.0,1010.6
2026-03-14T15:00,16.2,23,11.6,266.0,12.2,0.0,1010.7
2026-03-14T16:00,15.0,28,11.2,134.0,8.1,0.0,1010.6
2026-03-14T17:00,14.3,32,10.6,126.0,9.0,0.0,1010.6
2026-03-14T18:00,11.2,52,9.2,49.0,0.8,0.0,1011.2
2026-03-14T19:00,9.0,51,6.6,0.0,1.8,0.0,1011.6
2026-03-14T20:00,8.7,49,6.0,0.0,2.5,0.0,1012.2
2026-03-14T21:00,8.4,47,5.4,0.0,3.8,0.0,1012.7
2026-03-14T22:00,7.5,47,4.4,0.0,4.2,0.0,1012.9
2026-03-14T23:00,8.3,46,4.8,0.0,6.3,0.0,1013.0
2026-03-15T00:00,7.8,45,4.4,0.0,5.7,0.0,1012.7
2026-03-15T01:00,6.3,48,3.1,0.0,3.7,0.0,1012.4
2026-03-15T02:00,5.7,49,2.5,0.0,3.8,0.0,1011.9
2026-03-15T03:00,4.7,51,1.3,0.0,4.5,0.0,1011.2
2026-03-15T04:00,3.6,53,0.2,0.0,4.1,0.0,1010.9
2026-03-15T05:00,5.1,55,1.5,0.0,7.3,0.0,1010.0
2026-03-15T06:00,4.5,56,1.3,0.0,4.0,0.0,1010.5
2026-03-15T07:00,7.8,52,4.4,15.0,7.8,0.0,1013.6
2026-03-15T08:00,9.5,55,6.2,138.0,9.4,0.0,1014.5
2026-03-15T09:00,11.1,50,7.6,258.0,10.3,0.0,1014.9
2026-03-15T10:00,11.8,44,8.2,298.0,10.4,0.0,1014.2
2026-03-15T11:00,11.4,46,7.6,339.0,11.4,0.0,1013.4
2026-03-15T12:00,13.5,39,10.0,456.0,9.0,0.0,1011.8
2026-03-15T13:00,12.9,39,8.7,583.0,14.3,0.0,1011.1
2026-03-15T14:00,6.5,83,4.3,221.0,4.6,1.3,1013.6
2026-03-15T15:00,6.8,85,5.0,163.0,3.6,1.1,1013.4
2026-03-15T16:00,7.9,69,5.4,243.0,6.0,0.1,1012.3
2026-03-15T17:00,5.5,93,2.7,148.0,10.0,1.5,1012.8
2026-03-15T18:00,5.4,93,3.2,37.0,6.0,0.0,1012.6
2026-03-15T19:00,4.5,96,2.1,0.0,6.3,0.0,1013.1
2026-03-15T20:00,3.9,95,1.2,0.0,7.9,0.6,1013.9
2026-03-15T21:00,3.3,93,0.8,0.0,4.7,0.5,1015.4
2026-03-15T22:00,3.2,99,0.6,0.0,6.4,2.6,1016.1
2026-03-15T23:00,3.8,97,1.0,0.0,9.0,0.3,1014.8
2026-03-16T00:00,3.2,95,0.4,0.0,7.4,0.2,1014.7
2026-03-16T01:00,2.3,95,-0.6,0.0,7.7,0.0,1014.4
2026-03-16T02:00,1.8,95,-1.3,0.0,7.3,0.0,1013.8
2026-03-16T03:00,1.4,94,-1.8,0.0,7.7,0.0,1012.7
2026-03-16T04:00,0.8,94,-2.3,0.0,7.1,0.0,1012.7
2026-03-16T05:00,1.0,93,-2.6,0.0,10.4,0.0,1012.0
2026-03-16T06:00,0.3,94,-3.3,0.0,9.6,0.0,1012.2
2026-03-16T07:00,2.2,89,-1.4,47.0,10.8,0.0,1012.6
2026-03-16T08:00,6.8,74,4.2,215.0,6.0,0.0,1013.8
2026-03-16T09:00,9.9,48,7.3,470.0,3.0,0.0,1013.7
2026-03-16T10:00,11.1,38,8.8,650.0,3.4,0.0,1013.6
2026-03-16T11:00,8.6,54,4.3,480.0,15.0,0.0,1013.6
2026-03-16T12:00,3.7,87,1.4,213.0,3.0,1.5,1017.4
2026-03-16T13:00,11.0,41,6.8,626.0,15.4,0.0,1011.5
2026-03-16T14:00,11.4,38,7.4,438.0,10.4,0.0,1010.1
2026-03-16T15:00,5.2,84,2.0,177.0,10.2,3.6,1013.1
2026-03-16T16:00,3.2,93,0.4,166.0,7.0,5.8,1013.5
2026-03-16T17:00,3.6,94,0.2,59.0,11.7,3.5,1014.0
2026-03-16T18:00,2.6,92,-0.9,34.0,11.5,0.0,1014.1
2026-03-16T19:00,1.7,82,-2.4,0.0,13.0,0.0,1013.5
2026-03-16T20:00,1.5,78,-2.7,0.0,12.3,0.0,1013.7
2026-03-16T21:00,1.5,71,-2.8,0.0,11.9,0.0,1014.2
2026-03-16T22:00,1.5,69,-2.7,0.0,11.2,0.1,1014.3
2026-03-16T23:00,2.1,86,-1.5,0.0,10.1,0.0,1014.4
2026-03-17T00:00,1.5,93,-1.9,0.0,9.2,0.7,1014.6
2026-03-17T01:00,1.0,92,-2.5,0.0,9.6,0.0,1013.9
2026-03-17T02:00,0.8,85,-3.2,0.0,11.4,0.0,1013.2
2026-03-17T03:00,1.6,73,-2.5,0.0,11.4,0.0,1012.6
2026-03-17T04:00,1.6,68,-2.5,0.0,10.1,0.0,1011.8
2026-03-17T05:00,2.8,67,-1.0,0.0,9.4,0.0,1011.5
2026-03-17T06:00,1.1,76,-2.5,0.0,7.3,0.0,1012.3
2026-03-17T07:00,2.5,75,-1.0,56.0,7.9,0.0,1012.7
2026-03-17T08:00,8.3,52,5.0,184.0,7.1,0.0,1013.3
2026-03-17T09:00,11.2,34,7.8,327.0,4.9,0.0,1013.6
2026-03-17T10:00,13.1,26,9.7,547.0,3.8,0.0,1013.4
2026-03-17T11:00,13.2,29,9.9,564.0,4.6,0.0,1013.6
2026-03-17T12:00,15.1,22,12.2,738.0,7.9,0.3,1012.8
2026-03-17T13:00,14.7,24,10.8,569.0,7.7,0.0,1012.3
2026-03-17T14:00,13.7,29,10.3,366.0,4.8,0.0,1012.2
2026-03-17T15:00,13.0,30,10.0,236.0,2.0,0.0,1012.2
2026-03-17T16:00,12.4,32,9.0,185.0,5.0,0.0,1012.4
2026-03-17T17:00,11.6,40,8.3,114.0,6.1,0.0,1012.2
2026-03-17T18:00,8.7,57,6.5,54.0,1.1,0.0,1013.0
2026-03-17T19:00,6.7,59,4.2,0.0,1.5,0.0,1013.4
2026-03-17T20:00,5.9,56,3.1,0.0,2.5,0.0,1013.7
2026-03-17T21:00,5.3,52,2.0,0.0,4.9,0.0,1013.7
2026-03-17T22:00,5.0,51,1.5,0.0,5.4,0.0,1013.6
2026-03-17T23:00,5.2,51,1.9,0.0,4.7,0.0,1013.7
2026-03-18T00:00,5.8,46,2.5,0.0,3.9,0.0,1013.7
2026-03-18T01:00,5.2,48,1.8,0.0,4.2,0.0,1013.7
2026-03-18T02:00,4.1,53,0.9,0.0,3.3,0.0,1013.3
2026-03-18T03:00,4.3,54,1.0,0.0,4.2,0.0,1013.7
2026-03-18T04:00,4.4,53,1.0,0.0,4.8,0.0,1012.9
2026-03-18T05:00,4.6,52,1.5,0.0,2.7,0.0,1013.3
2026-03-18T06:00,5.9,47,3.0,0.0,1.6,0.0,1014.2
2026-03-18T07:00,6.5,50,3.6,47.0,2.5,0.0,1014.5
2026-03-18T08:00,9.2,50,6.4,109.0,4.0,0.0,1015.4
2026-03-18T09:00,11.0,40,8.2,150.0,2.6,0.0,1016.0
2026-03-18T10:00,13.7,31,10.7,414.0,2.9,0.0,1015.7
2026-03-18T11:00,13.1,30,9.7,223.0,5.4,0.6,1016.1
2026-03-18T12:00,16.2,27,14.4,736.0,3.2,0.0,1014.7
2026-03-18T13:00,15.4,26,11.4,511.0,9.1,0.0,1014.7
2026-03-18T14:00,11.1,51,8.2,136.0,6.2,0.1,1015.9
2026-03-18T15:00,8.5,94,7.3,90.0,3.5,0.7,1015.6
2026-03-18T16:00,8.1,95,6.1,74.0,8.7,0.6,1014.5
2026-03-18T17:00,9.1,60,6.4,153.0,5.7,0.0,1014.8
2026-03-18T18:00,6.6,88,4.5,25.0,5.9,0.9,1016.0
2026-03-18T19:00,6.5,89,4.3,0.0,6.0,0.0,1016.2
2026-03-18T20:00,5.5,97,3.0,0.0,8.9,0.5,1016.7
2026-03-18T21:00,5.5,85,2.0,0.0,13.3,0.1,1017.0
2026-03-18T22:00,6.1,74,2.6,0.0,11.4,0.0,1017.3
2026-03-18T23:00,7.1,64,3.8,0.0,9.1,0.0,1017.1
2026-03-19T00:00,6.5,70,3.4,0.0,8.0,0.3,1017.2
2026-03-19T01:00,5.9,80,3.0,0.0,8.9,0.2,1016.6
2026-03-19T02:00,4.9,96,2.9,0.0,4.3,0.4,1016.4
2026-03-19T03:00,4.6,98,2.6,0.0,4.4,1.4,1016.8
2026-03-19T04:00,4.1,98,1.7,0.0,6.5,3.0,1016.4
2026-03-19T05:00,4.7,91,2.2,0.0,6.7,3.0,1017.2
2026-03-19T06:00,4.5,91,1.3,0.0,11.2,0.1,1016.8
2026-03-19T07:00,5.3,87,2.2,47.0,10.3,0.0,1017.4
2026-03-19T08:00,8.8,64,6.0,239.0,7.9,0.0,1017.8
2026-03-19T09:00,11.7,49,8.9,449.0,5.8,0.0,1017.2
2026-03-19T10:00,13.7,44,11.7,575.0,1.6,0.0,1016.6
2026-03-19T11:00,11.2,55,8.9,629.0,7.1,0.0,1017.2
2026-03-19T12:00,7.5,93,5.5,246.0,7.6,1.8,1018.6
2026-03-19T13:00,8.1,95,7.0,207.0,3.1,2.3,1017.7
2026-03-19T14:00,8.0,99,7.2,141.0,1.7,1.4,1016.6
2026-03-19T15:00,7.4,97,6.0,105.0,4.3,2.0,1015.8
2026-03-19T16:00,7.1,96,5.7,40.0,3.6,1.9,1015.3
2026-03-19T17:00,6.5,98,4.3,24.0,8.8,2.0,1014.7
2026-03-19T18:00,6.1,98,4.2,7.0,6.0,1.0,1014.5
2026-03-19T19:00,6.1,97,4.3,0.0,4.7,1.1,1014.8
2026-03-19T20:00,5.8,96,3.8,0.0,5.9,1.4,1015.4
2026-03-19T21:00,5.4,96,3.1,0.0,7.4,1.2,1015.3
2026-03-19T22:00,5.5,91,2.5,0.0,11.0,0.1,1014.8
2026-03-19T23:00,5.2,96,2.4,0.0,9.7,0.0,1014.7
2026-03-20T00:00,4.8,96,2.1,0.0,8.7,0.3,1014.7
2026-03-20T01:00,4.4,97,2.0,0.0,7.0,0.6,1014.1
2026-03-20T02:00,4.4,94,1.8,0.0,7.4,0.2,1013.5
2026-03-20T03:00,4.4,94,1.9,0.0,6.9,0.1,1013.0
2026-03-20T04:00,4.3,98,2.3,0.0,3.8,1.5,1012.5
2026-03-20T05:00,4.9,94,3.2,0.0,2.3,0.5,1012.6
2026-03-20T06:00,4.5,98,2.7,0.0,3.4,0.2,1012.5
2026-03-20T07:00,5.0,96,3.0,29.0,4.9,0.0,1012.7
2026-03-20T08:00,6.5,93,5.1,106.0,2.0,0.1,1013.5
2026-03-20T09:00,6.9,92,5.5,125.0,2.2,0.1,1014.2
2026-03-20T10:00,6.2,99,4.6,176.0,3.8,0.8,1015.1
2026-03-20T11:00,6.2,99,4.5,114.0,4.6,1.2,1014.6
2026-03-20T12:00,6.2,99,4.5,179.0,5.5,1.2,1014.3
2026-03-20T13:00,5.7,100,3.7,125.0,6.5,1.7,1013.9
2026-03-20T14:00,5.0,95,2.5,89.0,7.9,2.2,1013.5
2026-03-20T15:00,4.4,97,2.0,54.0,6.5,2.3,1013.2
2026-03-20T16:00,3.9,98,1.3,37.0,7.6,2.7,1013.2
2026-03-20T17:00,3.4,97,0.7,17.0,7.2,2.4,1013.8
2026-03-20T18:00,3.1,98,0.7,11.0,5.4,1.6,1014.2
2026-03-20T19:00,3.2,98,0.5,0.0,7.5,1.0,1013.7
2026-03-20T20:00,2.9,98,0.3,0.0,6.2,0.2,1013.6
2026-03-20T21:00,2.7,98,0.6,0.0,3.1,0.1,1013.9
2026-03-20T22:00,2.7,94,0.3,0.0,3.8,0.0,1013.9
2026-03-20T23:00,2.7,95,0.2,0.0,5.2,0.0,1014.0
2026-03-21T00:00,1.2,95,-1.1,0.0,1.7,0.0,1014.2
2026-03-21T01:00,0.6,92,-1.6,0.0,0.4,0.0,1014.1
2026-03-21T02:00,0.5,89,-1.9,0.0,0.9,0.0,1014.3
2026-03-21T03:00,0.0,89,-2.6,0.0,2.2,0.0,1014.4
2026-03-21T04:00,-0.5,94,-3.4,0.0,3.8,0.0,1013.5
2026-03-21T05:00,-0.3,92,-3.4,0.0,5.4,0.0,1013.8
2026-03-21T06:00,-1.7,99,-4.7,0.0,3.8,0.0,1014.2
2026-03-21T07:00,0.7,97,-2.0,74.0,4.3,0.0,1015.0
2026-03-21T08:00,6.9,78,4.8,275.0,3.4,0.0,1015.9
2026-03-21T09:00,9.5,49,7.1,501.0,1.6,0.0,1016.2
2026-03-21T10:00,11.5,36,9.2,694.0,4.7,0.0,1015.7
2026-03-21T11:00,12.6,33,10.5,836.0,8.2,0.0,1015.0
2026-03-21T12:00,13.9,31,11.9,900.0,9.9,0.0,1014.5
2026-03-21T13:00,13.4,39,11.1,861.0,13.0,0.0,1014.0
2026-03-21T14:00,12.0,54,9.3,740.0,14.1,0.2,1014.3
2026-03-21T15:00,11.1,58,7.4,497.0,14.8,0.1,1014.3
2026-03-21T16:00,10.0,63,6.7,335.0,12.0,0.0,1014.5
2026-03-21T17:00,8.8,68,5.2,235.0,13.7,0.0,1015.7
2026-03-21T18:00,7.2,77,4.7,35.0,7.1,0.0,1016.0
2026-03-21T19:00,6.1,85,4.2,0.0,2.6,0.0,1016.2
2026-03-21T20:00,5.3,88,3.5,0.0,2.3,0.0,1016.7
2026-03-21T21:00,4.6,88,2.6,0.0,2.3,0.0,1017.3
2026-03-21T22:00,4.6,88,2.6,0.0,2.2,0.0,1016.5
2026-03-21T23:00,4.5,89,2.7,0.0,1.1,0.0,1017.0
2026-03-22T00:00,3.4,88,1.3,0.0,2.2,0.0,1016.8
2026-03-22T01:00,3.2,89,1.0,0.0,2.3,0.0,1015.9
2026-03-22T02:00,2.6,87,0.3,0.0,1.8,0.0,1015.1
2026-03-22T03:00,2.5,84,0.1,0.0,1.6,0.0,1014.9
2026-03-22T04:00,2.8,82,0.4,0.0,2.1,0.0,1014.9
2026-03-22T05:00,3.3,82,0.8,0.0,3.5,0.0,1014.8
2026-03-22T06:00,2.7,84,0.2,0.0,2.6,0.0,1015.1
2026-03-22T07:00,5.8,75,3.6,77.0,2.2,0.0,1015.4
2026-03-22T08:00,9.7,56,7.1,285.0,4.8,0.0,1015.8
2026-03-22T09:00,11.8,43,8.3,506.0,9.2,0.0,1015.5
2026-03-22T10:00,13.6,35,10.5,696.0,10.9,0.0,1015.2
2026-03-22T11:00,13.9,38,11.4,828.0,12.9,0.0,1014.9
2026-03-22T12:00,15.3,31,12.6,880.0,14.4,0.0,1014.2
2026-03-22T13:00,15.5,28,12.4,896.0,16.3,0.0,1013.3
2026-03-22T14:00,14.8,35,11.4,818.0,17.7,0.0,1012.7
2026-03-22T15:00,13.7,43,9.9,680.0,17.6,0.0,1013.0
2026-03-22T16:00,12.3,54,8.3,489.0,16.5,0.0,1013.4
2026-03-22T17:00,10.5,65,7.1,260.0,14.4,0.0,1013.8
2026-03-22T18:00,8.3,78,5.6,64.0,9.3,0.0,1014.4
2026-03-22T19:00,6.4,89,4.8,0.0,2.6,0.0,1014.9
2026-03-22T20:00,5.7,91,4.1,0.0,1.6,0.0,1015.3
2026-03-22T21:00,4.9,92,3.2,0.0,1.5,0.0,1015.4
2026-03-22T22:00,4.3,93,2.5,0.0,2.0,0.0,1015.1
2026-03-22T23:00,4.7,91,2.9,0.0,2.0,0.0,1015.5
2026-03-23T00:00,3.9,91,1.9,0.0,2.0,0.0,1015.3
2026-03-23T01:00,3.5,89,1.4,0.0,1.8,0.0,1014.8
2026-03-23T02:00,3.6,86,1.5,0.0,1.5,0.0,1014.5
2026-03-23T03:00,4.4,81,2.2,0.0,2.5,0.0,1014.2
2026-03-23T04:00,5.3,75,2.8,0.0,4.0,0.0,1013.8
2026-03-23T05:00,5.7,77,3.3,0.0,4.2,0.0,1013.5
2026-03-23T06:00,4.9,78,2.7,0.0,2.2,0.0,1013.4
2026-03-23T07:00,7.4,71,5.4,78.0,2.2,0.0,1014.1
2026-03-23T08:00,11.8,55,10.0,274.0,1.4,0.0,1014.3
2026-03-23T09:00,13.2,46,10.5,502.0,6.3,0.0,1014.3
2026-03-23T10:00,14.3,43,12.0,685.0,8.8,0.0,1014.2
2026-03-23T11:00,14.1,46,12.0,789.0,12.4,0.0,1014.1
2026-03-23T12:00,12.9,51,9.9,687.0,14.2,1.1,1014.7
2026-03-23T13:00,11.8,56,9.0,406.0,8.7,1.4,1014.7
2026-03-23T14:00,12.6,54,9.5,579.0,11.8,0.0,1013.6
2026-03-23T15:00,12.8,54,10.3,597.0,9.3,0.0,1013.1
2026-03-23T16:00,12.4,54,9.2,414.0,11.6,0.1,1012.8
2026-03-23T17:00,11.3,53,8.0,202.0,10.8,0.1,1013.0
2026-03-23T18:00,8.5,71,6.5,58.0,3.8,0.0,1014.0
2026-03-23T19:00,7.7,73,6.0,0.0,0.8,0.0,1014.9
2026-03-23T20:00,6.7,76,4.9,0.0,1.1,0.0,1015.3
2026-03-23T21:00,6.0,77,4.0,0.0,1.4,0.0,1015.8
2026-03-23T22:00,5.5,78,3.5,0.0,1.3,0.0,1015.7
2026-03-23T23:00,6.2,78,4.1,0.0,3.1,0.0,1015.7
2026-03-24T00:00,5.1,80,3.1,0.0,1.6,0.0,1015.5
2026-03-24T01:00,4.7,79,2.5,0.0,1.8,0.0,1015.6
2026-03-24T02:00,4.3,80,2.0,0.0,2.0,0.0,1015.2
2026-03-24T03:00,3.8,82,1.5,0.0,2.9,0.0,1014.4
2026-03-24T04:00,3.2,82,0.8,0.0,2.7,0.0,1014.0
2026-03-24T05:00,3.7,78,1.0,0.0,3.8,0.0,1014.1
2026-03-24T06:00,3.5,76,1.0,0.0,2.2,0.0,1014.1
2026-03-24T07:00,6.9,67,4.5,83.0,3.1,0.0,1014.6
2026-03-24T08:00,10.9,53,8.6,292.0,3.0,0.0,1014.7
2026-03-24T09:00,12.3,45,8.8,513.0,9.9,0.0,1014.7
2026-03-24T10:00,13.3,42,10.2,702.0,13.0,0.0,1014.9
2026-03-24T11:00,13.3,41,10.5,797.0,14.5,0.0,1014.6
2026-03-24T12:00,14.0,40,11.0,879.0,17.8,0.0,1014.1
2026-03-24T13:00,13.5,42,10.1,853.0,20.2,0.0,1013.8
2026-03-24T14:00,12.8,48,9.1,750.0,20.5,0.0,1013.5
2026-03-24T15:00,12.3,52,8.2,598.0,18.4,0.1,1013.1
2026-03-24T16:00,11.4,58,7.6,460.0,15.9,0.5,1013.0
2026-03-24T17:00,10.9,59,7.2,258.0,14.5,0.0,1012.9
2026-03-24T18:00,8.7,67,5.9,68.0,7.8,0.0,1012.7
2026-03-24T19:00,7.1,74,5.1,0.0,2.2,0.0,1012.7
2026-03-24T20:00,6.6,75,4.5,0.0,2.6,0.0,1013.1
2026-03-24T21:00,6.6,75,4.4,0.0,3.5,0.0,1013.0
2026-03-24T22:00,5.8,75,3.5,0.0,3.1,0.0,1012.5
2026-03-24T23:00,6.8,73,4.8,0.0,2.0,0.0,1012.7
2026-03-25T00:00,5.8,74,3.6,0.0,2.1,0.0,1012.3
2026-03-25T01:00,5.2,75,3.1,0.0,1.4,0.0,1012.4
2026-03-25T02:00,5.3,73,3.2,0.0,1.3,0.0,1012.6
2026-03-25T03:00,5.4,75,3.3,0.0,1.9,0.0,1012.8
2026-03-25T04:00,4.8,77,2.3,0.0,4.2,0.0,1012.5
2026-03-25T05:00,5.0,80,2.7,0.0,3.5,0.0,1013.0
2026-03-25T06:00,3.9,84,1.5,1.0,3.8,0.0,1013.2
2026-03-25T07:00,7.1,74,4.9,87.0,4.4,0.0,1013.5
2026-03-25T08:00,11.3,52,8.7,298.0,5.2,0.0,1014.2
2026-03-25T09:00,13.5,40,10.0,519.0,10.0,0.0,1014.1
2026-03-25T10:00,15.0,32,11.8,711.0,12.4,0.0,1013.9
2026-03-25T11:00,15.6,31,13.1,850.0,13.0,0.0,1013.8
2026-03-25T12:00,17.2,22,14.4,915.0,14.0,0.0,1013.0
2026-03-25T13:00,17.3,18,13.6,862.0,16.5,0.0,1012.2
2026-03-25T14:00,16.2,30,12.4,731.0,16.5,0.0,1012.1
2026-03-25T15:00,15.1,41,11.2,582.0,16.1,0.0,1012.2
2026-03-25T16:00,14.0,51,10.6,436.0,13.6,0.0,1012.4
2026-03-25T17:00,12.7,57,9.5,258.0,12.8,0.0,1012.5
2026-03-25T18:00,9.9,72,7.7,71.0,7.0,0.0,1013.4
2026-03-25T19:00,8.1,80,6.4,0.0,3.5,0.0,1014.4
2026-03-25T20:00,8.3,78,6.7,0.0,1.9,0.0,1015.3
2026-03-25T21:00,8.0,76,6.4,0.0,1.5,0.0,1016.0
2026-03-25T22:00,7.1,80,5.3,0.0,2.7,0.0,1016.1
2026-03-25T23:00,7.4,82,5.9,0.0,1.8,0.0,1016.8
2026-03-26T00:00,8.2,78,6.8,0.0,1.3,0.0,1016.6
2026-03-26T01:00,7.7,73,5.9,0.0,1.7,0.0,1016.3
2026-03-26T02:00,7.6,67,5.4,0.0,2.9,0.0,1016.4
2026-03-26T03:00,8.1,71,5.8,0.0,4.9,0.3,1016.3
2026-03-26T04:00,7.3,77,5.1,0.0,4.7,0.0,1015.8
2026-03-26T05:00,7.4,84,5.8,0.0,2.5,0.0,1015.9
2026-03-26T06:00,7.3,80,5.4,1.0,3.4,0.0,1016.4
2026-03-26T07:00,9.0,76,7.2,86.0,3.6,0.0,1016.6
2026-03-26T08:00,13.0,63,11.5,293.0,3.3,0.0,1017.0
2026-03-26T09:00,15.4,36,12.6,510.0,5.4,0.0,1017.0
2026-03-26T10:00,16.4,28,13.0,689.0,11.8,0.0,1017.2
2026-03-26T11:00,17.0,27,14.4,820.0,11.8,0.0,1017.0
2026-03-26T12:00,17.6,29,15.0,893.0,15.4,0.1,1016.2
2026-03-26T13:00,16.7,36,13.5,762.0,16.2,0.8,1015.7
2026-03-26T14:00,16.7,37,13.9,741.0,13.9,0.2,1015.1
2026-03-26T15:00,16.1,39,12.2,575.0,15.5,0.0,1014.4
2026-03-26T16:00,14.6,47,10.8,429.0,15.3,0.1,1014.9
2026-03-26T17:00,13.2,52,9.6,192.0,14.1,0.0,1015.3
2026-03-26T18:00,11.4,61,8.8,44.0,8.1,0.0,1015.4
2026-03-26T19:00,9.8,72,8.0,0.0,3.8,0.0,1015.5
2026-03-26T20:00,9.0,72,7.6,0.0,0.4,0.0,1016.1
2026-03-26T21:00,8.8,72,7.3,0.0,0.6,0.0,1016.5
2026-03-26T22:00,8.7,72,7.2,0.0,0.9,0.0,1016.3
2026-03-26T23:00,8.2,82,6.8,0.0,2.3,0.0,1016.1
2026-03-27T00:00,7.5,85,5.7,0.0,3.8,0.0,1015.3
2026-03-27T01:00,6.6,86,4.8,0.0,3.2,0.0,1014.2
2026-03-27T02:00,6.3,84,4.6,0.0,2.0,0.0,1013.3
2026-03-27T03:00,6.1,81,4.2,0.0,2.2,0.0,1012.6
2026-03-27T04:00,5.6,80,3.6,0.0,2.0,0.0,1011.9
2026-03-27T05:00,6.1,75,3.7,0.0,4.2,0.0,1011.6
2026-03-27T06:00,6.1,74,4.0,1.0,1.5,0.0,1012.6
2026-03-27T07:00,8.9,65,6.5,87.0,5.4,0.0,1014.2
2026-03-27T08:00,10.9,65,8.8,244.0,4.9,0.0,1014.1
2026-03-27T09:00,13.5,53,11.5,492.0,4.0,0.0,1013.3
2026-03-27T10:00,15.0,46,13.0,649.0,7.0,0.0,1013.1
2026-03-27T11:00,10.8,71,8.1,380.0,11.3,0.0,1015.1
2026-03-27T12:00,12.4,59,10.7,479.0,2.6,1.6,1014.0
2026-03-27T13:00,13.3,51,10.8,490.0,6.6,0.1,1012.1
2026-03-27T14:00,14.1,50,11.5,531.0,7.9,0.0,1010.9
2026-03-27T15:00,13.2,55,10.7,275.0,8.1,0.0,1010.1
2026-03-27T16:00,13.7,54,11.3,403.0,6.9,0.0,1009.0
2026-03-27T17:00,13.1,55,10.1,261.0,11.5,0.0,1008.8
2026-03-27T18:00,10.5,69,8.4,66.0,6.7,0.0,1009.2
2026-03-27T19:00,8.5,80,6.7,0.0,4.3,0.0,1010.2
2026-03-27T20:00,7.8,83,6.1,0.0,3.2,0.0,1011.2
2026-03-27T21:00,7.4,85,6.0,0.0,1.2,0.0,1011.7
2026-03-27T22:00,6.7,88,5.4,0.0,0.7,0.0,1011.8
2026-03-27T23:00,7.7,90,6.5,0.0,1.7,0.0,1011.9
2026-03-28T00:00,7.1,90,5.6,0.0,2.4,0.0,1010.9
2026-03-28T01:00,6.4,90,4.7,0.0,3.1,0.0,1009.7
2026-03-28T02:00,5.8,89,4.1,0.0,1.8,0.0,1009.1
2026-03-28T03:00,5.7,87,3.9,0.0,1.8,0.0,1008.3
2026-03-28T04:00,5.5,86,3.4,0.0,3.4,0.0,1007.6
2026-03-28T05:00,5.2,83,3.1,0.0,3.0,0.0,1007.7
2026-03-28T06:00,5.1,82,3.1,1.0,1.8,0.0,1007.9
2026-03-28T07:00,8.5,71,6.8,93.0,1.6,0.0,1008.9
2026-03-28T08:00,12.8,57,11.2,298.0,1.6,0.0,1009.6
2026-03-28T09:00,14.8,48,12.4,499.0,6.7,0.0,1009.6
2026-03-28T10:00,15.9,45,13.6,636.0,9.0,0.0,1009.3
2026-03-28T11:00,16.5,42,14.3,725.0,11.7,0.0,1009.0
2026-03-28T12:00,17.0,41,14.6,746.0,13.1,0.0,1008.6
2026-03-28T13:00,16.6,45,13.9,682.0,14.1,0.0,1008.4
2026-03-28T14:00,16.3,49,14.3,730.0,13.0,0.0,1008.2
2026-03-28T15:00,15.0,55,12.3,502.0,11.9,0.4,1008.2
2026-03-28T16:00,15.2,54,12.6,442.0,10.6,0.0,1007.7
2026-03-28T17:00,13.9,60,11.5,259.0,9.5,0.0,1008.0
2026-03-28T18:00,11.4,75,9.6,73.0,6.8,0.0,1008.8
2026-03-28T19:00,9.6,82,8.7,0.0,1.0,0.0,1009.3
2026-03-28T20:00,8.6,86,7.5,0.0,1.9,0.0,1009.6
2026-03-28T21:00,8.2,88,6.8,0.0,3.3,0.0,1010.2
2026-03-28T22:00,7.8,88,6.1,0.0,4.4,0.0,1010.1
2026-03-28T23:00,8.2,88,6.5,0.0,5.6,0.0,1010.7
2026-03-29T00:00,8.7,86,6.8,0.0,7.0,0.0,1010.3
2026-03-29T01:00,7.5,89,5.4,0.0,6.9,0.0,1009.7
2026-03-29T02:00,7.3,89,5.4,0.0,5.6,0.0,1009.7
2026-03-29T03:00,7.9,84,6.2,0.0,4.2,0.0,1009.8
2026-03-29T04:00,7.9,83,5.9,0.0,5.6,0.1,1009.3
2026-03-29T05:00,9.2,62,6.8,0.0,5.0,0.0,1009.6
2026-03-29T06:00,9.4,59,7.2,0.0,2.3,0.0,1009.8
2026-03-29T07:00,10.5,59,8.5,37.0,2.4,0.0,1011.2
2026-03-29T08:00,10.3,79,8.8,68.0,4.4,0.6,1012.9
2026-03-29T09:00,9.3,99,8.1,109.0,6.7,1.0,1014.0
2026-03-29T10:00,9.8,90,8.5,90.0,5.9,0.5,1014.3
2026-03-29T11:00,9.9,93,9.2,166.0,3.3,0.8,1015.5
2026-03-29T12:00,10.1,90,8.7,180.0,7.0,2.4,1015.2
2026-03-29T13:00,12.9,66,10.7,455.0,9.4,1.0,1013.7
2026-03-29T14:00,15.8,52,14.1,638.0,7.7,0.0,1012.0
2026-03-29T15:00,16.7,49,15.4,626.0,5.1,0.0,1010.4
2026-03-29T16:00,16.2,50,14.9,469.0,1.7,0.2,1009.6
2026-03-29T17:00,15.4,49,13.4,247.0,5.6,0.0,1010.2
2026-03-29T18:00,12.1,65,10.8,74.0,1.7,0.0,1010.6
2026-03-29T19:00,10.9,70,9.2,0.0,3.8,0.0,1011.1
2026-03-29T20:00,10.3,72,8.7,0.0,3.5,0.0,1011.9
2026-03-29T21:00,9.4,75,7.6,0.0,4.3,0.0,1012.0
2026-03-29T22:00,8.2,78,6.1,0.0,5.4,0.0,1011.8
2026-03-29T23:00,7.9,82,5.8,0.0,6.4,0.0,1012.3
2026-03-30T00:00,7.0,86,4.8,0.0,6.6,0.0,1012.3
2026-03-30T01:00,6.2,89,4.0,0.0,6.3,0.0,1011.8
2026-03-30T02:00,5.8,90,3.7,0.0,4.9,0.0,1011.3
2026-03-30T03:00,5.9,88,3.9,0.0,3.9,0.1,1011.2
2026-03-30T04:00,6.9,84,4.9,0.0,4.9,0.0,1011.1
2026-03-30T05:00,7.0,83,4.5,0.0,7.5,0.0,1011.0
2026-03-30T06:00,7.0,84,4.7,2.0,6.7,0.0,1011.5
2026-03-30T07:00,10.4,74,8.3,84.0,7.4,0.0,1012.7
2026-03-30T08:00,14.9,61,13.5,268.0,5.1,0.0,1013.0
2026-03-30T09:00,16.8,52,15.4,459.0,4.1,0.0,1013.0
2026-03-30T10:00,17.4,51,15.4,545.0,8.6,0.1,1013.3
2026-03-30T11:00,16.6,53,14.4,528.0,9.5,2.2,1014.0
2026-03-30T12:00,18.4,47,17.6,762.0,9.0,0.0,1013.0
2026-03-30T13:00,13.0,72,10.9,607.0,13.5,2.5,1015.1
2026-03-30T14:00,12.2,74,10.8,329.0,5.5,1.3,1015.0
2026-03-30T15:00,10.6,81,9.0,376.0,6.1,2.8,1015.9
2026-03-30T16:00,11.7,73,9.8,160.0,8.1,0.0,1014.7
2026-03-30T17:00,9.8,99,8.8,153.0,6.7,0.0,1014.7
2026-03-30T18:00,9.7,96,8.3,15.0,8.3,0.7,1013.9
2026-03-30T19:00,9.2,94,7.6,0.0,8.3,0.0,1013.6
2026-03-30T20:00,8.7,93,7.5,0.0,4.5,0.0,1013.8
2026-03-30T21:00,8.2,91,7.0,0.0,3.1,0.0,1014.8
2026-03-30T22:00,7.8,92,5.8,0.0,7.5,0.0,1014.6
2026-03-30T23:00,8.5,86,6.9,0.0,4.4,0.0,1014.6
2026-03-31T00:00,8.2,83,6.5,0.0,4.3,0.0,1014.2
2026-03-31T01:00,8.1,78,6.4,0.0,2.3,0.0,1013.8
2026-03-31T02:00,7.7,75,6.1,0.0,0.4,0.0,1013.5
2026-03-31T03:00,7.6,74,6.0,0.0,0.6,0.0,1013.1
2026-03-31T04:00,7.5,73,5.8,0.0,0.4,0.0,1013.0
2026-03-31T05:00,8.3,72,6.5,0.0,2.1,0.0,1013.0
2026-03-31T06:00,7.2,76,5.3,3.0,2.2,0.0,1012.9
2026-03-31T07:00,10.0,70,8.3,105.0,3.2,0.0,1013.7
2026-03-31T08:00,13.7,57,12.4,318.0,1.0,0.0,1014.7
2026-03-31T09:00,15.5,48,13.8,536.0,2.8,0.0,1014.7
2026-03-31T10:00,17.2,38,15.7,683.0,4.9,0.0,1014.2
2026-03-31T11:00,16.6,39,14.2,697.0,10.1,0.0,1014.9
2026-03-31T12:00,17.9,38,16.9,887.0,9.5,0.0,1014.0
2026-03-31T13:00,16.8,40,14.5,780.0,13.5,0.0,1013.8
2026-03-31T14:00,13.3,53,10.4,420.0,9.8,0.9,1015.0
2026-03-31T15:00,14.6,44,12.1,390.0,4.8,0.0,1012.7
2026-03-31T16:00,15.4,40,13.0,392.0,3.6,0.0,1012.1
2026-03-31T17:00,14.5,40,11.6,240.0,6.7,0.0,1011.5
2026-03-31T18:00,12.2,55,10.6,52.0,0.2,0.0,1012.0
2026-03-31T19:00,10.5,54,8.1,0.0,3.6,0.0,1013.0
2026-03-31T20:00,9.3,59,6.8,0.0,4.5,0.0,1014.2
2026-03-31T21:00,9.1,57,6.3,0.0,5.7,0.0,1015.5
2026-03-31T22:00,8.6,73,6.7,0.0,3.7,0.0,1017.4
2026-03-31T23:00,7.0,89,4.6,0.0,8.7,0.0,1017.9
2026-04-01T00:00,6.5,95,4.3,0.0,7.6,0.2,1017.4
2026-04-01T01:00,6.1,98,4.0,0.0,6.8,0.2,1016.5
2026-04-01T02:00,6.2,94,3.6,0.0,9.8,0.0,1015.0
2026-04-01T03:00,5.4,94,2.8,0.0,8.6,0.0,1013.9
2026-04-01T04:00,5.2,90,2.6,0.0,8.1,0.0,1013.7
2026-04-01T05:00,6.3,75,3.1,0.0,10.1,0.0,1014.4
2026-04-01T06:00,6.3,74,3.2,3.0,8.8,0.0,1014.9
2026-04-01T07:00,8.3,68,5.4,107.0,8.5,0.0,1015.6
2026-04-01T08:00,12.3,49,9.7,309.0,4.8,0.0,1016.0
2026-04-01T09:00,14.9,40,12.1,524.0,6.2,0.0,1015.7
2026-04-01T10:00,15.8,38,13.1,656.0,10.1,0.3,1015.9
2026-04-01T11:00,15.9,38,12.9,622.0,10.3,0.2,1016.3
2026-04-01T12:00,16.9,37,14.3,661.0,10.0,0.0,1015.8
2026-04-01T13:00,17.0,38,14.6,696.0,10.6,0.0,1015.3
2026-04-01T14:00,16.5,41,13.5,509.0,9.9,0.0,1014.5
2026-04-01T15:00,15.5,45,12.8,464.0,8.4,0.0,1013.9
2026-04-01T16:00,14.3,49,12.1,243.0,4.7,0.3,1013.8
2026-04-01T17:00,13.9,48,11.2,84.0,7.5,0.0,1013.8
2026-04-01T18:00,12.0,57,9.8,29.0,5.0,0.0,1014.4
2026-04-01T19:00,10.7,61,8.2,0.0,6.5,0.0,1015.2
2026-04-01T20:00,9.4,66,6.9,0.0,6.2,0.0,1015.4
2026-04-01T21:00,8.5,70,6.1,0.0,5.8,0.0,1015.6
2026-04-01T22:00,7.0,73,4.6,0.0,5.0,0.0,1015.4
2026-04-01T23:00,7.0,71,4.6,0.0,4.7,0.0,1015.3
2026-04-02T00:00,7.1,70,4.7,0.0,3.9,0.0,1015.3
2026-04-02T01:00,6.4,72,3.9,0.0,4.5,0.0,1015.0
2026-04-02T02:00,6.0,73,3.5,0.0,4.7,0.0,1014.5
2026-04-02T03:00,6.5,69,3.9,0.0,4.7,0.0,1014.5
2026-04-02T04:00,6.6,65,3.8,0.0,4.9,0.0,1014.2
2026-04-02T05:00,8.5,54,5.7,0.0,4.4,0.0,1014.3
2026-04-02T06:00,7.4,64,4.7,2.0,5.2,0.4,1015.3
2026-04-02T07:00,8.9,69,6.0,72.0,9.7,0.2,1015.0
2026-04-02T08:00,13.2,56,11.2,278.0,4.7,0.0,1015.9
2026-04-02T09:00,16.9,36,14.8,514.0,1.3,0.0,1016.0
2026-04-02T10:00,18.2,33,16.4,641.0,4.0,0.0,1015.9
2026-04-02T11:00,19.1,33,18.0,801.0,6.1,0.0,1015.8
2026-04-02T12:00,19.9,31,18.7,860.0,9.1,0.0,1015.0
2026-04-02T13:00,19.8,31,18.4,854.0,9.9,0.0,1014.1
2026-04-02T14:00,19.5,30,17.9,783.0,7.6,0.0,1013.1
2026-04-02T15:00,19.7,30,16.9,623.0,9.6,0.0,1012.1
2026-04-02T16:00,17.6,35,14.1,432.0,11.7,0.1,1012.7
2026-04-02T17:00,16.8,35,13.1,220.0,12.1,0.0,1012.9
2026-04-02T18:00,13.2,53,11.5,80.0,2.1,0.0,1013.6
2026-04-02T19:00,11.3,54,9.2,1.0,2.3,0.0,1013.7
2026-04-02T20:00,11.0,55,8.8,0.0,3.1,0.0,1013.9
2026-04-02T21:00,11.0,55,8.6,0.0,4.4,0.0,1014.3
2026-04-02T22:00,10.1,57,7.6,0.0,5.0,0.0,1014.5
2026-04-02T23:00,9.6,61,7.1,0.0,5.2,0.0,1014.2
2026-04-03T00:00,9.9,58,7.2,0.0,6.7,0.0,1013.8
2026-04-03T01:00,9.4,61,6.9,0.0,5.1,0.0,1013.5
2026-04-03T02:00,9.5,61,7.2,0.0,4.3,0.0,1013.4
2026-04-03T03:00,9.0,62,6.5,0.0,5.1,0.0,1013.1
2026-04-03T04:00,8.4,65,5.8,0.0,5.7,0.0,1012.5
2026-04-03T05:00,8.7,62,5.6,0.0,8.8,0.0,1011.7
2026-04-03T06:00,7.6,66,4.8,4.0,7.1,0.0,1012.3
2026-04-03T07:00,11.1,59,8.5,76.0,6.9,0.0,1012.8
2026-04-03T08:00,16.4,42,14.2,237.0,5.3,0.0,1013.5
2026-04-03T09:00,17.7,37,14.9,373.0,7.9,0.0,1013.6
2026-04-03T10:00,17.6,35,14.1,428.0,11.8,0.0,1014.2
2026-04-03T11:00,17.1,37,13.3,625.0,17.1,0.1,1014.9
2026-04-03T12:00,16.0,41,12.0,459.0,16.0,0.0,1015.1
2026-04-03T13:00,16.0,46,12.9,380.0,11.8,0.0,1014.4
2026-04-03T14:00,17.9,38,14.2,547.0,14.4,0.0,1012.7
2026-04-03T15:00,18.0,32,13.6,510.0,16.7,0.0,1010.9
2026-04-03T16:00,15.8,37,11.0,354.0,19.9,0.1,1011.3
2026-04-03T17:00,13.3,58,11.3,39.0,5.9,1.0,1012.1
2026-04-03T18:00,9.7,85,7.8,47.0,8.5,1.6,1014.4
2026-04-03T19:00,8.6,95,6.7,0.0,9.2,1.0,1016.9
2026-04-03T20:00,8.5,95,6.3,0.0,11.2,0.3,1016.3
2026-04-03T21:00,7.9,93,5.5,0.0,10.6,0.4,1016.4
2026-04-03T22:00,7.5,91,5.3,0.0,8.3,0.1,1016.1
2026-04-03T23:00,7.6,97,5.4,0.0,9.9,1.0,1017.4
2026-04-04T00:00,7.4,95,5.5,0.0,7.5,2.0,1016.9
2026-04-04T01:00,7.3,95,4.8,0.0,10.9,2.0,1015.6
2026-04-04T02:00,6.9,90,4.2,0.0,11.0,0.0,1014.9
2026-04-04T03:00,6.7,89,3.9,0.0,11.2,0.0,1013.9
2026-04-04T04:00,6.1,89,3.0,0.0,12.0,0.0,1013.7
2026-04-04T05:00,6.8,85,4.5,0.0,7.2,0.0,1013.3
2026-04-04T06:00,6.5,89,4.3,4.0,6.1,0.0,1013.3
2026-04-04T07:00,8.0,89,6.2,62.0,5.6,0.0,1013.8
2026-04-04T08:00,11.1,76,10.0,198.0,2.8,0.0,1014.6
2026-04-04T09:00,13.9,56,11.6,403.0,7.5,0.0,1014.7
2026-04-04T10:00,15.3,46,12.6,597.0,10.4,0.1,1014.3
2026-04-04T11:00,15.5,57,14.6,740.0,8.6,3.5,1014.6
2026-04-04T12:00,9.4,89,7.9,452.0,6.3,5.2,1017.0
2026-04-04T13:00,12.6,65,10.9,598.0,7.2,0.2,1015.6
2026-04-04T14:00,12.0,65,9.8,415.0,7.6,0.4,1014.7
2026-04-04T15:00,13.3,53,10.9,386.0,7.2,0.1,1012.7
2026-04-04T16:00,12.2,58,9.8,303.0,7.0,1.2,1012.2
2026-04-04T17:00,10.7,65,8.3,255.0,6.9,0.3,1012.7
2026-04-04T18:00,9.2,76,7.7,69.0,1.8,0.0,1012.5
2026-04-04T19:00,8.5,73,6.5,1.0,4.0,0.0,1012.5
2026-04-04T20:00,8.2,71,5.8,0.0,5.6,0.0,1012.7
2026-04-04T21:00,7.3,74,4.9,0.0,6.0,0.0,1013.0
2026-04-04T22:00,6.4,79,3.9,0.0,5.6,0.0,1013.2
2026-04-04T23:00,7.7,71,5.8,0.0,1.2,0.0,1013.1
2026-04-05T00:00,7.4,69,5.5,0.0,1.0,0.0,1012.9
2026-04-05T01:00,6.7,72,4.5,0.0,2.9,0.0,1012.5
2026-04-05T02:00,5.3,82,3.1,0.0,3.4,1.8,1013.6
2026-04-05T03:00,4.4,94,1.4,0.0,10.4,2.3,1013.9
2026-04-05T04:00,3.6,95,0.6,0.0,9.2,0.1,1012.7
2026-04-05T05:00,4.9,95,1.5,0.0,14.1,0.0,1014.0
2026-04-05T06:00,4.4,93,1.2,4.0,11.5,0.0,1013.7
2026-04-05T07:00,6.5,85,3.8,112.0,8.8,0.0,1013.5
2026-04-05T08:00,9.8,70,7.8,308.0,5.2,0.0,1013.5
2026-04-05T09:00,12.7,49,10.5,532.0,3.4,0.1,1012.7
2026-04-05T10:00,14.5,40,12.4,683.0,6.6,0.0,1012.1
2026-04-05T11:00,14.9,36,12.6,771.0,10.0,0.0,1012.2
2026-04-05T12:00,14.4,39,11.7,749.0,12.5,0.5,1012.1
2026-04-05T13:00,13.1,44,9.2,518.0,13.1,0.6,1011.7
2026-04-05T14:00,11.1,58,8.8,591.0,6.3,1.2,1012.3
2026-04-05T15:00,10.2,65,7.7,438.0,7.0,0.3,1011.9
2026-04-05T16:00,8.7,70,6.4,217.0,5.6,0.0,1012.3
2026-04-05T17:00,9.6,72,8.1,147.0,1.7,0.0,1011.0
2026-04-05T18:00,8.1,82,6.4,65.0,3.5,0.0,1011.6
2026-04-05T19:00,6.4,86,4.4,1.0,4.3,0.0,1011.9
2026-04-05T20:00,6.1,84,4.1,0.0,3.8,0.0,1012.1
2026-04-05T21:00,5.3,85,3.2,0.0,3.6,0.0,1012.4
2026-04-05T22:00,5.0,83,3.0,0.0,1.8,0.0,1012.4
2026-04-05T23:00,5.3,82,3.0,0.0,3.8,0.0,1012.6
2026-04-06T00:00,5.2,81,3.0,0.0,3.3,0.0,1012.3
2026-04-06T01:00,4.2,85,1.9,0.0,3.8,0.0,1011.8
2026-04-06T02:00,3.3,88,0.9,0.0,3.8,0.0,1011.5
2026-04-06T03:00,3.1,88,0.6,0.0,3.6,0.0,1011.8
2026-04-06T04:00,2.8,88,0.2,0.0,4.0,0.0,1011.8
2026-04-06T05:00,3.6,85,1.0,0.0,4.9,0.0,1012.2
2026-04-06T06:00,3.0,88,0.2,6.0,5.8,0.0,1013.2
2026-04-06T07:00,6.9,73,4.2,110.0,6.2,0.0,1013.5
2026-04-06T08:00,10.3,57,8.1,339.0,3.1,0.0,1013.2
2026-04-06T09:00,12.6,46,10.6,556.0,1.2,0.1,1013.1
2026-04-06T10:00,14.1,39,12.0,704.0,6.5,0.1,1013.3
2026-04-06T11:00,14.8,38,12.4,738.0,10.0,0.0,1013.4
2026-04-06T12:00,15.5,39,13.7,862.0,11.5,0.1,1013.0
2026-04-06T13:00,14.0,41,11.1,644.0,9.6,0.1,1012.4
2026-04-06T14:00,12.1,47,9.0,351.0,7.9,0.1,1012.8
2026-04-06T15:00,13.1,45,10.7,424.0,3.1,0.0,1011.8
2026-04-06T16:00,13.5,42,10.8,382.0,4.9,0.0,1010.8
2026-04-06T17:00,10.0,67,7.1,234.0,10.3,0.2,1012.3
2026-04-06T18:00,8.3,79,6.1,60.0,6.5,0.0,1012.5
2026-04-06T19:00,6.2,88,4.0,1.0,6.2,0.0,1012.4
2026-04-06T20:00,5.6,87,3.5,0.0,4.4,0.0,1013.0
2026-04-06T21:00,5.0,86,2.5,0.0,5.7,0.0,1013.8
2026-04-06T22:00,4.2,85,1.6,0.0,5.3,0.0,1013.9
2026-04-06T23:00,4.3,82,1.7,0.0,5.0,0.0,1013.8
2026-04-07T00:00,4.2,78,1.6,0.0,4.6,0.0,1014.1
2026-04-07T01:00,4.2,76,1.3,0.0,5.8,0.0,1013.6
2026-04-07T02:00,3.3,81,0.4,0.0,6.1,0.0,1013.1
2026-04-07T03:00,2.6,83,-0.4,0.0,6.4,0.0,1012.5
2026-04-07T04:00,2.5,81,-0.4,0.0,5.0,0.0,1011.5
2026-04-07T05:00,3.4,80,0.4,0.0,6.5,0.0,1012.0
2026-04-07T06:00,3.1,80,0.1,7.0,6.5,0.0,1012.1
2026-04-07T07:00,7.8,67,4.9,128.0,7.5,0.0,1012.7
2026-04-07T08:00,11.8,47,9.0,323.0,5.7,0.0,1012.9
2026-04-07T09:00,12.9,40,9.4,378.0,8.6,0.0,1013.0
2026-04-07T10:00,14.3,37,10.5,634.0,14.3,0.4,1012.5
2026-04-07T11:00,10.1,58,6.3,482.0,13.9,2.7,1013.7
2026-04-07T12:00,10.7,56,7.4,210.0,10.9,0.3,1012.7
2026-04-07T13:00,13.0,43,9.3,439.0,11.3,0.1,1011.3
2026-04-07T14:00,11.2,58,8.4,430.0,8.7,1.5,1011.1
2026-04-07T15:00,12.4,47,9.2,343.0,9.4,0.0,1009.0
2026-04-07T16:00,11.4,48,8.3,246.0,7.5,0.0,1008.9
2026-04-07T17:00,8.4,67,5.2,127.0,10.3,0.0,1010.1
2026-04-07T18:00,7.0,79,4.7,24.0,6.0,0.2,1010.5
2026-04-07T19:00,6.2,95,4.6,0.0,3.2,0.4,1010.9
2026-04-07T20:00,6.3,95,4.7,0.0,3.5,0.9,1011.2
2026-04-07T21:00,6.1,95,4.3,0.0,4.4,1.7,1011.0
2026-04-07T22:00,5.3,93,2.8,0.0,7.9,1.5,1010.8
2026-04-07T23:00,5.9,86,2.9,0.0,10.2,0.0,1010.2
2026-04-08T00:00,5.7,83,3.0,0.0,7.2,0.1,1010.6
2026-04-08T01:00,5.6,83,3.0,0.0,7.1,0.1,1010.1
2026-04-08T02:00,4.4,95,1.9,0.0,6.5,0.5,1009.8
2026-04-08T03:00,4.2,91,1.3,0.0,8.7,0.2,1009.3
2026-04-08T04:00,3.7,97,1.4,0.0,5.2,0.5,1009.4
2026-04-08T05:00,4.8,91,3.2,0.0,0.5,0.4,1008.8
2026-04-08T06:00,4.5,96,2.5,1.0,3.7,4.7,1009.4
2026-04-08T07:00,4.2,97,1.7,8.0,6.9,4.1,1010.1
2026-04-08T08:00,4.0,91,1.3,47.0,7.4,1.4,1011.2
2026-04-08T09:00,4.7,88,1.8,154.0,9.2,0.2,1011.9
2026-04-08T10:00,7.0,76,4.4,361.0,6.9,0.5,1011.8
2026-04-08T11:00,4.5,97,1.6,344.0,10.0,0.2,1012.4
2026-04-08T12:00,5.5,85,2.7,211.0,8.6,0.3,1012.2
2026-04-08T13:00,7.3,70,4.2,297.0,8.8,0.1,1012.0
2026-04-08T14:00,9.0,55,5.7,457.0,8.6,0.2,1011.0
2026-04-08T15:00,8.8,55,5.4,354.0,8.7,0.2,1011.0
2026-04-08T16:00,7.7,61,5.0,192.0,4.3,0.2,1011.3
2026-04-08T17:00,5.4,97,3.7,119.0,3.2,0.0,1012.5
2026-04-08T18:00,4.9,97,2.6,40.0,6.8,0.2,1013.0
2026-04-08T19:00,3.6,97,1.3,1.0,5.1,0.0,1013.2
2026-04-08T20:00,2.7,96,0.3,0.0,4.0,0.0,1014.2
2026-04-08T21:00,2.1,95,-0.3,0.0,3.2,0.0,1014.9
2026-04-08T22:00,1.8,93,-0.5,0.0,2.3,0.0,1015.1
2026-04-08T23:00,2.5,95,0.3,0.0,2.9,0.0,1015.7
2026-04-09T00:00,2.1,90,-0.2,0.0,2.4,0.0,1015.7
2026-04-09T01:00,0.7,97,-1.9,0.0,3.6,0.0,1015.2
2026-04-09T02:00,-0.2,99,-3.0,0.0,4.7,0.0,1014.8
2026-04-09T03:00,-0.9,100,-3.7,0.0,4.1,0.0,1014.6
2026-04-09T04:00,-1.2,100,-3.9,0.0,3.2,0.0,1014.4
2026-04-09T05:00,0.4,96,-1.9,0.0,1.4,0.0,1015.1
2026-04-09T06:00,0.1,99,-2.1,8.0,0.9,0.0,1015.9
2026-04-09T07:00,4.0,94,2.2,134.0,1.3,0.0,1016.9
2026-04-09T08:00,7.4,66,4.9,354.0,3.9,0.0,1017.3
2026-04-09T09:00,8.6,57,5.7,545.0,6.0,0.5,1017.4
2026-04-09T10:00,10.0,50,7.8,711.0,7.2,0.4,1017.2
2026-04-09T11:00,9.7,55,7.7,789.0,10.1,0.1,1017.3
2026-04-09T12:00,11.0,56,9.5,872.0,11.5,0.3,1017.0
2026-04-09T13:00,11.4,51,8.7,767.0,13.9,0.1,1016.3
2026-04-09T14:00,10.6,54,7.9,776.0,14.4,0.2,1016.4
2026-04-09T15:00,10.3,56,6.8,554.0,12.0,0.5,1015.7
2026-04-09T16:00,9.8,60,6.3,490.0,12.1,0.6,1015.5
2026-04-09T17:00,9.0,55,5.5,271.0,10.2,0.2,1015.9
2026-04-09T18:00,6.6,71,4.1,90.0,4.6,0.0,1016.4
2026-04-09T19:00,4.8,80,2.7,2.0,1.2,0.0,1017.1
2026-04-09T20:00,3.9,83,1.6,0.0,2.3,0.0,1017.5
2026-04-09T21:00,3.4,82,0.9,0.0,3.4,0.0,1017.8
2026-04-09T22:00,2.8,81,0.2,0.0,3.1,0.0,1017.7
2026-04-09T23:00,3.8,77,1.4,0.0,2.0,0.0,1018.1
2026-04-10T00:00,4.0,72,1.5,0.0,2.1,0.0,1017.8
2026-04-10T01:00,3.4,72,0.7,0.0,3.3,0.0,1017.4
2026-04-10T02:00,3.3,73,0.4,0.0,3.9,0.0,1017.1
2026-04-10T03:00,3.0,74,0.2,0.0,4.0,0.0,1016.8
2026-04-10T04:00,2.7,75,-0.3,0.0,5.0,0.0,1016.4
2026-04-10T05:00,2.4,79,-0.7,0.0,6.2,0.0,1016.3
2026-04-10T06:00,3.1,72,-0.2,10.0,6.7,0.0,1016.2
2026-04-10T07:00,7.0,61,4.0,145.0,5.9,0.0,1016.1
2026-04-10T08:00,10.6,41,7.1,367.0,7.6,0.0,1016.5
2026-04-10T09:00,12.1,32,7.3,589.0,15.4,0.0,1016.4
2026-04-10T10:00,12.9,35,9.2,774.0,16.7,0.0,1016.7
2026-04-10T11:00,13.4,32,9.7,902.0,19.4,0.0,1016.6
2026-04-10T12:00,14.6,33,11.8,964.0,17.4,0.0,1016.0
2026-04-10T13:00,15.3,28,12.2,955.0,17.9,0.0,1015.0
2026-04-10T14:00,15.0,33,11.5,876.0,19.3,0.0,1014.5
2026-04-10T15:00,14.2,40,10.2,729.0,19.6,0.0,1014.3
2026-04-10T16:00,13.2,42,8.5,530.0,18.8,0.0,1013.9
2026-04-10T17:00,12.3,46,7.6,306.0,18.7,0.0,1014.1
2026-04-10T18:00,9.7,54,6.0,97.0,11.9,0.0,1014.5
2026-04-10T19:00,7.4,64,4.6,2.0,6.0,0.0,1014.9
2026-04-10T20:00,6.7,69,4.2,0.0,3.6,0.0,1015.5
2026-04-10T21:00,6.7,70,4.6,0.0,1.7,0.0,1016.2
2026-04-10T22:00,6.6,72,4.5,0.0,1.7,0.0,1016.3
2026-04-10T23:00,6.4,77,4.4,0.0,2.4,0.0,1016.9
2026-04-11T00:00,5.7,78,3.3,0.0,4.0,0.0,1016.4
2026-04-11T01:00,5.7,76,3.1,0.0,5.3,0.0,1015.4
2026-04-11T02:00,5.5,71,2.8,0.0,5.1,0.0,1014.2
2026-04-11T03:00,4.7,70,1.9,0.0,4.0,0.0,1013.8
2026-04-11T04:00,4.7,65,1.8,0.0,4.4,0.0,1013.4
2026-04-11T05:00,5.4,57,2.2,0.0,5.2,0.0,1013.3
2026-04-11T06:00,5.9,57,3.0,10.0,3.7,0.0,1014.1
2026-04-11T07:00,9.6,52,6.9,139.0,4.2,0.0,1015.1
2026-04-11T08:00,11.7,48,8.7,343.0,7.2,0.0,1015.9
2026-04-11T09:00,13.1,42,9.7,530.0,8.8,0.0,1015.5
2026-04-11T10:00,14.6,39,12.2,735.0,9.7,0.0,1015.1
2026-04-11T11:00,14.5,46,12.5,852.0,13.9,0.0,1015.4
2026-04-11T12:00,15.7,42,13.5,819.0,14.3,0.0,1014.5
2026-04-11T13:00,14.6,45,12.4,804.0,13.3,0.0,1014.7
2026-04-11T14:00,13.1,52,10.4,726.0,14.8,0.4,1014.7
2026-04-11T15:00,13.6,53,11.2,611.0,9.0,0.0,1013.7
2026-04-11T16:00,13.3,49,10.3,503.0,9.3,0.1,1013.2
2026-04-11T17:00,12.1,51,9.3,253.0,7.3,0.1,1013.5
2026-04-11T18:00,9.3,69,7.4,91.0,3.4,0.0,1013.6
2026-04-11T19:00,7.2,73,5.1,2.0,2.5,0.0,1014.2
2026-04-11T20:00,6.6,74,4.4,0.0,2.8,0.0,1014.6
2026-04-11T21:00,6.3,73,3.8,0.0,4.8,0.0,1015.0
2026-04-11T22:00,5.7,73,3.0,0.0,5.3,0.0,1014.9
2026-04-11T23:00,5.8,70,2.6,0.0,8.2,0.0,1014.7
2026-04-12T00:00,4.2,72,1.6,0.0,3.2,0.0,1014.1
2026-04-12T01:00,3.3,74,0.6,0.0,2.9,0.0,1013.5
2026-04-12T02:00,2.8,74,-0.1,0.0,3.8,0.0,1012.6
2026-04-12T03:00,2.5,73,-0.4,0.0,3.5,0.0,1012.1
2026-04-12T04:00,2.3,71,-0.8,0.0,4.2,0.0,1011.4
2026-04-12T05:00,3.5,69,0.5,0.0,4.7,0.0,1011.2
2026-04-12T06:00,3.8,67,1.0,12.0,2.8,0.0,1011.7
2026-04-12T07:00,8.1,63,5.7,148.0,3.6,0.0,1012.3
2026-04-12T08:00,12.6,44,10.3,368.0,2.1,0.0,1012.3
2026-04-12T09:00,14.0,37,11.2,588.0,6.0,0.0,1012.3
2026-04-12T10:00,15.4,33,13.5,771.0,6.8,0.0,1011.7
2026-04-12T11:00,16.1,30,14.3,900.0,10.0,0.0,1011.3
2026-04-12T12:00,17.2,31,15.4,942.0,12.5,0.0,1010.7
2026-04-12T13:00,17.0,35,15.0,930.0,15.0,0.0,1010.4
2026-04-12T14:00,16.3,38,13.4,792.0,16.1,0.0,1010.1
2026-04-12T15:00,15.6,40,12.2,661.0,15.1,0.0,1010.2
2026-04-12T16:00,14.8,44,11.1,501.0,13.6,0.0,1010.1
2026-04-12T17:00,14.0,45,10.3,292.0,13.3,0.0,1010.2
2026-04-12T18:00,11.2,56,8.4,100.0,7.9,0.0,1011.0
2026-04-12T19:00,8.6,70,6.3,2.0,5.4,0.0,1011.6
2026-04-12T20:00,8.8,67,7.0,0.0,1.8,0.0,1012.1
2026-04-12T21:00,8.8,64,6.9,0.0,1.3,0.0,1012.9
2026-04-12T22:00,8.5,63,6.5,0.0,1.1,0.0,1013.2
2026-04-12T23:00,7.9,69,5.8,0.0,2.5,0.0,1014.0
2026-04-13T00:00,6.7,73,4.5,0.0,2.8,0.0,1013.4
2026-04-13T01:00,5.9,75,3.7,0.0,2.7,0.0,1013.1
2026-04-13T02:00,5.7,74,3.5,0.0,2.7,0.0,1012.7
2026-04-13T03:00,5.3,75,2.9,0.0,3.6,0.0,1012.1
2026-04-13T04:00,4.9,75,2.5,0.0,3.1,0.0,1011.7
2026-04-13T05:00,4.9,76,2.3,0.0,4.5,0.0,1012.0
2026-04-13T06:00,5.5,74,3.1,13.0,3.8,0.0,1012.3
2026-04-13T07:00,9.7,64,7.3,156.0,5.6,0.0,1012.8
2026-04-13T08:00,13.1,45,10.5,379.0,5.4,0.0,1012.7
2026-04-13T09:00,15.3,35,12.6,600.0,6.0,0.0,1012.6
2026-04-13T10:00,16.9,30,15.0,781.0,7.6,0.0,1012.6
2026-04-13T11:00,17.7,29,16.1,908.0,10.0,0.0,1012.5
2026-04-13T12:00,19.0,24,17.3,969.0,11.4,0.0,1011.7
2026-04-13T13:00,19.0,25,16.7,958.0,15.1,0.0,1011.5
2026-04-13T14:00,18.4,29,15.5,861.0,16.1,0.0,1011.2
2026-04-13T15:00,17.4,32,13.8,729.0,16.9,0.0,1011.3
2026-04-13T16:00,16.1,37,12.1,486.0,15.0,0.0,1011.4
2026-04-13T17:00,14.7,46,11.2,195.0,12.8,0.0,1011.8
2026-04-13T18:00,12.7,57,10.1,62.0,8.6,0.0,1012.7
2026-04-13T19:00,10.5,69,8.7,2.0,4.5,0.0,1013.3
2026-04-13T20:00,10.3,66,8.7,0.0,1.8,0.0,1014.1
2026-04-13T21:00,9.1,69,7.3,0.0,2.8,0.0,1014.6
2026-04-13T22:00,8.5,71,6.6,0.0,3.1,0.0,1014.6
2026-04-13T23:00,7.2,79,5.2,0.0,3.8,0.0,1014.5
2026-04-14T00:00,6.9,75,4.8,0.0,2.9,0.0,1014.2
2026-04-14T01:00,6.6,72,4.3,0.0,3.2,0.0,1013.5
2026-04-14T02:00,6.4,69,3.9,0.0,3.6,0.0,1013.0
2026-04-14T03:00,5.8,68,3.1,0.0,4.3,0.0,1012.4
2026-04-14T04:00,5.4,68,2.7,0.0,4.3,0.0,1012.0
2026-04-14T05:00,5.5,69,2.6,0.0,5.5,0.0,1011.9
2026-04-14T06:00,6.5,64,3.9,14.0,3.8,0.0,1012.6
2026-04-14T07:00,10.8,57,8.3,158.0,5.7,0.0,1013.2
2026-04-14T08:00,15.4,36,12.6,380.0,4.6,0.0,1013.4
2026-04-14T09:00,17.4,28,14.5,600.0,6.1,0.0,1013.0
2026-04-14T10:00,18.8,22,16.3,784.0,9.2,0.0,1012.4
2026-04-14T11:00,18.8,25,16.2,914.0,14.9,0.0,1012.8
2026-04-14T12:00,19.3,25,17.0,967.0,15.2,0.0,1012.4
2026-04-14T13:00,19.3,25,16.8,950.0,15.7,0.0,1011.8
2026-04-14T14:00,19.0,26,16.1,868.0,15.8,0.0,1011.2
2026-04-14T15:00,18.5,27,14.9,723.0,14.9,0.0,1010.8
2026-04-14T16:00,17.6,28,13.3,535.0,14.0,0.0,1010.5
2026-04-14T17:00,16.7,31,12.7,314.0,12.4,0.0,1010.6
2026-04-14T18:00,13.1,44,10.3,105.0,6.2,0.0,1011.3
2026-04-14T19:00,11.6,48,9.2,3.0,2.7,0.0,1011.8
2026-04-14T20:00,11.8,46,9.6,0.0,1.1,0.0,1012.2
2026-04-14T21:00,10.4,48,8.0,0.0,1.8,0.0,1012.6
2026-04-14T22:00,9.2,51,6.6,0.0,2.9,0.0,1012.4
2026-04-14T23:00,8.4,57,5.8,0.0,4.1,0.0,1012.2
2026-04-15T00:00,8.1,56,5.5,0.0,3.1,0.0,1011.8
2026-04-15T01:00,7.7,56,5.1,0.0,3.2,0.0,1011.3
2026-04-15T02:00,7.3,57,4.5,0.0,4.2,0.0,1010.5
2026-04-15T03:00,7.2,56,4.3,0.0,4.6,0.0,1009.9
2026-04-15T04:00,7.1,57,4.1,0.0,4.6,0.0,1009.5
2026-04-15T05:00,7.2,55,4.0,0.0,6.6,0.0,1009.4
2026-04-15T06:00,8.2,52,5.2,15.0,5.1,0.0,1009.8
2026-04-15T07:00,12.0,50,9.4,159.0,5.8,0.0,1010.1
2026-04-15T08:00,16.5,33,13.6,376.0,5.2,0.0,1010.2
2026-04-15T09:00,18.3,26,15.0,598.0,8.1,0.0,1010.0
2026-04-15T10:00,19.4,24,16.6,780.0,11.6,0.0,1009.8
2026-04-15T11:00,19.7,25,17.4,907.0,14.0,0.0,1009.8
2026-04-15T12:00,20.5,24,18.1,965.0,15.8,0.0,1009.6
2026-04-15T13:00,20.5,24,17.9,954.0,16.5,0.0,1009.2
2026-04-15T14:00,20.2,27,17.4,874.0,16.3,0.0,1008.6
2026-04-15T15:00,19.6,29,16.3,729.0,15.8,0.0,1008.0
2026-04-15T16:00,18.7,32,14.6,534.0,15.1,0.0,1008.1
2026-04-15T17:00,17.6,34,13.6,302.0,14.5,0.0,1008.7
2026-04-15T18:00,14.4,43,11.6,79.0,7.4,0.0,1009.6
2026-04-15T19:00,13.3,48,11.3,2.0,1.7,0.0,1009.9
2026-04-15T20:00,13.4,43,11.3,0.0,1.2,0.0,1010.2
2026-04-15T21:00,11.4,46,9.0,0.0,2.0,0.0,1010.7
2026-04-15T22:00,10.6,49,8.3,0.0,1.3,0.0,1010.9
2026-04-15T23:00,9.4,56,6.8,0.0,4.5,0.0,1010.8
2026-04-16T00:00,9.0,57,6.5,0.0,3.4,0.0,1010.9
2026-04-16T01:00,8.2,59,5.7,0.0,3.2,0.0,1010.2
2026-04-16T02:00,7.7,60,5.2,0.0,2.9,0.0,1009.8
2026-04-16T03:00,7.2,61,4.6,0.0,3.1,0.0,1009.5
2026-04-16T04:00,6.8,62,4.3,0.0,2.9,0.0,1009.6
2026-04-16T05:00,6.6,67,3.8,0.0,5.6,0.0,1009.7
2026-04-16T06:00,8.0,61,5.5,16.0,4.0,0.0,1010.6
2026-04-16T07:00,12.5,57,10.3,164.0,5.4,0.0,1011.0
2026-04-16T08:00,17.5,35,15.3,385.0,2.7,0.0,1011.5
2026-04-16T09:00,19.4,24,16.6,596.0,5.2,0.0,1011.6
2026-04-16T10:00,20.3,23,17.8,759.0,9.3,0.0,1011.9
2026-04-16T11:00,20.3,22,17.6,836.0,12.7,0.0,1012.2
2026-04-16T12:00,21.0,20,18.3,858.0,13.1,0.0,1012.1
2026-04-16T13:00,21.4,19,18.7,914.0,14.2,0.0,1011.5
2026-04-16T14:00,21.1,18,17.5,783.0,15.0,0.0,1010.7
2026-04-16T15:00,20.7,18,16.6,697.0,15.1,0.0,1010.0
2026-04-16T16:00,19.9,19,15.1,535.0,14.6,0.0,1010.0
2026-04-16T17:00,19.0,23,14.6,316.0,12.7,0.0,1009.9
2026-04-16T18:00,15.0,36,11.9,106.0,7.2,0.0,1010.7
2026-04-16T19:00,13.4,46,11.2,3.0,2.5,0.0,1011.6
2026-04-16T20:00,13.2,48,11.4,0.0,0.9,0.0,1012.7
2026-04-16T21:00,12.7,48,10.8,0.0,0.6,0.0,1013.5
2026-04-16T22:00,11.5,48,9.3,0.0,1.5,0.0,1013.7
2026-04-16T23:00,11.1,49,8.4,0.0,4.4,0.0,1014.0
2026-04-17T00:00,10.8,47,8.1,0.0,4.1,0.0,1013.6
2026-04-17T01:00,10.3,49,7.4,0.0,4.9,0.0,1013.3
2026-04-17T02:00,9.9,48,6.8,0.0,5.8,0.0,1012.6
2026-04-17T03:00,9.8,46,6.6,0.0,6.1,0.0,1012.3
2026-04-17T04:00,9.7,46,6.5,0.0,5.8,0.0,1011.9
2026-04-17T05:00,9.9,46,6.3,0.0,8.5,0.0,1012.4
2026-04-17T06:00,9.3,51,6.1,7.0,6.7,0.0,1013.2
2026-04-17T07:00,12.2,54,10.0,107.0,4.7,0.0,1014.1
2026-04-17T08:00,16.4,44,14.9,258.0,1.3,0.2,1015.6
2026-04-17T09:00,16.4,35,12.6,467.0,12.5,0.0,1016.8
2026-04-17T10:00,19.5,26,17.1,736.0,8.9,0.0,1016.1
2026-04-17T11:00,20.2,22,17.4,718.0,9.2,0.2,1015.8
2026-04-17T12:00,21.5,21,19.6,856.0,9.0,0.0,1014.9
2026-04-17T13:00,22.4,21,21.0,847.0,6.7,0.0,1013.6
2026-04-17T14:00,20.3,26,18.8,788.0,6.2,0.0,1014.3
2026-04-17T15:00,19.0,38,17.2,513.0,3.8,0.3,1013.8
2026-04-17T16:00,20.1,27,17.2,464.0,5.8,0.0,1012.7
2026-04-17T17:00,17.6,38,14.5,234.0,10.8,0.0,1013.6
2026-04-17T18:00,14.0,48,11.6,102.0,5.9,0.0,1014.0
2026-04-17T19:00,11.0,57,8.6,3.0,5.4,0.0,1014.5
2026-04-17T20:00,9.9,60,7.3,0.0,6.3,0.0,1015.1
2026-04-17T21:00,9.5,58,6.7,0.0,6.5,0.0,1015.3
2026-04-17T22:00,8.8,57,5.9,0.0,5.6,0.0,1015.0
2026-04-17T23:00,9.2,54,5.9,0.0,8.7,0.0,1014.4
2026-04-18T00:00,7.8,60,5.0,0.0,5.2,0.0,1014.5
2026-04-18T01:00,7.3,60,4.4,0.0,5.8,0.0,1014.0
2026-04-18T02:00,7.2,59,4.3,0.0,5.4,0.0,1013.3
2026-04-18T03:00,7.5,56,4.6,0.0,4.7,0.0,1013.1
2026-04-18T04:00,8.3,52,5.3,0.0,5.4,0.0,1012.7
2026-04-18T05:00,8.2,58,5.4,0.0,5.7,0.0,1012.8
2026-04-18T06:00,9.6,54,7.0,17.0,4.6,0.0,1013.7
2026-04-18T07:00,13.1,51,10.6,135.0,6.4,0.0,1014.4
2026-04-18T08:00,17.9,34,15.3,366.0,5.6,0.0,1014.5
2026-04-18T09:00,19.7,29,16.9,568.0,7.1,0.0,1014.3
2026-04-18T10:00,21.0,27,18.7,677.0,7.8,0.0,1014.0
2026-04-18T11:00,21.9,26,20.8,885.0,8.1,0.0,1013.7
2026-04-18T12:00,23.0,24,21.7,937.0,11.0,0.0,1013.0
2026-04-18T13:00,23.0,22,20.7,881.0,13.7,0.0,1012.6
2026-04-18T14:00,21.9,26,19.1,690.0,12.0,0.0,1012.4
2026-04-18T15:00,21.9,27,19.1,611.0,9.6,0.0,1011.7
2026-04-18T16:00,21.4,26,18.0,491.0,10.2,0.0,1011.0
2026-04-18T17:00,20.9,24,16.9,274.0,12.7,0.0,1010.6
2026-04-18T18:00,16.9,37,14.0,97.0,7.4,0.0,1011.4
2026-04-18T19:00,15.7,42,13.9,3.0,1.1,0.0,1011.9
2026-04-18T20:00,13.9,44,12.1,0.0,0.0,0.0,1012.5
2026-04-18T21:00,14.0,45,12.2,0.0,0.2,0.0,1013.1
2026-04-18T22:00,13.6,46,11.6,0.0,1.8,0.0,1012.8
2026-04-18T23:00,13.1,51,10.9,0.0,4.1,0.0,1013.0
2026-04-19T00:00,12.6,52,10.5,0.0,3.3,0.0,1012.8
2026-04-19T01:00,11.8,54,9.5,0.0,4.0,0.0,1012.2
2026-04-19T02:00,11.2,55,8.8,0.0,4.7,0.0,1011.6
2026-04-19T03:00,11.1,54,8.7,0.0,4.5,0.0,1011.2
2026-04-19T04:00,10.6,53,8.0,0.0,4.9,0.0,1010.7
2026-04-19T05:00,11.3,50,8.4,0.0,7.1,0.0,1010.5
2026-04-19T06:00,11.5,51,9.1,19.0,3.8,0.0,1010.8
2026-04-19T07:00,15.1,50,13.3,162.0,3.8,0.0,1011.3
2026-04-19T08:00,19.1,30,16.7,358.0,3.1,0.0,1011.8
2026-04-19T09:00,19.3,27,16.6,321.0,3.8,0.0,1012.2
2026-04-19T10:00,20.5,24,17.6,466.0,4.2,0.0,1012.0
2026-04-19T11:00,21.2,25,18.6,653.0,8.5,0.0,1011.8
2026-04-19T12:00,21.6,24,17.8,564.0,12.1,0.0,1011.4
2026-04-19T13:00,21.5,25,18.4,682.0,12.5,0.0,1011.0
2026-04-19T14:00,21.2,27,18.1,721.0,14.6,0.0,1010.6
2026-04-19T15:00,20.6,28,18.1,646.0,8.3,0.0,1010.6
2026-04-19T16:00,20.1,28,16.2,470.0,12.8,0.0,1010.2
2026-04-19T17:00,19.3,26,15.4,265.0,11.4,0.0,1010.2
2026-04-19T18:00,15.2,44,12.8,88.0,5.1,0.0,1011.2
2026-04-19T19:00,15.1,41,12.8,2.0,3.4,0.0,1011.6
2026-04-19T20:00,14.3,37,11.8,0.0,2.8,0.0,1011.6
2026-04-19T21:00,12.8,42,10.5,0.0,1.0,0.0,1011.7
2026-04-19T22:00,12.6,40,10.3,0.0,0.5,0.0,1011.8
2026-04-19T23:00,12.2,43,9.4,0.0,4.4,0.0,1012.1
2026-04-20T00:00,11.1,45,8.3,0.0,4.1,0.0,1011.3
2026-04-20T01:00,10.0,48,7.2,0.0,4.5,0.0,1011.0
2026-04-20T02:00,9.3,48,6.3,0.0,4.5,0.0,1010.4
2026-04-20T03:00,8.4,49,5.4,0.0,4.2,0.0,1010.1
2026-04-20T04:00,7.8,49,4.7,0.0,4.3,0.0,1009.9
2026-04-20T05:00,8.7,45,5.0,0.0,8.5,0.0,1009.8
2026-04-20T06:00,9.4,45,6.2,21.0,5.4,0.0,1010.2
2026-04-20T07:00,13.7,45,11.1,174.0,5.4,0.0,1010.8
2026-04-20T08:00,18.2,27,15.3,396.0,4.2,0.0,1011.3
2026-04-20T09:00,20.4,21,17.9,611.0,2.3,0.0,1010.8
2026-04-20T10:00,21.9,17,20.8,790.0,0.9,0.0,1010.4
2026-04-20T11:00,22.7,16,21.6,913.0,5.2,0.0,1009.8
2026-04-20T12:00,23.2,18,21.4,956.0,11.2,0.0,1009.3
2026-04-20T13:00,22.4,21,19.6,883.0,15.9,0.0,1009.7
2026-04-20T14:00,21.5,23,18.6,827.0,15.3,0.0,1009.6
2026-04-20T15:00,20.5,25,16.8,604.0,12.4,0.0,1009.2
2026-04-20T16:00,20.0,26,15.8,509.0,13.9,0.0,1009.1
2026-04-20T17:00,19.1,28,14.9,313.0,14.3,0.0,1009.4
2026-04-20T18:00,15.8,40,13.1,109.0,6.3,0.0,1009.9
2026-04-20T19:00,13.6,47,11.1,4.0,5.3,0.0,1010.5
2026-04-20T20:00,13.4,46,10.9,0.0,5.2,0.0,1010.8
2026-04-20T21:00,13.2,45,10.8,0.0,3.8,0.0,1011.0
2026-04-20T22:00,13.2,45,11.0,0.0,2.1,0.0,1011.0
2026-04-20T23:00,12.9,48,10.7,0.0,2.9,0.0,1011.4
2026-04-21T00:00,12.7,47,10.5,0.0,2.3,0.0,1011.0
2026-04-21T01:00,11.6,49,9.1,0.0,3.5,0.0,1010.7
2026-04-21T02:00,11.0,48,8.2,0.0,4.7,0.0,1010.2
2026-04-21T03:00,10.6,47,7.8,0.0,4.7,0.0,1010.0
2026-04-21T04:00,10.0,49,7.2,0.0,4.6,0.0,1009.3
2026-04-21T05:00,8.8,56,6.0,0.0,5.7,0.0,1009.2
2026-04-21T06:00,10.0,54,7.4,22.0,4.2,0.0,1009.6
2026-04-21T07:00,14.3,49,12.0,176.0,5.4,0.0,1010.2
2026-04-21T08:00,17.6,32,14.7,395.0,6.3,0.0,1010.3
2026-04-21T09:00,19.0,27,15.6,609.0,10.7,0.0,1010.4
2026-04-21T10:00,20.1,25,17.3,787.0,13.2,0.0,1010.5
2026-04-21T11:00,20.7,25,18.5,909.0,14.0,0.0,1010.3
2026-04-21T12:00,21.7,23,19.7,962.0,14.3,0.0,1009.6
2026-04-21T13:00,21.9,22,19.5,952.0,15.7,0.0,1008.8
2026-04-21T14:00,21.6,24,18.8,854.0,16.3,0.0,1008.2
2026-04-21T15:00,20.9,27,17.3,712.0,17.2,0.0,1008.1
2026-04-21T16:00,19.5,31,15.2,442.0,17.1,0.0,1008.6
2026-04-21T17:00,18.6,35,14.9,290.0,13.9,0.0,1008.5
2026-04-21T18:00,16.0,43,13.2,110.0,8.2,0.0,1009.2
2026-04-21T19:00,14.0,47,11.5,5.0,6.3,0.0,1009.7
2026-04-21T20:00,13.5,47,10.9,0.0,5.7,0.0,1010.2
2026-04-21T21:00,13.8,46,11.8,0.0,2.2,0.0,1010.4
2026-04-21T22:00,13.2,48,11.0,0.0,2.8,0.0,1010.5
2026-04-21T23:00,12.5,51,10.4,0.0,3.5,0.0,1010.7
2026-04-22T00:00,11.4,54,9.2,0.0,3.7,0.0,1010.7
2026-04-22T01:00,10.9,54,8.5,0.0,4.2,0.0,1010.1
2026-04-22T02:00,10.3,55,7.7,0.0,5.2,0.0,1009.0
2026-04-22T03:00,9.3,57,6.8,0.0,4.0,0.0,1008.5
2026-04-22T04:00,9.0,56,6.5,0.0,3.4,0.0,1008.2
2026-04-22T05:00,9.1,54,6.1,0.0,6.4,0.0,1008.0
2026-04-22T06:00,10.5,52,7.8,23.0,4.6,0.0,1008.9
2026-04-22T07:00,15.0,44,12.7,174.0,4.6,0.0,1009.6
2026-04-22T08:00,18.5,32,15.8,399.0,5.4,0.0,1010.0
2026-04-22T09:00,20.5,26,17.6,613.0,8.4,0.0,1010.0
2026-04-22T10:00,21.8,24,19.2,790.0,12.6,0.0,1009.9
2026-04-22T11:00,22.4,25,20.3,912.0,14.4,0.0,1009.8
2026-04-22T12:00,23.4,21,21.2,968.0,15.5,0.0,1009.3
2026-04-22T13:00,23.5,21,21.1,957.0,16.5,0.0,1008.9
2026-04-22T14:00,23.0,25,20.4,876.0,17.0,0.0,1008.4
2026-04-22T15:00,22.2,29,19.0,728.0,17.0,0.0,1008.3
2026-04-22T16:00,21.2,32,17.4,532.0,16.0,0.0,1008.3
2026-04-22T17:00,19.9,36,16.5,316.0,13.8,0.0,1008.6
2026-04-22T18:00,17.1,44,14.6,111.0,8.4,0.0,1009.1
2026-04-22T19:00,14.8,51,12.8,5.0,5.4,0.0,1009.5
2026-04-22T20:00,14.6,47,12.2,0.0,6.0,0.0,1009.9
2026-04-22T21:00,15.0,47,13.3,0.0,2.1,0.0,1010.5
2026-04-22T22:00,14.7,47,12.9,0.0,1.9,0.0,1010.7
2026-04-22T23:00,14.2,49,12.3,0.0,3.2,0.0,1010.8
2026-04-23T00:00,13.3,52,11.4,0.0,2.9,0.0,1010.8
2026-04-23T01:00,12.5,53,10.3,0.0,4.1,0.0,1010.2
2026-04-23T02:00,12.3,52,10.1,0.0,3.9,0.0,1009.8
2026-04-23T03:00,12.0,53,9.7,0.0,4.1,0.0,1009.7
2026-04-23T04:00,11.7,54,9.4,0.0,4.2,0.0,1009.5
2026-04-23T05:00,10.8,62,8.5,0.0,5.7,0.0,1009.6
2026-04-23T06:00,12.3,58,10.4,24.0,3.6,0.0,1010.7
2026-04-23T07:00,16.8,50,15.1,176.0,5.4,0.0,1011.3
2026-04-23T08:00,19.8,35,17.5,390.0,6.5,0.0,1011.7
2026-04-23T09:00,21.4,29,18.9,601.0,8.4,0.0,1012.0
2026-04-23T10:00,22.7,26,20.6,775.0,10.7,0.0,1011.9
2026-04-23T11:00,23.2,26,21.8,897.0,11.5,0.0,1011.7
2026-04-23T12:00,24.0,24,22.2,941.0,14.5,0.0,1011.1
2026-04-23T13:00,23.7,25,21.4,814.0,14.0,0.0,1010.2
2026-04-23T14:00,23.7,25,20.9,800.0,16.6,0.0,1009.6
2026-04-23T15:00,22.6,27,19.2,599.0,14.2,0.0,1009.3
2026-04-23T16:00,21.8,29,18.1,494.0,14.0,0.0,1009.2
2026-04-23T17:00,20.8,33,17.5,299.0,12.7,0.0,1009.0
2026-04-23T18:00,17.8,43,15.8,108.0,5.5,0.0,1009.4
2026-04-23T19:00,16.6,44,14.9,5.0,2.4,0.0,1010.0
2026-04-23T20:00,16.4,42,14.5,0.0,2.4,0.0,1010.5
2026-04-23T21:00,15.8,43,14.1,0.0,1.1,0.0,1011.0
2026-04-23T22:00,14.2,48,12.4,0.0,2.0,0.0,1011.0
2026-04-23T23:00,14.6,51,12.9,0.0,2.7,0.0,1011.2
2026-04-24T00:00,13.5,55,11.9,0.0,2.0,0.0,1010.9
2026-04-24T01:00,13.0,56,11.2,0.0,3.2,0.0,1010.6
2026-04-24T02:00,13.0,55,11.0,0.0,4.0,0.0,1010.3
2026-04-24T03:00,12.3,58,10.3,0.0,4.0,0.0,1010.5
2026-04-24T04:00,12.0,57,9.9,0.0,4.7,0.0,1010.3
2026-04-24T05:00,11.3,61,9.0,0.0,6.1,0.0,1010.0
2026-04-24T06:00,12.1,60,10.1,25.0,4.7,0.0,1010.7
2026-04-24T07:00,16.7,52,15.1,178.0,5.4,0.0,1011.5
2026-04-24T08:00,20.6,34,18.4,392.0,5.6,0.0,1011.6
2026-04-24T09:00,22.3,28,19.8,599.0,8.4,0.0,1011.4
2026-04-24T10:00,23.5,25,21.5,774.0,10.6,0.0,1010.9
2026-04-24T11:00,24.0,24,22.3,890.0,12.3,0.0,1010.6
2026-04-24T12:00,24.9,22,23.0,914.0,14.1,0.0,1009.9
2026-04-24T13:00,24.9,23,22.9,936.0,15.6,0.0,1009.2
2026-04-24T14:00,24.5,23,21.4,788.0,17.0,0.0,1008.7
2026-04-24T15:00,22.9,25,18.6,520.0,17.3,0.0,1008.6
2026-04-24T16:00,22.3,28,18.3,445.0,15.7,0.0,1008.7
2026-04-24T17:00,21.8,26,17.9,247.0,14.2,0.0,1008.7
2026-04-24T18:00,18.4,40,16.3,109.0,5.2,0.0,1009.5
2026-04-24T19:00,17.1,39,14.7,5.0,5.6,0.0,1010.2
2026-04-24T20:00,16.8,39,14.3,0.0,6.0,0.0,1011.1
2026-04-24T21:00,16.8,41,15.0,0.0,1.9,0.0,1012.0
2026-04-24T22:00,15.5,44,13.7,0.0,2.1,0.0,1012.2
2026-04-24T23:00,15.6,50,13.8,0.0,4.4,0.0,1012.4
2026-04-25T00:00,15.3,51,13.5,0.0,4.1,0.0,1012.4
2026-04-25T01:00,14.5,52,12.5,0.0,4.9,0.0,1012.1
2026-04-25T02:00,14.2,50,12.1,0.0,5.2,0.0,1012.0
2026-04-25T03:00,13.6,51,11.3,0.0,5.2,0.0,1012.0
2026-04-25T04:00,13.1,51,10.7,0.0,5.3,0.0,1011.9
2026-04-25T05:00,12.6,52,10.0,0.0,6.8,0.0,1011.9
2026-04-25T06:00,13.6,50,11.4,26.0,4.6,0.0,1012.6
2026-04-25T07:00,17.9,45,16.0,177.0,5.7,0.0,1013.3
2026-04-25T08:00,21.1,31,18.7,389.0,6.1,0.0,1013.3
2026-04-25T09:00,22.8,26,19.9,595.0,9.4,0.0,1013.1
2026-04-25T10:00,23.7,24,21.2,769.0,13.3,0.0,1012.9
2026-04-25T11:00,23.9,24,22.1,879.0,12.8,0.0,1012.9
2026-04-25T12:00,25.0,20,22.1,927.0,18.6,0.0,1012.1
2026-04-25T13:00,23.7,22,20.1,755.0,18.6,0.0,1012.0
2026-04-25T14:00,23.1,24,18.8,678.0,21.2,0.0,1011.5
2026-04-25T15:00,22.5,24,17.7,461.0,19.2,0.0,1011.1
2026-04-25T16:00,21.3,28,16.7,394.0,19.5,0.0,1011.3
2026-04-25T17:00,21.3,28,17.1,303.0,16.8,0.0,1010.3
2026-04-25T18:00,18.9,35,15.6,107.0,11.3,0.0,1010.9
2026-04-25T19:00,17.1,42,14.4,6.0,8.7,0.0,1011.3
2026-04-25T20:00,17.4,40,14.2,0.0,11.5,0.0,1011.7
2026-04-25T21:00,15.7,46,13.5,0.0,6.1,0.0,1012.3
2026-04-25T22:00,15.6,47,13.8,0.0,3.4,0.0,1012.4
2026-04-25T23:00,16.0,46,14.1,0.0,3.9,0.0,1012.5
2026-04-26T00:00,15.1,47,13.0,0.0,4.9,0.0,1012.3
2026-04-26T01:00,14.6,47,12.4,0.0,4.4,0.0,1011.6
2026-04-26T02:00,14.2,46,11.8,0.0,4.5,0.0,1010.8
2026-04-26T03:00,13.6,46,11.2,0.0,4.4,0.0,1010.4
2026-04-26T04:00,13.0,47,10.5,0.0,4.6,0.0,1010.2
2026-04-26T05:00,12.4,53,9.8,0.0,6.9,0.0,1010.6
2026-04-26T06:00,13.0,52,10.7,28.0,5.8,0.0,1010.8
2026-04-26T07:00,17.1,47,15.1,185.0,6.3,0.0,1011.5
2026-04-26T08:00,20.3,32,17.7,401.0,6.5,0.0,1011.3
2026-04-26T09:00,22.0,23,18.5,615.0,11.6,0.0,1011.2
2026-04-26T10:00,23.0,20,19.9,794.0,14.1,0.0,1010.9
2026-04-26T11:00,23.7,16,20.6,919.0,16.8,0.0,1010.3
2026-04-26T12:00,24.2,15,20.5,913.0,19.5,0.0,1009.8
2026-04-26T13:00,24.1,19,21.2,953.0,18.4,0.0,1009.2
2026-04-26T14:00,24.3,16,20.7,869.0,18.3,0.0,1007.8
2026-04-26T15:00,23.5,17,19.3,735.0,18.5,0.0,1007.0
2026-04-26T16:00,22.5,20,17.7,547.0,17.3,0.0,1006.5
2026-04-26T17:00,21.3,23,16.8,326.0,15.7,0.0,1006.9
2026-04-26T18:00,18.2,31,14.8,119.0,9.7,0.0,1007.5
2026-04-26T19:00,15.6,42,13.3,6.0,4.2,0.0,1008.2
2026-04-26T20:00,15.4,41,13.0,0.0,4.4,0.0,1008.6
2026-04-26T21:00,15.6,39,13.4,0.0,2.7,0.0,1008.9
2026-04-26T22:00,15.5,39,13.4,0.0,1.7,0.0,1008.9
2026-04-26T23:00,14.2,43,11.9,0.0,3.2,0.0,1008.3
2026-04-27T00:00,12.9,45,10.4,0.0,4.3,0.0,1007.7
2026-04-27T01:00,12.4,46,9.9,0.0,3.4,0.0,1007.2
2026-04-27T02:00,12.0,45,9.4,0.0,3.5,0.0,1006.7
2026-04-27T03:00,11.6,44,8.9,0.0,3.8,0.0,1006.9
2026-04-27T04:00,11.7,43,8.9,0.0,4.0,0.0,1006.8
2026-04-27T05:00,10.3,46,7.2,0.0,6.5,0.0,1007.2
2026-04-27T06:00,11.5,46,8.8,29.0,3.8,0.0,1007.3
2026-04-27T07:00,16.5,41,14.2,190.0,5.0,0.0,1008.0
2026-04-27T08:00,20.2,27,17.5,405.0,4.2,0.0,1007.9
2026-04-27T09:00,22.0,24,19.4,615.0,6.8,0.0,1007.8
2026-04-27T10:00,23.3,22,21.2,790.0,9.7,0.0,1007.7
2026-04-27T11:00,23.5,22,21.5,910.0,13.5,0.0,1007.4
2026-04-27T12:00,24.3,19,21.9,967.0,15.9,0.0,1006.7
2026-04-27T13:00,24.4,19,21.7,956.0,16.9,0.0,1006.2
2026-04-27T14:00,24.1,19,21.2,873.0,16.2,0.0,1005.2
2026-04-27T15:00,23.8,19,20.1,732.0,15.8,0.0,1004.2
2026-04-27T16:00,22.7,22,18.1,541.0,16.7,0.0,1004.3
2026-04-27T17:00,21.7,22,17.2,295.0,15.2,0.0,1004.1
2026-04-27T18:00,18.8,27,15.4,112.0,8.5,0.0,1004.2
2026-04-27T19:00,16.7,30,13.5,6.0,6.6,0.0,1005.0
2026-04-27T20:00,15.8,34,12.8,0.0,6.0,0.0,1006.1
2026-04-27T21:00,15.6,34,12.5,0.0,6.5,0.0,1007.0
2026-04-27T22:00,15.7,36,12.7,0.0,6.5,0.0,1007.5
2026-04-27T23:00,16.0,38,13.6,0.0,4.2,0.0,1007.3
2026-04-28T00:00,15.0,38,12.5,0.0,3.8,0.0,1006.8
2026-04-28T01:00,14.2,40,11.7,0.0,3.1,0.0,1006.7
2026-04-28T02:00,13.6,43,11.4,0.0,1.7,0.0,1006.7
2026-04-28T03:00,15.2,39,12.9,0.0,2.2,0.0,1007.1
2026-04-28T04:00,15.3,42,13.4,0.0,1.3,0.0,1007.4
2026-04-28T05:00,11.7,47,9.0,0.0,5.0,0.0,1006.7
2026-04-28T06:00,12.7,49,10.6,28.0,2.2,0.0,1007.7
2026-04-28T07:00,17.3,47,15.4,172.0,5.6,0.0,1008.7
2026-04-28T08:00,17.7,44,15.6,283.0,6.1,0.0,1009.9
2026-04-28T09:00,18.3,44,16.6,258.0,4.7,0.0,1009.7
2026-04-28T10:00,18.7,48,17.3,476.0,4.8,0.4,1010.2
2026-04-28T11:00,16.0,65,14.9,387.0,6.4,0.5,1010.3
2026-04-28T12:00,19.1,37,15.8,487.0,13.1,0.0,1008.5
2026-04-28T13:00,17.1,41,13.5,154.0,14.5,0.0,1008.8
2026-04-28T14:00,16.9,43,14.1,162.0,9.9,0.0,1008.2
2026-04-28T15:00,17.6,43,15.4,229.0,6.6,0.0,1007.4
2026-04-28T16:00,18.0,43,15.9,329.0,7.0,0.0,1006.8
2026-04-28T17:00,13.8,71,12.8,108.0,4.5,1.8,1008.4
2026-04-28T18:00,13.3,81,12.6,68.0,5.0,0.0,1008.3
2026-04-28T19:00,11.7,90,10.9,7.0,5.6,0.0,1008.6
2026-04-28T20:00,10.8,91,9.9,0.0,5.4,0.0,1008.5
2026-04-28T21:00,10.1,91,8.9,0.0,6.3,0.0,1008.9
2026-04-28T22:00,9.7,87,8.5,0.0,4.7,0.0,1009.0
2026-04-28T23:00,10.9,85,9.5,0.0,6.4,0.0,1008.7
2026-04-29T00:00,10.5,83,9.3,0.0,4.0,0.0,1008.5
2026-04-29T01:00,9.9,82,8.7,0.0,2.9,0.0,1008.0
2026-04-29T02:00,9.3,82,7.7,0.0,4.9,0.0,1007.2
2026-04-29T03:00,8.6,82,7.0,0.0,3.3,0.0,1007.3
2026-04-29T04:00,9.3,76,7.8,0.0,2.6,0.0,1007.6
2026-04-29T05:00,8.6,76,6.4,0.0,6.1,0.0,1006.5
2026-04-29T06:00,9.2,74,6.9,31.0,6.8,0.0,1007.5
2026-04-29T07:00,15.1,55,13.6,183.0,4.2,0.1,1008.4
2026-04-29T08:00,16.8,48,15.7,330.0,0.9,0.3,1009.2
2026-04-29T09:00,16.1,53,14.3,523.0,7.0,1.4,1010.5
2026-04-29T10:00,12.5,80,11.0,321.0,9.1,5.4,1012.6
2026-04-29T11:00,14.3,63,12.2,324.0,10.0,0.1,1011.5
2026-04-29T12:00,16.1,53,13.3,361.0,13.5,0.3,1010.1
2026-04-29T13:00,17.2,46,14.8,447.0,9.2,0.0,1008.7
2026-04-29T14:00,19.1,41,19.1,728.0,1.0,0.0,1007.2
2026-04-29T15:00,17.9,43,16.8,610.0,2.3,0.0,1007.0
2026-04-29T16:00,15.4,55,13.9,259.0,3.8,0.1,1007.7
2026-04-29T17:00,12.8,71,10.9,212.0,8.7,0.0,1008.2
2026-04-29T18:00,12.4,76,10.7,105.0,8.6,0.0,1007.9
2026-04-29T19:00,11.5,77,9.9,7.0,6.3,0.0,1007.5
2026-04-29T20:00,10.5,80,9.1,0.0,4.6,0.0,1007.8
2026-04-29T21:00,10.6,76,9.4,0.0,2.2,0.0,1007.9
2026-04-29T22:00,10.7,70,9.4,0.0,1.8,0.0,1007.8
2026-04-29T23:00,12.7,65,11.4,0.0,2.2,0.0,1007.6
2026-04-30T00:00,11.2,70,9.9,0.0,2.0,0.0,1006.9
2026-04-30T01:00,10.3,74,8.8,0.0,2.8,0.0,1006.5
2026-04-30T02:00,9.3,79,7.6,0.0,4.7,0.0,1006.2
2026-04-30T03:00,8.4,84,6.7,0.0,4.7,0.0,1006.6
2026-04-30T04:00,7.8,86,6.0,0.0,4.5,0.0,1007.2
2026-04-30T05:00,9.0,70,7.0,0.0,4.4,0.0,1007.4
2026-04-30T06:00,10.2,67,7.9,32.0,6.9,0.0,1008.3
2026-04-30T07:00,14.9,55,13.1,189.0,5.4,0.0,1009.2
2026-04-30T08:00,16.9,48,15.5,392.0,2.1,0.0,1009.1
2026-04-30T09:00,18.5,44,17.3,589.0,3.3,0.1,1009.0
2026-04-30T10:00,14.6,64,13.5,714.0,10.6,4.5,1011.1
2026-04-30T11:00,16.0,52,15.0,625.0,3.1,1.2,1010.4
2026-04-30T12:00,19.4,40,19.9,891.0,3.6,0.0,1008.9
2026-04-30T13:00,20.4,35,19.9,858.0,7.3,0.0,1007.5
2026-04-30T14:00,20.5,32,17.9,832.0,17.5,0.3,1006.4
2026-04-30T15:00,16.4,48,14.1,601.0,10.1,0.8,1008.6
2026-04-30T16:00,14.2,63,13.0,357.0,2.9,1.9,1009.7
2026-04-30T17:00,13.5,67,12.2,234.0,4.3,0.0,1008.4
2026-04-30T18:00,11.2,95,10.4,97.0,6.8,3.8,1009.3
2026-04-30T19:00,10.5,97,9.4,5.0,7.9,0.0,1008.7
2026-04-30T20:00,9.5,93,8.1,0.0,6.7,0.0,1008.8
2026-04-30T21:00,8.9,91,7.4,0.0,5.9,0.0,1009.1
2026-04-30T22:00,8.1,92,6.6,0.0,5.2,0.0,1009.2
2026-04-30T23:00,8.7,83,6.8,0.0,5.8,0.0,1008.3
2026-05-01T00:00,8.0,84,6.5,0.0,3.1,0.0,1007.9
2026-05-01T01:00,7.8,82,6.1,0.0,3.6,0.0,1007.9
2026-05-01T02:00,7.6,80,5.9,0.0,2.5,0.0,1007.9
2026-05-01T03:00,7.4,79,5.8,0.0,1.3,0.0,1008.3
2026-05-01T04:00,7.3,78,5.5,0.0,2.6,0.0,1008.6
2026-05-01T05:00,7.9,76,6.1,0.0,2.4,0.0,1008.9
2026-05-01T06:00,9.0,75,7.4,34.0,2.3,0.1,1010.0
2026-05-01T07:00,12.7,67,11.6,172.0,2.2,0.0,1010.3
2026-05-01T08:00,14.8,57,13.1,352.0,5.2,0.0,1010.2
2026-05-01T09:00,16.5,50,14.2,585.0,10.1,0.1,1009.8
2026-05-01T10:00,17.8,46,16.1,742.0,12.0,0.0,1009.5
2026-05-01T11:00,18.0,45,16.5,823.0,13.5,0.0,1009.4
2026-05-01T12:00,19.4,41,18.2,910.0,14.5,0.0,1008.7
2026-05-01T13:00,19.6,40,17.9,861.0,15.9,0.0,1007.8
2026-05-01T14:00,19.4,41,17.4,788.0,15.7,0.0,1007.1
2026-05-01T15:00,18.7,43,15.8,683.0,17.8,0.0,1006.4
2026-05-01T16:00,17.7,47,14.5,467.0,15.6,0.0,1006.5
2026-05-01T17:00,17.3,47,14.2,273.0,13.8,0.0,1006.2
2026-05-01T18:00,15.5,54,12.9,114.0,11.6,0.0,1007.1
2026-05-01T19:00,13.4,64,11.6,8.0,6.4,0.0,1007.9
2026-05-01T20:00,12.7,68,11.3,0.0,4.5,0.0,1008.2
2026-05-01T21:00,13.0,65,11.9,0.0,2.3,0.0,1008.6
2026-05-01T22:00,12.9,65,11.8,0.0,1.4,0.0,1008.8
2026-05-01T23:00,13.0,65,12.0,0.0,1.0,0.0,1008.5
2026-05-02T00:00,11.8,69,10.7,0.0,0.9,0.0,1008.2
2026-05-02T01:00,10.6,73,9.3,0.0,2.2,0.0,1007.6
2026-05-02T02:00,10.0,75,8.6,0.0,2.7,0.0,1007.0
2026-05-02T03:00,9.4,77,8.1,0.0,1.4,0.0,1006.9
2026-05-02T04:00,9.0,77,7.7,0.0,0.9,0.0,1006.8
2026-05-02T05:00,8.5,81,6.8,0.0,4.1,0.0,1007.2
2026-05-02T06:00,10.6,74,9.3,36.0,1.8,0.0,1008.0
2026-05-02T07:00,14.6,62,13.8,196.0,1.3,0.0,1008.5
2026-05-02T08:00,16.4,52,14.4,406.0,7.6,0.0,1008.3
2026-05-02T09:00,17.7,46,15.3,594.0,11.7,0.0,1008.4
2026-05-02T10:00,18.9,43,17.1,744.0,12.5,0.0,1008.1
2026-05-02T11:00,18.8,40,16.9,827.0,14.9,0.0,1008.0
2026-05-02T12:00,18.9,44,17.0,812.0,16.5,0.0,1008.0
2026-05-02T13:00,18.6,47,16.5,774.0,17.3,0.0,1007.5
2026-05-02T14:00,18.2,48,15.3,559.0,14.9,0.0,1006.6
2026-05-02T15:00,18.3,48,15.5,589.0,15.0,0.0,1006.0
2026-05-02T16:00,16.7,53,13.9,419.0,13.6,0.1,1006.0
2026-05-02T17:00,17.2,47,14.3,281.0,12.7,0.1,1004.9
2026-05-02T18:00,15.7,52,13.4,112.0,8.8,0.0,1005.4
2026-05-02T19:00,13.3,63,11.6,8.0,5.1,0.0,1005.6
2026-05-02T20:00,13.6,60,11.9,0.0,4.2,0.0,1005.8
2026-05-02T21:00,13.1,59,11.5,0.0,3.5,0.0,1006.7
2026-05-02T22:00,12.4,61,10.8,0.0,2.7,0.0,1007.0
2026-05-02T23:00,11.1,71,9.3,0.0,5.6,0.0,1006.6
2026-05-03T00:00,10.0,76,8.4,0.0,3.7,0.0,1006.4
2026-05-03T01:00,8.9,80,7.2,0.0,4.2,0.0,1006.2
2026-05-03T02:00,8.3,81,6.6,0.0,3.7,0.0,1006.2
2026-05-03T03:00,7.9,82,6.0,0.0,4.8,0.0,1006.7
2026-05-03T04:00,8.0,82,5.6,0.0,8.3,0.0,1007.2
2026-05-03T05:00,8.1,76,5.8,0.0,6.1,0.0,1006.4
2026-05-03T06:00,9.3,73,7.3,35.0,5.0,0.0,1008.1
2026-05-03T07:00,13.6,56,11.3,167.0,7.3,0.0,1009.9
2026-05-03T08:00,10.3,77,8.0,70.0,9.7,0.6,1012.5
2026-05-03T09:00,13.2,71,11.5,278.0,8.2,0.2,1012.0
2026-05-03T10:00,17.5,45,14.9,572.0,10.5,0.0,1010.3
2026-05-03T11:00,14.1,54,12.0,894.0,17.6,0.2,1011.4
2026-05-03T12:00,18.7,38,17.1,836.0,12.6,0.6,1009.5
2026-05-03T13:00,20.4,33,19.8,842.0,6.5,0.0,1008.4
2026-05-03T14:00,20.7,31,18.9,756.0,8.9,0.0,1007.6
2026-05-03T15:00,20.3,30,17.0,537.0,10.2,0.0,1006.8
2026-05-03T16:00,18.4,36,15.6,436.0,7.6,0.1,1007.3
2026-05-03T17:00,18.6,33,15.9,240.0,5.8,0.0,1007.1
2026-05-03T18:00,16.0,42,13.6,121.0,5.8,0.0,1007.7
2026-05-03T19:00,13.2,61,11.8,8.0,2.7,0.0,1009.3
2026-05-03T20:00,13.1,60,11.1,0.0,6.2,0.0,1009.1
2026-05-03T21:00,11.7,63,9.6,0.0,5.9,0.0,1009.2
2026-05-03T22:00,10.9,65,9.3,0.0,1.6,0.0,1009.9
2026-05-03T23:00,12.6,62,11.5,0.0,0.4,0.0,1009.0
2026-05-04T00:00,12.2,62,10.2,0.0,5.8,0.0,1009.0
2026-05-04T01:00,10.7,77,8.1,0.0,11.9,0.0,1010.3
2026-05-04T02:00,9.6,90,7.2,0.0,12.8,0.0,1009.9
2026-05-04T03:00,9.7,86,7.3,0.0,11.7,0.0,1009.0
2026-05-04T04:00,9.7,84,7.5,0.0,9.4,0.0,1008.6
2026-05-04T05:00,9.4,63,6.7,0.0,7.6,0.0,1008.5
2026-05-04T06:00,10.0,63,7.8,27.0,4.4,0.0,1009.7
2026-05-04T07:00,12.8,55,10.8,121.0,4.0,0.0,1010.4
2026-05-04T08:00,15.1,40,12.7,296.0,3.3,0.0,1011.0
2026-05-04T09:00,15.1,41,12.2,488.0,7.6,0.0,1012.0
2026-05-04T10:00,14.9,47,12.8,394.0,4.1,0.0,1012.5
2026-05-04T11:00,14.3,58,13.1,630.0,5.6,0.0,1012.6
2026-05-04T12:00,15.5,57,14.2,610.0,6.4,0.1,1012.0
2026-05-04T13:00,17.0,51,16.4,729.0,6.2,0.2,1010.8
2026-05-04T14:00,14.6,58,13.3,474.0,2.3,0.2,1010.9
2026-05-04T15:00,10.1,86,8.6,236.0,6.6,6.0,1013.5
2026-05-04T16:00,13.1,63,11.5,281.0,4.3,0.0,1011.7
2026-05-04T17:00,8.6,93,6.0,242.0,13.4,0.0,1012.9
2026-05-04T18:00,8.9,88,6.7,64.0,10.5,0.2,1012.1
2026-05-04T19:00,8.2,92,6.3,8.0,7.7,0.0,1012.1
2026-05-04T20:00,7.6,94,5.8,0.0,6.5,0.0,1012.9
2026-05-04T21:00,7.0,93,5.0,0.0,7.1,0.0,1013.8
2026-05-04T22:00,6.8,90,4.7,0.0,6.7,0.0,1014.4
2026-05-04T23:00,7.4,87,5.7,0.0,3.4,0.0,1013.6
2026-05-05T00:00,7.7,83,5.8,0.0,4.6,0.3,1013.6
2026-05-05T01:00,7.3,91,5.0,0.0,8.6,0.2,1012.8
2026-05-05T02:00,6.7,92,5.1,0.0,3.4,0.0,1012.7
2026-05-05T03:00,7.5,86,5.9,0.0,3.2,0.1,1014.5
2026-05-05T04:00,8.2,80,6.2,0.0,5.6,0.0,1014.5
2026-05-05T05:00,7.1,81,4.9,0.0,5.6,0.1,1014.1
2026-05-05T06:00,8.4,76,6.4,34.0,4.7,0.0,1014.7
2026-05-05T07:00,11.8,64,9.6,131.0,7.1,0.0,1015.4
2026-05-05T08:00,12.6,63,11.1,253.0,3.1,0.7,1016.3
2026-05-05T09:00,12.5,68,11.1,147.0,4.3,0.0,1016.9
2026-05-05T10:00,14.4,50,11.4,379.0,11.4,0.2,1016.4
2026-05-05T11:00,13.1,59,10.3,549.0,11.0,0.1,1016.8
2026-05-05T12:00,17.3,35,17.0,921.0,5.6,0.0,1014.8
2026-05-05T13:00,18.4,31,16.9,817.0,7.5,0.0,1013.6
2026-05-05T14:00,16.1,41,13.9,776.0,12.5,0.0,1013.9
2026-05-05T15:00,15.5,46,12.8,498.0,8.6,0.0,1013.8
2026-05-05T16:00,15.1,47,12.1,450.0,10.7,0.0,1013.5
2026-05-05T17:00,12.9,62,11.0,208.0,5.5,0.0,1013.4
2026-05-05T18:00,11.6,68,10.0,116.0,4.2,0.0,1013.7
2026-05-05T19:00,9.7,77,8.6,10.0,0.6,0.0,1014.2
2026-05-05T20:00,9.1,79,7.9,0.0,0.5,0.0,1014.5
2026-05-05T21:00,8.7,79,7.3,0.0,1.7,0.0,1014.6
2026-05-05T22:00,8.2,79,6.7,0.0,1.8,0.0,1014.3
2026-05-05T23:00,8.6,81,7.3,0.0,1.7,0.0,1014.2
2026-05-06T00:00,8.0,82,6.6,0.0,1.3,0.0,1013.7
2026-05-06T01:00,7.4,83,5.9,0.0,1.5,0.0,1013.1
2026-05-06T02:00,6.9,83,5.4,0.0,1.3,0.0,1012.7
2026-05-06T03:00,6.6,83,4.9,0.0,1.5,0.0,1012.8
2026-05-06T04:00,6.4,82,4.5,0.0,2.3,0.0,1012.6
2026-05-06T05:00,6.4,84,4.3,0.0,4.6,0.0,1013.0
2026-05-06T06:00,7.1,82,5.1,39.0,4.0,0.0,1013.3
2026-05-06T07:00,11.8,64,10.2,200.0,2.9,0.0,1013.7
2026-05-06T08:00,13.7,53,11.5,412.0,5.7,0.0,1013.6
2026-05-06T09:00,15.3,46,12.9,615.0,8.7,0.0,1013.1
2026-05-06T10:00,16.5,42,14.7,779.0,10.5,0.0,1012.8
2026-05-06T11:00,17.0,41,15.5,887.0,13.0,0.0,1012.4
2026-05-06T12:00,17.9,39,15.9,885.0,15.6,0.1,1011.6
2026-05-06T13:00,16.7,41,15.0,831.0,12.4,0.0,1011.3
2026-05-06T14:00,15.1,45,11.6,698.0,18.5,0.5,1011.6
2026-05-06T15:00,15.5,46,12.7,488.0,9.5,0.0,1010.3
2026-05-06T16:00,14.8,49,11.9,492.0,11.0,0.1,1010.2
2026-05-06T17:00,12.5,57,9.2,294.0,13.7,0.1,1011.4
2026-05-06T18:00,11.2,66,9.2,62.0,5.3,0.0,1011.2
2026-05-06T19:00,9.0,78,7.2,10.0,4.3,0.0,1011.3
2026-05-06T20:00,8.3,82,6.5,0.0,4.5,0.0,1011.3
2026-05-06T21:00,7.8,83,5.9,0.0,4.8,0.0,1011.4
2026-05-06T22:00,7.4,83,5.1,0.0,6.9,0.0,1011.5
2026-05-06T23:00,8.5,79,6.3,0.0,7.0,0.0,1011.1
2026-05-07T00:00,8.4,75,6.3,0.0,4.9,0.0,1010.8
2026-05-07T01:00,8.0,74,5.9,0.0,4.3,0.0,1010.3
2026-05-07T02:00,7.5,75,5.2,0.0,5.2,0.0,1009.9
2026-05-07T03:00,7.2,75,4.7,0.0,6.1,0.0,1010.1
2026-05-07T04:00,6.6,76,4.1,0.0,5.9,0.0,1010.2
2026-05-07T05:00,6.3,78,3.6,0.0,6.8,0.0,1010.8
2026-05-07T06:00,7.6,75,5.4,33.0,4.8,0.0,1011.2
2026-05-07T07:00,12.8,57,10.8,166.0,5.2,0.0,1012.2
2026-05-07T08:00,14.9,50,13.3,329.0,1.8,0.0,1012.4
2026-05-07T09:00,16.0,47,14.0,446.0,4.2,0.0,1012.5
2026-05-07T10:00,17.0,45,15.3,646.0,7.7,0.1,1012.5
2026-05-07T11:00,12.2,69,11.1,631.0,5.6,0.0,1014.9
2026-05-07T12:00,13.9,59,12.0,310.0,6.2,0.0,1013.7
2026-05-07T13:00,16.0,51,15.0,643.0,4.4,0.1,1013.1
2026-05-07T14:00,15.8,51,13.5,575.0,10.0,0.0,1012.4
2026-05-07T15:00,12.9,74,11.8,398.0,4.3,4.1,1013.4
2026-05-07T16:00,13.1,74,12.6,238.0,1.2,0.1,1013.1
2026-05-07T17:00,13.9,62,12.7,160.0,2.4,0.4,1012.5
2026-05-07T18:00,13.1,73,12.6,96.0,0.4,0.0,1012.3
2026-05-07T19:00,11.2,75,10.0,9.0,2.9,0.0,1012.4
2026-05-07T20:00,11.1,75,10.1,0.0,0.9,0.0,1013.0
2026-05-07T21:00,9.7,79,8.5,0.0,2.2,0.0,1013.7
2026-05-07T22:00,9.2,81,7.7,0.0,3.7,0.0,1013.4
2026-05-07T23:00,8.7,87,7.5,0.0,2.3,0.0,1013.7
2026-05-08T00:00,8.2,88,7.1,0.0,0.9,0.0,1013.4
2026-05-08T01:00,7.9,89,6.9,0.0,0.4,0.0,1012.8
2026-05-08T02:00,8.0,88,6.9,0.0,0.9,0.0,1012.4
2026-05-08T03:00,7.9,87,6.8,0.0,0.6,0.0,1012.4
2026-05-08T04:00,7.8,87,6.5,0.0,1.7,0.0,1012.5
2026-05-08T05:00,7.3,87,5.5,0.0,4.3,0.0,1012.6
2026-05-08T06:00,8.8,81,7.2,41.0,3.8,0.0,1013.2
2026-05-08T07:00,12.8,66,11.3,181.0,4.4,0.0,1013.9
2026-05-08T08:00,14.7,60,13.2,384.0,4.9,0.0,1014.1
2026-05-08T09:00,16.5,52,15.2,594.0,5.5,0.0,1014.1
2026-05-08T10:00,16.9,53,15.3,561.0,6.4,0.2,1014.3
2026-05-08T11:00,15.8,59,15.5,727.0,6.2,0.1,1014.7
2026-05-08T12:00,17.5,55,17.3,719.0,5.8,0.3,1014.1
2026-05-08T13:00,14.7,65,14.6,690.0,4.0,3.9,1015.2
2026-05-08T14:00,14.3,66,13.7,269.0,1.3,0.0,1014.4
2026-05-08T15:00,15.2,65,14.2,473.0,5.1,0.5,1013.5
2026-05-08T16:00,15.9,60,14.3,391.0,7.5,0.2,1012.6
2026-05-08T17:00,11.2,87,10.5,249.0,3.1,0.1,1014.8
2026-05-08T18:00,11.0,89,10.0,41.0,5.6,0.0,1014.4
2026-05-08T19:00,9.8,95,9.0,10.0,3.5,0.0,1013.7
2026-05-08T20:00,9.2,93,8.5,0.0,1.6,0.0,1014.1
2026-05-08T21:00,9.6,85,8.6,0.0,1.5,0.0,1014.4
2026-05-08T22:00,9.8,83,8.7,0.0,2.2,0.0,1014.1
2026-05-08T23:00,9.6,87,8.5,0.0,2.7,0.0,1013.8
2026-05-09T00:00,9.3,88,8.1,0.0,3.1,0.0,1013.4
2026-05-09T01:00,8.3,92,7.1,0.0,2.6,0.0,1013.1
2026-05-09T02:00,7.3,96,6.0,0.0,2.9,0.0,1012.8
2026-05-09T03:00,6.4,99,5.0,0.0,3.1,0.0,1012.7
2026-05-09T04:00,6.0,98,4.3,0.0,4.5,0.0,1013.0
2026-05-09T05:00,8.1,86,6.6,0.0,3.1,0.0,1013.2
2026-05-09T06:00,8.6,87,7.4,43.0,2.4,0.0,1014.2
2026-05-09T07:00,13.4,73,12.8,203.0,2.3,0.0,1015.0
2026-05-09T08:00,15.5,61,14.5,406.0,3.4,0.0,1015.2
2026-05-09T09:00,17.4,53,16.2,606.0,7.0,0.0,1014.7
2026-05-09T10:00,18.8,49,18.0,703.0,7.8,0.0,1014.1
2026-05-09T11:00,18.9,47,17.1,666.0,12.2,0.0,1013.6
2026-05-09T12:00,18.7,51,17.1,648.0,11.7,0.0,1013.8
2026-05-09T13:00,18.1,55,16.6,608.0,10.6,0.3,1013.9
2026-05-09T14:00,18.7,52,17.0,634.0,12.0,0.1,1013.1
2026-05-09T15:00,18.8,54,17.2,575.0,10.7,0.0,1012.2
2026-05-09T16:00,18.9,54,17.4,475.0,9.4,0.0,1011.5
2026-05-09T17:00,18.6,52,16.5,286.0,12.2,0.0,1011.2
2026-05-09T18:00,16.7,60,14.8,97.0,10.8,0.0,1012.2
2026-05-09T19:00,13.9,72,13.0,11.0,4.9,0.0,1013.0
2026-05-09T20:00,13.4,74,12.8,0.0,2.3,0.0,1013.2
2026-05-09T21:00,13.6,70,12.9,0.0,1.2,0.0,1013.3
2026-05-09T22:00,13.3,70,12.5,0.0,2.1,0.0,1013.3
2026-05-09T23:00,12.7,76,12.2,0.0,1.0,0.0,1013.3
2026-05-10T00:00,11.1,82,10.4,0.0,1.4,0.0,1013.1
2026-05-10T01:00,10.4,86,9.7,0.0,1.7,0.0,1012.8
2026-05-10T02:00,9.7,89,9.0,0.0,1.3,0.0,1012.3
2026-05-10T03:00,9.5,90,8.7,0.0,1.6,0.0,1012.3
2026-05-10T04:00,9.3,90,8.6,0.0,1.1,0.0,1012.5
2026-05-10T05:00,9.2,88,8.1,0.0,3.1,0.0,1012.9
2026-05-10T06:00,10.0,87,9.1,45.0,3.1,0.0,1013.7
2026-05-10T07:00,14.5,73,14.2,206.0,2.0,0.0,1015.0
2026-05-10T08:00,16.5,66,15.8,406.0,5.4,0.0,1015.2
2026-05-10T09:00,18.5,56,17.8,595.0,6.1,0.0,1014.5
2026-05-10T10:00,19.5,51,18.6,596.0,6.7,0.0,1013.7
2026-05-10T11:00,18.5,57,18.2,752.0,9.9,0.0,1014.0
2026-05-10T12:00,19.6,55,18.5,689.0,13.5,0.1,1013.8
2026-05-10T13:00,19.7,55,19.1,766.0,13.0,0.1,1013.3
2026-05-10T14:00,19.4,57,19.1,742.0,11.3,0.3,1012.5
2026-05-10T15:00,19.4,57,18.1,601.0,12.1,0.1,1011.6
2026-05-10T16:00,18.8,58,17.1,403.0,12.7,0.0,1011.2
2026-05-10T17:00,18.4,60,17.1,235.0,10.3,0.0,1010.8
2026-05-10T18:00,17.2,66,16.0,103.0,9.9,0.0,1011.0
2026-05-10T19:00,14.7,78,14.3,12.0,5.1,0.0,1011.3
2026-05-10T20:00,13.9,81,14.0,0.0,1.1,0.0,1011.7
2026-05-10T21:00,13.1,83,13.1,0.0,0.9,0.0,1012.4
2026-05-10T22:00,12.3,86,12.1,0.0,1.6,0.0,1012.8
2026-05-10T23:00,12.5,89,12.4,0.0,2.3,0.0,1013.5
2026-05-11T00:00,12.6,91,12.7,0.0,2.3,0.0,1013.7
2026-05-11T01:00,12.3,92,12.5,0.0,1.1,0.1,1013.5
2026-05-11T02:00,12.2,91,12.1,0.0,2.7,0.0,1013.4
2026-05-11T03:00,12.6,88,12.6,0.0,2.0,0.0,1013.4
2026-05-11T04:00,13.3,85,12.9,0.0,4.5,0.0,1013.8
2026-05-11T05:00,12.5,86,11.0,0.0,10.4,0.0,1012.7
2026-05-11T06:00,11.7,89,11.2,28.0,3.8,0.1,1014.1
2026-05-11T07:00,12.2,93,11.7,45.0,6.3,0.5,1014.3
2026-05-11T08:00,15.5,81,15.5,241.0,5.1,0.1,1014.7
2026-05-11T09:00,15.2,75,14.2,547.0,8.7,3.9,1016.2
2026-05-11T10:00,17.1,70,16.7,521.0,6.0,0.2,1015.4
2026-05-11T11:00,17.8,66,18.0,683.0,7.2,3.7,1014.8
2026-05-11T12:00,17.9,62,17.2,588.0,7.3,0.4,1014.4
2026-05-11T13:00,19.8,52,18.6,701.0,12.9,0.1,1012.8
2026-05-11T14:00,15.7,74,13.7,499.0,16.4,1.8,1013.4
2026-05-11T15:00,15.9,71,14.2,325.0,12.6,0.1,1013.5
2026-05-11T16:00,15.0,76,14.8,143.0,3.8,0.1,1012.4
2026-05-11T17:00,17.2,62,16.2,148.0,6.5,0.0,1010.5
2026-05-11T18:00,15.6,72,15.3,127.0,3.9,0.0,1010.9
2026-05-11T19:00,13.6,80,13.5,13.0,1.3,0.0,1011.1
2026-05-11T20:00,13.4,80,13.3,0.0,0.9,0.0,1011.4
2026-05-11T21:00,13.6,77,13.4,0.0,1.0,0.0,1012.1
2026-05-11T22:00,12.9,78,12.6,0.0,0.4,0.0,1012.2
2026-05-11T23:00,12.6,84,12.3,0.0,2.2,0.0,1011.5
2026-05-12T00:00,12.0,86,11.3,0.0,4.9,0.0,1010.9
2026-05-12T01:00,11.0,89,10.2,0.0,4.3,0.0,1010.5
2026-05-12T02:00,10.8,87,9.9,0.0,3.8,0.0,1010.3
2026-05-12T03:00,10.3,86,9.2,0.0,4.2,0.0,1009.8
2026-05-12T04:00,9.4,88,8.3,0.0,3.3,0.0,1009.8
2026-05-12T05:00,10.3,76,8.6,0.0,5.3,0.0,1010.0
2026-05-12T06:00,12.5,68,11.4,46.0,2.0,0.0,1011.0
2026-05-12T07:00,16.3,57,15.4,207.0,1.9,0.0,1012.2
2026-05-12T08:00,18.3,52,17.6,406.0,1.9,0.0,1011.8
2026-05-12T09:00,20.1,43,18.6,593.0,7.3,0.0,1011.5
2026-05-12T10:00,20.7,37,19.0,705.0,10.1,0.0,1011.1
2026-05-12T11:00,18.3,52,18.2,710.0,4.9,0.1,1012.9
2026-05-12T12:00,20.2,43,19.4,677.0,5.7,0.6,1011.3
2026-05-12T13:00,20.6,42,19.2,687.0,10.3,0.2,1010.1
2026-05-12T14:00,20.0,44,17.7,581.0,11.8,0.2,1009.7
2026-05-12T15:00,19.8,43,17.0,560.0,14.3,0.0,1009.1
2026-05-12T16:00,18.7,49,16.2,390.0,13.0,0.0,1009.0
2026-05-12T17:00,20.0,31,16.3,299.0,13.7,0.0,1007.7
2026-05-12T18:00,17.6,42,15.4,127.0,6.3,0.0,1008.4
2026-05-12T19:00,15.7,48,14.1,13.0,1.9,0.0,1008.2
2026-05-12T20:00,14.4,51,12.8,0.0,2.2,0.0,1008.6
2026-05-12T21:00,12.8,56,11.0,0.0,2.4,0.0,1009.1
2026-05-12T22:00,11.9,57,10.1,0.0,2.2,0.0,1009.3
2026-05-12T23:00,12.1,60,10.6,0.0,2.0,0.0,1009.4
2026-05-13T00:00,12.5,55,11.0,0.0,0.4,0.0,1009.2
2026-05-13T01:00,12.0,55,10.3,0.0,1.6,0.0,1009.0
2026-05-13T02:00,10.7,60,8.7,0.0,3.1,0.0,1008.8
2026-05-13T03:00,10.0,62,7.9,0.0,3.6,0.0,1008.8
2026-05-13T04:00,9.9,61,7.7,0.0,3.4,0.0,1008.9
2026-05-13T05:00,10.2,65,8.3,0.0,3.6,0.0,1008.8
2026-05-13T06:00,12.0,62,10.4,51.0,2.9,0.0,1009.0
2026-05-13T07:00,17.4,48,16.0,223.0,2.5,0.0,1010.0
2026-05-13T08:00,19.8,35,18.2,435.0,1.0,0.0,1010.0
2026-05-13T09:00,21.3,29,19.2,636.0,6.7,0.0,1009.6
2026-05-13T10:00,22.2,28,20.4,801.0,10.9,0.0,1009.4
2026-05-13T11:00,22.5,23,19.9,911.0,16.6,0.0,1009.4
2026-05-13T12:00,19.8,38,18.3,877.0,14.2,0.3,1010.0
2026-05-13T13:00,21.6,24,19.6,853.0,11.2,0.2,1008.2
2026-05-13T14:00,21.0,25,17.7,689.0,13.5,0.1,1007.9
2026-05-13T15:00,18.5,43,15.5,464.0,13.3,0.5,1008.3
2026-05-13T16:00,19.7,35,16.6,501.0,10.7,0.0,1007.4
2026-05-13T17:00,19.1,41,16.6,332.0,9.7,0.0,1006.0
2026-05-13T18:00,17.3,54,16.4,113.0,2.3,0.0,1006.0
2026-05-13T19:00,14.4,65,11.8,11.0,14.2,0.2,1008.2
2026-05-13T20:00,13.3,74,11.9,0.0,6.9,0.3,1008.5
2026-05-13T21:00,11.9,78,10.8,0.0,4.9,0.0,1008.4
2026-05-13T22:00,11.6,75,10.1,0.0,5.8,0.0,1008.1
2026-05-13T23:00,10.6,78,8.6,0.0,8.0,0.0,1007.1
2026-05-14T00:00,9.2,84,7.8,0.0,3.6,0.0,1006.5
2026-05-14T01:00,9.1,81,7.6,0.0,3.2,0.0,1006.2
2026-05-14T02:00,8.6,80,7.2,0.0,2.0,0.0,1006.1
2026-05-14T03:00,8.3,76,6.4,0.0,3.8,0.0,1006.0
2026-05-14T04:00,8.1,70,5.7,0.0,5.2,0.0,1006.1
2026-05-14T05:00,8.4,73,6.1,0.0,6.5,0.0,1006.5
2026-05-14T06:00,10.3,69,8.4,53.0,4.5,0.0,1006.8
2026-05-14T07:00,15.7,54,14.3,227.0,3.8,0.0,1007.3
2026-05-14T08:00,19.5,35,17.9,434.0,1.0,0.0,1007.6
2026-05-14T09:00,21.2,27,18.6,617.0,8.0,0.0,1007.5
2026-05-14T10:00,22.4,23,20.1,804.0,11.3,0.0,1007.7
2026-05-14T11:00,23.2,21,21.5,917.0,11.3,0.0,1007.8
2026-05-14T12:00,22.9,23,21.5,947.0,11.6,0.1,1007.9
2026-05-14T13:00,22.8,27,20.9,922.0,15.5,0.0,1007.2
2026-05-14T14:00,22.7,27,19.9,812.0,17.3,0.1,1006.3
2026-05-14T15:00,18.7,40,15.0,456.0,16.9,0.7,1007.5
2026-05-14T16:00,20.3,28,17.1,439.0,9.0,0.1,1006.5
2026-05-14T17:00,19.5,31,16.1,287.0,10.7,0.0,1005.8
2026-05-14T18:00,16.1,57,15.3,132.0,1.8,0.1,1005.5
2026-05-14T19:00,14.6,50,12.8,15.0,2.5,0.0,1006.1
2026-05-14T20:00,14.4,47,12.7,0.0,0.5,0.0,1007.0
2026-05-14T21:00,14.0,46,12.2,0.0,0.7,0.0,1008.0
2026-05-14T22:00,12.9,48,10.7,0.0,2.5,0.0,1007.8
2026-05-14T23:00,13.1,50,11.0,0.0,3.4,0.0,1006.8
2026-05-15T00:00,14.2,43,12.2,0.0,0.9,0.0,1006.9
2026-05-15T01:00,14.9,43,13.0,0.0,1.3,0.0,1006.7
2026-05-15T02:00,14.3,41,11.5,0.0,6.0,0.0,1006.9
2026-05-15T03:00,13.4,44,10.9,0.0,3.7,0.0,1006.3
2026-05-15T04:00,13.0,47,10.6,0.0,3.6,0.0,1006.3
2026-05-15T05:00,11.5,62,9.8,0.0,2.9,0.0,1007.1
2026-05-15T06:00,12.8,62,11.3,45.0,2.6,0.0,1007.7
2026-05-15T07:00,16.6,47,14.8,165.0,4.4,0.0,1008.0
2026-05-15T08:00,19.4,33,17.1,390.0,4.0,0.0,1007.9
2026-05-15T09:00,20.9,28,18.1,617.0,9.0,0.0,1007.9
2026-05-15T10:00,21.5,27,18.9,713.0,11.4,0.0,1008.5
2026-05-15T11:00,20.7,29,18.0,766.0,13.9,0.1,1008.9
2026-05-15T12:00,20.7,31,18.7,824.0,13.2,0.4,1008.9
2026-05-15T13:00,21.2,29,18.9,745.0,12.0,0.0,1008.2
2026-05-15T14:00,21.0,31,18.2,708.0,13.9,0.0,1007.5
2026-05-15T15:00,19.8,34,16.2,510.0,14.6,0.1,1007.6
2026-05-15T16:00,19.1,36,15.9,402.0,11.7,0.1,1007.1
2026-05-15T17:00,19.1,35,15.9,243.0,11.6,0.0,1006.1
2026-05-15T18:00,17.2,43,14.7,138.0,7.9,0.0,1006.2
2026-05-15T19:00,14.6,52,12.8,15.0,4.1,0.0,1007.0
2026-05-15T20:00,14.6,51,13.1,0.0,1.3,0.0,1007.8
2026-05-15T21:00,13.7,52,11.9,0.0,2.8,0.0,1008.2
2026-05-15T22:00,12.8,56,10.9,0.0,3.3,0.0,1008.3
2026-05-15T23:00,12.7,62,11.0,0.0,4.3,0.0,1008.0
2026-05-16T00:00,11.7,64,10.1,0.0,2.7,0.0,1007.5
2026-05-16T01:00,11.3,63,9.6,0.0,2.8,0.0,1007.3
2026-05-16T02:00,10.6,65,8.8,0.0,2.5,0.0,1006.8
2026-05-16T03:00,10.1,66,8.3,0.0,3.1,0.0,1006.8
2026-05-16T04:00,9.9,67,8.1,0.0,3.1,0.0,1007.0
2026-05-16T05:00,10.0,68,8.0,0.0,5.1,0.0,1007.4
2026-05-16T06:00,11.9,63,10.0,52.0,4.5,0.0,1007.9
2026-05-16T07:00,16.9,46,15.1,222.0,3.9,0.0,1008.5
2026-05-16T08:00,19.7,34,17.7,428.0,2.6,0.0,1008.6
2026-05-16T09:00,21.3,28,18.7,627.0,9.0,0.0,1008.7
2026-05-16T10:00,21.7,28,19.1,759.0,13.6,0.0,1009.0
2026-05-16T11:00,21.9,27,19.9,818.0,12.0,0.1,1009.6
2026-05-16T12:00,22.4,28,20.5,881.0,14.3,0.1,1009.2
2026-05-16T13:00,22.0,30,19.2,764.0,16.4,0.0,1008.7
2026-05-16T14:00,22.0,30,19.4,805.0,16.9,0.0,1008.1
2026-05-16T15:00,21.4,32,18.0,636.0,17.0,0.1,1007.7
2026-05-16T16:00,20.3,37,16.7,485.0,16.2,0.1,1007.7
2026-05-16T17:00,20.0,37,16.3,328.0,16.6,0.0,1007.3
2026-05-16T18:00,18.2,45,15.5,136.0,11.7,0.0,1008.0
2026-05-16T19:00,15.7,51,13.3,16.0,9.2,0.0,1008.3
2026-05-16T20:00,15.0,52,12.6,0.0,8.5,0.0,1008.6
2026-05-16T21:00,15.0,52,12.8,0.0,7.0,0.0,1009.0
2026-05-16T22:00,15.0,51,12.9,0.0,5.8,0.0,1009.1
2026-05-16T23:00,14.6,55,13.2,0.0,2.4,0.0,1009.0
2026-05-17T00:00,13.5,59,11.9,0.0,3.1,0.0,1008.6
2026-05-17T01:00,13.1,59,11.4,0.0,3.7,0.0,1008.1
2026-05-17T02:00,12.8,58,11.0,0.0,4.2,0.0,1007.9
2026-05-17T03:00,12.5,58,10.5,0.0,4.4,0.0,1007.9
2026-05-17T04:00,11.9,58,9.9,0.0,4.3,0.0,1007.9
2026-05-17T05:00,11.6,61,9.5,0.0,5.3,0.0,1008.6
2026-05-17T06:00,13.7,57,11.6,55.0,6.3,0.0,1008.6
2026-05-17T07:00,17.8,42,15.6,226.0,6.9,0.0,1008.8
2026-05-17T08:00,19.8,35,17.0,436.0,9.0,0.0,1008.4
2026-05-17T09:00,21.4,30,18.7,637.0,11.2,0.0,1008.4
2026-05-17T10:00,22.5,28,20.4,798.0,12.8,0.0,1008.3
2026-05-17T11:00,23.9,24,21.8,914.0,15.7,0.0,1008.4
2026-05-17T12:00,24.1,23,21.8,962.0,17.4,0.0,1008.1
2026-05-17T13:00,24.1,25,22.0,958.0,17.6,0.0,1007.4
2026-05-17T14:00,23.9,27,21.3,858.0,18.2,0.0,1006.8
2026-05-17T15:00,23.2,30,20.0,685.0,18.0,0.0,1006.3
2026-05-17T16:00,22.5,33,18.8,510.0,18.0,0.0,1006.0
2026-05-17T17:00,21.7,36,18.0,341.0,18.1,0.0,1006.0
2026-05-17T18:00,19.9,40,16.9,143.0,13.7,0.0,1006.4
2026-05-17T19:00,17.2,47,14.8,17.0,9.1,0.0,1006.8
2026-05-17T20:00,16.4,47,14.0,0.0,8.5,0.0,1006.8
2026-05-17T21:00,16.3,47,13.8,0.0,8.9,0.0,1006.8
2026-05-17T22:00,15.9,49,13.9,0.0,5.9,0.0,1007.2
2026-05-17T23:00,15.7,53,14.1,0.0,4.5,0.0,1006.9
2026-05-18T00:00,14.6,56,12.9,0.0,5.1,0.0,1005.7
2026-05-18T01:00,13.9,58,12.2,0.0,4.7,0.0,1004.9
2026-05-18T02:00,13.1,60,11.4,0.0,4.0,0.0,1004.2
2026-05-18T03:00,12.6,59,10.8,0.0,4.2,0.0,1004.0
2026-05-18T04:00,12.5,58,10.6,0.0,4.3,0.0,1004.2
2026-05-18T05:00,12.3,60,10.3,0.0,5.6,0.0,1004.6
2026-05-18T06:00,14.9,57,13.4,58.0,3.7,0.0,1004.9
2026-05-18T07:00,19.5,41,18.0,233.0,3.7,0.0,1005.6
2026-05-18T08:00,22.0,31,19.5,445.0,7.2,0.0,1005.9
2026-05-18T09:00,23.6,26,21.1,648.0,10.2,0.0,1005.9
2026-05-18T10:00,24.7,24,22.6,815.0,13.0,0.0,1006.4
2026-05-18T11:00,25.6,27,24.5,927.0,14.0,0.0,1006.7
2026-05-18T12:00,26.0,26,24.6,972.0,16.1,0.0,1006.5
2026-05-18T13:00,26.0,25,24.4,956.0,16.7,0.0,1006.4
2026-05-18T14:00,25.9,27,24.1,878.0,16.1,0.0,1005.9
2026-05-18T15:00,25.4,29,23.1,740.0,15.9,0.0,1005.7
2026-05-18T16:00,24.6,32,21.6,556.0,15.0,0.0,1005.6
2026-05-18T17:00,23.7,32,20.6,345.0,14.7,0.0,1005.5
2026-05-18T18:00,21.5,40,19.5,145.0,8.9,0.0,1005.5
2026-05-18T19:00,18.7,49,17.1,18.0,6.6,0.0,1005.8
2026-05-18T20:00,18.5,49,17.0,0.0,5.9,0.0,1006.3
2026-05-18T21:00,18.6,49,17.6,0.0,3.1,0.0,1006.8
2026-05-18T22:00,18.6,48,17.7,0.0,1.9,0.0,1006.7
2026-05-18T23:00,17.5,53,16.5,0.0,2.9,0.0,1006.6
2026-05-19T00:00,16.8,54,15.7,0.0,2.8,0.0,1006.3
2026-05-19T01:00,16.3,54,14.9,0.0,4.2,0.0,1006.0
2026-05-19T02:00,15.6,56,14.2,0.0,4.0,0.0,1005.8
2026-05-19T03:00,14.7,58,13.2,0.0,4.1,0.0,1005.6
2026-05-19T04:00,13.9,60,12.3,0.0,4.4,0.0,1005.7
2026-05-19T05:00,13.9,64,12.3,0.0,6.3,0.0,1006.7
2026-05-19T06:00,15.6,60,14.4,58.0,5.2,0.0,1007.4
2026-05-19T07:00,21.2,45,20.2,230.0,4.9,0.0,1007.9
2026-05-19T08:00,24.2,29,22.3,437.0,4.5,0.0,1008.2
2026-05-19T09:00,25.2,25,22.0,635.0,14.7,0.0,1008.3
2026-05-19T10:00,25.6,24,23.0,748.0,14.8,0.0,1008.8
2026-05-19T11:00,25.7,25,23.1,796.0,16.4,0.0,1009.2
2026-05-19T12:00,26.1,24,23.7,858.0,17.3,0.0,1008.6
2026-05-19T13:00,26.4,23,24.1,885.0,17.3,0.0,1007.9
2026-05-19T14:00,26.1,24,23.6,808.0,16.9,0.0,1007.4
2026-05-19T15:00,25.8,25,22.8,710.0,16.7,0.0,1007.1
2026-05-19T16:00,25.2,25,21.5,539.0,15.9,0.0,1006.7
2026-05-19T17:00,24.4,26,20.7,341.0,15.0,0.0,1006.2
2026-05-19T18:00,21.9,32,19.7,147.0,6.7,0.0,1006.9
2026-05-19T19:00,19.7,42,18.6,18.0,1.7,0.0,1007.4
2026-05-19T20:00,20.0,34,18.3,0.0,1.4,0.0,1007.8
2026-05-19T21:00,19.3,30,17.3,0.0,0.5,0.0,1008.1
2026-05-19T22:00,18.2,33,16.3,0.0,0.3,0.0,1008.4
2026-05-19T23:00,18.9,30,16.8,0.0,1.1,0.0,1008.6
2026-05-20T00:00,17.2,36,15.2,0.0,1.8,0.0,1008.3
2026-05-20T01:00,15.7,42,13.5,0.0,3.8,0.0,1007.8
2026-05-20T02:00,14.7,46,12.5,0.0,4.3,0.0,1007.5
2026-05-20T03:00,13.6,49,11.2,0.0,5.2,0.0,1007.3
2026-05-20T04:00,12.9,50,10.5,0.0,5.0,0.0,1007.2
2026-05-20T05:00,13.2,54,11.1,0.0,5.5,0.0,1007.5
2026-05-20T06:00,15.0,54,13.3,60.0,3.8,0.0,1007.9
2026-05-20T07:00,20.5,41,19.2,234.0,3.9,0.0,1008.3
2026-05-20T08:00,23.7,24,21.7,446.0,1.1,0.0,1008.2
2026-05-20T09:00,25.2,19,22.7,648.0,6.9,0.0,1007.8
2026-05-20T10:00,26.1,18,23.8,813.0,11.2,0.0,1007.5
2026-05-20T11:00,27.0,16,25.3,926.0,11.2,0.0,1007.1
2026-05-20T12:00,27.5,16,25.8,977.0,13.0,0.0,1006.4
2026-05-20T13:00,27.7,16,25.5,961.0,15.5,0.0,1005.4
2026-05-20T14:00,27.3,17,24.6,881.0,16.2,0.0,1004.8
2026-05-20T15:00,26.7,18,23.4,743.0,14.9,0.0,1004.4
2026-05-20T16:00,25.9,18,21.9,563.0,13.7,0.0,1004.2
2026-05-20T17:00,25.0,19,21.0,356.0,12.4,0.0,1004.0
2026-05-20T18:00,22.5,27,19.8,153.0,6.7,0.0,1004.7
2026-05-20T19:00,20.3,32,18.4,19.0,2.1,0.0,1005.2
2026-05-20T20:00,20.3,30,18.3,0.0,1.3,0.0,1006.1
2026-05-20T21:00,19.7,28,17.6,0.0,0.7,0.0,1006.8
2026-05-20T22:00,18.3,32,16.2,0.0,1.8,0.0,1007.3
2026-05-20T23:00,17.2,36,14.8,0.0,4.0,0.0,1006.9
2026-05-21T00:00,16.2,38,13.9,0.0,3.3,0.0,1006.3
2026-05-21T01:00,15.9,38,13.7,0.0,2.6,0.0,1005.8
2026-05-21T02:00,15.6,38,13.3,0.0,2.7,0.0,1005.8
2026-05-21T03:00,15.1,38,12.7,0.0,3.1,0.0,1005.8
2026-05-21T04:00,14.5,39,12.0,0.0,2.9,0.0,1005.9
2026-05-21T05:00,14.0,47,11.7,0.0,4.2,0.0,1006.6
2026-05-21T06:00,15.4,47,13.5,60.0,3.4,0.0,1007.3
2026-05-21T07:00,21.1,38,19.5,232.0,5.0,0.0,1007.8
2026-05-21T08:00,24.0,24,21.7,441.0,4.0,0.0,1007.6
2026-05-21T09:00,25.5,20,22.7,630.0,8.9,0.0,1007.3
2026-05-21T10:00,26.4,18,23.9,804.0,12.7,0.0,1007.3
2026-05-21T11:00,27.6,15,25.5,909.0,11.8,0.0,1007.2
2026-05-21T12:00,28.0,14,25.7,948.0,13.8,0.0,1006.4
2026-05-21T13:00,27.8,17,25.1,927.0,17.3,0.0,1005.8
2026-05-21T14:00,26.7,18,22.8,686.0,17.3,0.0,1005.9
2026-05-21T15:00,26.5,18,22.6,670.0,17.1,0.0,1005.3
2026-05-21T16:00,25.5,20,21.2,462.0,16.0,0.0,1005.5
2026-05-21T17:00,25.1,17,20.3,326.0,16.7,0.0,1004.9
2026-05-21T18:00,22.4,25,19.0,147.0,9.9,0.0,1005.8
2026-05-21T19:00,19.4,34,17.2,19.0,4.4,0.0,1006.3
2026-05-21T20:00,19.4,32,17.3,0.0,2.7,0.0,1007.0
2026-05-21T21:00,18.8,33,16.8,0.0,1.9,0.0,1007.8
2026-05-21T22:00,18.1,35,16.0,0.0,2.1,0.0,1008.2
2026-05-21T23:00,17.0,45,15.2,0.0,3.7,0.0,1008.6
2026-05-22T00:00,15.7,48,14.0,0.0,3.1,0.0,1008.3
2026-05-22T01:00,15.5,47,13.6,0.0,4.1,0.0,1008.1
2026-05-22T02:00,15.4,48,13.6,0.0,3.7,0.0,1008.1
2026-05-22T03:00,14.9,49,13.1,0.0,3.6,0.0,1007.8
2026-05-22T04:00,14.4,51,12.5,0.0,3.8,0.0,1008.2
2026-05-22T05:00,14.2,53,11.9,0.0,7.6,0.0,1008.7
2026-05-22T06:00,15.9,51,14.4,45.0,3.0,0.0,1008.9
2026-05-22T07:00,21.1,39,19.8,214.0,3.0,0.0,1009.5
2026-05-22T08:00,21.5,30,19.2,358.0,5.1,0.0,1011.0
2026-05-22T09:00,20.0,38,18.5,474.0,2.5,0.3,1012.3
2026-05-22T10:00,21.6,34,21.0,680.0,2.2,0.2,1012.4
2026-05-22T11:00,14.3,83,15.7,726.0,1.7,1.3,1016.2
2026-05-22T12:00,15.2,88,14.9,377.0,9.1,2.0,1015.5
2026-05-22T13:00,21.5,40,20.7,797.0,10.5,0.1,1012.5
2026-05-22T14:00,22.9,33,22.3,846.0,9.2,0.1,1010.8
2026-05-22T15:00,22.4,32,20.3,689.0,11.2,0.0,1010.3
2026-05-22T16:00,21.8,32,18.8,476.0,11.5,0.0,1009.8
2026-05-22T17:00,20.8,35,18.3,314.0,8.4,0.0,1009.9
2026-05-22T18:00,19.3,41,17.5,147.0,4.8,0.0,1009.7
2026-05-22T19:00,16.2,52,14.8,20.0,3.7,0.0,1009.8
2026-05-22T20:00,15.8,51,14.1,0.0,4.2,0.0,1010.1
2026-05-22T21:00,15.7,49,14.0,0.0,3.9,0.0,1010.5
2026-05-22T22:00,15.6,49,13.9,0.0,3.5,0.0,1010.6
2026-05-22T23:00,15.3,55,13.9,0.0,3.8,0.0,1010.3
2026-05-23T00:00,14.3,58,12.8,0.0,3.1,0.0,1009.8
2026-05-23T01:00,13.2,61,11.8,0.0,2.7,0.0,1009.4
2026-05-23T02:00,13.1,60,11.8,0.0,1.6,0.0,1009.2
2026-05-23T03:00,12.9,59,11.2,0.0,3.1,0.0,1009.2
2026-05-23T04:00,12.0,61,10.2,0.0,3.4,0.0,1009.2
2026-05-23T05:00,11.4,61,9.3,0.0,4.9,0.0,1009.4
2026-05-23T06:00,13.5,55,11.7,62.0,3.4,0.0,1009.8
2026-05-23T07:00,19.0,36,16.9,236.0,4.3,0.0,1010.2
2026-05-23T08:00,20.9,30,18.1,442.0,7.7,0.0,1010.5
2026-05-23T09:00,22.2,25,18.9,640.0,12.9,0.0,1010.7
2026-05-23T10:00,22.8,25,19.7,764.0,16.3,0.0,1010.6
2026-05-23T11:00,23.2,24,20.4,804.0,15.2,0.0,1010.6
2026-05-23T12:00,23.7,22,21.2,916.0,16.5,0.0,1009.9
2026-05-23T13:00,23.7,21,21.2,915.0,16.5,0.1,1009.2
2026-05-23T14:00,23.7,21,20.6,809.0,15.5,0.0,1008.4
2026-05-23T15:00,23.5,22,19.8,732.0,17.6,0.0,1007.8
2026-05-23T16:00,22.6,22,18.1,554.0,16.5,0.0,1007.6
2026-05-23T17:00,22.2,19,17.1,359.0,18.6,0.0,1007.7
2026-05-23T18:00,20.1,25,15.9,155.0,13.8,0.0,1008.1
2026-05-23T19:00,17.8,28,13.6,21.0,13.7,0.0,1008.4
2026-05-23T20:00,17.5,29,13.7,0.0,11.0,0.0,1008.7
2026-05-23T21:00,16.6,32,13.2,0.0,8.5,0.0,1008.9
2026-05-23T22:00,16.4,32,13.2,0.0,6.7,0.0,1009.0
2026-05-23T23:00,15.6,39,13.1,0.0,4.6,0.0,1008.6
2026-05-24T00:00,14.9,39,12.2,0.0,5.0,0.0,1007.8
2026-05-24T01:00,14.5,39,11.8,0.0,5.2,0.0,1007.4
2026-05-24T02:00,14.1,40,11.3,0.0,5.3,0.0,1007.4
2026-05-24T03:00,13.8,40,10.8,0.0,6.4,0.0,1007.2
2026-05-24T04:00,13.3,41,10.4,0.0,5.8,0.0,1007.2
2026-05-24T05:00,13.3,45,10.6,0.0,6.1,0.0,1008.1
2026-05-24T06:00,15.0,45,12.4,62.0,6.8,0.0,1008.4
2026-05-24T07:00,19.2,35,16.6,232.0,7.0,0.0,1009.1
2026-05-24T08:00,21.2,27,17.3,416.0,13.8,0.0,1009.3
2026-05-24T09:00,21.9,27,17.8,562.0,15.8,0.0,1009.8
2026-05-24T10:00,23.3,26,19.4,737.0,21.0,0.0,1010.0
2026-05-24T11:00,23.4,26,19.7,753.0,21.4,0.0,1010.2
2026-05-24T12:00,23.9,25,21.7,927.0,16.8,0.0,1009.6
2026-05-24T13:00,24.8,22,22.5,957.0,17.0,0.0,1008.7
2026-05-24T14:00,25.3,18,22.2,871.0,17.3,0.0,1007.5
2026-05-24T15:00,24.6,19,20.6,734.0,19.3,0.0,1007.8
2026-05-24T16:00,23.8,22,19.7,552.0,14.6,0.0,1007.4
2026-05-24T17:00,22.4,27,18.8,347.0,13.3,0.0,1007.6
2026-05-24T18:00,20.5,33,18.1,152.0,6.7,0.0,1008.0
2026-05-24T19:00,18.3,39,16.6,21.0,2.1,0.0,1008.1
2026-05-24T20:00,18.6,39,17.1,0.0,1.1,0.0,1008.4
2026-05-24T21:00,17.6,37,15.6,0.0,2.7,0.0,1008.7
2026-05-24T22:00,15.8,43,13.6,0.0,4.7,0.0,1008.7
2026-05-24T23:00,15.5,44,13.1,0.0,5.6,0.0,1008.4
2026-05-25T00:00,14.5,47,12.5,0.0,3.4,0.0,1008.2
2026-05-25T01:00,13.9,48,11.8,0.0,3.2,0.0,1007.6
2026-05-25T02:00,13.3,50,11.3,0.0,3.1,0.0,1007.1
2026-05-25T03:00,12.7,50,10.6,0.0,2.9,0.0,1006.8
2026-05-25T04:00,12.0,52,9.9,0.0,2.5,0.0,1007.1
2026-05-25T05:00,12.1,53,9.5,0.0,6.2,0.0,1006.7
2026-05-25T06:00,13.9,51,11.9,64.0,4.1,0.0,1007.3
2026-05-25T07:00,20.1,37,18.4,238.0,3.4,0.0,1008.0
2026-05-25T08:00,22.7,22,20.3,444.0,2.1,0.0,1008.1
2026-05-25T09:00,23.4,22,21.0,638.0,6.4,0.0,1008.0
2026-05-25T10:00,24.0,22,22.5,785.0,7.0,0.0,1007.9
2026-05-25T11:00,25.3,16,22.9,881.0,12.2,0.0,1008.0
2026-05-25T12:00,25.0,16,21.9,795.0,14.0,0.0,1007.8
2026-05-25T13:00,24.9,20,22.4,791.0,12.0,0.1,1007.1
2026-05-25T14:00,25.5,18,23.3,848.0,11.5,0.1,1006.0
2026-05-25T15:00,25.3,18,22.1,717.0,13.1,0.0,1005.5
2026-05-25T16:00,24.5,19,20.1,534.0,14.6,0.0,1005.2
2026-05-25T17:00,23.5,17,18.7,356.0,15.4,0.0,1005.5
2026-05-25T18:00,20.9,25,17.9,146.0,6.2,0.0,1005.8
2026-05-25T19:00,18.4,31,15.9,22.0,3.5,0.0,1006.2
2026-05-25T20:00,17.9,30,15.3,0.0,3.6,0.0,1006.9
2026-05-25T21:00,17.6,30,14.9,0.0,3.5,0.0,1007.4
2026-05-25T22:00,17.7,27,14.8,0.0,4.1,0.0,1007.7
2026-05-25T23:00,16.8,33,14.1,0.0,4.5,0.0,1008.0
2026-05-26T00:00,16.0,35,13.4,0.0,3.8,0.0,1007.7
2026-05-26T01:00,14.3,40,11.7,0.0,3.8,0.0,1007.1
2026-05-26T02:00,12.8,44,10.5,0.0,2.5,0.0,1007.2
2026-05-26T03:00,11.8,48,9.5,0.0,2.2,0.0,1006.9
2026-05-26T04:00,10.9,50,8.7,0.0,2.1,0.0,1006.8
2026-05-26T05:00,12.7,45,10.1,0.0,4.5,0.0,1007.6
2026-05-26T06:00,14.7,46,12.5,65.0,3.8,0.0,1008.3
2026-05-26T07:00,18.6,33,16.2,242.0,4.2,0.0,1008.9
2026-05-26T08:00,20.7,24,17.6,455.0,6.2,0.0,1008.9
2026-05-26T09:00,22.3,17,18.6,657.0,11.5,0.0,1008.8
2026-05-26T10:00,23.2,16,20.0,828.0,13.9,0.0,1008.8
2026-05-26T11:00,24.2,18,21.8,943.0,14.7,0.0,1008.7
2026-05-26T12:00,24.7,15,21.5,988.0,19.2,0.0,1008.3
2026-05-26T13:00,24.5,17,21.3,978.0,20.1,0.0,1007.7
2026-05-26T14:00,24.5,18,20.9,897.0,20.3,0.0,1007.2
2026-05-26T15:00,24.1,19,20.1,757.0,18.8,0.0,1006.7
2026-05-26T16:00,23.4,21,18.8,574.0,17.7,0.0,1006.6
2026-05-26T17:00,22.5,19,17.5,367.0,17.9,0.0,1006.8
2026-05-26T18:00,20.5,23,16.4,165.0,12.2,0.0,1007.4
2026-05-26T19:00,17.1,30,13.9,23.0,7.1,0.0,1008.4
2026-05-26T20:00,17.0,29,13.8,0.0,6.5,0.0,1008.6
2026-05-26T21:00,17.1,28,13.9,0.0,6.0,0.0,1008.9
2026-05-26T22:00,17.0,28,13.8,0.0,6.0,0.0,1009.1
2026-05-26T23:00,16.5,32,13.8,0.0,3.0,0.0,1009.1
2026-05-27T00:00,14.8,35,12.0,0.0,4.3,0.0,1008.4
2026-05-27T01:00,13.5,38,10.6,0.0,4.3,0.0,1007.4
2026-05-27T02:00,12.9,39,10.0,0.0,4.6,0.0,1006.8
2026-05-27T03:00,12.7,40,9.9,0.0,4.0,0.0,1006.4
2026-05-27T04:00,12.4,42,9.8,0.0,3.5,0.0,1006.3
2026-05-27T05:00,12.3,44,9.3,0.0,6.4,0.0,1007.0
2026-05-27T06:00,14.0,45,11.6,66.0,4.8,0.0,1007.3
2026-05-27T07:00,19.4,34,17.2,244.0,4.5,0.0,1007.6
2026-05-27T08:00,22.6,22,19.8,456.0,4.3,0.0,1007.9
2026-05-27T09:00,24.3,17,21.0,658.0,10.4,0.0,1007.9
2026-05-27T10:00,25.1,15,22.0,825.0,13.6,0.0,1008.0
2026-05-27T11:00,25.6,18,23.4,939.0,14.0,0.0,1008.2
2026-05-27T12:00,25.7,20,23.8,986.0,15.9,0.0,1008.0
2026-05-27T13:00,26.2,17,23.6,968.0,17.7,0.0,1007.1
2026-05-27T14:00,26.3,17,22.9,892.0,19.4,0.0,1006.6
2026-05-27T15:00,25.9,19,21.8,753.0,20.8,0.0,1006.4
2026-05-27T16:00,25.0,21,19.9,529.0,21.0,0.0,1006.5
2026-05-27T17:00,25.1,16,20.0,350.0,18.4,0.0,1005.8
2026-05-27T18:00,22.9,22,18.8,164.0,13.4,0.0,1007.0
2026-05-27T19:00,19.9,27,16.5,24.0,9.4,0.0,1007.5
2026-05-27T20:00,19.5,27,16.1,0.0,9.2,0.0,1007.7
2026-05-27T21:00,19.3,28,16.3,0.0,6.8,0.0,1008.0
2026-05-27T22:00,18.5,32,15.9,0.0,4.5,0.0,1008.0
2026-05-27T23:00,16.8,36,14.2,0.0,4.9,0.0,1008.0
2026-05-28T00:00,15.6,39,13.3,0.0,3.2,0.0,1007.3
2026-05-28T01:00,15.3,40,13.1,0.0,2.3,0.0,1006.9
2026-05-28T02:00,15.0,40,12.8,0.0,2.3,0.0,1006.9
2026-05-28T03:00,14.2,40,11.9,0.0,2.4,0.0,1006.9
2026-05-28T04:00,13.3,42,10.9,0.0,2.5,0.0,1007.1
2026-05-28T05:00,13.1,46,10.2,0.0,7.2,0.0,1007.2
2026-05-28T06:00,14.8,47,12.6,65.0,5.1,0.0,1007.5
2026-05-28T07:00,20.3,35,18.4,239.0,4.3,0.0,1008.2
2026-05-28T08:00,23.1,25,20.9,440.0,3.0,0.0,1008.8
2026-05-28T09:00,23.1,26,20.0,607.0,12.1,0.0,1009.8
2026-05-28T10:00,24.4,27,23.1,785.0,9.0,0.0,1010.1
2026-05-28T11:00,25.1,18,21.1,628.0,15.5,0.0,1009.8
2026-05-28T12:00,24.0,23,20.9,638.0,11.6,0.0,1009.6
2026-05-28T13:00,25.4,20,23.5,872.0,11.7,0.1,1007.9
2026-05-28T14:00,22.2,29,18.8,298.0,12.7,0.1,1008.5
2026-05-28T15:00,21.5,32,18.0,405.0,14.3,0.2,1008.4
2026-05-28T16:00,22.9,23,19.9,388.0,6.8,0.0,1007.1
2026-05-28T17:00,23.9,20,19.4,315.0,15.9,0.0,1005.8
2026-05-28T18:00,21.1,32,18.1,123.0,10.6,0.0,1007.1
2026-05-28T19:00,18.0,46,16.4,24.0,4.4,0.0,1007.7
2026-05-28T20:00,17.5,49,16.3,0.0,2.4,0.0,1008.7
2026-05-28T21:00,16.1,52,14.8,0.0,2.6,0.0,1009.1
2026-05-28T22:00,15.1,54,13.7,0.0,2.3,0.0,1008.7
2026-05-28T23:00,13.5,68,11.7,0.0,8.2,0.0,1008.1
2026-05-29T00:00,12.9,69,11.1,0.0,7.6,0.0,1007.5
2026-05-29T01:00,12.6,68,11.1,0.0,5.0,0.0,1007.2
2026-05-29T02:00,12.3,68,10.9,0.0,3.6,0.0,1007.2
2026-05-29T03:00,12.3,66,11.2,0.0,1.1,0.0,1007.2
2026-05-29T04:00,12.2,64,10.9,0.0,2.0,0.0,1007.7
2026-05-29T05:00,11.5,68,9.7,0.0,5.0,0.0,1007.7
2026-05-29T06:00,13.3,63,11.9,63.0,3.6,0.0,1008.5
2026-05-29T07:00,18.2,46,16.9,232.0,2.4,0.0,1009.1
2026-05-29T08:00,20.1,42,18.7,434.0,4.1,0.0,1009.5
2026-05-29T09:00,21.2,40,19.6,627.0,8.8,0.0,1009.3
2026-05-29T10:00,20.3,44,19.2,645.0,7.7,0.3,1010.0
2026-05-29T11:00,20.2,41,19.1,732.0,8.8,0.6,1010.3
2026-05-29T12:00,17.3,69,17.6,669.0,6.4,1.2,1011.3
2026-05-29T13:00,21.1,34,20.1,804.0,8.8,0.2,1009.4
2026-05-29T14:00,21.2,37,19.7,730.0,10.1,0.0,1008.7
2026-05-29T15:00,20.6,41,18.0,592.0,13.8,0.1,1008.3
2026-05-29T16:00,19.0,46,17.1,410.0,8.1,0.1,1009.2
2026-05-29T17:00,14.6,73,13.2,254.0,8.9,0.1,1010.6
2026-05-29T18:00,14.7,72,13.8,128.0,5.7,0.0,1011.1
2026-05-29T19:00,12.8,91,12.0,19.0,8.0,0.3,1010.7
2026-05-29T20:00,12.2,94,11.7,0.0,5.8,0.0,1011.2
2026-05-29T21:00,11.7,93,11.0,0.0,5.5,0.0,1011.3
2026-05-29T22:00,11.1,92,10.2,0.0,6.2,0.0,1011.2
2026-05-29T23:00,11.1,92,10.1,0.0,6.7,0.0,1010.4
2026-05-30T00:00,10.2,93,8.6,0.0,8.9,0.0,1010.4
2026-05-30T01:00,10.2,87,8.5,0.0,8.7,0.0,1010.7
2026-05-30T02:00,9.5,90,7.8,0.0,7.6,0.0,1010.5
2026-05-30T03:00,9.0,91,7.5,0.0,6.5,0.0,1010.6
2026-05-30T04:00,9.0,91,7.7,0.0,4.9,0.3,1011.3
2026-05-30T05:00,8.5,97,6.7,0.0,9.2,2.3,1012.0
2026-05-30T06:00,9.8,98,8.9,16.0,5.4,0.4,1013.0
2026-05-30T07:00,11.0,98,10.3,103.0,6.2,0.9,1015.0
2026-05-30T08:00,11.4,96,10.8,174.0,6.0,0.4,1016.1
2026-05-30T09:00,13.4,80,13.2,363.0,1.4,0.2,1016.1
2026-05-30T10:00,14.7,64,13.5,391.0,4.1,0.4,1015.1
2026-05-30T11:00,15.5,54,15.5,708.0,1.6,0.1,1013.7
2026-05-30T12:00,15.8,52,14.3,232.0,3.1,0.0,1013.2
2026-05-30T13:00,14.7,63,13.4,256.0,4.4,0.1,1013.9
2026-05-30T14:00,13.4,89,13.5,192.0,2.8,0.9,1013.1
2026-05-30T15:00,12.9,90,12.2,185.0,8.1,0.4,1011.9
2026-05-30T16:00,15.9,53,13.2,287.0,12.4,0.1,1009.7
2026-05-30T17:00,14.0,83,13.5,330.0,6.0,0.0,1009.8
2026-05-30T18:00,13.4,77,12.7,46.0,4.0,0.0,1009.8
2026-05-30T19:00,12.1,90,11.7,19.0,3.7,0.0,1009.9
2026-05-30T20:00,11.8,90,11.1,0.0,5.2,0.0,1010.5
2026-05-30T21:00,11.6,84,10.7,0.0,4.4,0.0,1011.0
2026-05-30T22:00,11.3,77,10.0,0.0,4.8,0.0,1011.8
2026-05-30T23:00,12.5,67,10.7,0.0,5.9,0.0,1011.3
2026-05-31T00:00,12.1,68,10.6,0.0,4.1,0.0,1010.9
2026-05-31T01:00,11.9,70,10.6,0.0,2.9,0.0,1010.7
2026-05-31T02:00,11.8,70,10.7,0.0,1.1,0.0,1010.7
2026-05-31T03:00,11.6,75,10.8,0.0,1.3,0.2,1011.4
2026-05-31T04:00,10.8,94,10.4,0.0,2.6,0.8,1011.9
2026-05-31T05:00,11.5,97,11.2,0.0,4.2,0.9,1012.3
2026-05-31T06:00,11.3,96,11.0,16.0,3.7,0.2,1013.0
2026-05-31T07:00,11.9,95,11.6,53.0,4.7,0.4,1013.7
2026-05-31T08:00,11.5,98,11.2,71.0,4.5,0.8,1014.6
2026-05-31T09:00,12.0,98,12.2,154.0,2.6,0.7,1015.0
2026-05-31T10:00,12.9,96,13.2,314.0,2.8,1.0,1015.0
2026-05-31T11:00,13.4,88,13.3,530.0,4.2,0.7,1014.9
2026-05-31T12:00,13.7,80,12.9,331.0,6.0,0.7,1014.9
2026-05-31T13:00,14.5,68,13.2,334.0,6.8,0.4,1014.5
2026-05-31T14:00,16.0,52,14.2,361.0,6.5,0.2,1013.4
2026-05-31T15:00,17.7,43,15.9,545.0,4.0,0.0,1012.2
2026-05-31T16:00,17.6,43,16.1,413.0,1.5,0.0,1011.5
2026-05-31T17:00,15.8,65,14.7,246.0,5.9,0.0,1011.9
2026-05-31T18:00,14.6,68,13.5,134.0,5.2,0.0,1012.5
2026-05-31T19:00,12.6,81,12.3,20.0,1.2,0.0,1013.1
2026-05-31T20:00,12.3,82,11.8,0.0,2.2,0.0,1013.6
2026-05-31T21:00,11.6,84,11.0,0.0,2.1,0.0,1013.7
2026-05-31T22:00,11.2,84,10.4,0.0,2.8,0.0,1013.6
2026-05-31T23:00,11.8,82,11.1,0.0,2.8,0.0,1013.2
2026-06-01T00:00,11.6,80,10.7,0.0,3.1,0.0,1012.5
2026-06-01T01:00,11.4,80,10.2,0.0,4.5,0.0,1012.0
2026-06-01T02:00,11.4,79,10.2,0.0,5.2,0.0,1011.7
2026-06-01T03:00,11.0,82,9.7,0.0,5.6,0.0,1012.1
2026-06-01T04:00,10.5,95,9.9,0.0,3.2,1.3,1012.6
2026-06-01T05:00,11.6,93,11.1,0.0,4.3,0.3,1013.1
2026-06-01T06:00,12.1,96,11.9,24.0,4.6,0.1,1013.5
2026-06-01T07:00,12.3,96,12.2,44.0,4.5,0.3,1013.8
2026-06-01T08:00,13.1,95,13.1,116.0,5.0,0.1,1014.0
2026-06-01T09:00,15.0,76,14.9,242.0,2.5,0.0,1014.3
2026-06-01T10:00,18.9,44,17.7,497.0,1.9,0.0,1013.6
2026-06-01T11:00,19.6,42,17.8,334.0,5.7,0.0,1013.1
2026-06-01T12:00,20.1,40,17.9,536.0,8.2,0.0,1012.6
2026-06-01T13:00,16.0,77,15.7,465.0,6.9,1.1,1014.0
2026-06-01T14:00,18.2,60,18.1,582.0,2.7,0.4,1012.7
2026-06-01T15:00,18.0,59,17.8,588.0,3.6,0.3,1012.4
2026-06-01T16:00,16.5,80,17.0,292.0,3.6,0.6,1012.1
2026-06-01T17:00,16.0,76,15.9,310.0,4.6,0.1,1012.5
2026-06-01T18:00,15.6,73,15.2,143.0,4.2,0.1,1011.7
2026-06-01T19:00,13.3,85,13.0,25.0,3.6,0.0,1011.6
2026-06-01T20:00,12.3,88,12.0,0.0,2.9,0.0,1012.1
2026-06-01T21:00,11.8,88,11.5,0.0,2.0,0.0,1012.9
2026-06-01T22:00,11.6,86,11.2,0.0,2.0,0.0,1013.7
2026-06-01T23:00,11.6,88,11.2,0.0,2.8,0.0,1013.7
2026-06-02T00:00,11.3,87,10.9,0.0,1.6,0.0,1013.4
2026-06-02T01:00,11.8,83,11.2,0.0,2.7,0.0,1013.0
2026-06-02T02:00,12.3,81,11.6,0.0,2.8,0.0,1012.5
2026-06-02T03:00,12.9,77,12.3,0.0,2.4,0.0,1012.1
2026-06-02T04:00,12.6,76,11.9,0.0,2.1,0.0,1012.0
2026-06-02T05:00,11.9,79,11.3,1.0,1.4,0.0,1012.2
2026-06-02T06:00,14.3,70,13.9,56.0,0.9,0.0,1012.8
2026-06-02T07:00,17.3,56,16.6,215.0,1.8,0.0,1013.1
2026-06-02T08:00,19.4,47,18.5,421.0,2.7,0.0,1012.9
2026-06-02T09:00,21.0,43,20.1,614.0,5.6,0.0,1012.5
2026-06-02T10:00,18.6,54,17.9,729.0,10.1,0.0,1013.4
2026-06-02T11:00,18.3,58,17.2,513.0,7.8,0.6,1014.3
2026-06-02T12:00,20.6,45,19.9,664.0,6.7,0.0,1012.5
2026-06-02T13:00,20.8,43,19.7,718.0,10.2,0.1,1011.8
2026-06-02T14:00,20.6,46,19.3,674.0,11.5,0.1,1010.6
2026-06-02T15:00,21.1,45,19.8,653.0,10.4,0.1,1009.6
2026-06-02T16:00,19.6,50,18.1,469.0,8.3,0.0,1010.1
2026-06-02T17:00,16.4,74,15.9,255.0,7.2,0.2,1011.3
2026-06-02T18:00,16.2,77,16.5,136.0,3.1,0.1,1010.8
2026-06-02T19:00,14.1,90,14.1,24.0,5.0,0.0,1010.7
2026-06-02T20:00,13.2,95,13.4,0.0,3.5,0.0,1011.0
2026-06-02T21:00,12.9,91,13.2,0.0,1.3,0.0,1011.3
2026-06-02T22:00,12.8,87,12.8,0.0,2.0,0.0,1011.2
2026-06-02T23:00,13.4,85,13.5,0.0,2.0,0.0,1010.6
2026-06-03T00:00,12.9,85,12.9,0.0,1.3,0.0,1010.5
2026-06-03T01:00,12.3,86,12.2,0.0,0.9,0.0,1010.3
2026-06-03T02:00,12.4,83,12.1,0.0,1.5,0.0,1010.3
2026-06-03T03:00,12.6,81,12.2,0.0,1.8,0.0,1010.3
2026-06-03T04:00,12.1,83,11.7,0.0,2.2,0.0,1010.4
2026-06-03T05:00,11.8,86,11.2,1.0,3.1,0.0,1011.0
2026-06-03T06:00,13.5,82,13.1,62.0,4.1,0.0,1011.0
2026-06-03T07:00,16.7,68,16.3,220.0,3.9,0.0,1010.3
2026-06-03T08:00,19.3,55,19.0,429.0,2.0,0.0,1009.8
2026-06-03T09:00,21.4,44,20.8,624.0,4.9,0.0,1009.0
2026-06-03T10:00,22.1,38,20.9,721.0,10.0,0.1,1008.5
2026-06-03T11:00,21.8,38,20.3,785.0,13.3,0.3,1008.6
2026-06-03T12:00,20.9,44,19.3,726.0,14.2,0.3,1008.8
2026-06-03T13:00,21.3,46,20.7,776.0,11.7,0.2,1008.3
2026-06-03T14:00,20.7,51,19.7,669.0,11.7,0.1,1007.4
2026-06-03T15:00,20.9,49,19.7,584.0,8.9,0.0,1006.6
2026-06-03T16:00,19.7,53,17.9,465.0,12.2,0.1,1006.3
2026-06-03T17:00,17.6,74,17.2,325.0,8.5,0.0,1006.3
2026-06-03T18:00,17.6,69,17.4,139.0,5.0,0.1,1006.4
2026-06-03T19:00,15.2,81,15.8,26.0,0.2,0.0,1006.8
2026-06-03T20:00,14.1,85,14.4,0.0,1.3,0.0,1006.8
2026-06-03T21:00,13.7,85,13.9,0.0,1.5,0.0,1007.0
2026-06-03T22:00,13.6,84,13.8,0.0,0.9,0.0,1007.2
2026-06-03T23:00,14.8,76,14.9,0.0,1.1,0.0,1007.5
2026-06-04T00:00,13.7,81,13.4,0.0,2.9,0.0,1007.1
2026-06-04T01:00,12.7,86,12.0,0.0,6.2,0.0,1006.6
2026-06-04T02:00,12.2,88,11.6,0.0,4.8,0.0,1006.4
2026-06-04T03:00,12.1,87,11.7,0.0,3.4,0.0,1006.3
2026-06-04T04:00,12.1,85,11.8,0.0,2.0,0.0,1006.4
2026-06-04T05:00,12.5,82,11.9,1.0,3.9,0.0,1007.1
2026-06-04T06:00,14.3,76,13.6,63.0,4.9,0.0,1007.4
2026-06-04T07:00,18.0,61,17.6,224.0,3.0,0.0,1007.4
2026-06-04T08:00,19.8,54,19.6,424.0,1.4,0.0,1007.0
2026-06-04T09:00,21.6,48,21.3,618.0,5.4,0.0,1006.5
2026-06-04T10:00,22.9,43,22.8,767.0,8.6,0.0,1006.2
2026-06-04T11:00,22.3,41,20.6,673.0,12.7,0.0,1006.8
2026-06-04T12:00,23.5,38,22.9,824.0,11.3,0.0,1005.9
2026-06-04T13:00,23.8,37,23.2,862.0,12.5,0.0,1005.6
2026-06-04T14:00,23.4,36,22.1,751.0,12.4,0.0,1004.7
2026-06-04T15:00,21.8,39,19.7,422.0,9.3,0.1,1004.8
2026-06-04T16:00,21.2,42,19.5,416.0,7.5,0.3,1005.4
2026-06-04T17:00,20.7,44,19.3,296.0,6.2,0.0,1004.6
2026-06-04T18:00,19.5,49,18.7,159.0,3.1,0.0,1004.6
2026-06-04T19:00,15.2,71,14.2,23.0,7.4,0.0,1008.0
2026-06-04T20:00,14.5,77,13.6,0.0,7.1,0.0,1008.7
2026-06-04T21:00,14.3,79,13.5,0.0,7.0,0.1,1008.7
2026-06-04T22:00,13.4,92,13.1,0.0,6.2,0.5,1009.1
2026-06-04T23:00,12.3,95,11.5,0.0,9.2,2.3,1008.1
2026-06-05T00:00,12.0,95,10.7,0.0,11.4,1.1,1006.3
2026-06-05T01:00,12.1,92,10.5,0.0,12.9,0.0,1004.7
2026-06-05T02:00,12.5,89,11.8,0.0,6.4,0.0,1005.2
2026-06-05T03:00,12.8,87,12.6,0.0,3.1,0.0,1006.3
2026-06-05T04:00,12.4,90,11.9,0.0,5.1,0.0,1006.7
2026-06-05T05:00,12.4,93,12.1,0.0,5.2,0.0,1006.8
2026-06-05T06:00,13.2,91,12.7,43.0,7.2,0.0,1007.5
2026-06-05T07:00,15.1,84,15.4,82.0,2.9,0.0,1008.1
2026-06-05T08:00,18.4,50,17.5,380.0,2.4,0.0,1008.7
2026-06-05T09:00,20.1,41,18.4,571.0,6.6,0.0,1008.5
2026-06-05T10:00,20.7,43,19.9,660.0,6.0,0.0,1008.5
2026-06-05T11:00,22.2,37,22.1,763.0,4.0,0.0,1008.0
2026-06-05T12:00,21.8,37,21.5,808.0,6.8,0.1,1007.9
2026-06-05T13:00,18.8,56,17.7,562.0,7.8,0.4,1008.4
2026-06-05T14:00,20.9,48,20.5,716.0,8.5,0.2,1007.3
2026-06-05T15:00,20.7,49,19.5,607.0,10.1,0.1,1006.6
2026-06-05T16:00,18.4,62,16.8,516.0,13.1,0.5,1006.3
2026-06-05T17:00,19.1,52,17.2,295.0,11.6,0.7,1006.5
2026-06-05T18:00,16.7,68,16.5,137.0,3.5,0.2,1007.2
2026-06-05T19:00,14.2,89,14.8,26.0,1.1,0.0,1007.4
2026-06-05T20:00,13.8,88,14.3,0.0,1.1,0.0,1008.1
2026-06-05T21:00,13.8,80,13.7,0.0,2.2,0.0,1008.2
2026-06-05T22:00,13.9,74,13.4,0.0,2.4,0.0,1008.3
2026-06-05T23:00,13.8,75,13.1,0.0,4.0,0.0,1008.5
2026-06-06T00:00,13.0,75,12.3,0.0,3.0,0.0,1008.2
2026-06-06T01:00,12.2,78,11.4,0.0,2.9,0.0,1007.8
2026-06-06T02:00,11.7,79,10.9,0.0,2.6,0.0,1007.5
2026-06-06T03:00,11.4,79,10.5,0.0,2.8,0.0,1007.5
2026-06-06T04:00,11.1,79,10.1,0.0,2.9,0.0,1007.5
2026-06-06T05:00,10.2,86,8.9,1.0,5.3,0.0,1008.0
2026-06-06T06:00,12.9,75,11.8,66.0,5.0,0.0,1008.7
2026-06-06T07:00,17.3,56,16.4,234.0,3.9,0.0,1009.3
2026-06-06T08:00,19.3,47,17.7,435.0,7.2,0.0,1009.3
2026-06-06T09:00,20.7,39,18.7,622.0,10.5,0.0,1009.1
2026-06-06T10:00,21.9,31,20.1,765.0,10.7,0.0,1009.0
2026-06-06T11:00,22.7,25,21.0,856.0,10.7,0.0,1009.1
2026-06-06T12:00,23.6,22,21.9,937.0,12.4,0.0,1008.0
2026-06-06T13:00,23.8,22,21.7,936.0,14.8,0.0,1007.1
2026-06-06T14:00,23.7,22,21.2,885.0,15.5,0.0,1006.4
2026-06-06T15:00,23.1,24,19.9,723.0,15.5,0.0,1006.1
2026-06-06T16:00,22.4,27,18.4,556.0,15.7,0.0,1006.1
2026-06-06T17:00,21.9,27,17.6,363.0,16.9,0.0,1005.5
2026-06-06T18:00,19.9,34,16.8,169.0,11.3,0.0,1005.8
2026-06-06T19:00,16.8,43,14.5,30.0,6.5,0.0,1006.1
2026-06-06T20:00,16.9,42,14.6,0.0,6.4,0.0,1006.8
2026-06-06T21:00,17.2,42,15.0,0.0,5.6,0.0,1007.5
2026-06-06T22:00,17.2,42,15.4,0.0,2.5,0.0,1007.7
2026-06-06T23:00,16.4,46,14.9,0.0,1.5,0.0,1007.9
2026-06-07T00:00,14.8,51,13.4,0.0,1.6,0.0,1007.9
2026-06-07T01:00,13.5,56,11.8,0.0,2.7,0.0,1007.5
2026-06-07T02:00,12.9,58,11.4,0.0,1.8,0.0,1007.6
2026-06-07T03:00,12.5,58,11.0,0.0,1.5,0.0,1007.6
2026-06-07T04:00,11.4,62,9.6,0.0,3.1,0.0,1007.9
2026-06-07T05:00,11.7,63,9.8,1.0,4.9,0.0,1008.7
2026-06-07T06:00,13.8,59,12.3,68.0,3.4,0.0,1009.1
2026-06-07T07:00,19.1,42,17.6,237.0,3.0,0.0,1009.5
2026-06-07T08:00,21.1,33,19.1,442.0,4.4,0.0,1009.2
2026-06-07T09:00,22.3,30,19.8,636.0,10.1,0.0,1009.0
2026-06-07T10:00,23.0,28,20.9,777.0,12.7,0.0,1008.9
2026-06-07T11:00,23.7,24,21.5,822.0,12.8,0.0,1008.9
2026-06-07T12:00,23.8,24,21.5,846.0,14.8,0.0,1008.1
2026-06-07T13:00,24.2,24,22.0,921.0,16.5,0.0,1007.4
2026-06-07T14:00,24.0,25,21.6,855.0,15.9,0.0,1006.8
2026-06-07T15:00,23.8,26,20.9,741.0,15.7,0.0,1006.1
2026-06-07T16:00,23.1,29,19.5,564.0,15.5,0.0,1005.9
2026-06-07T17:00,22.4,29,18.7,371.0,14.7,0.0,1005.6
2026-06-07T18:00,20.4,37,17.7,174.0,10.6,0.0,1005.8
2026-06-07T19:00,17.6,47,15.5,30.0,7.3,0.0,1006.3
2026-06-07T20:00,17.2,48,15.1,0.0,7.6,0.0,1006.8
2026-06-07T21:00,17.2,48,15.5,0.0,5.5,0.0,1007.0
2026-06-07T22:00,17.2,47,15.9,0.0,1.9,0.0,1006.9
2026-06-07T23:00,16.2,55,15.3,0.0,1.3,0.0,1006.6
2026-06-08T00:00,14.9,59,14.0,0.0,0.9,0.0,1006.5
2026-06-08T01:00,13.8,63,12.8,0.0,1.8,0.0,1006.1
2026-06-08T02:00,12.6,67,11.4,0.0,2.5,0.0,1005.9
2026-06-08T03:00,11.9,70,10.6,0.0,3.1,0.0,1005.9
2026-06-08T04:00,11.7,70,10.4,0.0,2.7,0.0,1006.1
2026-06-08T05:00,12.2,65,10.4,1.0,5.3,0.0,1006.6
2026-06-08T06:00,14.5,59,13.0,68.0,4.9,0.0,1007.1
2026-06-08T07:00,19.5,43,18.0,238.0,4.1,0.0,1007.5
2026-06-08T08:00,21.8,33,20.0,442.0,4.0,0.0,1007.1
2026-06-08T09:00,22.9,29,20.5,627.0,10.0,0.0,1006.9
2026-06-08T10:00,23.5,28,21.2,746.0,13.4,0.0,1006.9
2026-06-08T11:00,23.8,26,21.7,845.0,14.5,0.0,1007.0
2026-06-08T12:00,23.5,28,21.5,818.0,14.0,0.1,1006.6
2026-06-08T13:00,24.2,27,22.6,907.0,14.5,0.0,1005.5
2026-06-08T14:00,24.2,26,22.0,836.0,15.3,0.0,1004.7
2026-06-08T15:00,24.0,28,21.4,746.0,15.5,0.0,1004.4
2026-06-08T16:00,23.5,30,20.0,568.0,16.2,0.0,1004.1
2026-06-08T17:00,23.4,28,19.6,370.0,16.1,0.0,1003.3
2026-06-08T18:00,21.6,35,18.8,168.0,11.6,0.0,1003.7
2026-06-08T19:00,18.5,44,16.3,31.0,7.9,0.0,1004.2
2026-06-08T20:00,17.7,43,15.3,0.0,8.1,0.0,1004.5
2026-06-08T21:00,17.6,41,15.2,0.0,7.5,0.0,1004.6
2026-06-08T22:00,17.8,42,15.7,0.0,5.8,0.0,1004.7
2026-06-08T23:00,17.6,46,16.3,0.0,2.1,0.0,1004.8
2026-06-09T00:00,16.6,49,15.4,0.0,1.1,0.0,1004.5
2026-06-09T01:00,15.7,51,14.4,0.0,1.3,0.0,1004.1
2026-06-09T02:00,14.5,54,13.1,0.0,2.2,0.0,1004.1
2026-06-09T03:00,13.3,59,11.7,0.0,3.1,0.0,1004.3
2026-06-09T04:00,12.5,61,10.8,0.0,3.3,0.0,1004.5
2026-06-09T05:00,12.9,60,10.9,1.0,5.3,0.0,1004.4
2026-06-09T06:00,15.0,57,13.6,68.0,3.6,0.0,1004.9
2026-06-09T07:00,20.1,40,18.6,239.0,3.3,0.0,1005.2
2026-06-09T08:00,22.2,32,20.0,444.0,5.6,0.0,1005.0
2026-06-09T09:00,23.5,28,20.7,638.0,12.7,0.0,1004.9
2026-06-09T10:00,24.1,28,22.2,800.0,13.8,0.0,1004.9
2026-06-09T11:00,25.2,25,23.0,908.0,17.6,0.0,1004.5
2026-06-09T12:00,25.0,25,22.3,848.0,19.3,0.0,1004.6
2026-06-09T13:00,24.8,27,22.2,816.0,18.1,0.0,1004.1
2026-06-09T14:00,23.9,31,21.4,747.0,17.1,0.1,1004.0
2026-06-09T15:00,24.7,29,21.7,677.0,17.1,0.0,1003.2
2026-06-09T16:00,24.2,28,20.1,533.0,18.4,0.0,1002.9
2026-06-09T17:00,24.0,27,20.0,372.0,17.8,0.0,1001.9
2026-06-09T18:00,22.7,31,19.3,167.0,14.0,0.0,1002.4
2026-06-09T19:00,19.7,37,17.4,30.0,7.2,0.0,1002.8
2026-06-09T20:00,19.5,36,17.0,0.0,7.6,0.0,1003.4
2026-06-09T21:00,19.6,37,18.0,0.0,2.2,0.0,1003.8
2026-06-09T22:00,18.5,39,16.9,0.0,1.8,0.0,1004.1
2026-06-09T23:00,15.8,53,14.1,0.0,4.7,0.0,1004.3
2026-06-10T00:00,14.8,58,13.4,0.0,4.0,0.0,1004.0
2026-06-10T01:00,14.3,62,13.0,0.0,3.4,0.0,1003.8
2026-06-10T02:00,13.9,63,12.7,0.0,3.1,0.0,1003.6
2026-06-10T03:00,13.3,64,12.0,0.0,2.5,0.0,1003.6
2026-06-10T04:00,12.3,66,10.9,0.0,2.8,0.0,1004.1
2026-06-10T05:00,12.9,68,11.2,1.0,7.2,0.0,1005.5
2026-06-10T06:00,15.2,62,13.6,66.0,6.7,0.0,1005.6
2026-06-10T07:00,19.8,46,18.5,233.0,5.4,0.0,1005.8
2026-06-10T08:00,22.4,36,21.0,437.0,3.6,0.0,1005.3
2026-06-10T09:00,24.5,27,22.6,633.0,7.3,0.0,1004.7
2026-06-10T10:00,25.4,25,23.1,777.0,13.9,0.0,1004.3
2026-06-10T11:00,26.0,23,24.2,898.0,14.2,0.0,1004.2
2026-06-10T12:00,25.8,27,24.5,960.0,15.7,0.0,1004.3
2026-06-10T13:00,25.4,30,23.9,882.0,16.4,0.0,1003.8
2026-06-10T14:00,25.5,30,23.5,820.0,17.1,0.0,1003.2
2026-06-10T15:00,25.2,30,22.7,714.0,16.7,0.0,1002.9
2026-06-10T16:00,24.9,30,21.7,560.0,15.3,0.0,1002.5
2026-06-10T17:00,24.7,30,21.5,364.0,15.5,0.0,1001.6
2026-06-10T18:00,23.3,34,20.9,171.0,9.9,0.0,1002.2
2026-06-10T19:00,20.0,46,18.6,31.0,5.6,0.0,1002.8
2026-06-10T20:00,19.6,45,18.0,0.0,5.9,0.0,1003.0
2026-06-10T21:00,19.9,43,18.7,0.0,3.0,0.0,1003.7
2026-06-10T22:00,19.4,44,18.6,0.0,0.5,0.0,1004.2
2026-06-10T23:00,18.5,51,17.9,0.0,0.7,0.0,1004.1
2026-06-11T00:00,17.3,54,16.6,0.0,1.2,0.0,1004.0
2026-06-11T01:00,16.6,56,15.8,0.0,1.8,0.0,1003.9
2026-06-11T02:00,15.8,59,15.0,0.0,2.2,0.0,1003.8
2026-06-11T03:00,15.2,62,14.3,0.0,2.4,0.0,1003.6
2026-06-11T04:00,14.7,64,13.8,0.0,2.5,0.0,1003.6
2026-06-11T05:00,15.6,63,14.8,1.0,3.0,0.0,1003.7
2026-06-11T06:00,17.4,58,17.0,66.0,1.1,0.0,1004.1
2026-06-11T07:00,20.9,46,20.3,233.0,1.7,0.0,1004.4
2026-06-11T08:00,22.7,39,21.5,438.0,4.4,0.0,1004.3
2026-06-11T09:00,24.5,32,22.5,632.0,10.4,0.0,1004.1
2026-06-11T10:00,25.5,27,23.7,786.0,13.2,0.0,1004.0
2026-06-11T11:00,26.1,27,24.1,837.0,16.5,0.0,1003.5
2026-06-11T12:00,21.9,47,19.9,631.0,16.7,0.5,1004.8
2026-06-11T13:00,25.4,28,23.7,862.0,15.3,0.3,1003.4
2026-06-11T14:00,23.4,38,21.8,800.0,16.5,0.3,1003.7
2026-06-11T15:00,23.4,36,21.3,692.0,14.9,0.3,1003.8
2026-06-11T16:00,19.2,48,16.8,485.0,13.1,0.3,1006.1
2026-06-11T17:00,17.2,85,17.6,129.0,8.5,1.4,1006.1
2026-06-11T18:00,16.6,95,17.6,167.0,7.5,0.5,1005.1
2026-06-11T19:00,13.9,93,13.3,24.0,10.4,0.2,1008.8
2026-06-11T20:00,13.8,97,13.4,0.0,9.5,0.6,1006.9
2026-06-11T21:00,13.8,96,13.7,0.0,7.6,0.4,1007.6
2026-06-11T22:00,14.0,96,14.3,0.0,6.0,0.5,1007.8
2026-06-11T23:00,12.7,97,12.1,0.0,8.8,0.0,1008.3
2026-06-12T00:00,12.5,96,11.5,0.0,11.0,2.4,1006.9
2026-06-12T01:00,11.9,95,10.7,0.0,10.1,0.8,1005.7
2026-06-12T02:00,12.0,93,10.9,0.0,9.2,0.0,1005.4
2026-06-12T03:00,11.7,92,11.0,0.0,5.9,0.0,1005.9
2026-06-12T04:00,11.0,93,10.1,0.0,6.3,0.0,1006.5
2026-06-12T05:00,11.3,94,9.8,1.0,11.2,0.0,1007.3
2026-06-12T06:00,12.7,89,11.6,61.0,9.2,0.0,1008.4
2026-06-12T07:00,15.6,75,14.9,187.0,6.9,0.0,1009.4
2026-06-12T08:00,16.4,67,15.8,312.0,4.5,0.3,1010.3
2026-06-12T09:00,17.4,69,17.8,530.0,1.1,0.8,1011.1
2026-06-12T10:00,18.7,59,19.4,650.0,1.1,0.2,1011.0
2026-06-12T11:00,18.5,58,17.9,427.0,4.2,1.1,1011.6
2026-06-12T12:00,20.2,46,21.1,899.0,6.1,0.1,1010.8
2026-06-12T13:00,20.0,48,19.5,754.0,9.5,0.1,1010.4
2026-06-12T14:00,14.6,94,15.6,330.0,1.8,1.5,1012.5
2026-06-12T15:00,18.8,65,20.0,647.0,0.8,0.5,1011.9
2026-06-12T16:00,17.8,66,17.8,426.0,3.5,0.4,1010.8
2026-06-12T17:00,17.1,73,16.8,331.0,6.8,0.0,1010.5
2026-06-12T18:00,16.6,72,16.4,172.0,4.5,0.0,1009.5
2026-06-12T19:00,13.9,84,14.0,33.0,2.3,0.0,1009.7
2026-06-12T20:00,12.9,86,12.7,0.0,2.5,0.0,1009.9
2026-06-12T21:00,12.6,84,12.4,0.0,1.3,0.0,1011.1
2026-06-12T22:00,12.1,85,11.9,0.0,0.7,0.0,1011.9
2026-06-12T23:00,11.7,90,11.1,0.0,4.4,0.0,1011.3
2026-06-13T00:00,10.6,92,10.0,0.0,3.0,0.0,1011.8
2026-06-13T01:00,11.2,94,11.0,0.0,1.9,0.4,1012.2
2026-06-13T02:00,10.9,96,10.2,0.0,5.3,0.6,1012.0
2026-06-13T03:00,10.6,97,10.2,0.0,2.9,0.1,1012.0
2026-06-13T04:00,10.5,98,9.3,0.0,8.6,0.3,1012.4
2026-06-13T05:00,11.7,71,9.3,0.0,10.8,0.1,1009.6
2026-06-13T06:00,12.6,70,10.9,64.0,7.4,0.0,1009.2
2026-06-13T07:00,17.0,54,15.7,219.0,5.2,0.0,1009.8
2026-06-13T08:00,19.0,46,17.6,353.0,4.3,0.0,1009.9
2026-06-13T09:00,18.4,50,16.9,282.0,6.7,0.0,1010.1
2026-06-13T10:00,17.9,56,16.9,232.0,5.2,0.0,1010.8
2026-06-13T11:00,17.8,53,15.8,410.0,10.3,0.4,1012.2
2026-06-13T12:00,17.1,68,16.9,450.0,3.6,0.3,1012.3
2026-06-13T13:00,20.0,51,20.0,755.0,7.6,0.0,1010.7
2026-06-13T14:00,13.8,90,14.3,358.0,1.4,1.8,1012.8
2026-06-13T15:00,17.0,66,16.7,515.0,3.9,0.2,1011.2
2026-06-13T16:00,17.4,61,16.7,308.0,4.9,0.0,1010.1
2026-06-13T17:00,16.1,74,15.9,316.0,4.7,0.0,1010.4
2026-06-13T18:00,15.5,79,15.4,47.0,4.6,0.0,1009.7
2026-06-13T19:00,13.5,93,13.8,29.0,2.9,0.0,1009.5
2026-06-13T20:00,12.6,94,12.8,0.0,2.7,0.0,1009.5
2026-06-13T21:00,12.1,93,12.1,0.0,2.2,0.0,1009.4
2026-06-13T22:00,11.7,91,11.4,0.0,2.7,0.0,1009.3
2026-06-13T23:00,11.2,91,10.4,0.0,5.3,0.0,1008.5
2026-06-14T00:00,10.3,90,9.4,0.0,3.5,0.0,1008.6
2026-06-14T01:00,9.5,90,8.3,0.0,4.7,0.0,1008.5
2026-06-14T02:00,9.0,91,7.7,0.0,4.6,0.0,1008.3
2026-06-14T03:00,8.9,89,7.7,0.0,3.7,0.0,1008.3
2026-06-14T04:00,9.0,86,7.7,0.0,3.1,0.0,1008.3
2026-06-14T05:00,10.8,80,9.4,1.0,5.8,0.0,1008.8
2026-06-14T06:00,12.4,76,11.1,66.0,5.3,0.0,1008.6
2026-06-14T07:00,16.3,59,15.3,235.0,3.8,0.0,1008.4
2026-06-14T08:00,18.9,48,18.0,441.0,1.8,0.0,1008.2
2026-06-14T09:00,20.8,40,19.6,635.0,5.8,0.0,1007.7
2026-06-14T10:00,21.3,41,20.5,790.0,10.7,0.0,1007.7
2026-06-14T11:00,20.8,46,20.9,793.0,7.4,0.3,1008.4
2026-06-14T12:00,20.3,49,20.6,863.0,9.3,0.4,1008.4
2026-06-14T13:00,21.5,41,21.8,880.0,7.7,0.2,1007.5
2026-06-14T14:00,21.4,40,20.2,754.0,11.5,0.2,1006.6
2026-06-14T15:00,20.4,43,18.5,673.0,13.0,0.1,1006.3
2026-06-14T16:00,18.1,61,17.4,301.0,5.3,0.4,1006.5
2026-06-14T17:00,19.6,48,17.6,370.0,11.0,0.0,1005.8
2026-06-14T18:00,18.3,53,17.1,169.0,6.0,0.0,1005.9
2026-06-14T19:00,15.9,63,15.2,33.0,2.3,0.0,1006.0
2026-06-14T20:00,15.3,64,14.7,0.0,1.0,0.0,1006.4
2026-06-14T21:00,14.1,69,13.5,0.0,1.3,0.0,1006.9
2026-06-14T22:00,13.1,73,12.4,0.0,2.3,0.0,1007.2
2026-06-14T23:00,13.4,75,12.7,0.0,3.1,0.0,1007.0
2026-06-15T00:00,13.0,75,12.3,0.0,2.6,0.0,1007.2
2026-06-15T01:00,12.4,76,11.6,0.0,2.7,0.0,1007.1
2026-06-15T02:00,11.9,78,11.0,0.0,2.4,0.0,1007.2
2026-06-15T03:00,11.3,79,10.3,0.0,2.8,0.0,1007.3
2026-06-15T04:00,10.9,80,9.9,0.0,2.2,0.0,1007.6
2026-06-15T05:00,11.0,77,9.3,1.0,7.3,0.0,1008.5
2026-06-15T06:00,12.3,77,10.9,60.0,7.2,0.2,1009.5
2026-06-15T07:00,15.6,65,15.0,208.0,2.9,0.0,1009.9
2026-06-15T08:00,18.1,53,17.3,355.0,2.8,0.0,1009.4
2026-06-15T09:00,20.2,45,19.4,615.0,4.9,0.1,1009.3
2026-06-15T10:00,20.9,41,20.2,769.0,8.6,0.1,1009.2
2026-06-15T11:00,21.5,38,20.9,809.0,8.7,0.1,1007.9
2026-06-15T12:00,18.7,52,17.8,879.0,15.8,0.2,1008.6
2026-06-15T13:00,18.5,59,18.3,537.0,2.3,0.7,1009.1
2026-06-15T14:00,16.8,73,17.4,743.0,8.1,1.7,1009.0
2026-06-15T15:00,18.6,57,18.0,628.0,7.1,0.5,1008.4
2026-06-15T16:00,18.1,56,16.6,417.0,8.9,0.5,1008.3
2026-06-15T17:00,17.7,60,17.2,270.0,3.6,0.2,1007.7
2026-06-15T18:00,17.2,68,17.4,161.0,1.0,0.3,1008.2
2026-06-15T19:00,14.9,83,14.9,29.0,3.8,0.0,1009.0
2026-06-15T20:00,13.5,87,13.3,0.0,4.1,0.0,1009.4
2026-06-15T21:00,12.5,89,12.4,0.0,2.9,0.0,1009.4
2026-06-15T22:00,12.0,89,11.5,0.0,3.6,0.0,1009.0
2026-06-15T23:00,12.9,81,12.6,0.0,1.7,0.0,1009.0
2026-06-16T00:00,13.1,76,12.8,0.0,0.4,0.0,1008.7
2026-06-16T01:00,12.6,77,12.1,0.0,1.3,0.0,1008.6
2026-06-16T02:00,11.5,81,10.8,0.0,2.2,0.0,1008.5
2026-06-16T03:00,10.9,82,10.0,0.0,2.5,0.0,1008.5
2026-06-16T04:00,10.8,81,9.8,0.0,2.2,0.0,1008.8
2026-06-16T05:00,11.3,65,9.1,1.0,7.0,0.0,1009.1
2026-06-16T06:00,12.8,65,11.2,56.0,5.0,0.0,1009.4
2026-06-16T07:00,17.9,47,16.5,210.0,3.8,0.0,1010.2
2026-06-16T08:00,20.0,40,18.6,406.0,2.5,0.0,1009.9
2026-06-16T09:00,21.6,37,20.6,584.0,1.7,0.0,1009.8
2026-06-16T10:00,22.4,37,21.6,762.0,8.7,0.0,1010.0
2026-06-16T11:00,20.9,40,19.4,798.0,14.0,0.7,1010.2
2026-06-16T12:00,19.0,56,17.6,564.0,10.4,0.6,1010.9
2026-06-16T13:00,21.8,45,22.4,809.0,5.8,0.1,1009.8
2026-06-16T14:00,22.7,43,23.4,793.0,4.3,0.1,1008.2
2026-06-16T15:00,21.7,46,21.0,650.0,8.5,0.1,1008.3
2026-06-16T16:00,15.9,94,16.8,227.0,4.8,2.0,1010.4
2026-06-16T17:00,16.0,99,17.5,273.0,3.7,0.1,1010.0
2026-06-16T18:00,14.4,98,15.1,49.0,4.8,0.3,1010.8
2026-06-16T19:00,14.3,97,14.6,25.0,6.5,0.2,1010.7
2026-06-16T20:00,13.8,98,14.3,0.0,4.4,0.1,1010.5
2026-06-16T21:00,13.3,98,13.6,0.0,4.6,0.0,1010.5
2026-06-16T22:00,12.7,97,12.7,0.0,4.9,0.0,1010.4
2026-06-16T23:00,13.2,95,13.3,0.0,4.4,0.0,1010.1
2026-06-17T00:00,12.4,93,12.4,0.0,3.3,0.0,1009.9
2026-06-17T01:00,12.0,93,11.8,0.0,3.5,0.0,1009.7
2026-06-17T02:00,11.5,92,11.2,0.0,2.9,0.0,1009.6
2026-06-17T03:00,11.4,90,11.0,0.0,2.6,0.0,1009.8
2026-06-17T04:00,11.2,89,10.7,0.0,2.4,0.0,1009.8
2026-06-17T05:00,11.8,86,10.8,1.0,5.6,0.0,1010.1
2026-06-17T06:00,13.8,79,13.4,61.0,2.9,0.0,1010.6
2026-06-17T07:00,18.2,59,18.1,219.0,0.8,0.0,1011.0
2026-06-17T08:00,19.9,51,19.4,404.0,2.7,0.0,1010.7
2026-06-17T09:00,21.1,46,20.5,587.0,4.1,0.2,1010.5
2026-06-17T10:00,21.7,44,21.0,620.0,5.6,0.2,1010.2
2026-06-17T11:00,20.8,50,20.0,655.0,9.5,0.1,1010.5
2026-06-17T12:00,22.5,45,23.1,826.0,7.2,0.1,1009.4
2026-06-17T13:00,21.5,47,21.1,691.0,8.8,0.2,1009.1
2026-06-17T14:00,18.1,73,17.7,451.0,9.7,1.2,1008.8
2026-06-17T15:00,17.4,80,18.0,503.0,4.9,1.9,1010.1
2026-06-17T16:00,19.3,64,19.4,444.0,4.3,0.1,1008.7
2026-06-17T17:00,17.4,85,18.3,307.0,4.9,0.1,1009.6
2026-06-17T18:00,16.9,87,18.1,153.0,2.7,0.3,1009.2
2026-06-17T19:00,14.8,98,15.8,32.0,3.2,0.0,1008.8
2026-06-17T20:00,14.1,97,14.9,0.0,2.5,0.0,1008.9
2026-06-17T21:00,14.0,92,14.5,0.0,2.2,0.0,1009.1
2026-06-17T22:00,14.0,87,14.2,0.0,2.5,0.0,1009.2
2026-06-17T23:00,14.0,89,14.2,0.0,3.2,0.0,1009.6
2026-06-18T00:00,14.0,86,14.3,0.0,1.1,0.0,1009.4
2026-06-18T01:00,13.5,86,13.7,0.0,1.7,0.0,1009.1
2026-06-18T02:00,13.0,88,13.0,0.0,2.4,0.0,1008.7
2026-06-18T03:00,12.3,90,12.2,0.0,2.4,0.0,1008.6
2026-06-18T04:00,12.0,90,11.9,0.0,1.7,0.0,1008.6
2026-06-18T05:00,12.3,89,11.7,1.0,5.0,0.0,1009.1
2026-06-18T06:00,14.2,82,14.3,63.0,2.0,0.0,1009.5
2026-06-18T07:00,17.7,66,17.9,218.0,1.3,0.0,1010.0
2026-06-18T08:00,19.5,56,19.0,413.0,4.6,0.0,1009.9
2026-06-18T09:00,20.9,51,20.4,592.0,6.2,0.0,1009.7
2026-06-18T10:00,22.3,47,22.6,753.0,8.0,0.0,1009.2
2026-06-18T11:00,22.6,45,23.2,844.0,7.9,0.0,1009.5
2026-06-18T12:00,21.6,51,21.2,749.0,12.5,1.1,1009.2
2026-06-18T13:00,18.0,81,19.3,722.0,8.6,1.8,1009.6
2026-06-18T14:00,20.6,62,21.4,687.0,7.2,0.4,1008.6
2026-06-18T15:00,21.0,58,21.2,643.0,7.7,0.1,1007.9
2026-06-18T16:00,20.3,57,19.4,509.0,9.7,0.0,1007.5
2026-06-18T17:00,18.9,60,18.7,298.0,3.9,0.2,1007.1
2026-06-18T18:00,16.0,85,16.0,85.0,7.1,0.4,1008.3
2026-06-18T19:00,14.6,93,15.0,31.0,4.6,0.0,1008.0
2026-06-18T20:00,13.6,96,14.3,0.0,2.2,0.0,1008.3
2026-06-18T21:00,14.1,90,14.6,0.0,1.8,0.0,1008.9
2026-06-18T22:00,15.1,79,15.4,0.0,1.1,0.0,1009.3
2026-06-18T23:00,15.0,80,15.2,0.0,2.1,0.0,1009.1
2026-06-19T00:00,14.6,80,14.7,0.0,1.8,0.0,1009.0
2026-06-19T01:00,13.7,84,13.7,0.0,2.3,0.0,1008.6
2026-06-19T02:00,12.1,96,12.0,0.0,4.0,1.7,1009.8
2026-06-19T03:00,12.2,96,12.0,0.0,4.7,0.7,1008.6
2026-06-19T04:00,12.4,93,12.0,0.0,5.1,0.0,1008.2
2026-06-19T05:00,13.7,91,13.3,0.0,7.6,0.0,1008.4
2026-06-19T06:00,14.0,88,13.7,20.0,5.9,0.0,1008.4
2026-06-19T07:00,15.3,83,15.3,53.0,5.2,0.0,1008.6
2026-06-19T08:00,19.5,59,19.5,390.0,2.8,0.0,1009.0
2026-06-19T09:00,21.5,49,21.1,588.0,4.8,0.0,1008.7
2026-06-19T10:00,21.8,52,22.2,723.0,7.8,0.1,1008.8
2026-06-19T11:00,20.8,53,21.4,785.0,7.3,0.2,1009.5
2026-06-19T12:00,22.1,51,23.4,874.0,7.5,0.3,1008.7
2026-06-19T13:00,21.8,52,22.3,762.0,8.1,0.4,1008.3
2026-06-19T14:00,21.0,56,21.3,696.0,7.7,0.5,1008.2
2026-06-19T15:00,19.5,63,18.8,558.0,10.3,0.2,1008.3
2026-06-19T16:00,18.0,77,18.2,302.0,6.9,0.6,1008.5
2026-06-19T17:00,17.8,89,19.1,295.0,5.1,0.2,1009.3
2026-06-19T18:00,17.0,90,18.2,149.0,4.2,0.1,1009.2
2026-06-19T19:00,15.3,97,16.5,32.0,3.2,0.0,1009.3
2026-06-19T20:00,14.5,98,15.6,0.0,2.2,0.0,1009.4
2026-06-19T21:00,13.9,96,14.6,0.0,2.2,0.0,1009.8
2026-06-19T22:00,13.1,96,13.6,0.0,2.5,0.0,1010.1
2026-06-19T23:00,13.7,92,14.1,0.0,3.1,0.0,1009.8
2026-06-20T00:00,12.8,95,13.1,0.0,2.0,0.0,1009.7
2026-06-20T01:00,12.0,97,12.1,0.0,2.2,0.0,1009.3
2026-06-20T02:00,11.5,97,11.5,0.0,2.7,0.0,1008.8
2026-06-20T03:00,11.1,97,10.7,0.0,3.8,0.0,1008.1
2026-06-20T04:00,10.7,97,10.3,0.0,3.6,0.0,1007.9
2026-06-20T05:00,11.6,95,11.0,1.0,6.5,0.0,1007.9
2026-06-20T06:00,13.5,88,13.5,63.0,3.8,0.0,1008.5
2026-06-20T07:00,17.6,72,18.2,229.0,1.5,0.0,1008.8
2026-06-20T08:00,20.0,57,20.0,431.0,2.7,0.0,1009.0
2026-06-20T09:00,21.6,49,21.2,625.0,6.8,0.0,1008.7
2026-06-20T10:00,22.6,43,22.2,748.0,9.5,0.0,1008.8
2026-06-20T11:00,22.6,40,22.1,840.0,11.6,0.0,1009.2
2026-06-20T12:00,22.6,42,22.3,824.0,11.0,0.1,1009.1
2026-06-20T13:00,22.3,44,21.4,715.0,11.4,0.2,1008.7
2026-06-20T14:00,22.8,38,21.9,753.0,10.7,0.1,1008.0
2026-06-20T15:00,22.9,37,21.3,655.0,10.3,0.0,1007.2
2026-06-20T16:00,22.4,41,20.3,535.0,11.9,0.0,1006.8
2026-06-20T17:00,21.5,45,19.4,342.0,12.7,0.0,1006.8
2026-06-20T18:00,19.8,56,18.6,158.0,10.1,0.0,1007.2
2026-06-20T19:00,17.3,70,16.8,34.0,7.5,0.0,1008.0
2026-06-20T20:00,16.4,74,16.3,0.0,4.6,0.0,1008.5
2026-06-20T21:00,16.3,73,16.6,0.0,1.3,0.0,1009.1
2026-06-20T22:00,16.3,73,16.6,0.0,1.3,0.0,1009.2
2026-06-20T23:00,16.3,77,16.7,0.0,1.9,0.0,1009.0
2026-06-21T00:00,14.7,83,15.0,0.0,2.0,0.0,1008.5
2026-06-21T01:00,13.8,87,14.0,0.0,2.2,0.0,1007.8
2026-06-21T02:00,13.4,86,13.5,0.0,1.6,0.0,1007.4
2026-06-21T03:00,13.5,84,13.6,0.0,1.3,0.0,1007.2
2026-06-21T04:00,13.6,82,13.7,0.0,0.6,0.0,1007.5
2026-06-21T05:00,14.2,86,14.2,1.0,4.3,0.0,1007.8
2026-06-21T06:00,15.6,81,16.0,63.0,3.0,0.0,1008.3
2026-06-21T07:00,18.1,69,18.5,228.0,3.0,0.0,1008.5
2026-06-21T08:00,19.9,58,19.5,428.0,5.5,0.0,1008.3
2026-06-21T09:00,21.2,51,20.6,615.0,8.9,0.0,1007.9
2026-06-21T10:00,22.3,45,21.7,764.0,11.5,0.0,1007.7
2026-06-21T11:00,23.2,38,22.2,875.0,15.0,0.0,1007.1
2026-06-21T12:00,23.1,36,21.6,864.0,16.4,0.0,1006.8
2026-06-21T13:00,22.9,35,21.5,860.0,15.5,0.0,1006.2
2026-06-21T14:00,23.1,36,21.6,807.0,14.4,0.0,1005.6
2026-06-21T15:00,22.5,38,20.5,697.0,14.7,0.1,1005.2
2026-06-21T16:00,22.1,38,19.4,544.0,13.8,0.0,1005.3
2026-06-21T17:00,22.1,36,19.8,370.0,9.9,0.0,1004.4
2026-06-21T18:00,19.8,47,18.7,171.0,4.5,0.0,1005.0
2026-06-21T19:00,17.5,55,16.4,36.0,4.3,0.0,1005.9
2026-06-21T20:00,17.4,57,17.0,0.0,0.9,0.0,1006.9
2026-06-21T21:00,16.8,59,16.3,0.0,0.6,0.0,1007.6
2026-06-21T22:00,16.6,59,16.1,0.0,0.9,0.0,1007.9
2026-06-21T23:00,16.5,65,16.1,0.0,2.3,0.0,1007.9
2026-06-22T00:00,15.1,68,14.5,0.0,3.2,0.0,1007.5
2026-06-22T01:00,15.1,67,14.0,0.0,5.5,0.0,1006.8
2026-06-22T02:00,15.0,68,14.3,0.0,3.5,0.0,1006.8
2026-06-22T03:00,14.7,70,14.1,0.0,2.4,0.0,1006.8
2026-06-22T04:00,14.1,74,13.6,0.0,2.0,0.0,1007.2
2026-06-22T05:00,13.8,88,13.4,0.0,6.4,0.0,1007.4
2026-06-22T06:00,13.3,96,13.5,15.0,4.3,0.8,1008.2
2026-06-22T07:00,15.0,96,15.9,111.0,3.6,0.1,1008.8
2026-06-22T08:00,14.9,95,15.6,52.0,4.6,0.0,1009.1
2026-06-22T09:00,16.4,84,17.3,144.0,2.4,0.0,1010.0
2026-06-22T10:00,16.3,78,16.6,232.0,3.2,0.2,1010.4
2026-06-22T11:00,15.1,94,15.8,243.0,3.9,0.2,1010.4
2026-06-22T12:00,16.3,81,16.5,199.0,4.9,0.1,1010.1
2026-06-22T13:00,17.6,63,17.1,291.0,5.0,0.0,1009.0
2026-06-22T14:00,18.7,54,17.9,278.0,4.2,0.0,1007.8
2026-06-22T15:00,20.4,48,19.8,438.0,1.8,0.0,1006.7
2026-06-22T16:00,20.6,45,19.8,372.0,1.7,0.0,1005.9
2026-06-22T17:00,20.7,40,19.4,276.0,2.9,0.0,1005.6
2026-06-22T18:00,19.5,47,18.8,157.0,0.7,0.0,1005.4
2026-06-22T19:00,17.2,62,17.1,35.0,0.5,0.0,1005.7
2026-06-22T20:00,16.4,61,16.1,0.0,0.5,0.0,1006.4
2026-06-22T21:00,15.7,63,15.2,0.0,0.8,0.0,1007.2
2026-06-22T22:00,15.3,65,14.9,0.0,0.6,0.0,1007.5
2026-06-22T23:00,15.1,73,15.1,0.0,0.6,0.0,1007.6
2026-06-23T00:00,14.2,78,14.2,0.0,0.7,0.0,1007.5
2026-06-23T01:00,13.4,83,13.4,0.0,0.9,0.0,1007.3
2026-06-23T02:00,12.5,85,12.2,0.0,2.0,0.0,1007.0
2026-06-23T03:00,12.0,85,11.7,0.0,1.8,0.0,1006.7
2026-06-23T04:00,11.7,83,11.1,0.0,2.2,0.0,1006.4
2026-06-23T05:00,12.0,83,11.0,0.0,5.5,0.0,1006.6
2026-06-23T06:00,13.9,76,13.1,61.0,4.7,0.0,1006.6
2026-06-23T07:00,17.9,55,17.1,220.0,3.2,0.0,1006.9
2026-06-23T08:00,19.8,48,19.4,424.0,0.6,0.0,1006.2
2026-06-23T09:00,21.2,43,20.3,612.0,6.2,0.0,1005.6
2026-06-23T10:00,21.9,39,20.9,755.0,10.4,0.1,1005.4
2026-06-23T11:00,22.1,39,20.7,802.0,14.5,0.1,1005.5
2026-06-23T12:00,22.5,39,21.7,886.0,14.2,0.1,1004.9
2026-06-23T13:00,22.4,41,21.7,859.0,13.6,0.1,1004.3
2026-06-23T14:00,22.7,39,21.6,845.0,14.3,0.0,1003.5
2026-06-23T15:00,22.1,40,20.3,729.0,15.3,0.0,1003.4
2026-06-23T16:00,20.8,45,18.3,546.0,14.4,0.0,1003.7
2026-06-23T17:00,20.5,47,18.5,366.0,11.4,0.0,1003.2
2026-06-23T18:00,19.2,53,17.8,173.0,8.8,0.0,1003.5
2026-06-23T19:00,16.6,69,16.3,36.0,3.6,0.0,1004.2
2026-06-23T20:00,16.2,68,16.2,0.0,0.8,0.0,1004.9
2026-06-23T21:00,15.5,69,15.4,0.0,0.8,0.0,1005.5
2026-06-23T22:00,15.1,70,14.9,0.0,0.7,0.0,1006.2
2026-06-23T23:00,15.1,72,15.0,0.0,0.8,0.0,1006.4
2026-06-24T00:00,14.0,77,13.8,0.0,1.7,0.0,1006.6
2026-06-24T01:00,13.2,80,12.9,0.0,1.8,0.0,1006.6
2026-06-24T02:00,12.7,83,12.4,0.0,1.9,0.0,1006.5
2026-06-24T03:00,12.2,84,11.8,0.0,2.2,0.0,1006.5
2026-06-24T04:00,11.7,86,11.2,0.0,2.5,0.0,1006.5
2026-06-24T05:00,11.7,91,11.1,0.0,4.1,0.0,1006.7
2026-06-24T06:00,14.0,82,13.7,60.0,3.8,0.0,1006.8
2026-06-24T07:00,18.1,63,17.9,219.0,3.1,0.0,1006.9
2026-06-24T08:00,19.8,53,19.1,422.0,4.6,0.0,1006.5
2026-06-24T09:00,21.3,46,20.6,615.0,6.4,0.0,1006.2
2026-06-24T10:00,21.9,44,21.5,743.0,9.4,0.1,1006.3
2026-06-24T11:00,21.8,49,21.9,827.0,11.2,0.2,1006.6
2026-06-24T12:00,21.9,47,21.7,798.0,11.5,0.1,1006.1
2026-06-24T13:00,22.1,47,21.9,848.0,13.2,0.1,1005.6
2026-06-24T14:00,21.0,53,20.8,775.0,11.9,0.3,1005.3
2026-06-24T15:00,18.7,71,18.2,557.0,11.1,1.1,1005.5
2026-06-24T16:00,18.5,69,19.0,422.0,3.0,0.8,1006.5
2026-06-24T17:00,18.1,75,19.0,269.0,1.6,0.6,1006.1
2026-06-24T18:00,16.6,84,17.3,160.0,4.5,0.0,1006.2
2026-06-24T19:00,14.4,94,14.9,36.0,3.8,0.0,1005.4
2026-06-24T20:00,13.6,94,14.0,0.0,3.6,0.0,1006.0
2026-06-24T21:00,13.2,93,13.5,0.0,2.4,0.0,1006.6
2026-06-24T22:00,13.1,91,13.2,0.0,3.0,0.0,1007.2
2026-06-24T23:00,13.5,92,13.5,0.0,4.8,0.0,1007.4
2026-06-25T00:00,13.0,92,12.7,0.0,6.0,0.0,1007.9
2026-06-25T01:00,13.0,90,12.7,0.0,5.2,0.0,1007.9
2026-06-25T02:00,12.7,90,12.5,0.0,3.8,0.0,1007.6
2026-06-25T03:00,12.6,88,12.3,0.0,3.0,0.0,1007.5
2026-06-25T04:00,12.4,87,12.2,0.0,2.6,0.0,1007.8
2026-06-25T05:00,11.9,92,11.5,0.0,4.1,0.0,1008.1
2026-06-25T06:00,14.0,85,14.1,59.0,2.8,0.0,1009.2
2026-06-25T07:00,18.0,68,18.6,213.0,0.4,0.0,1009.8
2026-06-25T08:00,19.0,63,19.3,387.0,2.5,0.1,1009.9
2026-06-25T09:00,20.6,58,20.8,549.0,2.9,0.1,1009.4
2026-06-25T10:00,22.1,53,22.9,696.0,5.2,0.0,1008.9
2026-06-25T11:00,20.7,60,20.9,719.0,11.5,0.2,1009.0
2026-06-25T12:00,16.8,94,18.6,632.0,5.2,2.8,1010.5
2026-06-25T13:00,20.9,63,23.0,819.0,4.7,0.7,1008.9
2026-06-25T14:00,22.5,52,23.3,806.0,9.1,0.1,1007.4
2026-06-25T15:00,22.2,52,21.4,642.0,13.3,0.0,1006.7
2026-06-25T16:00,19.1,73,18.9,362.0,10.5,0.6,1007.0
2026-06-25T17:00,18.3,78,19.7,331.0,0.6,0.4,1007.3
2026-06-25T18:00,18.2,83,19.8,168.0,1.7,0.2,1007.5
2026-06-25T19:00,16.3,94,17.9,32.0,1.9,0.0,1007.6
2026-06-25T20:00,15.9,92,17.1,0.0,2.2,0.0,1008.0
2026-06-25T21:00,15.2,93,16.3,0.0,1.8,0.0,1008.5
2026-06-25T22:00,14.6,94,15.5,0.0,2.0,0.0,1008.9
2026-06-25T23:00,14.9,93,15.8,0.0,2.7,0.0,1009.1
2026-06-26T00:00,13.9,95,14.5,0.0,2.9,0.0,1009.1
2026-06-26T01:00,13.2,97,13.5,0.0,3.8,0.0,1009.0
2026-06-26T02:00,12.6,97,12.8,0.0,3.7,0.0,1008.7
2026-06-26T03:00,12.3,97,12.4,0.0,3.5,0.0,1008.7
2026-06-26T04:00,12.0,98,12.0,0.0,3.2,0.0,1009.0
2026-06-26T05:00,12.7,97,12.8,0.0,4.7,0.0,1009.3
2026-06-26T06:00,14.4,93,15.1,56.0,2.7,0.0,1009.9
2026-06-26T07:00,18.0,78,19.1,208.0,1.9,0.0,1010.5
2026-06-26T08:00,20.3,65,20.9,412.0,3.2,0.0,1010.4
2026-06-26T09:00,21.7,58,22.2,597.0,5.7,0.0,1009.8
2026-06-26T10:00,22.5,56,23.6,719.0,7.0,0.3,1009.7
2026-06-26T11:00,22.5,53,23.4,785.0,9.2,0.1,1010.0
2026-06-26T12:00,21.7,60,22.9,764.0,8.4,0.9,1009.9
2026-06-26T13:00,22.9,53,24.0,780.0,8.3,0.1,1009.2
2026-06-26T14:00,23.6,51,24.1,723.0,10.0,0.0,1007.8
2026-06-26T15:00,16.0,95,17.4,312.0,2.4,3.0,1010.4
2026-06-26T16:00,16.1,96,16.9,334.0,7.0,1.6,1009.7
2026-06-26T17:00,18.5,93,20.5,312.0,4.5,0.8,1008.5
2026-06-26T18:00,18.3,91,20.2,177.0,3.0,0.1,1008.5
2026-06-26T19:00,16.5,97,18.2,36.0,2.5,0.0,1008.6
2026-06-26T20:00,15.6,97,16.8,0.0,3.6,0.0,1008.8
2026-06-26T21:00,15.0,96,16.0,0.0,3.0,0.0,1009.3
2026-06-26T22:00,14.5,95,15.3,0.0,3.2,0.0,1009.7
2026-06-26T23:00,14.7,93,15.5,0.0,2.5,0.0,1009.8
2026-06-27T00:00,14.0,94,14.6,0.0,2.4,0.0,1009.7
2026-06-27T01:00,13.6,94,13.9,0.0,3.8,0.0,1009.3
2026-06-27T02:00,13.1,96,13.3,0.0,3.7,0.0,1009.0
2026-06-27T03:00,12.7,97,12.9,0.0,3.5,0.0,1008.7
2026-06-27T04:00,12.4,97,12.5,0.0,3.1,0.0,1008.7
2026-06-27T05:00,13.6,92,13.8,0.0,3.9,0.0,1008.7
2026-06-27T06:00,15.3,88,15.8,58.0,3.8,0.0,1009.2
2026-06-27T07:00,17.7,82,18.8,216.0,2.8,0.0,1009.5
2026-06-27T08:00,20.5,62,21.1,415.0,2.2,0.0,1009.5
2026-06-27T09:00,22.3,52,22.5,606.0,5.5,0.0,1009.0
2026-06-27T10:00,23.3,48,23.8,750.0,8.2,0.1,1008.6
2026-06-27T11:00,23.6,47,24.4,854.0,10.6,0.0,1008.7
2026-06-27T12:00,23.7,50,25.0,899.0,10.8,0.2,1008.1
2026-06-27T13:00,23.9,50,24.8,852.0,11.3,0.2,1007.5
2026-06-27T14:00,23.2,53,22.9,644.0,12.1,0.1,1006.7
2026-06-27T15:00,21.7,64,21.5,559.0,11.4,0.5,1006.7
2026-06-27T16:00,22.0,60,21.8,488.0,10.0,0.2,1005.7
2026-06-27T17:00,20.2,67,21.2,335.0,1.7,0.1,1006.6
2026-06-27T18:00,19.2,76,20.3,152.0,3.5,0.1,1006.5
2026-06-27T19:00,16.9,92,18.4,36.0,3.4,0.0,1006.0
2026-06-27T20:00,15.9,97,17.3,0.0,2.9,0.0,1005.9
2026-06-27T21:00,15.5,96,16.6,0.0,3.6,0.0,1006.4
2026-06-27T22:00,15.0,96,15.9,0.0,3.8,0.0,1006.8
2026-06-27T23:00,15.4,96,16.4,0.0,3.8,0.0,1006.8
2026-06-28T00:00,14.3,98,15.1,0.0,3.8,0.0,1006.9
2026-06-28T01:00,14.0,98,14.4,0.0,5.5,0.0,1006.8
2026-06-28T02:00,13.9,97,14.2,0.0,5.2,0.0,1006.7
2026-06-28T03:00,13.6,97,14.1,0.0,3.5,0.0,1006.5
2026-06-28T04:00,13.2,98,13.5,0.0,3.8,0.0,1006.6
2026-06-28T05:00,13.9,94,14.4,0.0,2.9,0.0,1005.8
2026-06-28T06:00,15.7,88,16.5,58.0,2.7,0.0,1005.9
2026-06-28T07:00,19.5,72,20.7,220.0,1.6,0.0,1006.4
2026-06-28T08:00,21.0,62,21.6,418.0,3.6,0.0,1006.9
2026-06-28T09:00,22.4,54,22.6,601.0,6.9,0.1,1006.6
2026-06-28T10:00,23.1,51,24.0,744.0,7.2,0.3,1006.4
2026-06-28T11:00,23.3,52,24.2,773.0,9.4,0.4,1006.1
2026-06-28T12:00,23.8,54,25.5,898.0,11.0,0.3,1005.6
2026-06-28T13:00,21.3,70,22.8,795.0,11.8,1.1,1005.3
2026-06-28T14:00,24.3,58,26.6,687.0,3.1,2.0,1005.8
2026-06-28T15:00,22.6,65,24.1,640.0,7.3,0.1,1004.2
2026-06-28T16:00,21.4,66,21.7,513.0,9.6,0.1,1004.0
2026-06-28T17:00,21.2,67,21.6,321.0,8.4,0.1,1003.6
2026-06-28T18:00,20.2,72,20.9,162.0,6.5,0.0,1003.7
2026-06-28T19:00,18.2,84,19.8,36.0,1.9,0.0,1004.0
2026-06-28T20:00,17.9,85,19.5,0.0,1.1,0.0,1004.5
2026-06-28T21:00,17.3,87,18.9,0.0,0.8,0.0,1005.3
2026-06-28T22:00,16.5,91,18.0,0.0,0.6,0.0,1005.5
2026-06-28T23:00,16.6,89,18.1,0.0,0.6,0.0,1005.7
2026-06-29T00:00,15.8,92,17.1,0.0,0.9,0.0,1005.3
2026-06-29T01:00,15.3,93,16.5,0.0,1.3,0.0,1004.9
2026-06-29T02:00,15.1,93,16.2,0.0,1.5,0.0,1004.9
2026-06-29T03:00,15.0,93,16.0,0.0,1.8,0.0,1004.7
2026-06-29T04:00,14.9,93,16.0,0.0,1.3,0.1,1004.9
2026-06-29T05:00,14.5,99,15.5,0.0,2.9,0.1,1005.8
2026-06-29T06:00,14.7,99,16.0,39.0,1.4,5.9,1006.0
2026-06-29T07:00,16.1,98,17.8,125.0,2.1,3.3,1005.3
2026-06-29T08:00,17.8,94,19.9,294.0,2.2,0.6,1005.8
2026-06-29T09:00,19.7,79,21.3,474.0,3.7,0.1,1005.9
2026-06-29T10:00,21.8,63,22.6,663.0,9.3,0.1,1005.4
2026-06-29T11:00,22.7,55,23.2,731.0,11.0,0.2,1005.2
2026-06-29T12:00,22.6,55,22.9,767.0,13.2,0.1,1005.4
2026-06-29T13:00,21.6,62,22.1,754.0,13.9,0.3,1004.9
2026-06-29T14:00,21.2,67,21.9,733.0,13.2,0.5,1004.7
2026-06-29T15:00,21.3,68,21.5,559.0,11.2,0.4,1004.2
2026-06-29T16:00,20.8,71,20.9,474.0,11.6,0.3,1003.3
2026-06-29T17:00,21.1,66,20.9,350.0,11.7,0.2,1003.2
2026-06-29T18:00,20.0,73,20.3,172.0,9.2,0.0,1003.1
2026-06-29T19:00,17.9,85,19.0,36.0,4.6,0.0,1003.2
2026-06-29T20:00,17.6,85,19.1,0.0,1.7,0.0,1003.6
2026-06-29T21:00,17.4,85,18.9,0.0,1.1,0.0,1004.2
2026-06-29T22:00,17.1,86,18.6,0.0,0.6,0.0,1004.8
2026-06-29T23:00,18.6,80,20.2,0.0,0.8,0.0,1004.7
2026-06-30T00:00,17.8,83,19.3,0.0,1.2,0.1,1004.5
2026-06-30T01:00,17.4,85,18.8,0.0,1.5,0.0,1004.0
2026-06-30T02:00,16.7,85,17.9,0.0,0.9,1.1,1003.9
2026-06-30T03:00,15.6,96,16.7,0.0,3.9,0.6,1004.1
2026-06-30T04:00,15.5,97,16.6,0.0,4.3,0.1,1003.9
2026-06-30T05:00,15.9,97,17.8,0.0,0.4,0.0,1003.2
2026-06-30T06:00,17.4,93,19.0,37.0,3.5,0.0,1004.1
2026-06-30T07:00,18.3,96,20.5,133.0,3.6,0.1,1004.4
2026-06-30T08:00,19.6,87,21.3,345.0,5.8,0.0,1005.1
2026-06-30T09:00,21.4,73,22.3,452.0,8.7,0.0,1004.8
2026-06-30T10:00,22.6,65,23.5,684.0,12.1,0.1,1004.8
2026-06-30T11:00,22.8,61,23.7,727.0,11.6,0.2,1005.3
2026-06-30T12:00,21.4,69,23.1,778.0,10.5,0.6,1005.5
2026-06-30T13:00,20.9,74,22.2,669.0,10.4,0.7,1005.3
2026-06-30T14:00,18.6,94,21.4,634.0,3.5,6.1,1006.3
2026-06-30T15:00,17.9,96,20.3,316.0,0.7,2.1,1005.2
2026-06-30T16:00,19.0,87,21.0,406.0,2.5,0.5,1004.9
2026-06-30T17:00,19.0,92,21.2,220.0,3.7,0.8,1004.9
2026-06-30T18:00,18.9,91,21.4,140.0,1.5,0.0,1003.9
2026-06-30T19:00,17.5,98,19.9,22.0,0.9,0.0,1004.0
2026-06-30T20:00,17.2,97,19.5,0.0,0.8,0.0,1004.9
2026-06-30T21:00,17.3,97,19.0,0.0,4.6,0.0,1005.0
2026-06-30T22:00,16.1,98,17.6,0.0,3.4,0.0,1005.9
2026-06-30T23:00,16.9,98,18.4,0.0,5.4,0.0,1005.9
2026-07-01T00:00,16.1,99,17.6,0.0,3.6,0.9,1006.2
2026-07-01T01:00,15.8,99,16.9,0.0,5.4,1.2,1006.0
2026-07-01T02:00,15.8,98,16.8,0.0,5.8,1.3,1005.3
2026-07-01T03:00,15.4,98,16.5,0.0,3.9,0.6,1005.2
2026-07-01T04:00,15.8,98,17.2,0.0,3.3,0.7,1005.1
2026-07-01T05:00,15.6,99,16.6,0.0,5.6,0.0,1005.0
2026-07-01T06:00,16.0,99,17.3,31.0,4.8,0.2,1005.6
2026-07-01T07:00,16.9,98,19.0,131.0,1.8,0.2,1006.5
2026-07-01T08:00,16.8,99,19.0,210.0,0.6,2.0,1007.0
2026-07-01T09:00,17.2,97,19.2,180.0,2.6,3.1,1007.4
2026-07-01T10:00,16.6,98,18.7,74.0,0.9,3.3,1007.3
2026-07-01T11:00,16.4,99,18.0,97.0,3.2,4.5,1007.4
2026-07-01T12:00,16.7,97,18.3,222.0,3.6,2.2,1007.1
2026-07-01T13:00,16.5,98,18.3,123.0,1.9,1.6,1006.7
2026-07-01T14:00,16.5,98,18.4,104.0,2.1,2.1,1006.0
2026-07-01T15:00,16.4,100,18.1,76.0,3.6,3.7,1005.4
2026-07-01T16:00,16.7,100,18.7,132.0,1.8,2.7,1005.0
2026-07-01T17:00,17.7,98,20.2,139.0,1.7,1.2,1004.1
2026-07-01T18:00,17.6,100,19.9,100.0,3.0,0.3,1003.7
2026-07-01T19:00,16.9,100,18.8,29.0,4.2,0.2,1004.2
2026-07-01T20:00,16.2,100,18.2,0.0,1.3,0.1,1004.7
2026-07-01T21:00,15.9,100,17.7,0.0,1.6,0.0,1005.9
2026-07-01T22:00,15.7,99,17.4,0.0,1.4,0.0,1006.6
2026-07-01T23:00,15.3,99,16.3,0.0,5.3,0.0,1007.8
2026-07-02T00:00,14.8,99,15.7,0.0,4.9,0.3,1007.3
2026-07-02T01:00,15.0,98,16.2,0.0,2.8,0.4,1006.5
2026-07-02T02:00,14.9,98,16.2,0.0,1.9,0.1,1006.4
2026-07-02T03:00,14.9,97,16.1,0.0,1.7,0.0,1006.4
2026-07-02T04:00,14.8,97,15.2,0.0,6.7,0.0,1006.3
2026-07-02T05:00,15.2,98,16.4,0.0,3.6,0.2,1006.6
2026-07-02T06:00,15.5,99,16.8,37.0,3.1,0.0,1006.5
2026-07-02T07:00,17.0,96,18.7,164.0,3.2,0.0,1006.3
2026-07-02T08:00,18.5,83,20.0,333.0,3.1,0.0,1006.4
2026-07-02T09:00,21.1,70,22.3,524.0,4.1,0.0,1006.1
2026-07-02T10:00,22.4,65,23.9,639.0,6.4,0.0,1006.0
2026-07-02T11:00,19.7,76,20.0,495.0,10.1,0.1,1006.9
2026-07-02T12:00,16.1,100,17.8,242.0,3.0,1.6,1008.5
2026-07-02T13:00,18.2,87,19.9,441.0,2.4,0.3,1007.9
2026-07-02T14:00,18.8,85,20.5,375.0,3.3,0.3,1006.8
2026-07-02T15:00,17.7,94,19.5,317.0,3.8,0.9,1006.1
2026-07-02T16:00,18.1,91,19.8,412.0,4.2,0.6,1005.7
2026-07-02T17:00,17.8,95,19.7,251.0,3.6,0.0,1005.7
2026-07-02T18:00,17.6,91,19.3,110.0,2.9,0.0,1005.3
2026-07-02T19:00,16.1,99,17.8,36.0,1.8,0.0,1005.2
2026-07-02T20:00,15.6,98,16.8,0.0,4.1,0.0,1005.9
2026-07-02T21:00,15.3,98,16.4,0.0,3.9,0.0,1007.3
2026-07-02T22:00,15.0,97,16.0,0.0,3.9,0.0,1008.2
2026-07-02T23:00,15.2,99,16.0,0.0,6.3,0.0,1008.9
2026-07-03T00:00,15.2,98,16.4,0.0,3.3,0.0,1008.9
2026-07-03T01:00,15.1,99,16.3,0.0,2.7,0.7,1008.7
2026-07-03T02:00,15.0,99,16.4,0.0,1.3,0.1,1008.4
2026-07-03T03:00,14.9,97,16.1,0.0,1.8,0.0,1007.9
2026-07-03T04:00,14.7,97,15.9,0.0,1.6,0.2,1007.5
2026-07-03T05:00,15.2,99,16.2,0.0,4.9,0.1,1008.2
2026-07-03T06:00,15.5,99,16.7,48.0,3.8,0.6,1008.7
2026-07-03T07:00,17.2,96,19.1,182.0,2.5,0.1,1008.7
2026-07-03T08:00,19.1,80,20.7,388.0,1.7,0.0,1008.3
2026-07-03T09:00,21.7,63,22.7,577.0,3.9,0.0,1007.5
2026-07-03T10:00,22.8,59,24.3,738.0,8.0,0.1,1007.0
2026-07-03T11:00,22.5,62,24.1,810.0,10.1,0.1,1006.8
2026-07-03T12:00,23.4,61,25.8,904.0,9.6,0.3,1006.7
2026-07-03T13:00,23.1,63,24.7,731.0,9.0,0.1,1006.1
2026-07-03T14:00,20.2,84,22.0,507.0,5.8,2.3,1006.2
2026-07-03T15:00,18.2,91,19.7,527.0,6.0,4.7,1006.2
2026-07-03T16:00,17.0,97,19.1,315.0,1.0,4.9,1006.9
2026-07-03T17:00,17.8,97,20.3,141.0,0.8,0.6,1005.4
2026-07-03T18:00,17.7,97,19.9,135.0,2.5,0.8,1005.1
2026-07-03T19:00,16.9,100,19.1,33.0,1.2,0.0,1005.4
2026-07-03T20:00,16.5,99,18.4,0.0,2.0,0.0,1006.0
2026-07-03T21:00,16.1,99,17.7,0.0,2.8,0.0,1006.9
2026-07-03T22:00,15.9,98,17.4,0.0,3.1,0.0,1007.2
2026-07-03T23:00,15.5,99,16.5,0.0,6.3,0.5,1008.2
2026-07-04T00:00,15.3,99,16.2,0.0,5.8,3.0,1007.9
2026-07-04T01:00,14.9,99,15.8,0.0,5.0,1.0,1007.7
2026-07-04T02:00,14.8,98,15.4,0.0,6.2,0.2,1007.3
2026-07-04T03:00,14.3,98,15.0,0.0,4.0,0.2,1006.5
2026-07-04T04:00,14.4,97,15.0,0.0,4.2,0.0,1006.1
2026-07-04T05:00,16.7,92,18.2,0.0,1.9,0.0,1006.2
2026-07-04T06:00,16.6,94,18.4,34.0,1.1,0.7,1006.4
2026-07-04T07:00,17.1,97,19.2,133.0,1.9,1.3,1006.8
2026-07-04T08:00,17.9,89,19.7,356.0,2.1,2.2,1007.1
2026-07-04T09:00,20.7,76,22.7,375.0,1.7,0.6,1006.3
2026-07-04T10:00,19.0,88,20.7,418.0,5.4,0.8,1006.6
2026-07-04T11:00,16.9,94,18.5,363.0,3.5,1.0,1007.3
2026-07-04T12:00,19.2,87,20.8,547.0,6.2,0.5,1006.4
2026-07-04T13:00,20.6,80,22.2,563.0,6.5,0.3,1004.9
2026-07-04T14:00,23.1,63,25.4,817.0,8.2,0.1,1003.3
2026-07-04T15:00,22.8,63,23.9,678.0,10.4,0.1,1002.5
2026-07-04T16:00,22.2,68,22.8,529.0,9.9,0.0,1002.0
2026-07-04T17:00,20.2,82,21.9,339.0,5.7,0.0,1002.7
2026-07-04T18:00,19.6,86,21.6,120.0,3.7,0.1,1002.3
2026-07-04T19:00,17.7,97,20.1,33.0,1.7,0.0,1002.5
2026-07-04T20:00,17.1,98,19.2,0.0,1.8,0.0,1003.0
2026-07-04T21:00,16.9,97,18.9,0.0,1.3,0.0,1003.5
2026-07-04T22:00,16.6,97,18.3,0.0,3.1,0.0,1004.2
2026-07-04T23:00,17.0,95,18.7,0.0,3.2,0.0,1004.4
2026-07-05T00:00,16.4,94,17.8,0.0,2.9,0.0,1004.7
2026-07-05T01:00,16.0,94,17.3,0.0,2.5,0.0,1004.6
2026-07-05T02:00,15.5,96,16.6,0.0,3.5,0.0,1004.3
2026-07-05T03:00,14.9,97,15.8,0.0,3.8,0.0,1003.9
2026-07-05T04:00,14.5,97,15.3,0.0,3.6,0.0,1003.8
2026-07-05T05:00,15.1,98,16.1,0.0,4.8,0.0,1004.7
2026-07-05T06:00,16.3,96,17.5,49.0,4.6,0.0,1005.0
2026-07-05T07:00,19.3,85,21.5,198.0,1.2,0.0,1005.5
2026-07-05T08:00,20.5,72,21.8,400.0,3.3,0.0,1005.3
2026-07-05T09:00,22.2,62,22.9,552.0,5.7,0.0,1004.8
2026-07-05T10:00,23.7,56,25.2,732.0,7.7,0.0,1003.9
2026-07-05T11:00,24.0,55,25.8,856.0,10.0,0.0,1004.0
2026-07-05T12:00,23.6,59,25.4,885.0,11.9,0.1,1003.7
2026-07-05T13:00,22.3,68,24.1,797.0,11.6,0.3,1003.8
2026-07-05T14:00,22.0,70,23.8,743.0,10.3,0.6,1003.2
2026-07-05T15:00,21.5,73,23.0,625.0,8.2,0.6,1002.8
2026-07-05T16:00,21.4,73,22.4,491.0,7.6,0.5,1002.3
2026-07-05T17:00,20.5,80,21.9,326.0,7.4,0.1,1002.1
2026-07-05T18:00,19.8,82,21.1,166.0,7.2,0.0,1001.7
2026-07-05T19:00,18.5,92,20.6,33.0,2.7,0.0,1002.4
2026-07-05T20:00,17.6,95,19.6,0.0,2.4,0.0,1003.6
2026-07-05T21:00,17.5,94,19.6,0.0,1.4,0.1,1005.1
2026-07-05T22:00,17.1,96,19.0,0.0,2.4,0.0,1005.9
2026-07-05T23:00,17.4,97,19.5,0.0,2.2,0.0,1005.2
2026-07-06T00:00,17.2,97,19.5,0.0,0.8,0.0,1005.3
2026-07-06T01:00,16.3,98,17.5,0.0,6.5,0.6,1005.7
2026-07-06T02:00,16.0,99,17.3,0.0,4.7,1.7,1004.9
2026-07-06T03:00,15.9,98,17.4,0.0,3.4,0.5,1004.5
2026-07-06T04:00,15.6,99,16.6,0.0,5.6,0.4,1005.1
2026-07-06T05:00,16.5,98,17.9,0.0,4.8,0.2,1004.3
2026-07-06T06:00,16.3,100,18.1,15.0,2.8,0.5,1005.3
2026-07-06T07:00,16.5,99,18.5,70.0,2.2,0.4,1006.3
2026-07-06T08:00,17.3,97,19.2,173.0,3.3,0.2,1006.7
2026-07-06T09:00,19.8,83,21.8,304.0,2.8,0.3,1006.1
2026-07-06T10:00,21.8,71,23.9,619.0,3.1,0.0,1005.5
2026-07-06T11:00,20.6,71,22.2,670.0,6.5,0.0,1005.7
2026-07-06T12:00,19.0,81,20.7,262.0,2.2,0.8,1006.3
2026-07-06T13:00,19.8,77,21.3,280.0,2.6,0.1,1005.5
2026-07-06T14:00,21.2,68,22.1,476.0,5.1,0.1,1004.1
2026-07-06T15:00,22.5,61,23.5,603.0,5.8,0.1,1003.1
2026-07-06T16:00,22.0,65,22.8,515.0,6.0,0.3,1002.4
2026-07-06T17:00,21.0,72,22.1,320.0,5.9,0.4,1002.4
2026-07-06T18:00,19.3,83,20.8,148.0,5.5,0.0,1003.0
2026-07-06T19:00,17.4,97,19.5,32.0,2.2,0.1,1004.0
2026-07-06T20:00,16.9,97,18.8,0.0,2.5,0.0,1004.8
2026-07-06T21:00,17.5,95,19.6,0.0,1.5,0.0,1005.7
2026-07-06T22:00,17.2,95,19.0,0.0,2.9,0.1,1006.1
2026-07-06T23:00,17.5,94,19.6,0.0,1.4,0.0,1006.3
2026-07-07T00:00,16.4,97,18.0,0.0,2.8,0.6,1006.3
2026-07-07T01:00,15.8,97,17.1,0.0,4.0,0.0,1005.7
2026-07-07T02:00,15.8,97,17.0,0.0,4.0,0.0,1004.9
2026-07-07T03:00,15.3,96,16.7,0.0,1.5,0.0,1004.3
2026-07-07T04:00,15.8,91,17.2,0.0,0.6,0.0,1004.8
2026-07-07T05:00,15.2,100,16.3,0.0,4.8,0.0,1004.5
2026-07-07T06:00,16.4,94,17.7,46.0,4.2,0.0,1004.6
2026-07-07T07:00,18.7,82,20.4,181.0,1.0,0.0,1004.5
2026-07-07T08:00,20.6,71,21.7,390.0,4.8,0.0,1004.6
2026-07-07T09:00,21.4,65,21.9,521.0,7.4,0.1,1004.3
2026-07-07T10:00,21.4,70,22.8,659.0,8.0,0.6,1004.1
2026-07-07T11:00,22.0,60,22.6,759.0,12.2,3.9,1003.4
2026-07-07T12:00,18.6,91,21.3,772.0,8.1,2.7,1004.6
2026-07-07T13:00,20.6,78,22.5,692.0,8.6,0.5,1003.4
2026-07-07T14:00,21.1,68,21.6,600.0,9.4,0.1,1002.9
2026-07-07T15:00,20.6,69,21.2,326.0,6.2,0.1,1002.5
2026-07-07T16:00,20.5,71,21.7,352.0,3.8,0.1,1002.2
2026-07-07T17:00,17.5,96,18.7,102.0,8.0,0.1,1003.1
2026-07-07T18:00,17.6,95,19.3,111.0,4.8,0.1,1002.2
2026-07-07T19:00,17.2,98,19.0,22.0,4.4,0.0,1001.5
2026-07-07T20:00,16.9,97,18.9,0.0,1.8,0.0,1002.0
2026-07-07T21:00,17.0,95,18.9,0.0,1.5,0.0,1003.1
2026-07-07T22:00,16.8,93,18.7,0.0,0.2,0.0,1003.7
2026-07-07T23:00,16.8,92,18.5,0.0,1.1,0.0,1003.7
2026-07-08T00:00,16.1,92,17.4,0.0,2.4,0.0,1003.8
2026-07-08T01:00,16.3,94,17.6,0.0,3.3,0.0,1003.7
2026-07-08T02:00,16.4,93,17.9,0.0,1.7,0.0,1003.9
2026-07-08T03:00,15.8,96,17.1,0.0,2.7,0.0,1003.8
2026-07-08T04:00,15.2,97,16.5,0.0,2.0,1.4,1004.1
2026-07-08T05:00,16.0,99,17.4,0.0,4.7,0.2,1003.6
2026-07-08T06:00,15.6,100,16.8,28.0,4.8,1.7,1004.2
2026-07-08T07:00,16.0,99,17.6,28.0,3.1,2.1,1004.6
2026-07-08T08:00,16.6,100,18.8,86.0,0.4,1.2,1004.9
2026-07-08T09:00,17.5,96,19.5,216.0,2.6,0.2,1004.6
2026-07-08T10:00,21.0,75,23.1,494.0,0.6,0.1,1004.1
2026-07-08T11:00,16.6,98,18.4,388.0,2.8,0.0,1005.1
2026-07-08T12:00,16.8,98,18.6,182.0,3.4,1.5,1004.9
2026-07-08T13:00,17.5,95,19.5,219.0,2.8,0.1,1004.3
2026-07-08T14:00,18.0,90,19.5,245.0,4.9,0.2,1003.7
2026-07-08T15:00,17.6,91,19.1,188.0,4.4,0.2,1003.3
2026-07-08T16:00,18.0,86,19.3,205.0,5.0,0.0,1002.7
2026-07-08T17:00,17.4,97,19.4,197.0,3.2,0.0,1003.0
2026-07-08T18:00,17.6,96,19.8,68.0,2.2,0.1,1002.7
2026-07-08T19:00,16.8,100,18.8,27.0,2.7,0.0,1002.8
2026-07-08T20:00,16.4,100,18.4,0.0,1.4,0.0,1003.4
2026-07-08T21:00,16.5,99,18.4,0.0,1.9,0.0,1004.0
2026-07-08T22:00,16.5,97,18.4,0.0,1.8,0.0,1004.2
2026-07-08T23:00,15.8,100,17.2,0.0,4.1,0.0,1003.6
2026-07-09T00:00,15.2,100,16.5,0.0,2.7,0.0,1003.1
2026-07-09T01:00,15.3,100,16.6,0.0,3.0,0.0,1002.3
2026-07-09T02:00,15.4,99,16.9,0.0,2.0,0.0,1002.4
2026-07-09T03:00,15.5,97,16.7,0.0,3.1,0.1,1002.1
2026-07-09T04:00,15.7,94,16.8,0.0,3.7,1.2,1002.3
2026-07-09T05:00,16.2,96,17.7,0.0,3.0,1.5,1002.4
2026-07-09T06:00,16.3,95,17.9,13.0,1.7,0.8,1002.8
2026-07-09T07:00,15.8,98,17.0,42.0,4.9,0.4,1003.2
2026-07-09T08:00,15.7,98,17.4,92.0,1.3,0.9,1003.6
2026-07-09T09:00,15.9,98,17.6,110.0,1.3,0.9,1004.1
2026-07-09T10:00,16.5,95,18.2,187.0,1.2,0.2,1004.6
2026-07-09T11:00,17.1,97,19.2,183.0,1.4,0.0,1004.9
2026-07-09T12:00,16.9,100,18.8,177.0,3.2,3.4,1005.1
2026-07-09T13:00,16.1,100,17.3,69.0,6.1,6.6,1005.1
2026-07-09T14:00,16.0,100,17.2,89.0,6.0,7.3,1004.8
2026-07-09T15:00,16.1,100,17.6,94.0,4.1,7.4,1004.5
2026-07-09T16:00,16.1,100,17.8,65.0,2.7,3.4,1004.2
2026-07-09T17:00,16.1,98,17.6,64.0,3.6,1.7,1004.1
2026-07-09T18:00,16.0,100,17.8,21.0,2.0,3.5,1004.7
2026-07-09T19:00,15.7,100,17.2,6.0,2.9,4.9,1005.2
2026-07-09T20:00,15.6,100,16.8,0.0,4.5,2.6,1005.3
2026-07-09T21:00,15.6,99,16.9,0.0,3.7,0.9,1005.6
2026-07-09T22:00,15.4,99,16.4,0.0,4.8,0.1,1005.6
2026-07-09T23:00,15.7,99,16.9,0.0,4.1,0.0,1005.5
2026-07-10T00:00,15.4,98,16.8,0.0,2.3,0.7,1005.3
2026-07-10T01:00,15.3,97,16.6,0.0,2.2,0.0,1004.4
2026-07-10T02:00,15.3,95,16.5,0.0,2.1,0.4,1004.1
2026-07-10T03:00,15.2,95,16.2,0.0,2.6,0.9,1003.9
2026-07-10T04:00,15.0,95,16.0,0.0,2.4,1.5,1004.1
2026-07-10T05:00,14.3,98,14.7,0.0,5.9,1.2,1004.5
2026-07-10T06:00,14.6,98,15.6,8.0,2.8,4.6,1004.4
2026-07-10T07:00,15.0,99,16.1,33.0,3.4,3.8,1004.5
2026-07-10T08:00,15.5,97,16.9,75.0,1.7,6.1,1005.1
2026-07-10T09:00,15.7,98,17.2,66.0,2.3,4.4,1005.6
2026-07-10T10:00,16.1,98,17.8,105.0,2.2,2.5,1006.0
2026-07-10T11:00,16.1,98,17.7,145.0,2.2,4.8,1005.7
2026-07-10T12:00,16.0,99,17.8,65.0,1.7,6.2,1006.2
2026-07-10T13:00,16.7,97,18.4,151.0,2.8,4.4,1005.6
2026-07-10T14:00,17.3,95,19.1,214.0,3.3,2.7,1005.1
2026-07-10T15:00,16.9,98,19.0,124.0,1.7,1.2,1004.7
2026-07-10T16:00,17.0,99,19.3,162.0,0.9,0.7,1004.2
2026-07-10T17:00,17.1,100,19.0,92.0,4.4,0.8,1003.3
2026-07-10T18:00,16.9,98,18.9,148.0,1.8,0.1,1003.5
2026-07-10T19:00,16.4,99,18.5,20.0,0.7,0.0,1003.7
2026-07-10T20:00,16.2,100,17.9,0.0,2.7,0.0,1004.8
2026-07-10T21:00,15.9,98,17.7,0.0,1.3,0.1,1005.6
2026-07-10T22:00,15.8,98,17.3,0.0,2.9,0.0,1005.3
2026-07-10T23:00,15.6,95,16.9,0.0,1.8,0.0,1005.0
2026-07-11T00:00,14.8,97,15.7,0.0,3.1,0.0,1003.9
2026-07-11T01:00,14.9,94,16.2,0.0,0.2,0.0,1003.2
2026-07-11T02:00,15.3,91,16.5,0.0,0.4,0.0,1002.7
2026-07-11T03:00,15.2,89,16.2,0.0,0.2,0.0,1002.4
2026-07-11T04:00,15.1,88,16.0,0.0,0.8,0.0,1002.7
2026-07-11T05:00,15.9,90,17.3,0.0,0.4,0.0,1002.9
2026-07-11T06:00,15.4,96,16.6,26.0,2.6,0.0,1003.6
2026-07-11T07:00,15.7,97,16.9,123.0,3.7,0.0,1004.1
2026-07-11T08:00,17.4,89,19.1,274.0,1.7,0.0,1004.0
2026-07-11T09:00,20.0,76,21.6,504.0,2.2,0.1,1003.6
2026-07-11T10:00,22.0,65,23.7,709.0,6.8,0.0,1003.0
2026-07-11T11:00,17.5,91,20.3,747.0,3.6,0.1,1004.6
2026-07-11T12:00,21.0,72,23.1,587.0,0.6,0.2,1003.6
2026-07-11T13:00,21.0,71,22.1,524.0,5.7,0.0,1002.5
2026-07-11T14:00,22.1,66,23.1,574.0,6.2,0.0,1001.4
2026-07-11T15:00,21.7,67,22.8,641.0,8.9,0.4,1000.8
2026-07-11T16:00,19.3,79,20.1,398.0,7.9,0.8,1001.7
2026-07-11T17:00,17.3,96,18.8,236.0,5.8,0.1,1002.0
2026-07-11T18:00,16.8,98,18.5,145.0,3.6,1.3,1002.4
2026-07-11T19:00,16.5,97,18.4,27.0,1.6,0.6,1003.1
2026-07-11T20:00,16.6,93,18.3,0.0,0.8,0.2,1003.4
2026-07-11T21:00,15.9,97,17.4,0.0,2.7,0.0,1004.2
2026-07-11T22:00,15.7,97,17.2,0.0,1.7,0.0,1004.2
2026-07-11T23:00,15.8,93,17.3,0.0,0.5,0.0,1004.1
2026-07-12T00:00,15.1,96,16.5,0.0,1.1,0.0,1003.5
2026-07-12T01:00,15.3,95,16.7,0.0,0.9,0.0,1002.4
2026-07-12T02:00,15.2,95,16.6,0.0,0.7,0.0,1001.9
2026-07-12T03:00,14.6,95,15.7,0.0,1.5,0.0,1001.1
2026-07-12T04:00,14.1,96,14.9,0.0,2.3,0.0,1001.0
2026-07-12T05:00,15.9,88,16.8,0.0,3.2,0.0,1000.8
2026-07-12T06:00,16.6,89,18.0,45.0,2.0,0.0,1001.0
2026-07-12T07:00,17.1,97,19.4,204.0,0.4,0.0,1001.3
2026-07-12T08:00,18.9,82,20.3,407.0,3.9,0.0,1001.6
2026-07-12T09:00,21.1,64,21.4,606.0,8.9,0.0,1001.7
2026-07-12T10:00,22.5,54,22.7,773.0,12.7,0.0,1002.0
2026-07-12T11:00,23.8,46,24.3,877.0,12.8,0.0,1001.1
2026-07-12T12:00,21.1,58,21.0,916.0,18.7,1.2,1002.3
2026-07-12T13:00,21.5,62,21.8,649.0,10.0,0.1,1002.5
2026-07-12T14:00,24.2,48,25.1,852.0,10.9,0.0,1000.6
2026-07-12T15:00,22.9,59,23.3,667.0,11.8,0.0,1000.9
2026-07-12T16:00,23.2,57,23.6,542.0,6.6,0.0,1000.1
2026-07-12T17:00,22.2,49,21.9,324.0,4.0,0.0,1000.5
2026-07-12T18:00,20.5,57,20.3,183.0,5.4,0.0,1000.9
2026-07-12T19:00,18.0,66,18.1,38.0,2.9,0.0,1001.0
2026-07-12T20:00,18.1,58,17.5,0.0,3.5,0.0,1001.4
2026-07-12T21:00,18.3,51,16.9,0.0,5.7,0.0,1002.5
2026-07-12T22:00,17.4,56,16.4,0.0,5.0,0.0,1003.2
2026-07-12T23:00,16.8,67,16.6,0.0,2.6,0.0,1003.6
2026-07-13T00:00,16.4,69,16.4,0.0,1.3,0.0,1003.1
2026-07-13T01:00,16.3,68,15.9,0.0,3.1,0.0,1002.6
2026-07-13T02:00,16.0,72,15.7,0.0,4.0,0.0,1002.3
2026-07-13T03:00,15.8,75,15.9,0.0,2.4,0.0,1002.2
2026-07-13T04:00,15.6,77,15.9,0.0,1.2,0.0,1002.2
2026-07-13T05:00,14.9,86,15.5,0.0,1.3,0.0,1002.8
2026-07-13T06:00,16.0,90,17.0,46.0,2.5,0.0,1002.7
2026-07-13T07:00,17.7,87,19.4,205.0,1.3,0.0,1002.9
2026-07-13T08:00,19.0,75,19.3,371.0,7.9,0.0,1003.5
2026-07-13T09:00,20.8,63,20.8,567.0,9.0,0.0,1003.3
2026-07-13T10:00,23.1,52,24.1,741.0,6.9,0.0,1002.5
2026-07-13T11:00,24.6,40,25.2,881.0,9.4,0.0,1002.0
2026-07-13T12:00,23.9,44,23.9,849.0,13.5,0.1,1002.4
2026-07-13T13:00,22.1,57,22.4,701.0,11.0,0.7,1002.4
2026-07-13T14:00,21.9,56,21.2,456.0,10.9,0.2,1002.5
2026-07-13T15:00,22.1,56,21.6,606.0,12.2,0.3,1002.3
2026-07-13T16:00,20.0,73,19.8,487.0,12.5,0.9,1002.6
2026-07-13T17:00,19.4,78,19.6,309.0,11.7,0.1,1002.6
2026-07-13T18:00,18.8,82,19.5,173.0,8.0,0.0,1003.4
2026-07-13T19:00,17.2,93,19.0,35.0,1.8,0.0,1004.2
2026-07-13T20:00,16.7,93,18.5,0.0,0.5,0.0,1004.5
2026-07-13T21:00,16.1,94,17.6,0.0,1.7,0.0,1004.6
2026-07-13T22:00,15.9,93,17.3,0.0,1.2,0.0,1004.9
2026-07-13T23:00,16.4,94,18.2,0.0,0.7,0.0,1005.4
2026-07-14T00:00,15.5,97,17.1,0.0,0.7,0.0,1005.5
2026-07-14T01:00,15.2,96,16.3,0.0,2.5,0.0,1004.8
2026-07-14T02:00,14.3,97,15.2,0.0,2.5,0.0,1004.4
2026-07-14T03:00,13.6,98,14.2,0.0,2.8,0.0,1003.8
2026-07-14T04:00,13.1,98,13.7,0.0,1.8,0.0,1003.6
2026-07-14T05:00,14.0,91,14.2,0.0,3.6,0.0,1003.7
2026-07-14T06:00,15.3,86,16.0,47.0,2.2,0.0,1004.4
2026-07-14T07:00,17.7,77,18.6,208.0,2.2,0.0,1004.8
2026-07-14T08:00,19.9,64,20.6,361.0,1.4,0.0,1004.6
2026-07-14T09:00,21.9,57,22.3,589.0,5.2,0.0,1004.2
2026-07-14T10:00,23.0,50,23.7,771.0,8.3,0.1,1004.0
2026-07-14T11:00,22.4,56,23.4,839.0,11.1,0.3,1004.8
2026-07-14T12:00,22.0,59,23.1,841.0,11.9,0.8,1004.7
2026-07-14T13:00,20.8,68,22.1,792.0,11.2,1.3,1004.8
2026-07-14T14:00,21.1,69,22.3,723.0,10.6,1.2,1005.0
2026-07-14T15:00,21.9,61,22.4,653.0,10.2,0.0,1004.5
2026-07-14T16:00,21.3,62,21.0,510.0,10.5,0.0,1004.6
2026-07-14T17:00,19.5,79,20.2,370.0,8.9,0.0,1004.6
2026-07-14T18:00,18.3,85,19.3,148.0,6.6,0.3,1005.2
2026-07-14T19:00,16.7,95,18.6,35.0,0.8,0.0,1005.9
2026-07-14T20:00,16.3,95,18.1,0.0,0.6,0.0,1006.2
2026-07-14T21:00,16.2,93,17.8,0.0,0.9,0.0,1007.0
2026-07-14T22:00,16.1,92,17.7,0.0,0.4,0.0,1007.4
2026-07-14T23:00,16.1,94,17.6,0.0,1.5,0.0,1007.4
2026-07-15T00:00,15.3,98,16.6,0.0,2.6,0.1,1007.2
2026-07-15T01:00,14.6,99,15.6,0.0,3.2,0.0,1006.6
2026-07-15T02:00,13.9,100,14.6,0.0,3.4,0.0,1006.2
2026-07-15T03:00,13.6,100,14.3,0.0,2.7,0.0,1005.7
2026-07-15T04:00,13.3,99,14.1,0.0,1.7,0.0,1005.9
2026-07-15T05:00,14.6,97,15.8,0.0,0.7,0.0,1006.1
2026-07-15T06:00,15.6,95,17.1,41.0,1.2,0.0,1006.7
2026-07-15T07:00,18.3,81,19.2,185.0,5.2,0.0,1006.7
2026-07-15T08:00,19.6,70,19.5,390.0,9.3,0.0,1006.9
2026-07-15T09:00,20.8,63,20.4,572.0,10.7,0.0,1006.9
2026-07-15T10:00,22.1,55,22.4,752.0,11.9,0.0,1006.9
2026-07-15T11:00,23.1,49,23.5,860.0,12.9,0.0,1006.9
2026-07-15T12:00,23.4,47,23.9,921.0,13.5,0.0,1006.8
2026-07-15T13:00,23.5,48,24.0,915.0,14.4,0.0,1006.2
2026-07-15T14:00,23.5,50,23.9,881.0,14.5,0.0,1005.9
2026-07-15T15:00,23.0,53,22.8,733.0,14.6,0.0,1005.6
2026-07-15T16:00,22.0,59,21.2,571.0,14.0,0.0,1005.8
2026-07-15T17:00,21.2,63,20.5,383.0,13.4,0.0,1005.8
2026-07-15T18:00,19.6,73,19.4,182.0,11.8,0.0,1006.5
2026-07-15T19:00,17.7,86,18.6,35.0,5.8,0.0,1007.2
2026-07-15T20:00,16.7,90,18.2,0.0,1.6,0.0,1007.8
2026-07-15T21:00,16.3,90,17.6,0.0,1.3,0.0,1008.4
2026-07-15T22:00,15.6,92,16.8,0.0,1.3,0.0,1008.8
2026-07-15T23:00,16.0,91,17.3,0.0,1.0,0.0,1008.5
2026-07-16T00:00,15.3,93,16.6,0.0,0.5,0.0,1008.5
2026-07-16T01:00,14.8,94,15.9,0.0,0.7,0.0,1008.2
2026-07-16T02:00,14.5,94,15.5,0.0,0.9,0.0,1008.0
2026-07-16T03:00,14.5,91,15.3,0.0,1.4,0.0,1007.7
2026-07-16T04:00,13.9,92,14.6,0.0,1.1,0.0,1007.4
2026-07-16T05:00,13.8,93,14.2,0.0,2.7,0.0,1007.4
2026-07-16T06:00,15.1,88,15.8,45.0,1.8,0.0,1007.9
2026-07-16T07:00,18.6,73,19.2,204.0,3.9,0.0,1008.2
2026-07-16T08:00,20.1,64,20.0,412.0,7.5,0.0,1007.9
2026-07-16T09:00,21.5,57,21.4,609.0,9.1,0.0,1007.7
2026-07-16T10:00,22.7,53,23.3,776.0,10.8,0.0,1007.4
2026-07-16T11:00,23.2,55,24.4,895.0,13.3,0.0,1007.6
2026-07-16T12:00,23.5,54,24.7,934.0,13.9,0.0,1007.2
2026-07-16T13:00,23.4,56,24.5,911.0,14.9,0.0,1006.6
2026-07-16T14:00,23.1,59,24.1,851.0,14.6,0.0,1006.4
2026-07-16T15:00,22.6,61,23.0,723.0,14.0,0.0,1005.9
2026-07-16T16:00,21.7,64,21.4,556.0,13.2,0.0,1005.7
2026-07-16T17:00,21.0,67,20.4,376.0,14.3,0.0,1005.6
2026-07-16T18:00,19.4,77,19.4,182.0,12.0,0.0,1005.9
2026-07-16T19:00,17.6,91,18.8,35.0,6.0,0.0,1006.6
2026-07-16T20:00,16.6,96,18.5,0.0,1.2,0.0,1007.2
2026-07-16T21:00,16.4,97,18.2,0.0,1.1,0.0,1007.8
2026-07-16T22:00,16.2,97,18.1,0.0,0.7,0.0,1008.0
2026-07-16T23:00,16.5,96,18.4,0.0,0.6,0.0,1007.2
2026-07-17T00:00,15.9,97,17.7,0.0,0.4,0.0,1007.2
2026-07-17T01:00,15.8,95,17.4,0.0,0.7,0.0,1006.8
2026-07-17T02:00,15.3,96,16.6,0.0,1.5,0.0,1006.8
2026-07-17T03:00,14.5,98,15.5,0.0,2.6,0.0,1006.6
2026-07-17T04:00,14.3,98,15.1,0.0,3.7,0.0,1006.6
2026-07-17T05:00,14.2,97,15.2,0.0,1.8,0.0,1006.8
2026-07-17T06:00,15.7,91,16.9,41.0,1.5,0.0,1007.1
2026-07-17T07:00,18.6,79,20.1,196.0,0.8,0.0,1007.4
2026-07-17T08:00,20.1,70,20.8,398.0,5.1,0.0,1007.2
2026-07-17T09:00,21.6,63,22.0,590.0,8.1,0.0,1007.1
2026-07-17T10:00,22.4,59,23.3,744.0,10.9,0.0,1007.0
2026-07-17T11:00,22.4,62,23.6,840.0,13.2,0.1,1007.4
2026-07-17T12:00,22.3,64,23.5,816.0,13.5,0.1,1007.1
2026-07-17T13:00,22.8,62,24.0,866.0,14.6,0.1,1006.4
2026-07-17T14:00,22.4,63,23.0,774.0,15.5,0.1,1005.6
2026-07-17T15:00,21.9,66,21.8,630.0,15.7,0.2,1005.2
2026-07-17T16:00,20.8,71,20.4,450.0,15.5,0.2,1005.1
2026-07-17T17:00,19.6,83,20.2,332.0,12.2,0.1,1005.5
2026-07-17T18:00,18.3,91,19.4,145.0,9.4,0.1,1006.2
2026-07-17T19:00,17.3,97,19.0,27.0,5.2,0.0,1006.4
2026-07-17T20:00,17.2,96,19.3,0.0,1.5,0.0,1006.9
2026-07-17T21:00,17.2,95,19.4,0.0,0.6,0.0,1007.4
2026-07-17T22:00,17.1,94,19.1,0.0,0.5,0.0,1007.8
2026-07-17T23:00,17.6,92,19.3,0.0,3.4,0.0,1007.6
2026-07-18T00:00,17.4,94,19.3,0.0,2.3,0.2,1007.1
2026-07-18T01:00,17.3,92,18.9,0.0,3.2,0.2,1006.8
2026-07-18T02:00,17.2,94,19.0,0.0,2.8,0.4,1006.8
2026-07-18T03:00,16.9,97,18.4,0.0,4.7,0.4,1006.9
2026-07-18T04:00,16.6,98,18.1,0.0,4.0,0.3,1007.0
2026-07-18T05:00,17.0,97,18.6,0.0,4.6,0.4,1007.3
2026-07-18T06:00,17.2,96,19.0,26.0,3.6,0.0,1007.5
2026-07-18T07:00,17.7,94,19.3,166.0,5.0,0.0,1007.4
2026-07-18T08:00,18.9,85,19.6,342.0,10.7,0.0,1007.0
2026-07-18T09:00,20.3,76,20.3,503.0,14.0,0.0,1006.6
2026-07-18T10:00,21.1,72,21.2,627.0,15.6,0.1,1006.3
2026-07-18T11:00,22.2,64,22.1,671.0,16.5,0.2,1006.4
2026-07-18T12:00,22.1,64,22.3,704.0,15.6,0.0,1006.4
2026-07-18T13:00,21.9,63,21.8,595.0,12.8,0.0,1005.7
2026-07-18T14:00,22.5,62,23.0,715.0,13.8,0.0,1004.9
2026-07-18T15:00,22.4,64,22.9,653.0,12.8,0.0,1004.9
2026-07-18T16:00,21.7,69,22.0,515.0,11.2,0.0,1004.7
2026-07-18T17:00,20.2,81,20.9,310.0,11.8,0.0,1005.1
2026-07-18T18:00,19.0,89,20.6,112.0,6.4,0.1,1005.5
2026-07-18T19:00,18.5,92,20.4,14.0,4.4,0.0,1006.1
2026-07-18T20:00,18.4,93,20.5,0.0,3.1,0.0,1006.7
2026-07-18T21:00,17.8,97,20.0,0.0,2.8,0.0,1007.3
2026-07-18T22:00,18.0,94,20.0,0.0,3.5,0.0,1008.2
2026-07-18T23:00,17.5,93,19.0,0.0,5.2,0.1,1008.0
2026-07-19T00:00,17.3,97,19.0,0.0,4.4,0.5,1007.7
2026-07-19T01:00,17.1,99,19.3,0.0,1.9,0.3,1007.3
2026-07-19T02:00,17.2,98,19.4,0.0,1.8,0.3,1006.8
2026-07-19T03:00,17.5,97,19.6,0.0,2.3,0.5,1006.9
2026-07-19T04:00,17.4,97,19.4,0.0,2.4,0.3,1006.7
2026-07-19T05:00,16.7,100,18.5,0.0,3.7,0.1,1007.4
2026-07-19T06:00,17.0,100,19.2,27.0,1.6,0.0,1007.6
2026-07-19T07:00,17.6,94,19.3,92.0,3.8,0.2,1007.7
2026-07-19T08:00,18.1,92,19.5,242.0,6.8,0.2,1008.0
2026-07-19T09:00,18.5,91,19.4,453.0,10.3,0.8,1007.9
2026-07-19T10:00,17.8,94,18.8,286.0,9.6,1.0,1008.5
2026-07-19T11:00,21.0,74,21.6,576.0,11.4,0.2,1007.5
2026-07-19T12:00,21.6,72,22.6,703.0,13.5,0.1,1006.7
2026-07-19T13:00,22.5,66,23.6,778.0,14.3,0.0,1005.9
2026-07-19T14:00,22.4,65,23.4,798.0,15.1,0.0,1005.4
2026-07-19T15:00,21.8,67,22.6,672.0,12.4,0.0,1005.4
2026-07-19T16:00,21.2,70,21.4,528.0,11.3,0.0,1005.3
2026-07-19T17:00,20.1,81,21.3,344.0,7.6,0.0,1005.8
2026-07-19T18:00,19.2,85,20.5,124.0,7.6,0.0,1006.2
2026-07-19T19:00,17.7,96,19.8,29.0,2.8,0.0,1006.4
2026-07-19T20:00,17.2,98,19.4,0.0,1.6,0.0,1006.9
2026-07-19T21:00,16.9,97,19.1,0.0,1.1,0.0,1007.7
2026-07-19T22:00,16.7,97,18.6,0.0,1.5,0.0,1008.2
2026-07-19T23:00,17.2,99,19.5,0.0,1.2,0.0,1008.2
2026-07-20T00:00,17.3,97,19.5,0.0,1.5,0.1,1007.8
2026-07-20T01:00,17.3,94,19.4,0.0,1.2,0.1,1006.9
2026-07-20T02:00,17.1,94,19.1,0.0,1.5,0.1,1006.5
2026-07-20T03:00,16.9,97,18.9,0.0,1.5,0.0,1006.1
2026-07-20T04:00,16.2,98,18.1,0.0,0.9,0.0,1006.0
2026-07-20T05:00,16.1,99,17.9,0.0,2.1,0.0,1006.4
2026-07-20T06:00,17.1,95,18.8,35.0,2.9,0.0,1006.1
2026-07-20T07:00,18.6,81,20.1,174.0,2.0,0.0,1006.6
2026-07-20T08:00,19.4,76,20.3,304.0,4.9,0.1,1007.1
2026-07-20T09:00,20.4,73,20.9,463.0,9.1,0.1,1006.5
2026-07-20T10:00,21.4,72,22.7,668.0,10.0,0.3,1006.4
2026-07-20T11:00,21.9,65,23.0,741.0,11.8,0.1,1007.0
2026-07-20T12:00,19.4,83,20.8,659.0,10.1,1.3,1007.5
2026-07-20T13:00,18.4,93,20.7,474.0,2.1,3.4,1007.0
2026-07-20T14:00,19.2,88,20.9,457.0,6.2,0.6,1006.2
2026-07-20T15:00,20.2,81,22.3,641.0,6.3,0.3,1005.7
2026-07-20T16:00,17.7,94,19.2,312.0,6.3,1.9,1006.2
2026-07-20T17:00,17.9,97,20.5,130.0,1.0,1.1,1006.3
2026-07-20T18:00,17.3,100,19.6,68.0,2.2,0.2,1006.6
2026-07-20T19:00,16.4,99,18.2,16.0,2.7,0.2,1007.3
2026-07-20T20:00,16.1,99,18.0,0.0,1.7,0.2,1008.3
2026-07-20T21:00,16.2,99,17.9,0.0,3.2,0.2,1008.6
2026-07-20T22:00,16.3,99,17.8,0.0,3.9,0.1,1009.2
2026-07-20T23:00,16.2,98,17.6,0.0,4.3,0.0,1008.7
2026-07-21T00:00,15.7,99,17.3,0.0,2.0,2.1,1008.3
2026-07-21T01:00,15.6,99,17.1,0.0,3.1,0.5,1007.8
2026-07-21T02:00,15.6,99,16.7,0.0,5.1,1.1,1007.8
2026-07-21T03:00,15.3,99,16.2,0.0,5.9,0.3,1007.8
2026-07-21T04:00,15.1,99,15.7,0.0,7.1,0.3,1007.6
2026-07-21T05:00,15.6,99,16.7,0.0,5.2,1.0,1007.9
2026-07-21T06:00,15.7,100,17.1,24.0,4.0,0.1,1008.2
2026-07-21T07:00,16.1,99,17.8,86.0,2.3,0.5,1008.9
2026-07-21T08:00,16.3,99,18.0,107.0,2.6,0.4,1009.2
2026-07-21T09:00,16.1,99,17.7,110.0,3.1,0.7,1009.4
2026-07-21T10:00,16.5,97,18.3,152.0,1.7,0.5,1009.4
2026-07-21T11:00,16.9,99,18.9,188.0,2.0,0.4,1009.4
2026-07-21T12:00,17.3,96,19.5,217.0,1.5,1.0,1009.0
2026-07-21T13:00,18.7,91,21.2,392.0,0.8,0.3,1008.3
2026-07-21T14:00,18.8,88,20.7,357.0,3.5,0.1,1008.0
2026-07-21T15:00,19.4,81,21.1,317.0,2.9,0.1,1007.4
2026-07-21T16:00,19.1,84,21.1,247.0,0.9,0.2,1006.7
2026-07-21T17:00,19.6,85,21.8,175.0,1.5,0.1,1006.2
2026-07-21T18:00,18.1,92,19.9,123.0,3.6,0.0,1006.9
2026-07-21T19:00,16.6,100,18.8,23.0,1.1,0.0,1007.5
2026-07-21T20:00,16.3,100,18.0,0.0,3.3,0.0,1008.1
2026-07-21T21:00,16.3,99,17.8,0.0,4.4,0.0,1008.7
2026-07-21T22:00,16.1,96,17.4,0.0,3.9,0.1,1009.4
2026-07-21T23:00,16.1,99,17.5,0.0,4.6,2.3,1009.0
2026-07-22T00:00,15.3,100,17.0,0.0,0.5,1.6,1009.2
2026-07-22T01:00,15.3,100,16.6,0.0,3.0,2.7,1008.4
2026-07-22T02:00,15.1,99,16.3,0.0,3.1,3.5,1008.1
2026-07-22T03:00,14.9,99,16.1,0.0,3.2,4.7,1008.0
2026-07-22T04:00,14.8,99,15.6,0.0,5.1,2.6,1008.2
2026-07-22T05:00,15.4,98,16.5,0.0,4.9,3.9,1007.9
2026-07-22T06:00,15.4,99,16.6,10.0,4.1,0.0,1008.0
2026-07-22T07:00,16.4,96,18.0,57.0,2.6,0.0,1008.2
2026-07-22T08:00,16.5,95,18.3,103.0,1.3,0.0,1008.7
2026-07-22T09:00,17.1,92,18.9,192.0,0.9,0.1,1008.6
2026-07-22T10:00,19.0,82,20.6,445.0,2.9,0.2,1008.6
2026-07-22T11:00,22.0,60,23.2,730.0,8.2,0.2,1007.0
2026-07-22T12:00,18.0,89,19.0,431.0,8.0,2.0,1007.7
2026-07-22T13:00,20.5,68,21.3,550.0,4.5,0.3,1006.8
2026-07-22T14:00,19.4,75,20.0,483.0,6.6,0.1,1006.9
2026-07-22T15:00,16.0,98,17.7,191.0,1.5,2.5,1007.8
2026-07-22T16:00,16.7,95,18.0,226.0,4.4,0.3,1006.7
2026-07-22T17:00,17.6,94,19.4,239.0,3.5,0.1,1006.5
2026-07-22T18:00,17.7,92,19.4,146.0,3.2,0.1,1006.9
2026-07-22T19:00,16.1,99,17.7,27.0,3.2,0.2,1006.8
2026-07-22T20:00,15.6,99,16.9,0.0,4.1,0.0,1007.6
2026-07-22T21:00,15.2,98,16.4,0.0,3.4,0.0,1008.0
2026-07-22T22:00,15.0,97,16.2,0.0,2.7,0.0,1008.0
2026-07-22T23:00,15.3,97,16.5,0.0,2.8,0.0,1007.5
2026-07-23T00:00,15.2,95,16.6,0.0,0.6,0.0,1007.3
2026-07-23T01:00,15.7,89,16.9,0.0,0.6,0.0,1006.9
2026-07-23T02:00,15.7,87,16.8,0.0,0.6,0.0,1006.8
2026-07-23T03:00,15.0,93,15.9,0.0,1.8,0.1,1006.6
2026-07-23T04:00,14.6,96,15.6,0.0,2.1,0.0,1006.6
2026-07-23T05:00,14.5,99,15.2,0.0,5.2,0.0,1007.0
2026-07-23T06:00,15.1,99,16.0,29.0,4.5,0.0,1006.7
2026-07-23T07:00,16.5,95,18.0,126.0,2.6,0.0,1006.8
2026-07-23T08:00,17.2,92,19.2,213.0,0.6,0.0,1006.8
2026-07-23T09:00,19.8,72,20.8,534.0,3.1,0.1,1006.2
2026-07-23T10:00,20.9,69,22.2,663.0,7.2,0.3,1006.1
2026-07-23T11:00,18.1,89,19.6,542.0,4.8,1.0,1007.3
2026-07-23T12:00,17.6,95,19.2,561.0,5.6,2.9,1007.4
2026-07-23T13:00,17.7,93,19.7,529.0,2.4,2.3,1006.6
2026-07-23T14:00,18.0,91,20.0,327.0,2.6,0.4,1006.2
2026-07-23T15:00,17.5,99,19.5,386.0,4.8,1.6,1006.0
2026-07-23T16:00,17.6,100,19.7,257.0,4.5,1.7,1005.5
2026-07-23T17:00,19.4,84,21.4,238.0,2.4,0.9,1004.8
2026-07-23T18:00,18.1,93,20.1,138.0,3.0,0.0,1005.0
2026-07-23T19:00,16.6,97,18.1,24.0,3.9,0.0,1005.5
2026-07-23T20:00,16.0,97,17.4,0.0,3.0,0.0,1006.2
2026-07-23T21:00,15.7,97,17.2,0.0,2.2,0.0,1006.9
2026-07-23T22:00,15.6,95,17.0,0.0,1.4,0.0,1007.1
2026-07-23T23:00,16.0,96,17.6,0.0,1.2,0.0,1007.0
2026-07-24T00:00,15.2,98,16.6,0.0,2.0,0.0,1006.9
2026-07-24T01:00,14.6,99,16.0,0.0,0.9,0.0,1006.1
2026-07-24T02:00,14.3,100,15.7,0.0,0.5,0.0,1006.1
2026-07-24T03:00,14.2,100,15.4,0.0,1.0,0.0,1006.2
2026-07-24T04:00,14.0,100,14.7,0.0,4.4,0.4,1006.5
2026-07-24T05:00,14.5,99,15.5,0.0,2.8,0.3,1006.4
2026-07-24T06:00,14.6,98,15.3,31.0,4.7,0.0,1006.0
2026-07-24T07:00,16.9,92,18.5,169.0,2.0,0.0,1006.5
2026-07-24T08:00,18.8,80,20.2,365.0,2.6,0.0,1006.4
2026-07-24T09:00,19.7,75,20.7,556.0,5.4,0.6,1006.5
2026-07-24T10:00,20.3,74,22.2,670.0,4.9,0.9,1006.1
2026-07-24T11:00,21.5,64,22.9,738.0,8.4,0.9,1006.0
2026-07-24T12:00,18.3,87,19.4,537.0,7.3,1.6,1006.7
2026-07-24T13:00,20.2,79,22.5,687.0,5.6,0.7,1005.4
2026-07-24T14:00,20.9,75,23.5,766.0,6.3,0.2,1004.6
2026-07-24T15:00,21.5,70,23.4,661.0,5.7,0.2,1004.0
2026-07-24T16:00,17.7,96,19.7,309.0,3.6,2.5,1004.9
2026-07-24T17:00,19.1,87,21.4,172.0,1.4,0.6,1003.6
2026-07-24T18:00,18.3,89,20.1,169.0,2.9,0.3,1004.4
2026-07-24T19:00,16.3,100,18.3,26.0,1.0,0.1,1005.3
2026-07-24T20:00,15.9,99,17.6,0.0,1.9,0.0,1006.4
2026-07-24T21:00,15.6,98,17.2,0.0,1.1,0.0,1007.4
2026-07-24T22:00,15.4,98,16.9,0.0,1.5,0.0,1007.6
2026-07-24T23:00,15.7,99,16.8,0.0,5.4,0.2,1007.4
2026-07-25T00:00,14.9,99,16.1,0.0,3.0,0.0,1007.0
2026-07-25T01:00,14.4,99,15.5,0.0,2.1,0.0,1007.1
2026-07-25T02:00,14.1,100,15.1,0.0,1.9,0.0,1007.2
2026-07-25T03:00,14.0,100,14.8,0.0,3.3,0.1,1006.9
2026-07-25T04:00,13.7,99,14.4,0.0,3.2,0.0,1007.1
2026-07-25T05:00,14.7,99,15.3,0.0,6.6,0.0,1007.1
2026-07-25T06:00,15.0,99,15.9,21.0,5.5,0.0,1007.8
2026-07-25T07:00,16.5,96,18.1,126.0,3.0,0.0,1008.4
2026-07-25T08:00,18.2,89,20.2,341.0,1.9,0.0,1008.1
2026-07-25T09:00,19.9,79,21.5,487.0,3.9,0.0,1008.0
2026-07-25T10:00,21.9,66,23.4,673.0,7.3,0.1,1007.3
2026-07-25T11:00,21.6,66,21.9,395.0,8.8,2.2,1007.2
2026-07-25T12:00,18.9,88,20.6,510.0,4.4,2.6,1007.9
2026-07-25T13:00,20.5,75,22.7,668.0,4.5,0.3,1007.3
2026-07-25T14:00,20.6,73,21.5,569.0,7.4,0.1,1006.7
2026-07-25T15:00,17.9,89,19.7,277.0,1.7,0.7,1007.5
2026-07-25T16:00,19.1,84,21.1,311.0,1.5,0.1,1007.0
2026-07-25T17:00,19.2,84,21.3,299.0,0.5,0.1,1007.0
2026-07-25T18:00,17.7,90,19.4,138.0,3.3,0.1,1007.9
2026-07-25T19:00,16.5,98,18.3,20.0,2.5,0.1,1008.3
2026-07-25T20:00,15.7,98,17.1,0.0,3.1,0.0,1008.5
2026-07-25T21:00,15.4,97,16.7,0.0,2.1,0.0,1009.0
2026-07-25T22:00,15.2,97,16.4,0.0,2.4,0.0,1009.3
2026-07-25T23:00,15.9,97,17.5,0.0,2.0,0.0,1009.3
2026-07-26T00:00,15.1,99,16.5,0.0,2.2,0.0,1009.0
2026-07-26T01:00,14.6,99,15.8,0.0,1.8,0.0,1008.7
2026-07-26T02:00,14.3,98,15.6,0.0,0.7,0.0,1008.5
2026-07-26T03:00,14.1,98,15.1,0.0,2.2,0.0,1008.3
2026-07-26T04:00,13.7,100,14.4,0.0,3.1,0.0,1008.3
2026-07-26T05:00,14.3,98,15.1,0.0,3.4,0.0,1008.1
2026-07-26T06:00,14.9,97,16.1,33.0,1.5,0.0,1008.0
2026-07-26T07:00,17.6,89,19.2,175.0,2.5,0.0,1008.2
2026-07-26T08:00,19.6,76,20.6,373.0,4.9,0.1,1008.1
2026-07-26T09:00,20.2,72,21.0,514.0,6.0,0.3,1007.8
2026-07-26T10:00,20.0,76,21.3,611.0,6.7,0.6,1007.9
2026-07-26T11:00,20.6,75,22.4,703.0,8.6,1.1,1008.3
2026-07-26T12:00,22.1,68,24.4,843.0,10.3,0.3,1007.8
2026-07-26T13:00,21.9,68,23.8,748.0,8.8,0.0,1007.6
2026-07-26T14:00,21.5,71,22.6,506.0,6.5,0.0,1006.9
2026-07-26T15:00,21.3,74,22.5,431.0,7.0,0.1,1006.5
2026-07-26T16:00,20.3,79,21.7,399.0,6.2,0.3,1005.7
2026-07-26T17:00,19.4,89,21.5,276.0,4.5,0.6,1006.0
2026-07-26T18:00,18.2,93,20.2,121.0,3.2,0.1,1006.1
2026-07-26T19:00,16.9,99,19.2,24.0,0.4,0.0,1005.9
2026-07-26T20:00,16.4,100,18.5,0.0,0.6,0.0,1006.7
2026-07-26T21:00,16.1,99,18.1,0.0,0.5,0.0,1007.3
2026-07-26T22:00,15.9,99,17.8,0.0,0.7,0.0,1007.6
2026-07-26T23:00,16.0,99,17.7,0.0,2.4,0.0,1007.0
2026-07-27T00:00,15.5,100,17.1,0.0,1.8,0.0,1006.8
2026-07-27T01:00,15.2,100,16.6,0.0,1.8,0.0,1006.2
2026-07-27T02:00,14.9,100,16.1,0.0,2.5,0.0,1005.6
2026-07-27T03:00,14.5,100,15.6,0.0,2.1,0.0,1005.3
2026-07-27T04:00,14.1,100,15.2,0.0,1.5,0.0,1005.2
2026-07-27T05:00,16.2,98,18.0,0.0,1.9,0.0,1005.4
2026-07-27T06:00,16.7,99,18.5,23.0,3.3,0.1,1005.2
2026-07-27T07:00,17.6,94,19.6,118.0,1.7,0.0,1005.1
2026-07-27T08:00,19.4,81,20.8,338.0,4.8,0.0,1004.7
2026-07-27T09:00,20.8,71,21.5,525.0,8.1,0.1,1004.2
2026-07-27T10:00,21.9,65,23.0,698.0,9.8,0.1,1004.1
2026-07-27T11:00,21.5,73,23.8,818.0,10.7,0.4,1004.2
2026-07-27T12:00,22.0,69,23.6,811.0,12.6,0.3,1003.9
2026-07-27T13:00,22.0,69,23.8,844.0,13.1,0.3,1003.4
2026-07-27T14:00,20.6,76,22.3,788.0,12.5,0.7,1003.1
2026-07-27T15:00,18.7,90,20.0,574.0,8.6,1.2,1003.0
2026-07-27T16:00,18.0,97,19.9,336.0,5.6,1.2,1002.8
2026-07-27T17:00,19.1,88,20.8,236.0,5.8,0.2,1002.5
2026-07-27T18:00,17.8,92,19.4,102.0,4.0,0.3,1003.2
2026-07-27T19:00,17.2,97,19.4,22.0,0.4,0.1,1003.2
2026-07-27T20:00,17.0,95,19.1,0.0,0.8,0.1,1003.6
2026-07-27T21:00,16.6,95,18.3,0.0,1.3,0.2,1004.2
2026-07-27T22:00,16.4,96,18.1,0.0,1.4,0.0,1004.4
2026-07-27T23:00,16.5,97,18.1,0.0,3.2,0.0,1003.7
2026-07-28T00:00,16.0,98,17.5,0.0,3.5,0.0,1004.2
2026-07-28T01:00,15.7,97,17.2,0.0,1.9,0.0,1003.5
2026-07-28T02:00,15.3,98,16.7,0.0,1.8,0.1,1004.1
2026-07-28T03:00,15.7,98,17.2,0.0,2.5,0.7,1003.7
2026-07-28T04:00,15.2,98,16.1,0.0,5.5,0.1,1003.6
2026-07-28T05:00,16.5,100,18.3,0.0,3.5,0.0,1003.3
2026-07-28T06:00,16.6,99,18.8,13.0,0.9,0.1,1003.1
2026-07-28T07:00,17.1,98,19.0,108.0,3.6,0.0,1003.8
2026-07-28T08:00,17.2,97,19.1,207.0,3.0,0.3,1004.2
2026-07-28T09:00,17.7,94,19.6,247.0,3.0,0.3,1004.3
2026-07-28T10:00,18.9,87,20.8,342.0,3.5,0.1,1004.8
2026-07-28T11:00,18.2,92,20.1,537.0,3.3,0.2,1004.8
2026-07-28T12:00,18.4,89,20.1,317.0,3.6,0.6,1004.4
2026-07-28T13:00,19.0,83,20.2,343.0,6.2,0.3,1004.4
2026-07-28T14:00,19.5,80,20.7,324.0,5.7,0.1,1003.7
2026-07-28T15:00,20.6,75,21.7,476.0,6.6,0.0,1002.8
2026-07-28T16:00,20.6,73,21.4,381.0,7.6,0.0,1002.1
2026-07-28T17:00,20.3,76,21.4,250.0,7.0,0.1,1001.6
2026-07-28T18:00,18.6,86,20.0,144.0,5.0,0.1,1002.3
2026-07-28T19:00,16.7,98,18.6,23.0,2.1,0.0,1003.4
2026-07-28T20:00,16.5,99,18.6,0.0,0.6,0.0,1004.5
2026-07-28T21:00,16.0,99,17.7,0.0,2.3,0.0,1005.4
2026-07-28T22:00,15.8,98,17.3,0.0,3.0,0.0,1006.0
2026-07-28T23:00,16.3,99,18.0,0.0,3.1,0.0,1006.0
2026-07-29T00:00,15.6,99,17.0,0.0,3.3,0.0,1006.0
2026-07-29T01:00,15.7,98,17.3,0.0,1.4,0.1,1005.7
2026-07-29T02:00,15.6,93,16.9,0.0,1.1,0.1,1005.6
2026-07-29T03:00,15.5,95,16.9,0.0,1.1,0.3,1005.7
2026-07-29T04:00,15.0,97,16.1,0.0,2.9,0.1,1005.4
2026-07-29T05:00,15.8,99,17.5,0.0,1.7,0.0,1005.8
2026-07-29T06:00,16.1,99,17.7,21.0,3.1,0.0,1006.0
2026-07-29T07:00,17.0,97,19.2,144.0,0.9,0.0,1006.5
2026-07-29T08:00,18.3,91,20.5,339.0,1.8,0.0,1006.1
2026-07-29T09:00,20.1,80,21.7,533.0,4.0,0.0,1005.8
2026-07-29T10:00,21.4,73,23.0,622.0,6.7,0.1,1005.5
2026-07-29T11:00,22.2,62,22.7,603.0,9.4,0.7,1005.3
2026-07-29T12:00,20.1,75,22.2,851.0,10.7,1.3,1005.6
2026-07-29T13:00,18.1,88,20.6,789.0,7.7,1.4,1006.1
2026-07-29T14:00,18.6,90,20.1,576.0,8.0,0.9,1005.5
2026-07-29T15:00,19.3,87,20.7,494.0,8.3,0.2,1004.3
2026-07-29T16:00,19.9,80,21.0,422.0,7.5,0.1,1003.6
2026-07-29T17:00,19.7,82,20.5,332.0,9.9,0.2,1003.2
2026-07-29T18:00,17.8,94,19.1,155.0,7.6,0.1,1003.9
2026-07-29T19:00,16.6,100,18.7,23.0,1.4,0.0,1004.8
2026-07-29T20:00,16.3,100,18.4,0.0,0.5,0.0,1005.6
2026-07-29T21:00,15.9,100,17.8,0.0,1.3,0.1,1006.4
2026-07-29T22:00,15.5,100,17.2,0.0,1.1,0.1,1006.7
2026-07-29T23:00,16.1,100,17.8,0.0,2.4,0.0,1006.0
2026-07-30T00:00,15.5,99,17.1,0.0,1.5,0.0,1005.6
2026-07-30T01:00,15.6,99,17.1,0.0,2.5,0.0,1005.1
2026-07-30T02:00,15.8,99,17.2,0.0,3.5,0.0,1004.8
2026-07-30T03:00,16.0,100,17.3,0.0,5.0,0.0,1004.9
2026-07-30T04:00,16.1,99,17.2,0.0,5.9,0.0,1004.3
2026-07-30T05:00,15.8,99,17.1,0.0,4.0,0.0,1004.5
2026-07-30T06:00,16.0,99,17.7,19.0,2.7,0.0,1004.9
2026-07-30T07:00,16.6,96,18.2,140.0,2.7,0.1,1005.6
2026-07-30T08:00,18.0,88,19.7,286.0,2.4,0.2,1005.7
2026-07-30T09:00,20.4,68,21.2,499.0,4.3,0.0,1005.0
2026-07-30T10:00,22.0,59,23.0,678.0,6.0,0.0,1004.7
2026-07-30T11:00,23.0,57,24.3,715.0,7.5,0.4,1004.2
2026-07-30T12:00,20.8,71,22.5,796.0,9.8,1.0,1004.6
2026-07-30T13:00,20.1,78,22.6,802.0,8.2,1.5,1004.5
2026-07-30T14:00,20.9,73,22.5,658.0,7.4,0.9,1004.2
2026-07-30T15:00,18.0,93,20.0,605.0,5.1,2.1,1004.6
2026-07-30T16:00,18.3,93,20.6,387.0,1.8,2.2,1004.2
2026-07-30T17:00,19.7,77,20.4,303.0,7.9,0.5,1003.5
2026-07-30T18:00,18.0,86,19.2,145.0,4.7,0.3,1004.1
2026-07-30T19:00,16.4,98,18.3,23.0,1.7,0.0,1005.3
2026-07-30T20:00,16.0,98,17.4,0.0,3.6,0.0,1005.7
2026-07-30T21:00,15.5,98,16.7,0.0,4.0,0.0,1006.3
2026-07-30T22:00,15.4,97,16.4,0.0,3.7,0.0,1006.5
2026-07-30T23:00,16.0,96,17.2,0.0,3.9,0.0,1006.6
2026-07-31T00:00,15.2,96,16.2,0.0,3.7,0.0,1006.5
2026-07-31T01:00,14.8,97,15.8,0.0,3.3,0.0,1006.1
2026-07-31T02:00,14.5,97,15.4,0.0,3.3,0.0,1006.3
2026-07-31T03:00,14.4,98,15.2,0.0,3.4,0.0,1006.0
2026-07-31T04:00,13.9,98,14.7,0.0,2.3,0.0,1006.1
2026-07-31T05:00,14.9,95,15.2,0.0,7.1,0.0,1005.8
2026-07-31T06:00,14.7,97,15.5,27.0,3.9,0.0,1006.2
2026-07-31T07:00,17.4,88,19.2,157.0,0.0,0.0,1007.0
2026-07-31T08:00,19.3,73,20.3,353.0,3.4,0.0,1007.2
2026-07-31T09:00,21.0,63,21.8,551.0,2.5,0.1,1006.7
2026-07-31T10:00,21.4,63,22.9,692.0,5.3,0.5,1006.6
2026-07-31T11:00,19.7,75,21.2,687.0,7.0,0.6,1007.2
2026-07-31T12:00,20.5,73,21.6,612.0,7.7,0.4,1006.5
2026-07-31T13:00,20.8,72,22.4,704.0,8.0,0.2,1006.3
2026-07-31T14:00,17.0,96,18.4,248.0,5.5,3.4,1006.7
2026-07-31T15:00,17.1,98,18.7,408.0,5.3,3.0,1006.5
2026-07-31T16:00,17.6,98,19.5,319.0,4.1,1.1,1005.8
2026-07-31T17:00,16.7,99,18.6,292.0,3.1,1.8,1006.3
2026-07-31T18:00,16.8,99,18.8,95.0,2.7,0.9,1006.4
2026-07-31T19:00,16.5,99,18.3,21.0,3.2,0.1,1006.2
2026-07-31T20:00,15.9,99,17.4,0.0,3.8,0.0,1006.6
2026-07-31T21:00,15.4,99,16.7,0.0,3.1,0.0,1006.8
2026-07-31T22:00,15.1,98,16.4,0.0,2.6,0.0,1006.9
2026-07-31T23:00,15.5,99,16.5,0.0,5.0,0.0,1006.9
2026-08-01T00:00,14.9,99,16.0,0.0,2.9,0.0,1007.4
2026-08-01T01:00,14.8,99,16.2,0.0,1.1,0.1,1007.4
2026-08-01T02:00,14.4,99,15.2,0.0,4.1,0.2,1007.3
2026-08-01T03:00,14.4,99,15.3,0.0,3.9,0.1,1007.1
2026-08-01T04:00,14.2,99,14.8,0.0,4.5,0.2,1006.9
2026-08-01T05:00,14.4,99,15.2,0.0,4.3,0.1,1006.5
2026-08-01T06:00,14.8,98,15.8,29.0,3.8,0.1,1006.8
2026-08-01T07:00,16.5,95,18.1,163.0,2.7,0.0,1007.3
2026-08-01T08:00,18.3,84,20.1,303.0,1.0,0.1,1007.5
2026-08-01T09:00,19.8,73,21.0,479.0,3.1,0.2,1007.1
2026-08-01T10:00,21.0,72,22.5,581.0,4.7,0.3,1006.2
2026-08-01T11:00,21.5,65,23.8,833.0,6.9,0.6,1005.8
2026-08-01T12:00,22.2,61,23.9,820.0,9.1,0.4,1005.2
2026-08-01T13:00,21.3,68,22.6,790.0,11.9,0.6,1004.6
2026-08-01T14:00,18.8,90,20.3,583.0,8.9,2.2,1004.5
2026-08-01T15:00,19.5,87,21.1,515.0,7.4,2.4,1004.3
2026-08-01T16:00,18.8,90,20.6,414.0,4.7,1.2,1004.0
2026-08-01T17:00,17.7,95,19.1,272.0,6.7,0.2,1004.7
2026-08-01T18:00,16.5,98,18.5,93.0,1.3,1.7,1005.6
2026-08-01T19:00,16.2,100,17.8,18.0,3.8,0.1,1005.7
2026-08-01T20:00,15.9,99,17.3,0.0,3.7,0.0,1005.8
2026-08-01T21:00,15.5,99,16.8,0.0,3.9,0.0,1006.4
2026-08-01T22:00,15.1,99,16.3,0.0,3.8,0.0,1006.8
2026-08-01T23:00,15.6,99,16.6,0.0,5.4,0.0,1006.5
2026-08-02T00:00,14.9,99,16.1,0.0,2.7,0.0,1006.8
2026-08-02T01:00,14.9,99,16.2,0.0,1.6,0.0,1006.8
2026-08-02T02:00,14.4,99,15.4,0.0,2.7,0.1,1007.2
2026-08-02T03:00,14.1,100,14.8,0.0,4.2,1.0,1006.6
2026-08-02T04:00,13.7,99,14.2,0.0,4.5,0.1,1007.4
2026-08-02T05:00,15.5,91,16.8,0.0,0.7,0.0,1006.9
2026-08-02T06:00,15.6,95,16.9,26.0,2.3,0.0,1007.3
2026-08-02T07:00,17.0,97,18.8,162.0,3.3,0.0,1006.8
2026-08-02T08:00,18.4,88,20.2,364.0,2.7,0.0,1007.2
2026-08-02T09:00,20.1,75,21.2,555.0,6.0,0.2,1006.9
2026-08-02T10:00,21.7,66,23.2,658.0,6.4,0.4,1006.3
2026-08-02T11:00,21.1,72,23.3,786.0,7.8,0.6,1006.4
2026-08-02T12:00,21.2,73,23.6,775.0,7.7,0.7,1006.0
2026-08-02T13:00,20.9,73,22.4,682.0,8.6,0.4,1005.9
2026-08-02T14:00,19.2,83,20.5,437.0,5.6,0.8,1005.9
2026-08-02T15:00,19.5,84,21.1,559.0,5.0,0.3,1005.8
2026-08-02T16:00,18.8,90,20.7,377.0,4.2,0.6,1005.4
2026-08-02T17:00,18.5,95,21.0,245.0,2.3,0.3,1005.2
2026-08-02T18:00,17.3,97,19.4,125.0,2.0,0.1,1006.1
2026-08-02T19:00,16.7,99,18.5,18.0,3.9,0.2,1006.8
2026-08-02T20:00,16.3,97,17.8,0.0,3.5,0.0,1007.2
2026-08-02T21:00,16.0,97,17.6,0.0,2.4,0.0,1007.9
2026-08-02T22:00,15.6,96,17.1,0.0,1.8,0.0,1007.9
2026-08-02T23:00,16.8,96,18.8,0.0,1.1,0.0,1007.5
2026-08-03T00:00,15.9,98,17.6,0.0,1.3,0.0,1007.2
2026-08-03T01:00,15.3,99,16.7,0.0,1.7,0.0,1006.5
2026-08-03T02:00,14.8,99,16.0,0.0,2.4,0.0,1006.7
2026-08-03T03:00,14.6,99,15.7,0.0,2.7,0.0,1006.0
2026-08-03T04:00,14.5,99,15.8,0.0,0.9,0.0,1006.0
2026-08-03T05:00,16.4,98,18.5,0.0,0.3,0.0,1006.2
2026-08-03T06:00,16.3,100,18.4,14.0,0.6,0.0,1006.1
2026-08-03T07:00,16.6,99,18.3,90.0,3.4,0.1,1006.9
2026-08-03T08:00,18.1,90,20.0,272.0,2.2,0.1,1007.4
2026-08-03T09:00,19.5,82,21.1,437.0,4.0,0.3,1006.8
2026-08-03T10:00,19.7,79,21.3,610.0,6.1,0.5,1007.1
2026-08-03T11:00,21.0,73,23.1,747.0,7.6,0.6,1006.9
2026-08-03T12:00,19.8,81,21.4,617.0,7.6,0.8,1007.8
2026-08-03T13:00,20.1,81,21.3,528.0,7.8,0.4,1007.1
2026-08-03T14:00,18.5,90,20.1,488.0,5.9,1.1,1007.1
2026-08-03T15:00,18.1,92,20.0,453.0,4.0,1.2,1006.2
2026-08-03T16:00,18.9,91,20.8,401.0,5.5,0.8,1005.4
2026-08-03T17:00,19.3,88,21.5,290.0,3.1,0.8,1005.2
2026-08-03T18:00,17.4,95,19.0,117.0,4.5,0.5,1006.6
2026-08-03T19:00,16.9,100,19.1,14.0,1.6,0.3,1006.7
2026-08-03T20:00,16.5,99,18.5,0.0,2.2,0.1,1007.0
2026-08-03T21:00,16.2,98,17.9,0.0,2.2,0.0,1008.1
2026-08-03T22:00,16.0,97,17.4,0.0,3.1,0.5,1008.7
2026-08-03T23:00,16.4,98,18.1,0.0,3.5,0.1,1007.7
2026-08-04T00:00,15.6,99,17.1,0.0,2.4,0.0,1007.6
2026-08-04T01:00,15.6,97,17.3,0.0,0.4,0.2,1007.8
2026-08-04T02:00,15.8,98,17.5,0.0,1.1,0.2,1007.3
2026-08-04T03:00,15.0,99,16.4,0.0,1.2,0.1,1007.7
2026-08-04T04:00,15.1,98,16.1,0.0,3.8,0.4,1007.6
2026-08-04T05:00,15.5,100,16.9,0.0,2.7,0.2,1006.5
2026-08-04T06:00,15.8,99,17.6,16.0,0.6,0.3,1007.3
2026-08-04T07:00,16.4,99,18.4,53.0,1.3,0.3,1007.7
2026-08-04T08:00,16.3,96,17.8,159.0,3.5,0.8,1008.3
2026-08-04T09:00,16.7,98,18.7,148.0,1.4,0.9,1009.1
2026-08-04T10:00,16.6,97,18.4,109.0,2.4,1.0,1009.1
2026-08-04T11:00,16.9,97,18.6,221.0,3.1,0.8,1009.5
2026-08-04T12:00,17.4,97,19.5,345.0,1.9,0.9,1009.2
2026-08-04T13:00,17.1,95,18.7,189.0,3.8,0.5,1008.5
2026-08-04T14:00,17.0,96,19.1,143.0,0.8,1.1,1007.8
2026-08-04T15:00,17.7,96,19.8,243.0,3.1,1.0,1006.7
2026-08-04T16:00,17.6,96,19.4,242.0,4.3,0.4,1005.9
2026-08-04T17:00,19.3,85,20.5,249.0,7.7,0.1,1005.0
2026-08-04T18:00,17.5,94,18.9,115.0,5.9,0.1,1006.1
2026-08-04T19:00,16.5,100,18.3,16.0,3.3,0.1,1006.7
2026-08-04T20:00,16.0,100,17.9,0.0,0.5,0.0,1007.4
2026-08-04T21:00,15.8,100,17.6,0.0,0.9,0.0,1007.8
2026-08-04T22:00,15.5,100,17.0,0.0,2.0,0.0,1007.7
2026-08-04T23:00,16.1,100,18.1,0.0,0.6,0.0,1007.0
2026-08-05T00:00,15.8,100,17.8,0.0,0.4,0.0,1006.6
2026-08-05T01:00,15.7,100,17.5,0.0,0.6,0.1,1006.1
2026-08-05T02:00,15.4,100,17.2,0.0,0.2,0.0,1005.9
2026-08-05T03:00,15.3,100,17.1,0.0,0.5,0.0,1005.7
2026-08-05T04:00,15.1,100,16.6,0.0,1.2,0.1,1005.8
2026-08-05T05:00,15.6,100,17.1,0.0,2.8,0.1,1005.4
2026-08-05T06:00,15.8,100,17.3,9.0,3.6,0.5,1005.4
2026-08-05T07:00,15.8,100,17.3,25.0,3.3,0.3,1005.8
2026-08-05T08:00,16.0,100,17.8,74.0,1.9,0.2,1005.7
2026-08-05T09:00,16.4,97,18.1,116.0,2.1,0.5,1005.9
2026-08-05T10:00,16.5,97,18.5,133.0,0.6,0.7,1006.0
2026-08-05T11:00,17.2,94,18.6,220.0,5.2,0.7,1005.7
2026-08-05T12:00,17.2,92,18.4,344.0,5.8,0.7,1005.2
2026-08-05T13:00,18.5,83,19.5,406.0,5.8,0.1,1004.2
2026-08-05T14:00,20.5,71,21.8,633.0,6.5,0.2,1003.2
2026-08-05T15:00,19.5,78,20.2,264.0,7.8,0.0,1002.6
2026-08-05T16:00,19.6,78,20.3,291.0,8.8,0.0,1002.3
2026-08-05T17:00,18.9,90,20.8,318.0,4.0,0.0,1002.4
2026-08-05T18:00,17.8,94,19.5,151.0,5.1,0.1,1003.4
2026-08-05T19:00,16.6,99,18.9,18.0,0.3,0.1,1003.9
2026-08-05T20:00,16.3,99,18.1,0.0,1.8,0.0,1004.6
2026-08-05T21:00,16.0,99,17.7,0.0,1.5,0.0,1005.5
2026-08-05T22:00,15.5,97,17.0,0.0,1.7,0.1,1005.8
2026-08-05T23:00,16.2,100,18.2,0.0,0.9,0.4,1004.9
2026-08-06T00:00,15.7,99,17.4,0.0,1.0,0.0,1004.8
2026-08-06T01:00,15.2,99,16.8,0.0,0.5,0.0,1004.5
2026-08-06T02:00,14.8,100,16.1,0.0,1.9,0.0,1004.3
2026-08-06T03:00,14.4,100,15.5,0.0,2.7,0.0,1004.1
2026-08-06T04:00,14.2,100,15.1,0.0,3.4,0.0,1004.2
2026-08-06T05:00,15.6,97,17.1,0.0,0.8,0.0,1003.5
2026-08-06T06:00,15.9,96,17.5,25.0,1.1,0.0,1004.4
2026-08-06T07:00,17.2,91,18.9,163.0,2.0,0.0,1005.2
2026-08-06T08:00,18.4,82,19.6,339.0,3.9,0.0,1005.4
2026-08-06T09:00,20.4,67,20.9,549.0,5.8,0.0,1005.4
2026-08-06T10:00,21.8,61,22.7,666.0,7.6,0.0,1004.9
2026-08-06T11:00,20.8,62,20.7,516.0,8.2,0.2,1005.0
2026-08-06T12:00,19.6,70,19.8,453.0,7.6,0.2,1005.6
2026-08-06T13:00,17.3,89,18.8,135.0,2.9,0.9,1005.9
2026-08-06T14:00,17.4,99,19.9,166.0,1.2,1.2,1005.6
2026-08-06T15:00,17.4,98,19.7,163.0,2.0,1.2,1005.5
2026-08-06T16:00,16.9,98,18.7,132.0,2.9,0.6,1005.3
2026-08-06T17:00,16.8,99,18.9,70.0,1.5,0.5,1004.8
2026-08-06T18:00,16.6,100,18.7,22.0,2.0,1.0,1005.1
2026-08-06T19:00,16.2,97,17.9,5.0,1.7,0.4,1005.9
2026-08-06T20:00,16.1,98,17.9,0.0,1.4,0.1,1006.6
2026-08-06T21:00,16.0,100,17.7,0.0,2.5,0.1,1007.2
2026-08-06T22:00,16.1,99,17.9,0.0,1.3,0.0,1007.3
2026-08-06T23:00,16.1,97,17.6,0.0,2.9,0.0,1007.1
2026-08-07T00:00,15.6,100,17.0,0.0,3.6,0.1,1006.8
2026-08-07T01:00,15.5,100,17.0,0.0,2.4,0.4,1006.6
2026-08-07T02:00,15.4,100,16.7,0.0,3.0,0.6,1006.0
2026-08-07T03:00,15.3,99,16.8,0.0,2.2,0.3,1006.1
2026-08-07T04:00,15.2,99,16.4,0.0,3.3,0.1,1005.8
2026-08-07T05:00,15.7,98,17.4,0.0,0.9,0.0,1006.1
2026-08-07T06:00,15.4,100,16.8,6.0,3.2,0.4,1006.7
2026-08-07T07:00,15.6,99,17.0,34.0,3.8,0.0,1007.1
2026-08-07T08:00,16.6,94,17.8,157.0,5.1,0.0,1006.9
2026-08-07T09:00,18.5,84,19.8,379.0,4.9,0.0,1006.7
2026-08-07T10:00,20.6,70,21.4,569.0,6.2,0.0,1006.3
2026-08-07T11:00,16.7,96,19.0,696.0,4.4,0.1,1007.9
2026-08-07T12:00,18.8,78,19.4,512.0,6.9,0.1,1006.9
2026-08-07T13:00,18.9,76,19.3,318.0,7.6,0.0,1006.3
2026-08-07T14:00,20.0,70,20.5,372.0,5.9,0.0,1005.4
2026-08-07T15:00,19.6,72,20.3,194.0,5.6,0.0,1004.9
2026-08-07T16:00,19.4,75,20.1,163.0,5.7,0.1,1004.5
2026-08-07T17:00,17.5,97,19.6,64.0,3.1,0.0,1005.0
2026-08-07T18:00,17.1,99,19.6,29.0,0.0,1.1,1005.4
2026-08-07T19:00,16.8,100,18.9,5.0,2.3,0.1,1005.7
2026-08-07T20:00,16.6,100,18.6,0.0,1.7,0.0,1006.0
2026-08-07T21:00,16.5,100,18.6,0.0,0.9,0.0,1006.4
2026-08-07T22:00,16.4,100,18.5,0.0,0.8,0.1,1007.1
2026-08-07T23:00,16.6,97,18.4,0.0,2.1,0.6,1007.1
2026-08-08T00:00,16.4,98,18.4,0.0,1.0,0.8,1007.3
2026-08-08T01:00,16.2,99,18.0,0.0,1.9,1.1,1007.0
2026-08-08T02:00,16.0,99,17.6,0.0,2.3,0.3,1006.6
2026-08-08T03:00,15.9,98,17.5,0.0,2.0,0.1,1006.3
2026-08-08T04:00,15.7,99,17.3,0.0,2.2,0.0,1005.9
2026-08-08T05:00,15.9,99,16.9,0.0,6.9,0.0,1006.8
2026-08-08T06:00,16.1,97,17.6,14.0,2.8,0.7,1007.1
2026-08-08T07:00,16.7,97,18.5,140.0,2.2,0.0,1007.4
2026-08-08T08:00,18.8,87,20.9,332.0,0.8,0.0,1007.7
2026-08-08T09:00,21.2,71,22.6,563.0,4.5,0.0,1007.3
2026-08-08T10:00,21.0,73,23.0,697.0,6.3,0.2,1007.9
2026-08-08T11:00,19.1,83,20.2,493.0,6.8,0.2,1009.1
2026-08-08T12:00,20.5,77,22.1,573.0,5.4,0.1,1008.5
2026-08-08T13:00,21.6,71,23.7,707.0,6.5,0.2,1007.3
2026-08-08T14:00,17.9,88,19.1,350.0,5.8,1.0,1007.6
2026-08-08T15:00,19.1,83,20.7,424.0,3.8,0.5,1006.8
2026-08-08T16:00,18.6,91,20.5,440.0,3.6,1.4,1006.3
2026-08-08T17:00,19.2,85,21.2,288.0,2.3,0.2,1007.0
2026-08-08T18:00,18.5,89,20.3,139.0,3.1,0.0,1006.8
2026-08-08T19:00,16.8,97,18.9,17.0,1.0,0.0,1007.7
2026-08-08T20:00,16.3,96,17.9,0.0,2.4,0.0,1008.2
2026-08-08T21:00,15.9,96,17.4,0.0,1.6,0.0,1009.2
2026-08-08T22:00,15.8,95,17.3,0.0,0.9,0.0,1009.7
2026-08-08T23:00,16.4,94,18.2,0.0,0.7,0.0,1009.5
2026-08-09T00:00,15.7,97,17.2,0.0,1.7,0.0,1009.7
2026-08-09T01:00,15.4,97,16.9,0.0,1.6,0.0,1009.1
2026-08-09T02:00,15.2,98,16.6,0.0,1.5,0.0,1009.1
2026-08-09T03:00,14.9,98,16.1,0.0,2.1,0.0,1008.6
2026-08-09T04:00,14.5,98,15.7,0.0,1.6,0.0,1008.7
2026-08-09T05:00,14.8,100,16.1,0.0,1.7,0.0,1008.9
2026-08-09T06:00,14.8,99,15.9,21.0,3.0,0.4,1009.2
2026-08-09T07:00,16.9,95,18.7,129.0,2.6,0.0,1009.3
2026-08-09T08:00,18.2,90,19.9,306.0,3.9,0.1,1009.6
2026-08-09T09:00,19.5,82,20.8,462.0,6.3,0.1,1009.4
2026-08-09T10:00,20.7,76,21.9,558.0,7.8,0.2,1009.0
2026-08-09T11:00,21.3,68,22.2,651.0,10.1,0.1,1008.6
2026-08-09T12:00,20.7,75,22.9,809.0,9.9,0.6,1008.4
2026-08-09T13:00,20.6,77,22.7,804.0,10.8,0.8,1008.1
2026-08-09T14:00,20.4,77,22.4,747.0,9.4,0.4,1007.6
2026-08-09T15:00,19.7,82,20.7,504.0,8.6,0.5,1007.0
2026-08-09T16:00,19.8,82,20.7,472.0,9.6,0.4,1006.6
2026-08-09T17:00,19.5,82,20.2,312.0,10.2,0.1,1006.2
2026-08-09T18:00,18.2,90,19.7,125.0,5.8,0.0,1006.4
2026-08-09T19:00,16.6,99,18.4,15.0,2.6,0.0,1007.2
2026-08-09T20:00,16.4,100,18.3,0.0,1.8,0.0,1007.9
2026-08-09T21:00,16.3,99,18.3,0.0,1.3,0.0,1008.8
2026-08-09T22:00,16.3,97,18.2,0.0,0.8,0.0,1009.0
2026-08-09T23:00,16.4,91,17.9,0.0,0.7,0.0,1008.4
2026-08-10T00:00,15.9,92,17.2,0.0,1.3,0.1,1008.0
2026-08-10T01:00,15.7,94,17.0,0.0,1.9,0.0,1007.8
2026-08-10T02:00,15.4,94,16.6,0.0,1.9,0.0,1007.6
2026-08-10T03:00,15.6,92,16.9,0.0,1.0,0.1,1007.2
2026-08-10T04:00,15.5,92,16.8,0.0,0.4,0.1,1007.5
2026-08-10T05:00,16.1,100,17.5,0.0,4.2,0.0,1006.8
2026-08-10T06:00,16.3,98,17.8,9.0,3.9,0.6,1007.3
2026-08-10T07:00,16.7,98,18.6,110.0,2.4,0.0,1007.3
2026-08-10T08:00,17.3,94,19.1,237.0,3.3,0.2,1007.5
2026-08-10T09:00,18.9,83,20.2,391.0,4.9,0.1,1007.3
2026-08-10T10:00,20.1,74,20.9,470.0,7.0,0.0,1007.0
2026-08-10T11:00,20.5,73,21.5,586.0,7.4,0.0,1006.8
2026-08-10T12:00,19.9,78,20.8,482.0,7.7,0.5,1006.9
2026-08-10T13:00,19.7,79,20.6,515.0,7.9,0.6,1006.4
2026-08-10T14:00,20.4,73,21.4,587.0,7.4,0.4,1005.4
2026-08-10T15:00,20.5,74,21.7,619.0,8.3,0.4,1005.1
2026-08-10T16:00,17.7,91,19.2,377.0,4.2,1.4,1005.6
2026-08-10T17:00,18.4,88,19.7,192.0,7.1,0.7,1005.6
2026-08-10T18:00,17.9,90,19.5,106.0,3.6,0.1,1005.8
2026-08-10T19:00,16.5,99,18.4,13.0,2.2,0.0,1006.2
2026-08-10T20:00,16.4,98,18.6,0.0,0.0,0.0,1007.1
2026-08-10T21:00,16.3,99,18.3,0.0,0.9,0.0,1007.6
2026-08-10T22:00,16.1,99,17.9,0.0,1.7,0.0,1007.9
2026-08-10T23:00,16.5,99,18.6,0.0,0.9,0.0,1006.9
2026-08-11T00:00,16.2,100,18.3,0.0,0.2,0.0,1006.7
2026-08-11T01:00,16.2,99,17.8,0.0,3.0,0.0,1006.3
2026-08-11T02:00,16.2,99,17.8,0.0,3.2,0.0,1006.3
2026-08-11T03:00,15.9,99,17.4,0.0,3.5,0.0,1006.3
2026-08-11T04:00,15.9,99,17.5,0.0,3.0,0.1,1006.2
2026-08-11T05:00,15.9,100,17.1,0.0,6.0,0.2,1007.0
2026-08-11T06:00,15.8,99,16.9,8.0,5.8,0.2,1007.3
2026-08-11T07:00,16.0,97,17.0,63.0,5.6,0.0,1007.5
2026-08-11T08:00,16.5,96,17.8,119.0,4.5,0.5,1008.1
2026-08-11T09:00,16.8,97,18.4,115.0,4.0,1.4,1008.5
2026-08-11T10:00,16.8,98,18.6,161.0,3.1,2.0,1009.0
2026-08-11T11:00,16.6,96,18.1,196.0,3.8,0.9,1009.1
2026-08-11T12:00,16.7,98,18.8,128.0,1.1,2.0,1008.7
2026-08-11T13:00,17.0,95,19.0,219.0,0.9,1.0,1008.1
2026-08-11T14:00,17.0,97,19.1,154.0,1.4,1.4,1007.5
2026-08-11T15:00,17.1,99,19.2,114.0,2.7,2.4,1006.7
2026-08-11T16:00,17.3,98,19.6,162.0,1.5,1.1,1006.1
2026-08-11T17:00,17.6,94,19.3,243.0,4.4,0.1,1006.4
2026-08-11T18:00,17.0,99,19.0,39.0,2.6,0.5,1006.2
2026-08-11T19:00,16.6,99,18.5,5.0,2.7,0.5,1005.9
2026-08-11T20:00,16.6,98,18.5,0.0,2.2,0.1,1006.8
2026-08-11T21:00,16.9,95,18.9,0.0,0.9,0.6,1007.5
2026-08-11T22:00,16.4,95,18.1,0.0,1.8,0.0,1008.1
2026-08-11T23:00,16.8,94,18.5,0.0,1.7,0.0,1007.8
2026-08-12T00:00,16.0,95,17.5,0.0,1.6,0.0,1008.0
2026-08-12T01:00,15.5,96,16.8,0.0,2.4,0.0,1008.0
2026-08-12T02:00,15.0,96,16.2,0.0,1.8,0.0,1008.0
2026-08-12T03:00,14.5,97,15.5,0.0,1.7,0.0,1007.6
2026-08-12T04:00,14.0,98,15.1,0.0,1.0,0.0,1007.6
2026-08-12T05:00,15.2,97,16.4,0.0,2.4,0.0,1008.0
2026-08-12T06:00,15.5,97,16.8,15.0,2.2,0.0,1008.3
2026-08-12T07:00,17.5,98,19.6,129.0,2.8,0.0,1008.4
2026-08-12T08:00,19.7,85,22.1,341.0,0.9,0.0,1008.6
2026-08-12T09:00,21.8,67,23.3,565.0,3.7,0.0,1008.2
2026-08-12T10:00,23.3,60,25.2,729.0,6.1,0.0,1007.6
2026-08-12T11:00,24.0,58,26.3,839.0,8.4,0.0,1007.2
2026-08-12T12:00,24.3,59,26.8,877.0,9.7,0.1,1006.5
2026-08-12T13:00,22.0,75,24.7,813.0,9.9,1.6,1006.0
2026-08-12T14:00,21.6,79,24.2,712.0,8.2,1.3,1006.2
2026-08-12T15:00,22.0,75,24.1,612.0,6.7,0.8,1006.1
2026-08-12T16:00,21.3,81,23.2,439.0,7.1,0.6,1005.7
2026-08-12T17:00,21.1,81,22.8,311.0,8.1,0.5,1005.8
2026-08-12T18:00,19.7,89,21.6,109.0,6.5,0.1,1006.8
2026-08-12T19:00,18.2,100,20.8,12.0,2.9,0.0,1008.1
2026-08-12T20:00,18.2,95,20.6,0.0,1.3,0.2,1009.2
2026-08-12T21:00,18.1,97,20.3,0.0,3.8,0.4,1010.4
2026-08-12T22:00,17.5,98,19.6,0.0,3.5,0.2,1010.5
2026-08-12T23:00,17.2,99,19.1,0.0,3.6,0.0,1010.0
2026-08-13T00:00,16.6,98,18.6,0.0,1.3,0.0,1010.1
2026-08-13T01:00,16.3,97,18.3,0.0,0.7,0.0,1009.7
2026-08-13T02:00,16.0,98,17.8,0.0,0.9,0.0,1009.2
2026-08-13T03:00,15.7,98,17.4,0.0,0.8,0.0,1008.9
2026-08-13T04:00,15.6,97,17.3,0.0,0.4,0.0,1009.1
2026-08-13T05:00,16.8,98,18.9,0.0,1.4,0.1,1008.4
2026-08-13T06:00,17.2,99,19.7,18.0,0.2,0.0,1008.9
2026-08-13T07:00,17.9,97,20.2,101.0,2.8,0.0,1008.7
2026-08-13T08:00,19.5,85,21.5,285.0,3.2,0.0,1008.2
2026-08-13T09:00,22.0,69,23.4,528.0,5.1,0.0,1007.1
2026-08-13T10:00,23.2,64,24.5,645.0,8.5,0.1,1006.8
2026-08-13T11:00,23.5,63,25.4,791.0,10.9,0.4,1007.4
2026-08-13T12:00,22.3,71,24.7,832.0,11.1,0.4,1007.4
2026-08-13T13:00,20.3,83,22.3,683.0,9.9,1.2,1007.5
2026-08-13T14:00,21.0,80,22.6,636.0,10.2,1.2,1006.7
2026-08-13T15:00,20.5,80,21.5,599.0,11.3,1.0,1006.1
2026-08-13T16:00,19.6,84,20.8,434.0,8.8,0.7,1006.3
2026-08-13T17:00,18.2,98,20.2,272.0,6.6,0.6,1006.5
2026-08-13T18:00,17.7,99,20.0,106.0,3.6,0.4,1007.2
2026-08-13T19:00,16.8,99,19.0,11.0,1.5,0.1,1007.6
2026-08-13T20:00,16.8,98,18.9,0.0,1.1,0.0,1008.2
2026-08-13T21:00,16.7,97,18.6,0.0,2.2,0.0,1008.3
2026-08-13T22:00,16.3,97,18.0,0.0,2.0,0.0,1008.3
2026-08-13T23:00,16.9,94,18.9,0.0,0.7,0.0,1007.4
2026-08-14T00:00,16.2,96,18.1,0.0,0.2,0.0,1007.5
2026-08-14T01:00,15.7,97,17.5,0.0,0.5,0.0,1007.3
2026-08-14T02:00,15.1,99,16.6,0.0,1.1,0.0,1007.4
2026-08-14T03:00,14.8,99,16.1,0.0,1.8,0.0,1007.2
2026-08-14T04:00,14.8,98,16.1,0.0,1.7,0.0,1006.8
2026-08-14T05:00,16.8,100,18.9,0.0,2.0,0.0,1006.8
2026-08-14T06:00,16.8,100,18.7,14.0,3.1,0.1,1007.2
2026-08-14T07:00,17.6,97,20.1,109.0,0.3,0.0,1007.1
2026-08-14T08:00,20.9,75,22.9,328.0,1.9,0.1,1007.1
2026-08-14T09:00,21.6,73,23.1,497.0,5.2,0.0,1007.2
2026-08-14T10:00,22.1,71,23.8,651.0,8.3,0.0,1007.5
2026-08-14T11:00,18.1,90,20.0,680.0,7.8,0.1,1008.8
2026-08-14T12:00,18.8,90,20.0,546.0,8.7,2.4,1008.8
2026-08-14T13:00,20.2,85,22.4,660.0,8.7,1.1,1007.7
2026-08-14T14:00,19.2,91,21.6,675.0,7.8,1.9,1007.5
2026-08-14T15:00,18.2,89,19.6,438.0,5.5,1.5,1008.3
2026-08-14T16:00,18.5,87,20.0,352.0,5.1,0.4,1007.7
2026-08-14T17:00,18.3,91,20.0,201.0,4.6,0.1,1007.8
2026-08-14T18:00,17.3,96,19.2,96.0,2.9,0.2,1007.7
2026-08-14T19:00,16.8,99,19.0,10.0,0.4,0.0,1007.1
2026-08-14T20:00,16.5,97,18.6,0.0,0.4,0.0,1007.6
2026-08-14T21:00,16.3,96,18.2,0.0,0.4,0.0,1008.3
2026-08-14T22:00,16.1,97,17.9,0.0,0.8,0.0,1008.7
2026-08-14T23:00,15.6,97,16.7,0.0,4.9,0.0,1008.6
2026-08-15T00:00,15.6,97,17.0,0.0,2.1,0.2,1008.7
2026-08-15T01:00,15.3,100,17.0,0.0,1.1,0.0,1008.2
2026-08-15T02:00,15.4,99,16.8,0.0,2.8,0.0,1007.9
2026-08-15T03:00,15.3,98,16.5,0.0,3.7,0.0,1007.6
2026-08-15T04:00,15.1,97,16.2,0.0,2.7,0.0,1007.6
2026-08-15T05:00,15.1,99,16.6,0.0,1.0,0.0,1008.2
2026-08-15T06:00,15.4,99,17.0,15.0,1.8,0.0,1008.6
2026-08-15T07:00,17.5,90,19.3,123.0,1.7,0.0,1008.5
2026-08-15T08:00,19.4,76,20.8,318.0,2.7,0.1,1008.7
2026-08-15T09:00,19.2,78,20.2,486.0,5.9,0.5,1008.9
2026-08-15T10:00,19.7,78,21.1,646.0,7.9,0.6,1009.0
2026-08-15T11:00,19.6,78,21.5,781.0,9.5,0.5,1009.3
2026-08-15T12:00,19.8,76,20.1,520.0,10.5,0.3,1008.6
2026-08-15T13:00,21.2,69,22.5,753.0,11.4,0.3,1007.3
2026-08-15T14:00,22.0,67,23.5,775.0,11.6,0.0,1006.2
2026-08-15T15:00,21.8,68,22.7,703.0,12.5,0.0,1005.3
2026-08-15T16:00,21.1,70,21.2,523.0,12.2,0.0,1004.7
2026-08-15T17:00,19.8,76,19.9,324.0,11.8,0.0,1004.8
2026-08-15T18:00,18.1,87,19.0,126.0,7.8,0.0,1005.4
2026-08-15T19:00,16.3,98,18.0,11.0,2.7,0.0,1006.1
2026-08-15T20:00,16.1,100,18.1,0.0,1.2,0.0,1007.3
2026-08-15T21:00,16.4,100,18.2,0.0,3.0,0.1,1008.1
2026-08-15T22:00,16.3,98,18.0,0.0,2.6,0.1,1008.2
2026-08-15T23:00,16.5,97,18.4,0.0,0.9,0.0,1007.4
2026-08-16T00:00,15.5,99,17.3,0.0,0.6,0.0,1007.1
2026-08-16T01:00,15.4,98,16.9,0.0,1.3,0.0,1006.8
2026-08-16T02:00,15.3,96,16.6,0.0,2.0,0.0,1005.9
2026-08-16T03:00,15.2,96,16.5,0.0,1.9,0.0,1005.3
2026-08-16T04:00,15.0,96,16.3,0.0,1.3,0.0,1005.5
2026-08-16T05:00,16.1,95,17.5,0.0,3.1,0.0,1005.7
2026-08-16T06:00,16.0,97,17.5,18.0,2.3,0.0,1006.2
2026-08-16T07:00,17.4,88,18.6,138.0,4.4,0.0,1006.2
2026-08-16T08:00,19.1,79,20.1,334.0,5.2,0.0,1006.1
2026-08-16T09:00,20.7,69,21.4,491.0,6.6,0.0,1005.7
2026-08-16T10:00,21.7,65,22.5,688.0,11.1,0.2,1005.4
2026-08-16T11:00,22.1,64,23.2,788.0,12.6,0.2,1005.7
2026-08-16T12:00,22.1,64,23.2,880.0,15.8,0.1,1005.5
2026-08-16T13:00,22.3,61,23.4,887.0,15.3,0.1,1005.1
2026-08-16T14:00,21.9,63,22.6,825.0,15.1,0.1,1004.6
2026-08-16T15:00,21.1,68,21.3,675.0,15.1,0.2,1004.5
2026-08-16T16:00,20.6,68,20.0,517.0,14.3,0.0,1004.4
2026-08-16T17:00,17.4,98,19.1,322.0,4.9,0.0,1005.9
2026-08-16T18:00,17.2,97,18.1,122.0,10.6,0.1,1006.0
2026-08-16T19:00,16.5,99,18.1,10.0,3.9,0.0,1006.5
2026-08-16T20:00,16.6,93,18.1,0.0,2.1,0.0,1007.3
2026-08-16T21:00,16.5,89,17.9,0.0,1.2,0.0,1007.7
2026-08-16T22:00,16.3,87,17.5,0.0,1.2,0.0,1007.8
2026-08-16T23:00,16.0,90,16.7,0.0,5.0,0.0,1007.4
2026-08-17T00:00,15.5,91,16.6,0.0,0.9,0.0,1007.1
2026-08-17T01:00,14.9,94,16.1,0.0,0.6,0.0,1006.8
2026-08-17T02:00,14.4,95,15.5,0.0,0.0,0.0,1006.6
2026-08-17T03:00,14.0,96,14.9,0.0,0.9,0.0,1006.3
2026-08-17T04:00,13.6,97,14.3,0.0,2.0,0.0,1005.7
2026-08-17T05:00,15.0,96,16.2,0.0,1.5,0.0,1006.6
2026-08-17T06:00,15.0,97,16.2,17.0,2.2,0.0,1007.1
2026-08-17T07:00,17.0,91,18.7,146.0,1.1,0.0,1006.6
2026-08-17T08:00,18.7,80,19.8,345.0,4.1,0.1,1006.6
2026-08-17T09:00,20.3,70,20.8,534.0,7.2,0.1,1006.4
2026-08-17T10:00,21.6,63,22.5,697.0,9.5,0.0,1006.4
2026-08-17T11:00,22.2,60,23.4,820.0,11.6,0.1,1006.3
2026-08-17T12:00,21.8,61,23.0,884.0,13.0,0.6,1005.7
2026-08-17T13:00,20.6,71,21.6,794.0,14.2,1.0,1005.8
2026-08-17T14:00,19.5,76,20.1,678.0,13.1,0.9,1006.1
2026-08-17T15:00,19.7,81,20.7,581.0,9.1,0.3,1005.8
2026-08-17T16:00,18.8,87,20.0,454.0,8.0,0.4,1005.4
2026-08-17T17:00,17.0,93,17.8,260.0,8.4,0.7,1006.3
2026-08-17T18:00,16.5,98,18.0,107.0,4.6,0.4,1006.7
2026-08-17T19:00,16.4,98,18.4,8.0,0.6,0.0,1007.1
2026-08-17T20:00,16.3,95,18.0,0.0,0.9,0.0,1007.8
2026-08-17T21:00,16.1,93,17.7,0.0,0.8,0.0,1008.3
2026-08-17T22:00,16.1,91,17.5,0.0,0.9,0.0,1008.6
2026-08-17T23:00,16.1,93,17.6,0.0,1.0,0.0,1008.3
2026-08-18T00:00,15.6,91,16.9,0.0,1.0,0.0,1008.2
2026-08-18T01:00,15.6,91,16.8,0.0,0.5,0.0,1008.0
2026-08-18T02:00,15.2,92,16.3,0.0,1.0,0.0,1007.5
2026-08-18T03:00,14.8,95,16.0,0.0,1.1,0.0,1007.3
2026-08-18T04:00,14.6,95,15.4,0.0,2.8,0.0,1007.3
2026-08-18T05:00,15.1,99,16.2,0.0,3.8,0.0,1007.3
2026-08-18T06:00,15.2,99,16.8,16.0,0.6,0.0,1007.9
2026-08-18T07:00,16.3,96,18.0,145.0,2.1,0.0,1007.9
2026-08-18T08:00,17.6,87,18.6,325.0,6.0,0.0,1007.9
2026-08-18T09:00,19.5,75,20.2,481.0,6.9,0.0,1008.0
2026-08-18T10:00,21.3,65,22.4,681.0,8.2,0.0,1007.6
2026-08-18T11:00,21.4,66,23.4,828.0,8.6,0.2,1008.2
2026-08-18T12:00,20.5,73,22.6,828.0,9.9,1.2,1007.7
2026-08-18T13:00,18.0,90,19.1,625.0,10.5,2.0,1007.9
2026-08-18T14:00,18.8,93,20.3,532.0,9.3,4.2,1007.7
2026-08-18T15:00,17.1,92,18.4,397.0,4.9,3.5,1007.5
2026-08-18T16:00,16.5,94,17.5,332.0,6.1,2.8,1008.0
2026-08-18T17:00,16.9,100,18.6,242.0,4.9,0.7,1007.8
2026-08-18T18:00,16.5,100,18.7,49.0,0.3,2.9,1008.4
2026-08-18T19:00,16.3,99,18.3,6.0,1.3,0.5,1008.9
2026-08-18T20:00,15.9,96,17.5,0.0,1.2,0.2,1009.4
2026-08-18T21:00,15.6,96,17.0,0.0,1.5,0.1,1009.5
2026-08-18T22:00,15.5,96,17.0,0.0,0.7,0.0,1009.7
2026-08-18T23:00,16.2,100,18.2,0.0,1.0,0.0,1009.4
2026-08-19T00:00,15.2,100,16.7,0.0,1.2,0.1,1008.8
2026-08-19T01:00,14.6,100,16.0,0.0,1.3,0.0,1008.6
2026-08-19T02:00,14.4,100,15.7,0.0,1.4,0.0,1008.6
2026-08-19T03:00,14.4,99,15.7,0.0,0.8,0.1,1008.5
2026-08-19T04:00,14.5,100,15.8,0.0,1.4,0.1,1008.8
2026-08-19T05:00,15.5,100,16.8,0.0,3.5,0.0,1008.4
2026-08-19T06:00,15.6,99,16.9,13.0,3.8,0.2,1008.9
2026-08-19T07:00,16.4,97,18.1,103.0,2.4,0.0,1009.4
2026-08-19T08:00,17.1,92,18.5,243.0,4.1,0.0,1009.8
2026-08-19T09:00,19.5,78,20.8,409.0,3.7,0.1,1009.6
2026-08-19T10:00,20.5,77,22.4,618.0,4.8,0.1,1009.4
2026-08-19T11:00,22.3,64,24.2,644.0,3.4,0.1,1008.8
2026-08-19T12:00,23.0,61,25.2,814.0,7.7,0.0,1008.0
2026-08-19T13:00,22.1,65,23.4,644.0,6.9,0.0,1008.1
2026-08-19T14:00,21.2,72,22.4,553.0,5.7,0.0,1008.0
2026-08-19T15:00,19.9,78,20.7,392.0,8.3,0.1,1007.6
2026-08-19T16:00,17.4,100,19.6,273.0,3.4,4.5,1008.5
2026-08-19T17:00,18.9,86,20.2,175.0,6.7,1.5,1008.2
2026-08-19T18:00,17.8,92,19.2,95.0,6.0,0.0,1008.6
2026-08-19T19:00,16.2,100,18.1,7.0,1.2,0.0,1009.5
2026-08-19T20:00,15.9,99,17.8,0.0,1.0,0.0,1010.0
2026-08-19T21:00,15.3,100,16.9,0.0,1.5,0.0,1010.5
2026-08-19T22:00,14.9,99,16.3,0.0,0.9,0.0,1010.4
2026-08-19T23:00,16.2,99,18.1,0.0,0.8,0.0,1010.6
2026-08-20T00:00,16.5,100,18.3,0.0,3.3,0.0,1010.3
2026-08-20T01:00,16.3,97,17.8,0.0,3.5,0.1,1010.3
2026-08-20T02:00,15.3,100,16.9,0.0,1.2,0.0,1009.9
2026-08-20T03:00,14.5,99,15.7,0.0,1.4,0.0,1009.4
2026-08-20T04:00,14.0,100,15.0,0.0,2.7,0.0,1009.5
2026-08-20T05:00,14.9,100,16.0,0.0,3.9,0.0,1009.4
2026-08-20T06:00,14.7,99,15.8,13.0,2.3,0.0,1009.7
2026-08-20T07:00,16.7,93,18.1,123.0,2.9,0.0,1010.2
2026-08-20T08:00,18.8,78,19.9,347.0,3.9,0.0,1010.2
2026-08-20T09:00,20.7,67,21.5,557.0,4.4,0.0,1009.9
2026-08-20T10:00,22.4,60,24.4,710.0,3.4,0.0,1009.4
2026-08-20T11:00,21.1,64,23.1,844.0,8.1,0.1,1009.8
2026-08-20T12:00,19.5,78,21.1,789.0,11.1,1.5,1009.4
2026-08-20T13:00,21.1,76,23.7,698.0,4.6,2.1,1010.1
2026-08-20T14:00,19.6,74,21.1,717.0,8.1,0.5,1008.6
2026-08-20T15:00,19.4,80,20.3,507.0,7.9,1.0,1008.2
2026-08-20T16:00,19.8,76,20.3,442.0,8.9,0.2,1007.5
2026-08-20T17:00,18.8,87,19.9,282.0,8.3,0.3,1007.6
2026-08-20T18:00,17.1,97,18.6,108.0,5.8,0.2,1008.7
2026-08-20T19:00,16.2,100,18.3,6.0,0.4,0.0,1008.8
2026-08-20T20:00,15.7,100,17.5,0.0,0.7,0.0,1009.1
2026-08-20T21:00,15.3,99,16.9,0.0,0.7,0.0,1009.3
2026-08-20T22:00,15.3,97,16.8,0.0,0.8,0.0,1009.2
2026-08-20T23:00,16.4,97,18.3,0.0,1.0,0.0,1009.2
2026-08-21T00:00,15.7,99,17.5,0.0,1.0,0.1,1009.3
2026-08-21T01:00,15.6,97,17.3,0.0,0.6,0.1,1009.1
2026-08-21T02:00,15.4,96,16.9,0.0,0.5,0.0,1008.4
2026-08-21T03:00,15.2,93,16.4,0.0,1.0,0.0,1008.1
2026-08-21T04:00,15.1,93,16.2,0.0,1.5,0.0,1008.0
2026-08-21T05:00,15.2,93,16.4,0.0,0.9,0.0,1007.9
2026-08-21T06:00,15.6,91,16.9,15.0,0.9,0.0,1008.4
2026-08-21T07:00,17.5,89,19.0,144.0,2.3,0.0,1008.7
2026-08-21T08:00,18.9,80,20.4,347.0,2.2,0.0,1008.5
2026-08-21T09:00,21.1,63,21.7,556.0,4.5,0.0,1008.1
2026-08-21T10:00,21.9,60,22.7,695.0,8.3,0.2,1008.0
2026-08-21T11:00,21.6,57,22.5,820.0,10.1,0.2,1008.2
2026-08-21T12:00,20.9,66,22.2,763.0,9.6,0.9,1007.7
2026-08-21T13:00,20.2,72,21.2,704.0,10.6,1.2,1007.2
2026-08-21T14:00,19.7,77,20.7,708.0,11.7,1.1,1006.7
2026-08-21T15:00,19.1,82,19.7,536.0,9.7,0.8,1006.5
2026-08-21T16:00,19.8,75,20.3,478.0,8.7,0.1,1005.5
2026-08-21T17:00,18.2,88,19.0,299.0,9.0,0.0,1005.9
2026-08-21T18:00,17.1,94,18.7,95.0,3.8,0.5,1006.8
2026-08-21T19:00,16.3,100,18.4,6.0,0.6,0.0,1006.8
2026-08-21T20:00,15.9,99,17.7,0.0,1.4,0.0,1007.1
2026-08-21T21:00,15.7,100,17.5,0.0,0.8,0.0,1007.6
2026-08-21T22:00,15.5,100,17.2,0.0,0.6,0.0,1007.9
2026-08-21T23:00,16.6,99,18.6,0.0,1.8,0.0,1007.5
2026-08-22T00:00,15.9,100,17.9,0.0,0.2,0.0,1007.3
2026-08-22T01:00,15.8,100,17.6,0.0,1.5,0.0,1007.3
2026-08-22T02:00,15.8,100,17.4,0.0,2.5,0.0,1007.1
2026-08-22T03:00,15.5,99,17.1,0.0,1.8,0.0,1006.9
2026-08-22T04:00,14.8,100,16.1,0.0,1.5,0.0,1006.8
2026-08-22T05:00,14.7,99,16.0,0.0,1.5,0.0,1007.1
2026-08-22T06:00,15.2,99,16.6,14.0,1.8,0.0,1008.3
2026-08-22T07:00,17.7,92,19.8,141.0,0.8,0.0,1008.6
2026-08-22T08:00,18.7,84,20.3,339.0,3.2,0.0,1008.4
2026-08-22T09:00,19.7,73,20.2,535.0,7.3,0.2,1008.0
2026-08-22T10:00,21.2,64,21.8,695.0,10.3,0.1,1007.8
2026-08-22T11:00,21.7,62,22.9,810.0,10.6,0.6,1008.1
2026-08-22T12:00,20.4,71,22.0,846.0,11.7,0.7,1007.8
2026-08-22T13:00,17.7,92,19.7,753.0,9.6,1.9,1008.1
2026-08-22T14:00,19.3,85,20.7,578.0,7.5,0.9,1007.1
2026-08-22T15:00,19.8,76,20.6,555.0,7.3,0.2,1006.3
2026-08-22T16:00,20.3,65,19.9,463.0,10.9,0.1,1005.4
2026-08-22T17:00,19.5,76,20.4,270.0,5.1,0.1,1005.6
2026-08-22T18:00,18.1,85,19.2,111.0,5.0,0.0,1006.4
2026-08-22T19:00,16.4,95,18.1,5.0,1.5,0.0,1007.2
2026-08-22T20:00,15.9,97,17.5,0.0,1.0,0.0,1007.9
2026-08-22T21:00,15.4,97,16.9,0.0,1.3,0.0,1008.3
2026-08-22T22:00,15.1,97,16.5,0.0,1.1,0.0,1008.6
2026-08-22T23:00,15.4,100,16.9,0.0,2.2,0.0,1008.7
2026-08-23T00:00,15.8,100,17.6,0.0,1.1,0.2,1009.0
2026-08-23T01:00,15.6,99,17.1,0.0,2.0,0.0,1008.2
2026-08-23T02:00,15.1,100,16.3,0.0,4.0,0.0,1007.9
2026-08-23T03:00,14.3,99,15.4,0.0,1.8,0.0,1008.2
2026-08-23T04:00,13.9,99,14.8,0.0,2.0,0.0,1008.5
2026-08-23T05:00,14.9,97,15.9,0.0,3.1,0.0,1008.8
2026-08-23T06:00,14.6,98,15.5,9.0,3.6,0.7,1009.7
2026-08-23T07:00,15.9,98,17.5,99.0,2.2,0.1,1009.2
2026-08-23T08:00,17.3,91,18.9,324.0,3.1,0.1,1010.0
2026-08-23T09:00,18.6,82,19.7,501.0,5.6,0.1,1010.2
2026-08-23T10:00,20.5,69,21.7,662.0,7.1,0.1,1009.5
2026-08-23T11:00,18.5,80,20.1,786.0,9.6,0.1,1011.3
2026-08-23T12:00,18.4,80,19.0,293.0,7.3,0.1,1010.7
2026-08-23T13:00,21.8,61,23.2,766.0,7.7,0.0,1008.5
2026-08-23T14:00,21.5,61,21.5,596.0,10.2,0.0,1007.5
2026-08-23T15:00,20.0,72,20.1,353.0,10.7,0.0,1007.5
2026-08-23T16:00,19.6,74,19.7,305.0,10.7,0.0,1007.4
2026-08-23T17:00,18.8,78,18.7,270.0,11.3,0.0,1007.3
2026-08-23T18:00,17.5,86,18.2,96.0,7.2,0.1,1008.0
2026-08-23T19:00,16.2,94,17.9,5.0,0.9,0.0,1008.6
2026-08-23T20:00,15.8,95,17.4,0.0,0.9,0.0,1009.3
2026-08-23T21:00,15.5,95,16.8,0.0,1.5,0.0,1010.0
2026-08-23T22:00,15.2,95,16.3,0.0,2.1,0.0,1010.4
2026-08-23T23:00,15.5,99,17.1,0.0,0.8,0.0,1010.5
2026-08-24T00:00,14.9,100,16.2,0.0,2.4,0.0,1010.1
2026-08-24T01:00,14.6,100,15.8,0.0,2.3,0.0,1009.4
2026-08-24T02:00,14.4,99,15.5,0.0,2.0,0.0,1009.1
2026-08-24T03:00,13.8,100,14.7,0.0,2.4,0.0,1008.9
2026-08-24T04:00,13.2,100,13.8,0.0,2.8,0.0,1008.6
2026-08-24T05:00,14.0,96,14.8,0.0,2.7,0.0,1008.8
2026-08-24T06:00,14.1,97,15.0,14.0,1.5,0.0,1009.7
2026-08-24T07:00,17.1,89,18.4,137.0,3.1,0.0,1009.6
2026-08-24T08:00,19.3,75,20.6,344.0,2.0,0.0,1009.4
2026-08-24T09:00,21.2,65,22.4,552.0,2.0,0.0,1009.1
2026-08-24T10:00,22.5,59,24.0,712.0,5.9,0.2,1008.9
2026-08-24T11:00,22.4,59,23.5,775.0,10.6,0.1,1009.0
2026-08-24T12:00,22.2,61,23.9,863.0,10.7,0.2,1009.0
2026-08-24T13:00,22.3,59,23.4,807.0,10.8,0.1,1008.2
2026-08-24T14:00,22.3,59,23.3,788.0,11.3,0.1,1007.7
2026-08-24T15:00,21.6,62,21.7,619.0,11.3,0.0,1007.3
2026-08-24T16:00,20.8,69,20.8,475.0,11.0,0.0,1006.9
2026-08-24T17:00,18.7,82,19.3,288.0,9.2,0.0,1007.4
2026-08-24T18:00,17.5,90,18.8,88.0,4.9,0.1,1008.2
2026-08-24T19:00,16.2,98,18.2,5.0,0.8,0.0,1008.6
2026-08-24T20:00,15.8,98,17.5,0.0,1.0,0.0,1009.5
2026-08-24T21:00,15.4,98,17.1,0.0,0.2,0.0,1010.1
2026-08-24T22:00,15.1,98,16.6,0.0,0.9,0.0,1010.1
2026-08-24T23:00,15.0,97,16.3,0.0,1.5,0.0,1010.3
2026-08-25T00:00,15.2,94,16.5,0.0,1.3,0.1,1010.4
2026-08-25T01:00,15.0,96,16.2,0.0,1.5,0.0,1009.5
2026-08-25T02:00,14.6,96,15.7,0.0,1.8,0.0,1009.0
2026-08-25T03:00,14.5,96,15.6,0.0,1.5,0.0,1009.0
2026-08-25T04:00,14.5,97,15.5,0.0,2.4,0.0,1009.0
2026-08-25T05:00,14.0,97,14.6,0.0,3.6,0.0,1009.1
2026-08-25T06:00,14.3,96,15.2,13.0,1.8,0.0,1009.6
2026-08-25T07:00,16.1,95,17.6,138.0,1.8,0.0,1010.0
2026-08-25T08:00,18.6,82,20.3,326.0,0.9,0.0,1010.3
2026-08-25T09:00,20.5,71,21.9,520.0,1.8,0.0,1009.8
2026-08-25T10:00,22.4,63,24.4,688.0,3.9,0.0,1009.5
2026-08-25T11:00,22.3,62,24.5,786.0,5.8,0.1,1009.6
2026-08-25T12:00,15.8,97,17.5,281.0,0.7,1.9,1012.5
2026-08-25T13:00,17.5,94,19.4,414.0,2.3,1.0,1010.6
2026-08-25T14:00,21.3,73,23.6,654.0,3.6,0.2,1009.0
2026-08-25T15:00,20.7,74,22.6,661.0,6.4,0.1,1008.4
2026-08-25T16:00,19.2,79,20.0,363.0,7.1,0.2,1008.3
2026-08-25T17:00,17.7,96,19.8,207.0,2.8,0.6,1008.7
2026-08-25T18:00,16.9,99,18.9,57.0,3.1,0.2,1009.3
2026-08-25T19:00,16.7,100,18.8,3.0,1.5,0.0,1009.6
2026-08-25T20:00,16.4,99,18.4,0.0,0.7,0.0,1010.4
2026-08-25T21:00,16.0,99,17.7,0.0,2.1,0.0,1010.5
2026-08-25T22:00,15.8,98,17.4,0.0,1.9,0.0,1010.1
2026-08-25T23:00,15.9,98,17.4,0.0,2.9,0.0,1009.8
2026-08-26T00:00,15.5,96,16.9,0.0,1.6,0.0,1009.4
2026-08-26T01:00,15.5,95,16.9,0.0,0.7,0.0,1009.3
2026-08-26T02:00,15.3,94,16.7,0.0,0.4,0.0,1009.3
2026-08-26T03:00,15.2,94,16.4,0.0,1.5,0.0,1009.1
2026-08-26T04:00,14.9,95,15.8,0.0,2.7,0.0,1009.1
2026-08-26T05:00,15.3,99,16.8,0.0,2.0,0.0,1008.8
2026-08-26T06:00,15.1,99,16.5,11.0,2.0,0.0,1008.9
2026-08-26T07:00,17.0,94,18.8,125.0,1.9,0.0,1009.3
2026-08-26T08:00,18.1,86,19.7,322.0,3.2,0.0,1009.6
2026-08-26T09:00,19.9,73,20.9,482.0,4.5,0.0,1009.3
2026-08-26T10:00,21.5,67,22.8,648.0,6.7,0.1,1009.0
2026-08-26T11:00,21.1,68,22.6,738.0,9.3,0.0,1008.8
2026-08-26T12:00,21.7,68,23.4,752.0,10.0,0.2,1008.5
2026-08-26T13:00,21.0,75,22.7,728.0,10.3,0.1,1008.0
2026-08-26T14:00,21.6,73,23.3,719.0,10.6,0.1,1007.0
2026-08-26T15:00,20.6,76,21.8,608.0,9.0,0.1,1006.7
2026-08-26T16:00,20.1,79,20.9,363.0,9.3,0.1,1005.9
2026-08-26T17:00,17.3,95,18.9,223.0,4.2,1.5,1006.9
2026-08-26T18:00,17.0,99,19.0,84.0,2.7,0.3,1006.8
2026-08-26T19:00,16.7,99,18.8,3.0,0.7,0.1,1007.2
2026-08-26T20:00,16.5,98,18.2,0.0,3.1,0.0,1007.6
2026-08-26T21:00,16.2,97,17.8,0.0,2.5,0.0,1007.7
2026-08-26T22:00,15.7,97,17.3,0.0,1.5,0.0,1007.7
2026-08-26T23:00,15.4,97,16.9,0.0,1.1,0.0,1008.0
